{
  "64-32": {
    "arch": "64-32",
    "hidden": [
      64,
      32
    ],
    "params": 30977,
    "val_mse": 66166.6171875,
    "val_rmse": 257.22872543225026,
    "elapsed_s": 1102.4383409023285
  },
  "128-64": {
    "arch": "128-64",
    "hidden": [
      128,
      64
    ],
    "params": 66049,
    "val_mse": 63309.82421875,
    "val_rmse": 251.6144356326759,
    "elapsed_s": 1171.2357540130615
  },
  "256-128": {
    "arch": "256-128",
    "hidden": [
      256,
      128
    ],
    "params": 148481,
    "val_mse": 62764.07421875,
    "val_rmse": 250.52759173142985,
    "elapsed_s": 1007.5744907855988
  },
  "512-256": {
    "arch": "512-256",
    "hidden": [
      512,
      256
    ],
    "params": 362497,
    "val_mse": 63176.6171875,
    "val_rmse": 251.34959158013368,
    "elapsed_s": 1170.2286052703857
  },
  "1024-512": {
    "arch": "1024-512",
    "hidden": [
      1024,
      512
    ],
    "params": 987137,
    "val_mse": 62847.0,
    "val_rmse": 250.69303939280005,
    "elapsed_s": 1987.6905698776245
  }
}