{
  "64-32": {
    "arch": "64-32",
    "hidden": [
      64,
      32
    ],
    "params": 30977,
    "val_mse": 69648.6640625,
    "val_rmse": 263.91033337575095,
    "elapsed_s": 191.08611154556274
  },
  "128-64": {
    "arch": "128-64",
    "hidden": [
      128,
      64
    ],
    "params": 66049,
    "val_mse": 68656.0234375,
    "val_rmse": 262.02294448673763,
    "elapsed_s": 217.09800148010254
  },
  "256-128": {
    "arch": "256-128",
    "hidden": [
      256,
      128
    ],
    "params": 148481,
    "val_mse": 63887.83203125,
    "val_rmse": 252.76042417920175,
    "elapsed_s": 281.41404962539673
  },
  "512-256": {
    "arch": "512-256",
    "hidden": [
      512,
      256
    ],
    "params": 362497,
    "val_mse": 63171.421875,
    "val_rmse": 251.33925653387297,
    "elapsed_s": 421.8355886936188
  },
  "1024-512": {
    "arch": "1024-512",
    "hidden": [
      1024,
      512
    ],
    "params": 987137,
    "val_mse": 62729.6171875,
    "val_rmse": 250.45881335560944,
    "elapsed_s": 745.6579735279083
  }
}