{
  "64-32": {
    "arch": "64-32",
    "hidden": [
      64,
      32
    ],
    "params": 30977,
    "val_mse": 237744.96875,
    "val_rmse": 487.5909850991915,
    "elapsed_s": 192.449889421463
  },
  "128-64": {
    "arch": "128-64",
    "hidden": [
      128,
      64
    ],
    "params": 66049,
    "val_mse": 231141.453125,
    "val_rmse": 480.7717266281369,
    "elapsed_s": 216.9892382621765
  },
  "256-128": {
    "arch": "256-128",
    "hidden": [
      256,
      128
    ],
    "params": 148481,
    "val_mse": 228669.234375,
    "val_rmse": 478.1937205516191,
    "elapsed_s": 215.0562298297882
  },
  "512-256": {
    "arch": "512-256",
    "hidden": [
      512,
      256
    ],
    "params": 362497,
    "val_mse": 229641.9375,
    "val_rmse": 479.2097009660802,
    "elapsed_s": 227.08908081054688
  },
  "1024-512": {
    "arch": "1024-512",
    "hidden": [
      1024,
      512
    ],
    "params": 987137,
    "val_mse": 228100.21875,
    "val_rmse": 477.5983864608422,
    "elapsed_s": 479.4137325286865
  }
}