baseline,B:W27;28;29;30;33;34;36;37;42:B3;9;13;16;17;18;19;25;26,17-22-,9-14-,15
baseline,W:W27;28;31;32;33;34;36;38;39;41;45;46;48;49:B2;3;6;9;11;12;13;15;16;17;18;19;20;22,45-40-,34-29-,0
baseline,W:W22;25;32;33;35;37;38;39;40;42;45;48:B3;6;8;11;13;14;17;18;19;23;24;26,33-28-,33-28-,59
baseline,B:W23;32;33;34;35;36;38;39;40;41;42;43;45;47;48;49:B1;2;3;4;5;6;7;8;9;12;13;14;15;17;20;25,14-19-,25-30-,55
baseline,W:W28;31;32;33;36;37;38;42;43;44;48:B3;7;9;12;14;17;18;19;21;23;24,31-27-,43-39-,0
baseline,W:W28;31;32;33;34;37;39:B7;14;17;19;21;23;24,31-27-,31-27-,33
baseline,W:W24;28;29;31;34;37;39;41;45:B2;4;6;7;8;9;10;13;15;19;20;25;40,34-30-,34-30-,89
baseline,W:W24;27;29;32;33;34;37;40;42;43;46;48;49:B2;4;7;8;9;10;13;15;16;18;20;23;26,43-38-,27-21-,124
baseline,W:W25;42;47;48;49:B2;3;8;10;11;16;19;21;29;30;32,25-5-10.19.29.30,25-5-10.19.29.30,123
baseline,W:W28;29;33;34;35;36;37;38;39;40;44;45:B3;8;9;13;15;16;17;20;24;25;26;27,37-31-,37-31-,49
baseline,W:W14;48:B6;12;13;15;16;24;34;43,48-17-12.13.24.34.43,48-17-12.13.24.34.43,158
baseline,B:W28;29;32;33;35;37;38;39;43;44;47;49:B2;8;10;12;13;14;17;18;22;25;26;36,2-7-,17-21-,41
baseline,W:W27;28;30;32;35;36;37;38;39;42;43;45;47;48:B3;6;8;11;12;13;15;16;18;19;21;23;26;29,39-34-,39-34-,15
baseline,W:W21;22;25;27;31;32;35;37;38;39;40;42;43;45;47;48:B3;6;7;8;9;11;12;13;14;15;16;19;20;23;24;29,22-17-,31-26-,13
baseline,W:W26;32;36;39;40;45;48:B2;3;4;7;8;13;14;15;16;17;23;27;38;43,32-1-7.17.27,32-1-7.17.27,9
baseline,W:W15;26;31;33;34;36;37;38;39;41;43;44;45;46;48:B2;4;6;10;12;13;16;17;18;19;22;23;25;27;28,37-32-,34-29-,53
baseline,W:W27;28;32;33;34;35;36;37;38;39;40;48;50:B3;9;10;12;13;16;18;19;21;23;24;25;26,48-43-,28-22-,1
baseline,W:W29;30;36;38;39;40;41;46;48;49:B4;8;9;10;13;18;22;26;27;28,38-32-,30-24-,11
baseline,W:W25;26;28;30;31;32;33;35;36;38;39;41;42;44;45;48;49:B4;6;7;8;9;10;11;12;13;14;15;17;19;21;22;24;27,41-37-,41-37-,-6
baseline,B:W25;27;28;32;33;34;35;36;37;38;39;42;43;44;45;48:B1;3;4;5;6;8;9;12;13;14;16;18;19;23;24;26,6-11-,14-20-,2
baseline,W:W30;34;35;40;45;47;48;49;50:B1;2;4;5;6;9;10;12;13;15;16;19;25;29,34-3-9.19.29,34-3-9.19.29,35
baseline,W:W23;24;29;33;34;35;36;37;38;39;40;44:B4;8;9;10;11;12;13;15;18;20;21;27,38-32-,38-32-,-3
baseline,W:W39;44;49:B3;11;12;13;14;22;25;29;33,39-10-12.13.14.22.33,39-10-12.13.14.22.33,54
baseline,B:W26;27;28;30;32;33;35;36;38;39;40;45:B2;8;12;13;14;15;16;18;19;21;23;24,2-7-,2-7-,49
baseline,W:W25;26;31;34;35;36;38;41;43;46;49:B6;11;12;13;14;17;18;22;23;27;28,35-30-,34-30-,11
baseline,W:W24;27;28;29;32;33;34;36;38;39;41;43;45;46;48:B2;3;6;8;10;11;12;13;15;16;17;18;20;25;26,28-23-,28-23-,0
baseline,B:W25;26;28;32;33;35;37;38;39;40;41;42;43;45;46;47;49;50:B2;3;4;5;6;9;10;11;12;14;16;17;18;19;21;22;23;24,2-8-,9-13-,15
baseline,W:W25;28;29;31;32;33;34;38;39;42;43;48:B1;4;9;13;14;16;17;19;20;21;22;35,31-26-,29-23-,8
baseline,B:W27;31;32;33;34;35;36;37;38;39;40;42;43;45;48:B3;7;8;9;10;12;13;15;16;17;18;20;22;24;25,17-21-,24-29-,9
baseline,W:W23;24;26;28;29;31;33;34;38;39;40;41;48;49:B2;3;8;10;12;13;14;15;16;17;20;21;22;25,41-36-,41-36-,9
baseline,W:W25;26;27;31;32;33;35;36;38;39;40;42;44;45;49:B2;3;4;6;8;12;13;14;15;16;17;19;23;24;29,32-28-,42-37-,11
baseline,W:W26;29;30;34;36;37;38;39;40;45;47;49;50:B4;7;9;12;13;14;16;18;19;20;22;25;27,37-31-,37-31-,-3
baseline,W:W16;28;30;32;35;37;38;40;42;45;48:B6;7;8;9;12;13;15;19;23;24;25,28-22-,40-34-,-4
baseline,W:W27;28;29;32;33;34;35;36;37;38;39;42;43;44;47;48;50:B2;3;6;8;9;10;12;13;14;16;18;19;20;21;24;25;26,35-30-,35-30-,96
baseline,W:W25;28;30;31;32;33;35;36;38;39;40;42;43;44;45;46;47;48;49:B2;3;4;5;6;7;8;9;10;11;13;14;15;17;18;19;22;24;26,40-34-,39-34-,14
baseline,W:W25;27;28;30;32;33;34;35;37;38;39;43:B3;8;12;13;14;15;16;18;19;21;23;24,34-29-,34-29-,11
baseline,W:W27;28;30;32;33;35;37;38;39;46;47;48:B8;12;13;14;16;17;18;19;21;23;24;26,28-22-,30-25-,25
baseline,W:W25;29;30;31;37;38;44;48;49;50:B9;12;13;14;15;18;20;22;27;36,30-24-,38-32-,74
baseline,W:W23;24;32;33;34;38;39;40;41;44;47;48;49:B7;9;10;12;13;15;16;17;21;25;35;37,33-28-,33-28-,3
lmr_off,B:W27;28;29;30;33;34;36;37;42:B3;9;13;16;17;18;19;25;26,17-22-,18-23-,67
lmr_off,W:W27;28;31;32;33;34;36;38;39;41;45;46;48;49:B2;3;6;9;11;12;13;15;16;17;18;19;20;22,45-40-,41-37-,5
lmr_off,W:W22;25;32;33;35;37;38;39;40;42;45;48:B3;6;8;11;13;14;17;18;19;23;24;26,33-28-,33-28-,64
lmr_off,B:W23;32;33;34;35;36;38;39;40;41;42;43;45;47;48;49:B1;2;3;4;5;6;7;8;9;12;13;14;15;17;20;25,14-19-,25-30-,55
lmr_off,W:W28;31;32;33;36;37;38;42;43;44;48:B3;7;9;12;14;17;18;19;21;23;24,31-27-,43-39-,0
lmr_off,W:W28;31;32;33;34;37;39:B7;14;17;19;21;23;24,31-27-,31-27-,31
lmr_off,W:W24;28;29;31;34;37;39;41;45:B2;4;6;7;8;9;10;13;15;19;20;25;40,34-30-,34-30-,88
lmr_off,W:W24;27;29;32;33;34;37;40;42;43;46;48;49:B2;4;7;8;9;10;13;15;16;18;20;23;26,43-38-,27-21-,129
lmr_off,W:W25;42;47;48;49:B2;3;8;10;11;16;19;21;29;30;32,25-5-10.19.29.30,25-5-10.19.29.30,102
lmr_off,W:W28;29;33;34;35;36;37;38;39;40;44;45:B3;8;9;13;15;16;17;20;24;25;26;27,37-31-,37-31-,55
lmr_off,W:W14;48:B6;12;13;15;16;24;34;43,48-17-12.13.24.34.43,48-17-12.13.24.34.43,158
lmr_off,B:W28;29;32;33;35;37;38;39;43;44;47;49:B2;8;10;12;13;14;17;18;22;25;26;36,2-7-,17-21-,20
lmr_off,W:W27;28;30;32;35;36;37;38;39;42;43;45;47;48:B3;6;8;11;12;13;15;16;18;19;21;23;26;29,39-34-,39-34-,17
lmr_off,W:W21;22;25;27;31;32;35;37;38;39;40;42;43;45;47;48:B3;6;7;8;9;11;12;13;14;15;16;19;20;23;24;29,22-17-,31-26-,16
lmr_off,W:W26;32;36;39;40;45;48:B2;3;4;7;8;13;14;15;16;17;23;27;38;43,32-1-7.17.27,32-1-7.17.27,11
lmr_off,W:W15;26;31;33;34;36;37;38;39;41;43;44;45;46;48:B2;4;6;10;12;13;16;17;18;19;22;23;25;27;28,37-32-,34-29-,53
lmr_off,W:W27;28;32;33;34;35;36;37;38;39;40;48;50:B3;9;10;12;13;16;18;19;21;23;24;25;26,48-43-,27-22-,108
lmr_off,W:W29;30;36;38;39;40;41;46;48;49:B4;8;9;10;13;18;22;26;27;28,38-32-,39-33-,69
lmr_off,W:W25;26;28;30;31;32;33;35;36;38;39;41;42;44;45;48;49:B4;6;7;8;9;10;11;12;13;14;15;17;19;21;22;24;27,41-37-,41-37-,-4
lmr_off,B:W25;27;28;32;33;34;35;36;37;38;39;42;43;44;45;48:B1;3;4;5;6;8;9;12;13;14;16;18;19;23;24;26,6-11-,14-20-,3
lmr_off,W:W30;34;35;40;45;47;48;49;50:B1;2;4;5;6;9;10;12;13;15;16;19;25;29,34-3-9.19.29,34-3-9.19.29,36
lmr_off,W:W23;24;29;33;34;35;36;37;38;39;40;44:B4;8;9;10;11;12;13;15;18;20;21;27,38-32-,24-19-,66
lmr_off,W:W39;44;49:B3;11;12;13;14;22;25;29;33,39-10-12.13.14.22.33,39-10-12.13.14.22.33,42
lmr_off,B:W26;27;28;30;32;33;35;36;38;39;40;45:B2;8;12;13;14;15;16;18;19;21;23;24,2-7-,24-29-,29
lmr_off,W:W25;26;31;34;35;36;38;41;43;46;49:B6;11;12;13;14;17;18;22;23;27;28,35-30-,34-29-,61
lmr_off,W:W24;27;28;29;32;33;34;36;38;39;41;43;45;46;48:B2;3;6;8;10;11;12;13;15;16;17;18;20;25;26,28-23-,28-23-,0
lmr_off,B:W25;26;28;32;33;35;37;38;39;40;41;42;43;45;46;47;49;50:B2;3;4;5;6;9;10;11;12;14;16;17;18;19;21;22;23;24,2-8-,14-20-,15
lmr_off,W:W25;28;29;31;32;33;34;38;39;42;43;48:B1;4;9;13;14;16;17;19;20;21;22;35,31-26-,29-23-,12
lmr_off,B:W27;31;32;33;34;35;36;37;38;39;40;42;43;45;48:B3;7;8;9;10;12;13;15;16;17;18;20;22;24;25,17-21-,24-29-,5
lmr_off,W:W23;24;26;28;29;31;33;34;38;39;40;41;48;49:B2;3;8;10;12;13;14;15;16;17;20;21;22;25,41-36-,41-36-,11
lmr_off,W:W25;26;27;31;32;33;35;36;38;39;40;42;44;45;49:B2;3;4;6;8;12;13;14;15;16;17;19;23;24;29,32-28-,32-28-,31
lmr_off,W:W26;29;30;34;36;37;38;39;40;45;47;49;50:B4;7;9;12;13;14;16;18;19;20;22;25;27,37-31-,37-31-,2
lmr_off,W:W16;28;30;32;35;37;38;40;42;45;48:B6;7;8;9;12;13;15;19;23;24;25,28-22-,16-11-,98
lmr_off,W:W27;28;29;32;33;34;35;36;37;38;39;42;43;44;47;48;50:B2;3;6;8;9;10;12;13;14;16;18;19;20;21;24;25;26,35-30-,35-30-,74
lmr_off,W:W25;28;30;31;32;33;35;36;38;39;40;42;43;44;45;46;47;48;49:B2;3;4;5;6;7;8;9;10;11;13;14;15;17;18;19;22;24;26,40-34-,39-34-,7
lmr_off,W:W25;27;28;30;32;33;34;35;37;38;39;43:B3;8;12;13;14;15;16;18;19;21;23;24,34-29-,34-29-,11
lmr_off,W:W27;28;30;32;33;35;37;38;39;46;47;48:B8;12;13;14;16;17;18;19;21;23;24;26,28-22-,39-34-,23
lmr_off,W:W25;29;30;31;37;38;44;48;49;50:B9;12;13;14;15;18;20;22;27;36,30-24-,44-39-,99
lmr_off,W:W23;24;32;33;34;38;39;40;41;44;47;48;49:B7;9;10;12;13;15;16;17;21;25;35;37,33-28-,32-27-,44
lmp_off,B:W27;28;29;30;33;34;36;37;42:B3;9;13;16;17;18;19;25;26,17-22-,17-22-,67
lmp_off,W:W27;28;31;32;33;34;36;38;39;41;45;46;48;49:B2;3;6;9;11;12;13;15;16;17;18;19;20;22,45-40-,45-40-,4
lmp_off,W:W22;25;32;33;35;37;38;39;40;42;45;48:B3;6;8;11;13;14;17;18;19;23;24;26,33-28-,33-28-,84
lmp_off,B:W23;32;33;34;35;36;38;39;40;41;42;43;45;47;48;49:B1;2;3;4;5;6;7;8;9;12;13;14;15;17;20;25,14-19-,25-30-,54
lmp_off,W:W28;31;32;33;36;37;38;42;43;44;48:B3;7;9;12;14;17;18;19;21;23;24,31-27-,31-27-,0
lmp_off,W:W28;31;32;33;34;37;39:B7;14;17;19;21;23;24,31-27-,31-27-,31
lmp_off,W:W24;28;29;31;34;37;39;41;45:B2;4;6;7;8;9;10;13;15;19;20;25;40,34-30-,34-30-,82
lmp_off,W:W24;27;29;32;33;34;37;40;42;43;46;48;49:B2;4;7;8;9;10;13;15;16;18;20;23;26,43-38-,27-21-,134
lmp_off,W:W25;42;47;48;49:B2;3;8;10;11;16;19;21;29;30;32,25-5-10.19.29.30,25-5-10.19.29.30,117
lmp_off,W:W28;29;33;34;35;36;37;38;39;40;44;45:B3;8;9;13;15;16;17;20;24;25;26;27,37-31-,28-23-,-11
lmp_off,W:W14;48:B6;12;13;15;16;24;34;43,48-17-12.13.24.34.43,48-17-12.13.24.34.43,158
lmp_off,B:W28;29;32;33;35;37;38;39;43;44;47;49:B2;8;10;12;13;14;17;18;22;25;26;36,2-7-,17-21-,20
lmp_off,W:W27;28;30;32;35;36;37;38;39;42;43;45;47;48:B3;6;8;11;12;13;15;16;18;19;21;23;26;29,39-34-,39-34-,16
lmp_off,W:W21;22;25;27;31;32;35;37;38;39;40;42;43;45;47;48:B3;6;7;8;9;11;12;13;14;15;16;19;20;23;24;29,22-17-,31-26-,13
lmp_off,W:W26;32;36;39;40;45;48:B2;3;4;7;8;13;14;15;16;17;23;27;38;43,32-1-7.17.27,32-1-7.17.27,9
lmp_off,W:W15;26;31;33;34;36;37;38;39;41;43;44;45;46;48:B2;4;6;10;12;13;16;17;18;19;22;23;25;27;28,37-32-,34-29-,53
lmp_off,W:W27;28;32;33;34;35;36;37;38;39;40;48;50:B3;9;10;12;13;16;18;19;21;23;24;25;26,48-43-,27-22-,167
lmp_off,W:W29;30;36;38;39;40;41;46;48;49:B4;8;9;10;13;18;22;26;27;28,38-32-,38-32-,10
lmp_off,W:W25;26;28;30;31;32;33;35;36;38;39;41;42;44;45;48;49:B4;6;7;8;9;10;11;12;13;14;15;17;19;21;22;24;27,41-37-,41-37-,-7
lmp_off,B:W25;27;28;32;33;34;35;36;37;38;39;42;43;44;45;48:B1;3;4;5;6;8;9;12;13;14;16;18;19;23;24;26,6-11-,14-20-,1
lmp_off,W:W30;34;35;40;45;47;48;49;50:B1;2;4;5;6;9;10;12;13;15;16;19;25;29,34-3-9.19.29,34-3-9.19.29,33
lmp_off,W:W23;24;29;33;34;35;36;37;38;39;40;44:B4;8;9;10;11;12;13;15;18;20;21;27,38-32-,34-30-,0
lmp_off,W:W39;44;49:B3;11;12;13;14;22;25;29;33,39-10-12.13.14.22.33,39-10-12.13.14.22.33,54
lmp_off,B:W26;27;28;30;32;33;35;36;38;39;40;45:B2;8;12;13;14;15;16;18;19;21;23;24,2-7-,24-29-,29
lmp_off,W:W25;26;31;34;35;36;38;41;43;46;49:B6;11;12;13;14;17;18;22;23;27;28,35-30-,43-39-,11
lmp_off,W:W24;27;28;29;32;33;34;36;38;39;41;43;45;46;48:B2;3;6;8;10;11;12;13;15;16;17;18;20;25;26,28-23-,28-23-,-1
lmp_off,B:W25;26;28;32;33;35;37;38;39;40;41;42;43;45;46;47;49;50:B2;3;4;5;6;9;10;11;12;14;16;17;18;19;21;22;23;24,2-8-,9-13-,15
lmp_off,W:W25;28;29;31;32;33;34;38;39;42;43;48:B1;4;9;13;14;16;17;19;20;21;22;35,31-26-,29-23-,4
lmp_off,B:W27;31;32;33;34;35;36;37;38;39;40;42;43;45;48:B3;7;8;9;10;12;13;15;16;17;18;20;22;24;25,17-21-,24-29-,7
lmp_off,W:W23;24;26;28;29;31;33;34;38;39;40;41;48;49:B2;3;8;10;12;13;14;15;16;17;20;21;22;25,41-36-,41-36-,7
lmp_off,W:W25;26;27;31;32;33;35;36;38;39;40;42;44;45;49:B2;3;4;6;8;12;13;14;15;16;17;19;23;24;29,32-28-,32-28-,31
lmp_off,W:W26;29;30;34;36;37;38;39;40;45;47;49;50:B4;7;9;12;13;14;16;18;19;20;22;25;27,37-31-,37-31-,3
lmp_off,W:W16;28;30;32;35;37;38;40;42;45;48:B6;7;8;9;12;13;15;19;23;24;25,28-22-,38-33-,-9
lmp_off,W:W27;28;29;32;33;34;35;36;37;38;39;42;43;44;47;48;50:B2;3;6;8;9;10;12;13;14;16;18;19;20;21;24;25;26,35-30-,35-30-,74
lmp_off,W:W25;28;30;31;32;33;35;36;38;39;40;42;43;44;45;46;47;48;49:B2;3;4;5;6;7;8;9;10;11;13;14;15;17;18;19;22;24;26,40-34-,39-34-,7
lmp_off,W:W25;27;28;30;32;33;34;35;37;38;39;43:B3;8;12;13;14;15;16;18;19;21;23;24,34-29-,34-29-,11
lmp_off,W:W27;28;30;32;33;35;37;38;39;46;47;48:B8;12;13;14;16;17;18;19;21;23;24;26,28-22-,39-34-,33
lmp_off,W:W25;29;30;31;37;38;44;48;49;50:B9;12;13;14;15;18;20;22;27;36,30-24-,30-24-,109
lmp_off,W:W23;24;32;33;34;38;39;40;41;44;47;48;49:B7;9;10;12;13;15;16;17;21;25;35;37,33-28-,33-28-,3
nmp_off,B:W27;28;29;30;33;34;36;37;42:B3;9;13;16;17;18;19;25;26,17-22-,9-14-,15
nmp_off,W:W27;28;31;32;33;34;36;38;39;41;45;46;48;49:B2;3;6;9;11;12;13;15;16;17;18;19;20;22,45-40-,34-29-,0
nmp_off,W:W22;25;32;33;35;37;38;39;40;42;45;48:B3;6;8;11;13;14;17;18;19;23;24;26,33-28-,33-28-,59
nmp_off,B:W23;32;33;34;35;36;38;39;40;41;42;43;45;47;48;49:B1;2;3;4;5;6;7;8;9;12;13;14;15;17;20;25,14-19-,25-30-,55
nmp_off,W:W28;31;32;33;36;37;38;42;43;44;48:B3;7;9;12;14;17;18;19;21;23;24,31-27-,43-39-,0
nmp_off,W:W28;31;32;33;34;37;39:B7;14;17;19;21;23;24,31-27-,31-27-,33
nmp_off,W:W24;28;29;31;34;37;39;41;45:B2;4;6;7;8;9;10;13;15;19;20;25;40,34-30-,34-30-,89
nmp_off,W:W24;27;29;32;33;34;37;40;42;43;46;48;49:B2;4;7;8;9;10;13;15;16;18;20;23;26,43-38-,27-21-,124
nmp_off,W:W25;42;47;48;49:B2;3;8;10;11;16;19;21;29;30;32,25-5-10.19.29.30,25-5-10.19.29.30,123
nmp_off,W:W28;29;33;34;35;36;37;38;39;40;44;45:B3;8;9;13;15;16;17;20;24;25;26;27,37-31-,37-31-,49
nmp_off,W:W14;48:B6;12;13;15;16;24;34;43,48-17-12.13.24.34.43,48-17-12.13.24.34.43,158
nmp_off,B:W28;29;32;33;35;37;38;39;43;44;47;49:B2;8;10;12;13;14;17;18;22;25;26;36,2-7-,17-21-,41
nmp_off,W:W27;28;30;32;35;36;37;38;39;42;43;45;47;48:B3;6;8;11;12;13;15;16;18;19;21;23;26;29,39-34-,39-34-,15
nmp_off,W:W21;22;25;27;31;32;35;37;38;39;40;42;43;45;47;48:B3;6;7;8;9;11;12;13;14;15;16;19;20;23;24;29,22-17-,31-26-,13
nmp_off,W:W26;32;36;39;40;45;48:B2;3;4;7;8;13;14;15;16;17;23;27;38;43,32-1-7.17.27,32-1-7.17.27,9
nmp_off,W:W15;26;31;33;34;36;37;38;39;41;43;44;45;46;48:B2;4;6;10;12;13;16;17;18;19;22;23;25;27;28,37-32-,34-29-,53
nmp_off,W:W27;28;32;33;34;35;36;37;38;39;40;48;50:B3;9;10;12;13;16;18;19;21;23;24;25;26,48-43-,28-22-,1
nmp_off,W:W29;30;36;38;39;40;41;46;48;49:B4;8;9;10;13;18;22;26;27;28,38-32-,30-24-,11
nmp_off,W:W25;26;28;30;31;32;33;35;36;38;39;41;42;44;45;48;49:B4;6;7;8;9;10;11;12;13;14;15;17;19;21;22;24;27,41-37-,41-37-,-6
nmp_off,B:W25;27;28;32;33;34;35;36;37;38;39;42;43;44;45;48:B1;3;4;5;6;8;9;12;13;14;16;18;19;23;24;26,6-11-,14-20-,2
nmp_off,W:W30;34;35;40;45;47;48;49;50:B1;2;4;5;6;9;10;12;13;15;16;19;25;29,34-3-9.19.29,34-3-9.19.29,35
nmp_off,W:W23;24;29;33;34;35;36;37;38;39;40;44:B4;8;9;10;11;12;13;15;18;20;21;27,38-32-,38-32-,-3
nmp_off,W:W39;44;49:B3;11;12;13;14;22;25;29;33,39-10-12.13.14.22.33,39-10-12.13.14.22.33,54
nmp_off,B:W26;27;28;30;32;33;35;36;38;39;40;45:B2;8;12;13;14;15;16;18;19;21;23;24,2-7-,2-7-,49
nmp_off,W:W25;26;31;34;35;36;38;41;43;46;49:B6;11;12;13;14;17;18;22;23;27;28,35-30-,34-30-,11
nmp_off,W:W24;27;28;29;32;33;34;36;38;39;41;43;45;46;48:B2;3;6;8;10;11;12;13;15;16;17;18;20;25;26,28-23-,28-23-,0
nmp_off,B:W25;26;28;32;33;35;37;38;39;40;41;42;43;45;46;47;49;50:B2;3;4;5;6;9;10;11;12;14;16;17;18;19;21;22;23;24,2-8-,9-13-,15
nmp_off,W:W25;28;29;31;32;33;34;38;39;42;43;48:B1;4;9;13;14;16;17;19;20;21;22;35,31-26-,29-23-,8
nmp_off,B:W27;31;32;33;34;35;36;37;38;39;40;42;43;45;48:B3;7;8;9;10;12;13;15;16;17;18;20;22;24;25,17-21-,24-29-,9
nmp_off,W:W23;24;26;28;29;31;33;34;38;39;40;41;48;49:B2;3;8;10;12;13;14;15;16;17;20;21;22;25,41-36-,41-36-,9
nmp_off,W:W25;26;27;31;32;33;35;36;38;39;40;42;44;45;49:B2;3;4;6;8;12;13;14;15;16;17;19;23;24;29,32-28-,42-37-,11
nmp_off,W:W26;29;30;34;36;37;38;39;40;45;47;49;50:B4;7;9;12;13;14;16;18;19;20;22;25;27,37-31-,37-31-,-3
nmp_off,W:W16;28;30;32;35;37;38;40;42;45;48:B6;7;8;9;12;13;15;19;23;24;25,28-22-,40-34-,-4
nmp_off,W:W27;28;29;32;33;34;35;36;37;38;39;42;43;44;47;48;50:B2;3;6;8;9;10;12;13;14;16;18;19;20;21;24;25;26,35-30-,35-30-,96
nmp_off,W:W25;28;30;31;32;33;35;36;38;39;40;42;43;44;45;46;47;48;49:B2;3;4;5;6;7;8;9;10;11;13;14;15;17;18;19;22;24;26,40-34-,39-34-,14
nmp_off,W:W25;27;28;30;32;33;34;35;37;38;39;43:B3;8;12;13;14;15;16;18;19;21;23;24,34-29-,34-29-,11
nmp_off,W:W27;28;30;32;33;35;37;38;39;46;47;48:B8;12;13;14;16;17;18;19;21;23;24;26,28-22-,30-25-,25
nmp_off,W:W25;29;30;31;37;38;44;48;49;50:B9;12;13;14;15;18;20;22;27;36,30-24-,38-32-,74
nmp_off,W:W23;24;32;33;34;38;39;40;41;44;47;48;49:B7;9;10;12;13;15;16;17;21;25;35;37,33-28-,33-28-,3
rfp_off,B:W27;28;29;30;33;34;36;37;42:B3;9;13;16;17;18;19;25;26,17-22-,17-22-,67
rfp_off,W:W27;28;31;32;33;34;36;38;39;41;45;46;48;49:B2;3;6;9;11;12;13;15;16;17;18;19;20;22,45-40-,41-37-,13
rfp_off,W:W22;25;32;33;35;37;38;39;40;42;45;48:B3;6;8;11;13;14;17;18;19;23;24;26,33-28-,33-28-,58
rfp_off,B:W23;32;33;34;35;36;38;39;40;41;42;43;45;47;48;49:B1;2;3;4;5;6;7;8;9;12;13;14;15;17;20;25,14-19-,25-30-,54
rfp_off,W:W28;31;32;33;36;37;38;42;43;44;48:B3;7;9;12;14;17;18;19;21;23;24,31-27-,43-39-,-11
rfp_off,W:W28;31;32;33;34;37;39:B7;14;17;19;21;23;24,31-27-,31-27-,50
rfp_off,W:W24;28;29;31;34;37;39;41;45:B2;4;6;7;8;9;10;13;15;19;20;25;40,34-30-,34-30-,76
rfp_off,W:W24;27;29;32;33;34;37;40;42;43;46;48;49:B2;4;7;8;9;10;13;15;16;18;20;23;26,43-38-,27-21-,124
rfp_off,W:W25;42;47;48;49:B2;3;8;10;11;16;19;21;29;30;32,25-5-10.19.29.30,25-5-10.19.29.30,123
rfp_off,W:W28;29;33;34;35;36;37;38;39;40;44;45:B3;8;9;13;15;16;17;20;24;25;26;27,37-31-,37-31-,49
rfp_off,W:W14;48:B6;12;13;15;16;24;34;43,48-17-12.13.24.34.43,48-17-12.13.24.34.43,169
rfp_off,B:W28;29;32;33;35;37;38;39;43;44;47;49:B2;8;10;12;13;14;17;18;22;25;26;36,2-7-,22-27-,20
rfp_off,W:W27;28;30;32;35;36;37;38;39;42;43;45;47;48:B3;6;8;11;12;13;15;16;18;19;21;23;26;29,39-34-,39-34-,16
rfp_off,W:W21;22;25;27;31;32;35;37;38;39;40;42;43;45;47;48:B3;6;7;8;9;11;12;13;14;15;16;19;20;23;24;29,22-17-,31-26-,13
rfp_off,W:W26;32;36;39;40;45;48:B2;3;4;7;8;13;14;15;16;17;23;27;38;43,32-1-7.17.27,32-1-7.17.27,16
rfp_off,W:W15;26;31;33;34;36;37;38;39;41;43;44;45;46;48:B2;4;6;10;12;13;16;17;18;19;22;23;25;27;28,37-32-,34-29-,22
rfp_off,W:W27;28;32;33;34;35;36;37;38;39;40;48;50:B3;9;10;12;13;16;18;19;21;23;24;25;26,48-43-,28-22-,5
rfp_off,W:W29;30;36;38;39;40;41;46;48;49:B4;8;9;10;13;18;22;26;27;28,38-32-,39-33-,16
rfp_off,W:W25;26;28;30;31;32;33;35;36;38;39;41;42;44;45;48;49:B4;6;7;8;9;10;11;12;13;14;15;17;19;21;22;24;27,41-37-,41-37-,-6
rfp_off,B:W25;27;28;32;33;34;35;36;37;38;39;42;43;44;45;48:B1;3;4;5;6;8;9;12;13;14;16;18;19;23;24;26,6-11-,14-20-,1
rfp_off,W:W30;34;35;40;45;47;48;49;50:B1;2;4;5;6;9;10;12;13;15;16;19;25;29,34-3-9.19.29,34-3-9.19.29,37
rfp_off,W:W23;24;29;33;34;35;36;37;38;39;40;44:B4;8;9;10;11;12;13;15;18;20;21;27,38-32-,38-32-,-5
rfp_off,W:W39;44;49:B3;11;12;13;14;22;25;29;33,39-10-12.13.14.22.33,39-10-12.13.14.22.33,50
rfp_off,B:W26;27;28;30;32;33;35;36;38;39;40;45:B2;8;12;13;14;15;16;18;19;21;23;24,2-7-,24-29-,29
rfp_off,W:W25;26;31;34;35;36;38;41;43;46;49:B6;11;12;13;14;17;18;22;23;27;28,35-30-,41-37-,11
rfp_off,W:W24;27;28;29;32;33;34;36;38;39;41;43;45;46;48:B2;3;6;8;10;11;12;13;15;16;17;18;20;25;26,28-23-,28-23-,0
rfp_off,B:W25;26;28;32;33;35;37;38;39;40;41;42;43;45;46;47;49;50:B2;3;4;5;6;9;10;11;12;14;16;17;18;19;21;22;23;24,2-8-,14-20-,15
rfp_off,W:W25;28;29;31;32;33;34;38;39;42;43;48:B1;4;9;13;14;16;17;19;20;21;22;35,31-26-,29-23-,12
rfp_off,B:W27;31;32;33;34;35;36;37;38;39;40;42;43;45;48:B3;7;8;9;10;12;13;15;16;17;18;20;22;24;25,17-21-,24-29-,11
rfp_off,W:W23;24;26;28;29;31;33;34;38;39;40;41;48;49:B2;3;8;10;12;13;14;15;16;17;20;21;22;25,41-36-,40-35-,9
rfp_off,W:W25;26;27;31;32;33;35;36;38;39;40;42;44;45;49:B2;3;4;6;8;12;13;14;15;16;17;19;23;24;29,32-28-,32-28-,29
rfp_off,W:W26;29;30;34;36;37;38;39;40;45;47;49;50:B4;7;9;12;13;14;16;18;19;20;22;25;27,37-31-,37-31-,2
rfp_off,W:W16;28;30;32;35;37;38;40;42;45;48:B6;7;8;9;12;13;15;19;23;24;25,28-22-,40-34-,-2
rfp_off,W:W27;28;29;32;33;34;35;36;37;38;39;42;43;44;47;48;50:B2;3;6;8;9;10;12;13;14;16;18;19;20;21;24;25;26,35-30-,35-30-,96
rfp_off,W:W25;28;30;31;32;33;35;36;38;39;40;42;43;44;45;46;47;48;49:B2;3;4;5;6;7;8;9;10;11;13;14;15;17;18;19;22;24;26,40-34-,39-34-,12
rfp_off,W:W25;27;28;30;32;33;34;35;37;38;39;43:B3;8;12;13;14;15;16;18;19;21;23;24,34-29-,34-29-,11
rfp_off,W:W27;28;30;32;33;35;37;38;39;46;47;48:B8;12;13;14;16;17;18;19;21;23;24;26,28-22-,39-34-,28
rfp_off,W:W25;29;30;31;37;38;44;48;49;50:B9;12;13;14;15;18;20;22;27;36,30-24-,30-24-,69
rfp_off,W:W23;24;32;33;34;38;39;40;41;44;47;48;49:B7;9;10;12;13;15;16;17;21;25;35;37,33-28-,33-28-,5
razor_off,B:W27;28;29;30;33;34;36;37;42:B3;9;13;16;17;18;19;25;26,17-22-,9-14-,15
razor_off,W:W27;28;31;32;33;34;36;38;39;41;45;46;48;49:B2;3;6;9;11;12;13;15;16;17;18;19;20;22,45-40-,34-29-,0
razor_off,W:W22;25;32;33;35;37;38;39;40;42;45;48:B3;6;8;11;13;14;17;18;19;23;24;26,33-28-,33-28-,59
razor_off,B:W23;32;33;34;35;36;38;39;40;41;42;43;45;47;48;49:B1;2;3;4;5;6;7;8;9;12;13;14;15;17;20;25,14-19-,25-30-,55
razor_off,W:W28;31;32;33;36;37;38;42;43;44;48:B3;7;9;12;14;17;18;19;21;23;24,31-27-,43-39-,0
razor_off,W:W28;31;32;33;34;37;39:B7;14;17;19;21;23;24,31-27-,31-27-,33
razor_off,W:W24;28;29;31;34;37;39;41;45:B2;4;6;7;8;9;10;13;15;19;20;25;40,34-30-,34-30-,89
razor_off,W:W24;27;29;32;33;34;37;40;42;43;46;48;49:B2;4;7;8;9;10;13;15;16;18;20;23;26,43-38-,27-21-,140
razor_off,W:W25;42;47;48;49:B2;3;8;10;11;16;19;21;29;30;32,25-5-10.19.29.30,25-5-10.19.29.30,123
razor_off,W:W28;29;33;34;35;36;37;38;39;40;44;45:B3;8;9;13;15;16;17;20;24;25;26;27,37-31-,37-31-,49
razor_off,W:W14;48:B6;12;13;15;16;24;34;43,48-17-12.13.24.34.43,48-17-12.13.24.34.43,158
razor_off,B:W28;29;32;33;35;37;38;39;43;44;47;49:B2;8;10;12;13;14;17;18;22;25;26;36,2-7-,17-21-,41
razor_off,W:W27;28;30;32;35;36;37;38;39;42;43;45;47;48:B3;6;8;11;12;13;15;16;18;19;21;23;26;29,39-34-,39-34-,15
razor_off,W:W21;22;25;27;31;32;35;37;38;39;40;42;43;45;47;48:B3;6;7;8;9;11;12;13;14;15;16;19;20;23;24;29,22-17-,31-26-,13
razor_off,W:W26;32;36;39;40;45;48:B2;3;4;7;8;13;14;15;16;17;23;27;38;43,32-1-7.17.27,32-1-7.17.27,9
razor_off,W:W15;26;31;33;34;36;37;38;39;41;43;44;45;46;48:B2;4;6;10;12;13;16;17;18;19;22;23;25;27;28,37-32-,34-29-,53
razor_off,W:W27;28;32;33;34;35;36;37;38;39;40;48;50:B3;9;10;12;13;16;18;19;21;23;24;25;26,48-43-,27-22-,167
razor_off,W:W29;30;36;38;39;40;41;46;48;49:B4;8;9;10;13;18;22;26;27;28,38-32-,39-33-,69
razor_off,W:W25;26;28;30;31;32;33;35;36;38;39;41;42;44;45;48;49:B4;6;7;8;9;10;11;12;13;14;15;17;19;21;22;24;27,41-37-,41-37-,-6
razor_off,B:W25;27;28;32;33;34;35;36;37;38;39;42;43;44;45;48:B1;3;4;5;6;8;9;12;13;14;16;18;19;23;24;26,6-11-,14-20-,2
razor_off,W:W30;34;35;40;45;47;48;49;50:B1;2;4;5;6;9;10;12;13;15;16;19;25;29,34-3-9.19.29,34-3-9.19.29,35
razor_off,W:W23;24;29;33;34;35;36;37;38;39;40;44:B4;8;9;10;11;12;13;15;18;20;21;27,38-32-,38-32-,-3
razor_off,W:W39;44;49:B3;11;12;13;14;22;25;29;33,39-10-12.13.14.22.33,39-10-12.13.14.22.33,69
razor_off,B:W26;27;28;30;32;33;35;36;38;39;40;45:B2;8;12;13;14;15;16;18;19;21;23;24,2-7-,2-7-,49
razor_off,W:W25;26;31;34;35;36;38;41;43;46;49:B6;11;12;13;14;17;18;22;23;27;28,35-30-,34-30-,11
razor_off,W:W24;27;28;29;32;33;34;36;38;39;41;43;45;46;48:B2;3;6;8;10;11;12;13;15;16;17;18;20;25;26,28-23-,28-23-,0
razor_off,B:W25;26;28;32;33;35;37;38;39;40;41;42;43;45;46;47;49;50:B2;3;4;5;6;9;10;11;12;14;16;17;18;19;21;22;23;24,2-8-,9-13-,15
razor_off,W:W25;28;29;31;32;33;34;38;39;42;43;48:B1;4;9;13;14;16;17;19;20;21;22;35,31-26-,29-23-,8
razor_off,B:W27;31;32;33;34;35;36;37;38;39;40;42;43;45;48:B3;7;8;9;10;12;13;15;16;17;18;20;22;24;25,17-21-,24-29-,9
razor_off,W:W23;24;26;28;29;31;33;34;38;39;40;41;48;49:B2;3;8;10;12;13;14;15;16;17;20;21;22;25,41-36-,41-36-,9
razor_off,W:W25;26;27;31;32;33;35;36;38;39;40;42;44;45;49:B2;3;4;6;8;12;13;14;15;16;17;19;23;24;29,32-28-,42-37-,11
razor_off,W:W26;29;30;34;36;37;38;39;40;45;47;49;50:B4;7;9;12;13;14;16;18;19;20;22;25;27,37-31-,37-31-,-3
razor_off,W:W16;28;30;32;35;37;38;40;42;45;48:B6;7;8;9;12;13;15;19;23;24;25,28-22-,40-34-,-4
razor_off,W:W27;28;29;32;33;34;35;36;37;38;39;42;43;44;47;48;50:B2;3;6;8;9;10;12;13;14;16;18;19;20;21;24;25;26,35-30-,35-30-,96
razor_off,W:W25;28;30;31;32;33;35;36;38;39;40;42;43;44;45;46;47;48;49:B2;3;4;5;6;7;8;9;10;11;13;14;15;17;18;19;22;24;26,40-34-,39-34-,12
razor_off,W:W25;27;28;30;32;33;34;35;37;38;39;43:B3;8;12;13;14;15;16;18;19;21;23;24,34-29-,34-29-,11
razor_off,W:W27;28;30;32;33;35;37;38;39;46;47;48:B8;12;13;14;16;17;18;19;21;23;24;26,28-22-,30-25-,25
razor_off,W:W25;29;30;31;37;38;44;48;49;50:B9;12;13;14;15;18;20;22;27;36,30-24-,38-32-,74
razor_off,W:W23;24;32;33;34;38;39;40;41;44;47;48;49:B7;9;10;12;13;15;16;17;21;25;35;37,33-28-,32-27-,44
multicut_off,B:W27;28;29;30;33;34;36;37;42:B3;9;13;16;17;18;19;25;26,17-22-,3-8-,9
multicut_off,W:W27;28;31;32;33;34;36;38;39;41;45;46;48;49:B2;3;6;9;11;12;13;15;16;17;18;19;20;22,45-40-,41-37-,3
multicut_off,W:W22;25;32;33;35;37;38;39;40;42;45;48:B3;6;8;11;13;14;17;18;19;23;24;26,33-28-,33-28-,59
multicut_off,B:W23;32;33;34;35;36;38;39;40;41;42;43;45;47;48;49:B1;2;3;4;5;6;7;8;9;12;13;14;15;17;20;25,14-19-,25-30-,55
multicut_off,W:W28;31;32;33;36;37;38;42;43;44;48:B3;7;9;12;14;17;18;19;21;23;24,31-27-,43-39-,0
multicut_off,W:W28;31;32;33;34;37;39:B7;14;17;19;21;23;24,31-27-,31-27-,16
multicut_off,W:W24;28;29;31;34;37;39;41;45:B2;4;6;7;8;9;10;13;15;19;20;25;40,34-30-,34-30-,82
multicut_off,W:W24;27;29;32;33;34;37;40;42;43;46;48;49:B2;4;7;8;9;10;13;15;16;18;20;23;26,43-38-,27-21-,129
multicut_off,W:W25;42;47;48;49:B2;3;8;10;11;16;19;21;29;30;32,25-5-10.19.29.30,25-5-10.19.29.30,107
multicut_off,W:W28;29;33;34;35;36;37;38;39;40;44;45:B3;8;9;13;15;16;17;20;24;25;26;27,37-31-,28-23-,-28
multicut_off,W:W14;48:B6;12;13;15;16;24;34;43,48-17-12.13.24.34.43,48-17-12.13.24.34.43,220
multicut_off,B:W28;29;32;33;35;37;38;39;43;44;47;49:B2;8;10;12;13;14;17;18;22;25;26;36,2-7-,22-27-,18
multicut_off,W:W27;28;30;32;35;36;37;38;39;42;43;45;47;48:B3;6;8;11;12;13;15;16;18;19;21;23;26;29,39-34-,39-34-,16
multicut_off,W:W21;22;25;27;31;32;35;37;38;39;40;42;43;45;47;48:B3;6;7;8;9;11;12;13;14;15;16;19;20;23;24;29,22-17-,31-26-,12
multicut_off,W:W26;32;36;39;40;45;48:B2;3;4;7;8;13;14;15;16;17;23;27;38;43,32-1-7.17.27,32-1-7.17.27,22
multicut_off,W:W15;26;31;33;34;36;37;38;39;41;43;44;45;46;48:B2;4;6;10;12;13;16;17;18;19;22;23;25;27;28,37-32-,34-29-,22
multicut_off,W:W27;28;32;33;34;35;36;37;38;39;40;48;50:B3;9;10;12;13;16;18;19;21;23;24;25;26,48-43-,28-22-,8
multicut_off,W:W29;30;36;38;39;40;41;46;48;49:B4;8;9;10;13;18;22;26;27;28,38-32-,38-32-,9
multicut_off,W:W25;26;28;30;31;32;33;35;36;38;39;41;42;44;45;48;49:B4;6;7;8;9;10;11;12;13;14;15;17;19;21;22;24;27,41-37-,41-37-,-6
multicut_off,B:W25;27;28;32;33;34;35;36;37;38;39;42;43;44;45;48:B1;3;4;5;6;8;9;12;13;14;16;18;19;23;24;26,6-11-,6-11-,3
multicut_off,W:W30;34;35;40;45;47;48;49;50:B1;2;4;5;6;9;10;12;13;15;16;19;25;29,34-3-9.19.29,34-3-9.19.29,39
multicut_off,W:W23;24;29;33;34;35;36;37;38;39;40;44:B4;8;9;10;11;12;13;15;18;20;21;27,38-32-,35-30-,3
multicut_off,W:W39;44;49:B3;11;12;13;14;22;25;29;33,39-10-12.13.14.22.33,39-10-12.13.14.22.33,42
multicut_off,B:W26;27;28;30;32;33;35;36;38;39;40;45:B2;8;12;13;14;15;16;18;19;21;23;24,2-7-,2-7-,31
multicut_off,W:W25;26;31;34;35;36;38;41;43;46;49:B6;11;12;13;14;17;18;22;23;27;28,35-30-,49-44-,11
multicut_off,W:W24;27;28;29;32;33;34;36;38;39;41;43;45;46;48:B2;3;6;8;10;11;12;13;15;16;17;18;20;25;26,28-23-,28-23-,0
multicut_off,B:W25;26;28;32;33;35;37;38;39;40;41;42;43;45;46;47;49;50:B2;3;4;5;6;9;10;11;12;14;16;17;18;19;21;22;23;24,2-8-,14-20-,14
multicut_off,W:W25;28;29;31;32;33;34;38;39;42;43;48:B1;4;9;13;14;16;17;19;20;21;22;35,31-26-,29-23-,4
multicut_off,B:W27;31;32;33;34;35;36;37;38;39;40;42;43;45;48:B3;7;8;9;10;12;13;15;16;17;18;20;22;24;25,17-21-,24-29-,14
multicut_off,W:W23;24;26;28;29;31;33;34;38;39;40;41;48;49:B2;3;8;10;12;13;14;15;16;17;20;21;22;25,41-36-,41-36-,9
multicut_off,W:W25;26;27;31;32;33;35;36;38;39;40;42;44;45;49:B2;3;4;6;8;12;13;14;15;16;17;19;23;24;29,32-28-,32-28-,25
multicut_off,W:W26;29;30;34;36;37;38;39;40;45;47;49;50:B4;7;9;12;13;14;16;18;19;20;22;25;27,37-31-,37-31-,3
multicut_off,W:W16;28;30;32;35;37;38;40;42;45;48:B6;7;8;9;12;13;15;19;23;24;25,28-22-,40-34-,-6
multicut_off,W:W27;28;29;32;33;34;35;36;37;38;39;42;43;44;47;48;50:B2;3;6;8;9;10;12;13;14;16;18;19;20;21;24;25;26,35-30-,35-30-,96
multicut_off,W:W25;28;30;31;32;33;35;36;38;39;40;42;43;44;45;46;47;48;49:B2;3;4;5;6;7;8;9;10;11;13;14;15;17;18;19;22;24;26,40-34-,39-34-,14
multicut_off,W:W25;27;28;30;32;33;34;35;37;38;39;43:B3;8;12;13;14;15;16;18;19;21;23;24,34-29-,34-29-,11
multicut_off,W:W27;28;30;32;33;35;37;38;39;46;47;48:B8;12;13;14;16;17;18;19;21;23;24;26,28-22-,30-25-,23
multicut_off,W:W25;29;30;31;37;38;44;48;49;50:B9;12;13;14;15;18;20;22;27;36,30-24-,30-24-,105
multicut_off,W:W23;24;32;33;34;38;39;40;41;44;47;48;49:B7;9;10;12;13;15;16;17;21;25;35;37,33-28-,32-27-,77
all_off,B:W27;28;29;30;33;34;36;37;42:B3;9;13;16;17;18;19;25;26,17-22-,17-22-,67
all_off,W:W27;28;31;32;33;34;36;38;39;41;45;46;48;49:B2;3;6;9;11;12;13;15;16;17;18;19;20;22,45-40-,27-21-,127
all_off,W:W22;25;32;33;35;37;38;39;40;42;45;48:B3;6;8;11;13;14;17;18;19;23;24;26,33-28-,33-28-,58
all_off,B:W23;32;33;34;35;36;38;39;40;41;42;43;45;47;48;49:B1;2;3;4;5;6;7;8;9;12;13;14;15;17;20;25,14-19-,25-30-,55
all_off,W:W28;31;32;33;36;37;38;42;43;44;48:B3;7;9;12;14;17;18;19;21;23;24,31-27-,31-27-,-11
all_off,W:W28;31;32;33;34;37;39:B7;14;17;19;21;23;24,31-27-,31-27-,31
all_off,W:W24;28;29;31;34;37;39;41;45:B2;4;6;7;8;9;10;13;15;19;20;25;40,34-30-,34-30-,81
all_off,W:W24;27;29;32;33;34;37;40;42;43;46;48;49:B2;4;7;8;9;10;13;15;16;18;20;23;26,43-38-,27-21-,122
all_off,W:W25;42;47;48;49:B2;3;8;10;11;16;19;21;29;30;32,25-5-10.19.29.30,25-5-10.19.29.30,116
all_off,W:W28;29;33;34;35;36;37;38;39;40;44;45:B3;8;9;13;15;16;17;20;24;25;26;27,37-31-,37-31-,54
all_off,W:W14;48:B6;12;13;15;16;24;34;43,48-17-12.13.24.34.43,48-17-12.13.24.34.43,223
all_off,B:W28;29;32;33;35;37;38;39;43;44;47;49:B2;8;10;12;13;14;17;18;22;25;26;36,2-7-,17-21-,45
all_off,W:W27;28;30;32;35;36;37;38;39;42;43;45;47;48:B3;6;8;11;12;13;15;16;18;19;21;23;26;29,39-34-,39-34-,17
all_off,W:W21;22;25;27;31;32;35;37;38;39;40;42;43;45;47;48:B3;6;7;8;9;11;12;13;14;15;16;19;20;23;24;29,22-17-,31-26-,13
all_off,W:W26;32;36;39;40;45;48:B2;3;4;7;8;13;14;15;16;17;23;27;38;43,32-1-7.17.27,32-1-7.17.27,12
all_off,W:W15;26;31;33;34;36;37;38;39;41;43;44;45;46;48:B2;4;6;10;12;13;16;17;18;19;22;23;25;27;28,37-32-,34-29-,22
all_off,W:W27;28;32;33;34;35;36;37;38;39;40;48;50:B3;9;10;12;13;16;18;19;21;23;24;25;26,48-43-,27-22-,108
all_off,W:W29;30;36;38;39;40;41;46;48;49:B4;8;9;10;13;18;22;26;27;28,38-32-,39-33-,12
all_off,W:W25;26;28;30;31;32;33;35;36;38;39;41;42;44;45;48;49:B4;6;7;8;9;10;11;12;13;14;15;17;19;21;22;24;27,41-37-,41-37-,-4
all_off,B:W25;27;28;32;33;34;35;36;37;38;39;42;43;44;45;48:B1;3;4;5;6;8;9;12;13;14;16;18;19;23;24;26,6-11-,16-21-,96
all_off,W:W30;34;35;40;45;47;48;49;50:B1;2;4;5;6;9;10;12;13;15;16;19;25;29,34-3-9.19.29,34-3-9.19.29,43
all_off,W:W23;24;29;33;34;35;36;37;38;39;40;44:B4;8;9;10;11;12;13;15;18;20;21;27,38-32-,24-19-,53
all_off,W:W39;44;49:B3;11;12;13;14;22;25;29;33,39-10-12.13.14.22.33,39-10-12.13.14.22.33,77
all_off,B:W26;27;28;30;32;33;35;36;38;39;40;45:B2;8;12;13;14;15;16;18;19;21;23;24,2-7-,24-29-,29
all_off,W:W25;26;31;34;35;36;38;41;43;46;49:B6;11;12;13;14;17;18;22;23;27;28,35-30-,34-29-,61
all_off,W:W24;27;28;29;32;33;34;36;38;39;41;43;45;46;48:B2;3;6;8;10;11;12;13;15;16;17;18;20;25;26,28-23-,28-23-,0
all_off,B:W25;26;28;32;33;35;37;38;39;40;41;42;43;45;46;47;49;50:B2;3;4;5;6;9;10;11;12;14;16;17;18;19;21;22;23;24,2-8-,24-30-,145
all_off,W:W25;28;29;31;32;33;34;38;39;42;43;48:B1;4;9;13;14;16;17;19;20;21;22;35,31-26-,31-26-,8
all_off,B:W27;31;32;33;34;35;36;37;38;39;40;42;43;45;48:B3;7;8;9;10;12;13;15;16;17;18;20;22;24;25,17-21-,24-29-,12
all_off,W:W23;24;26;28;29;31;33;34;38;39;40;41;48;49:B2;3;8;10;12;13;14;15;16;17;20;21;22;25,41-36-,41-36-,11
all_off,W:W25;26;27;31;32;33;35;36;38;39;40;42;44;45;49:B2;3;4;6;8;12;13;14;15;16;17;19;23;24;29,32-28-,32-28-,31
all_off,W:W26;29;30;34;36;37;38;39;40;45;47;49;50:B4;7;9;12;13;14;16;18;19;20;22;25;27,37-31-,37-31-,0
all_off,W:W16;28;30;32;35;37;38;40;42;45;48:B6;7;8;9;12;13;15;19;23;24;25,28-22-,16-11-,104
all_off,W:W27;28;29;32;33;34;35;36;37;38;39;42;43;44;47;48;50:B2;3;6;8;9;10;12;13;14;16;18;19;20;21;24;25;26,35-30-,35-30-,74
all_off,W:W25;28;30;31;32;33;35;36;38;39;40;42;43;44;45;46;47;48;49:B2;3;4;5;6;7;8;9;10;11;13;14;15;17;18;19;22;24;26,40-34-,28-23-,44
all_off,W:W25;27;28;30;32;33;34;35;37;38;39;43:B3;8;12;13;14;15;16;18;19;21;23;24,34-29-,34-29-,11
all_off,W:W27;28;30;32;33;35;37;38;39;46;47;48:B8;12;13;14;16;17;18;19;21;23;24;26,28-22-,39-34-,33
all_off,W:W25;29;30;31;37;38;44;48;49;50:B9;12;13;14;15;18;20;22;27;36,30-24-,44-39-,101
all_off,W:W23;24;32;33;34;38;39;40;41;44;47;48;49:B7;9;10;12;13;15;16;17;21;25;35;37,33-28-,32-27-,44
baseline,W:W25;27;28;32;33;35;37;39;41;48:B7;8;9;13;16;19;21;24;26;29,37-31-,37-31-,56
baseline,W:W21;31;33;34;36;37;38;39;40;42;44;46;47;48:B2;3;7;9;10;12;13;14;17;18;19;22;26;35,46-41-,34-30-,100
baseline,W:W26;28;29;31;33;36;38;40;43;44;48;50:B4;7;9;11;12;13;14;17;18;19;22;27,29-24-,29-24-,177
baseline,B:W31;32;33;34;36;38;39;40;42;43;44:B3;6;7;12;13;14;15;18;19;22;25,12-17-,12-17-,-8
baseline,W:W27;28;32;33;36;37;38;39;42;44;48:B3;7;12;13;14;17;18;19;23;24;26,37-31-,37-31-,12
baseline,B:W25;27;28;32;33;34;35;37;38;40;41;42;43;45;48;49:B3;5;6;8;9;10;11;13;14;15;16;19;21;23;24;26,24-29-,24-29-,53
baseline,W:W24;31;37;39;41;45:B2;4;6;7;8;9;10;13;15;19;20;32;40,37-28-32,37-28-32,89
baseline,W:W16;26;27;32;35;39;40;43;45;48;50:B7;9;12;13;15;18;19;20;22;23;29,43-38-,16-11-,118
baseline,W:W25;26;29;31;33;34;36;37;38;39;41;43;46;49:B2;6;7;11;12;13;14;15;17;18;19;22;23;27,37-32-,29-24-,174
baseline,W:W15;28;31;32;33;34;36;37;38;39;41;42;43;44;45;46;48:B3;4;6;7;8;9;10;11;13;16;17;18;19;21;22;25;26,45-40-,45-40-,-10
baseline,W:W27;28;32;33;34;37;38;42;43;48:B6;11;13;14;16;18;19;21;23;24,37-31-,37-31-,-2
baseline,B:W23;24;28;29;32;34;36;37;39;42;43;44;45:B2;4;6;8;11;12;13;14;15;17;18;20;25,17-22-,17-22-,150
baseline,W:W22;25;28;30;32;33;35;36;38;40;43;48:B3;4;6;8;9;13;14;16;19;21;23;24,40-34-,40-34-,-7
baseline,W:W30;33;36;37;38;39;45;47:B8;9;18;19;20;22;27;28,36-31-,37-32-,33
baseline,W:W24;28;29;33;34;36;38;39;40;42;47:B2;4;8;9;10;15;17;18;22;25;27,47-41-,38-32-,81
baseline,W:W23;24;25;29;32;33;37;38;39:B3;4;8;12;13;14;15;18;26,32-27-,24-20-,101
baseline,W:W34;35;39;40;45;48:B3;9;10;12;13;16;19;21;24;25;29;43,34-5-10.19.29,34-5-10.19.29,179
baseline,W:W24;27;29;32;33;34;35;36;37;39;40;43;45;46;47;49:B1;2;4;7;8;9;10;13;15;16;17;18;20;23;25;26,43-38-,34-30-,139
baseline,W:W25;30;34;35;36;48:B4;6;7;8;9;10;13;15;18;20;22;23,25-1-7.8.9.20,25-1-7.8.9.20,46
baseline,W:W27;28;29;31;32;33;34;35;36;37;38;39;40;43;44;45;48:B2;3;6;7;9;11;12;13;14;15;16;18;19;20;21;24;25,28-23-,28-23-,189
baseline,W:W27;28;32;33;34;35;37;38;39;40;45;46;47;48;49:B2;3;4;6;9;12;13;15;16;18;19;20;21;23;24,49-43-,28-22-,-2
baseline,W:W30;31;33;36;37;38;39;40;41;43;46;48;49:B2;7;8;9;13;14;16;19;22;23;26;27;28,40-35-,30-25-,-7
baseline,W:W25;26;30;31;33;35;36;38;39;41;43;45;46;47;48;49:B1;2;3;4;7;11;12;13;14;15;17;18;22;23;27;28,45-40-,45-40-,-19
baseline,B:W23;24;27;29;32;33;37;38;40;45;47;49:B2;4;8;12;13;14;15;16;18;20;21;25,25-30-,25-30-,57
baseline,W:W25;27;28;32;33;34;35;37;38;40;43;45;48:B6;9;11;12;13;14;15;16;18;19;21;23;24,34-30-,34-29-,2
baseline,B:W25;27;30;31;32;35;36;37;38;39;42;43;45;48:B3;6;8;9;12;13;14;15;16;18;19;22;23;29,29-34-,12-17-,4
baseline,B:W24;29;31;33;34;36;38;39;41;42;43;44;45;47;49:B1;2;3;4;7;9;13;15;16;17;18;22;23;25;27,3-8-,7-11-,15
baseline,B:W25;28;30;31;32;33;34;35;36;37;39;40;41;42;43;45;46;47;48:B3;4;6;7;8;9;10;11;12;13;14;15;16;17;19;21;23;24;26,12-18-,13-18-,5
baseline,W:W25;28;29;34;36;37;38;39;40;42;46;48;50:B2;4;8;9;10;11;13;14;16;18;21;27;30,29-23-,28-23-,3
baseline,W:W25;26;28;31;33;41;48;49:B2;16;24;45,41-36-,41-36-,180
baseline,W:W27;28;31;32;33;34;35;36;38;39;44;45;46;48:B1;3;6;7;8;10;11;13;16;18;19;23;24;25,48-43-,27-22-,68
baseline,W:W34;36;39;40;44;45;49:B4;7;9;12;13;14;18;20;22;24;25;30;38,34-29-,34-29-,66
baseline,W:W27;28;32;33;34;35;38;39;40;41;43;45;47;50:B1;7;8;9;13;14;15;16;17;19;21;23;24;25,34-30-,34-30-,7
baseline,W:W22;28;30;31;32;33;34;35;38;40;42;43;44;45;48;49:B3;6;7;8;9;10;12;13;14;16;19;20;21;23;24;25,33-29-,31-27-,-1
baseline,W:W27;28;32;33;34;35;36;38;41;42;43;44;47;48:B3;6;7;8;10;12;16;17;18;19;20;23;24;26,41-37-,41-37-,0
baseline,W:W27;28;30;32;33;34;35;36;37;38;39;42;48;49:B3;4;6;8;12;13;14;16;18;19;21;23;24;26,30-25-,30-25-,-2
baseline,W:W25;27;28;32;33;35;37;38;39;40;45;48:B3;4;8;13;14;16;17;18;19;21;23;24,40-34-,40-34-,-20
baseline,W:W25;39;48:B9;12;13;14;15;18;20;22;33;38,39-10-12.13.14.22.33,39-10-12.13.14.22.33,81
lmr_off,W:W25;27;28;32;33;35;37;39;41;48:B7;8;9;13;16;19;21;24;26;29,37-31-,37-31-,85
lmr_off,W:W21;31;33;34;36;37;38;39;40;42;44;46;47;48:B2;3;7;9;10;12;13;14;17;18;19;22;26;35,46-41-,34-30-,100
lmr_off,W:W26;28;29;31;33;36;38;40;43;44;48;50:B4;7;9;11;12;13;14;17;18;19;22;27,29-24-,29-24-,135
lmr_off,B:W31;32;33;34;36;38;39;40;42;43;44:B3;6;7;12;13;14;15;18;19;22;25,12-17-,7-11-,-8
lmr_off,W:W27;28;32;33;36;37;38;39;42;44;48:B3;7;12;13;14;17;18;19;23;24;26,37-31-,37-31-,12
lmr_off,B:W25;27;28;32;33;34;35;37;38;40;41;42;43;45;48;49:B3;5;6;8;9;10;11;13;14;15;16;19;21;23;24;26,24-29-,24-29-,52
lmr_off,W:W24;31;37;39;41;45:B2;4;6;7;8;9;10;13;15;19;20;32;40,37-28-32,37-28-32,86
lmr_off,W:W16;26;27;32;35;39;40;43;45;48;50:B7;9;12;13;15;18;19;20;22;23;29,43-38-,16-11-,48
lmr_off,W:W25;26;29;31;33;34;36;37;38;39;41;43;46;49:B2;6;7;11;12;13;14;15;17;18;19;22;23;27,37-32-,29-24-,170
lmr_off,W:W15;28;31;32;33;34;36;37;38;39;41;42;43;44;45;46;48:B3;4;6;7;8;9;10;11;13;16;17;18;19;21;22;25;26,45-40-,28-23-,17
lmr_off,W:W27;28;32;33;34;37;38;42;43;48:B6;11;13;14;16;18;19;21;23;24,37-31-,37-31-,-3
lmr_off,B:W23;24;28;29;32;34;36;37;39;42;43;44;45:B2;4;6;8;11;12;13;14;15;17;18;20;25,17-22-,17-22-,135
lmr_off,W:W22;25;28;30;32;33;35;36;38;40;43;48:B3;4;6;8;9;13;14;16;19;21;23;24,40-34-,40-34-,-3
lmr_off,W:W30;33;36;37;38;39;45;47:B8;9;18;19;20;22;27;28,36-31-,36-31-,251
lmr_off,W:W24;28;29;33;34;36;38;39;40;42;47:B2;4;8;9;10;15;17;18;22;25;27,47-41-,38-32-,108
lmr_off,W:W23;24;25;29;32;33;37;38;39:B3;4;8;12;13;14;15;18;26,32-27-,24-20-,81
lmr_off,W:W34;35;39;40;45;48:B3;9;10;12;13;16;19;21;24;25;29;43,34-5-10.19.29,34-5-10.19.29,173
lmr_off,W:W24;27;29;32;33;34;35;36;37;39;40;43;45;46;47;49:B1;2;4;7;8;9;10;13;15;16;17;18;20;23;25;26,43-38-,34-30-,126
lmr_off,W:W25;30;34;35;36;48:B4;6;7;8;9;10;13;15;18;20;22;23,25-1-7.8.9.20,25-1-7.8.9.20,45
lmr_off,W:W27;28;29;31;32;33;34;35;36;37;38;39;40;43;44;45;48:B2;3;6;7;9;11;12;13;14;15;16;18;19;20;21;24;25,28-23-,28-23-,189
lmr_off,W:W27;28;32;33;34;35;37;38;39;40;45;46;47;48;49:B2;3;4;6;9;12;13;15;16;18;19;20;21;23;24,49-43-,28-22-,-3
lmr_off,W:W30;31;33;36;37;38;39;40;41;43;46;48;49:B2;7;8;9;13;14;16;19;22;23;26;27;28,40-35-,39-34-,142
lmr_off,W:W25;26;30;31;33;35;36;38;39;41;43;45;46;47;48;49:B1;2;3;4;7;11;12;13;14;15;17;18;22;23;27;28,45-40-,41-37-,-18
lmr_off,B:W23;24;27;29;32;33;37;38;40;45;47;49:B2;4;8;12;13;14;15;16;18;20;21;25,25-30-,25-30-,52
lmr_off,W:W25;27;28;32;33;34;35;37;38;40;43;45;48:B6;9;11;12;13;14;15;16;18;19;21;23;24,34-30-,25-20-,71
lmr_off,B:W25;27;30;31;32;35;36;37;38;39;42;43;45;48:B3;6;8;9;12;13;14;15;16;18;19;22;23;29,29-34-,12-17-,3
lmr_off,B:W24;29;31;33;34;36;38;39;41;42;43;44;45;47;49:B1;2;3;4;7;9;13;15;16;17;18;22;23;25;27,3-8-,13-19-,57
lmr_off,B:W25;28;30;31;32;33;34;35;36;37;39;40;41;42;43;45;46;47;48:B3;4;6;7;8;9;10;11;12;13;14;15;16;17;19;21;23;24;26,12-18-,13-18-,2
lmr_off,W:W25;28;29;34;36;37;38;39;40;42;46;48;50:B2;4;8;9;10;11;13;14;16;18;21;27;30,29-23-,38-33-,5
lmr_off,W:W25;26;28;31;33;41;48;49:B2;16;24;45,41-36-,41-36-,170
lmr_off,W:W27;28;31;32;33;34;35;36;38;39;44;45;46;48:B1;3;6;7;8;10;11;13;16;18;19;23;24;25,48-43-,27-22-,68
lmr_off,W:W34;36;39;40;44;45;49:B4;7;9;12;13;14;18;20;22;24;25;30;38,34-29-,34-29-,75
lmr_off,W:W27;28;32;33;34;35;38;39;40;41;43;45;47;50:B1;7;8;9;13;14;15;16;17;19;21;23;24;25,34-30-,34-30-,107
lmr_off,W:W22;28;30;31;32;33;34;35;38;40;42;43;44;45;48;49:B3;6;7;8;9;10;12;13;14;16;19;20;21;23;24;25,33-29-,31-27-,-5
lmr_off,W:W27;28;32;33;34;35;36;38;41;42;43;44;47;48:B3;6;7;8;10;12;16;17;18;19;20;23;24;26,41-37-,41-37-,0
lmr_off,W:W27;28;30;32;33;34;35;36;37;38;39;42;48;49:B3;4;6;8;12;13;14;16;18;19;21;23;24;26,30-25-,30-25-,0
lmr_off,W:W25;27;28;32;33;35;37;38;39;40;45;48:B3;4;8;13;14;16;17;18;19;21;23;24,40-34-,48-42-,-23
lmr_off,W:W25;39;48:B9;12;13;14;15;18;20;22;33;38,39-10-12.13.14.22.33,39-10-12.13.14.22.33,78
lmp_off,W:W25;27;28;32;33;35;37;39;41;48:B7;8;9;13;16;19;21;24;26;29,37-31-,37-31-,75
lmp_off,W:W21;31;33;34;36;37;38;39;40;42;44;46;47;48:B2;3;7;9;10;12;13;14;17;18;19;22;26;35,46-41-,34-30-,76
lmp_off,W:W26;28;29;31;33;36;38;40;43;44;48;50:B4;7;9;11;12;13;14;17;18;19;22;27,29-24-,29-24-,165
lmp_off,B:W31;32;33;34;36;38;39;40;42;43;44:B3;6;7;12;13;14;15;18;19;22;25,12-17-,14-20-,-7
lmp_off,W:W27;28;32;33;36;37;38;39;42;44;48:B3;7;12;13;14;17;18;19;23;24;26,37-31-,37-31-,20
lmp_off,B:W25;27;28;32;33;34;35;37;38;40;41;42;43;45;48;49:B3;5;6;8;9;10;11;13;14;15;16;19;21;23;24;26,24-29-,24-29-,48
lmp_off,W:W24;31;37;39;41;45:B2;4;6;7;8;9;10;13;15;19;20;32;40,37-28-32,37-28-32,84
lmp_off,W:W16;26;27;32;35;39;40;43;45;48;50:B7;9;12;13;15;18;19;20;22;23;29,43-38-,16-11-,93
lmp_off,W:W25;26;29;31;33;34;36;37;38;39;41;43;46;49:B2;6;7;11;12;13;14;15;17;18;19;22;23;27,37-32-,29-24-,170
lmp_off,W:W15;28;31;32;33;34;36;37;38;39;41;42;43;44;45;46;48:B3;4;6;7;8;9;10;11;13;16;17;18;19;21;22;25;26,45-40-,28-23-,17
lmp_off,W:W27;28;32;33;34;37;38;42;43;48:B6;11;13;14;16;18;19;21;23;24,37-31-,28-22-,-8
lmp_off,B:W23;24;28;29;32;34;36;37;39;42;43;44;45:B2;4;6;8;11;12;13;14;15;17;18;20;25,17-22-,17-22-,155
lmp_off,W:W22;25;28;30;32;33;35;36;38;40;43;48:B3;4;6;8;9;13;14;16;19;21;23;24,40-34-,40-34-,-7
lmp_off,W:W30;33;36;37;38;39;45;47:B8;9;18;19;20;22;27;28,36-31-,37-32-,8
lmp_off,W:W24;28;29;33;34;36;38;39;40;42;47:B2;4;8;9;10;15;17;18;22;25;27,47-41-,38-32-,102
lmp_off,W:W23;24;25;29;32;33;37;38;39:B3;4;8;12;13;14;15;18;26,32-27-,24-20-,79
lmp_off,W:W34;35;39;40;45;48:B3;9;10;12;13;16;19;21;24;25;29;43,34-5-10.19.29,34-5-10.19.29,191
lmp_off,W:W24;27;29;32;33;34;35;36;37;39;40;43;45;46;47;49:B1;2;4;7;8;9;10;13;15;16;17;18;20;23;25;26,43-38-,34-30-,4
lmp_off,W:W25;30;34;35;36;48:B4;6;7;8;9;10;13;15;18;20;22;23,25-1-7.8.9.20,25-1-7.8.9.20,40
lmp_off,W:W27;28;29;31;32;33;34;35;36;37;38;39;40;43;44;45;48:B2;3;6;7;9;11;12;13;14;15;16;18;19;20;21;24;25,28-23-,28-23-,189
lmp_off,W:W27;28;32;33;34;35;37;38;39;40;45;46;47;48;49:B2;3;4;6;9;12;13;15;16;18;19;20;21;23;24,49-43-,28-22-,-1
lmp_off,W:W30;31;33;36;37;38;39;40;41;43;46;48;49:B2;7;8;9;13;14;16;19;22;23;26;27;28,40-35-,30-25-,1
lmp_off,W:W25;26;30;31;33;35;36;38;39;41;43;45;46;47;48;49:B1;2;3;4;7;11;12;13;14;15;17;18;22;23;27;28,45-40-,33-29-,-16
lmp_off,B:W23;24;27;29;32;33;37;38;40;45;47;49:B2;4;8;12;13;14;15;16;18;20;21;25,25-30-,25-30-,35
lmp_off,W:W25;27;28;32;33;34;35;37;38;40;43;45;48:B6;9;11;12;13;14;15;16;18;19;21;23;24,34-30-,34-29-,2
lmp_off,B:W25;27;30;31;32;35;36;37;38;39;42;43;45;48:B3;6;8;9;12;13;14;15;16;18;19;22;23;29,29-34-,12-17-,9
lmp_off,B:W24;29;31;33;34;36;38;39;41;42;43;44;45;47;49:B1;2;3;4;7;9;13;15;16;17;18;22;23;25;27,3-8-,3-8-,16
lmp_off,B:W25;28;30;31;32;33;34;35;36;37;39;40;41;42;43;45;46;47;48:B3;4;6;7;8;9;10;11;12;13;14;15;16;17;19;21;23;24;26,12-18-,21-27-,60
lmp_off,W:W25;28;29;34;36;37;38;39;40;42;46;48;50:B2;4;8;9;10;11;13;14;16;18;21;27;30,29-23-,28-23-,4
lmp_off,W:W25;26;28;31;33;41;48;49:B2;16;24;45,41-36-,41-36-,180
lmp_off,W:W27;28;31;32;33;34;35;36;38;39;44;45;46;48:B1;3;6;7;8;10;11;13;16;18;19;23;24;25,48-43-,48-43-,1
lmp_off,W:W34;36;39;40;44;45;49:B4;7;9;12;13;14;18;20;22;24;25;30;38,34-29-,34-29-,66
lmp_off,W:W27;28;32;33;34;35;38;39;40;41;43;45;47;50:B1;7;8;9;13;14;15;16;17;19;21;23;24;25,34-30-,41-37-,32
lmp_off,W:W22;28;30;31;32;33;34;35;38;40;42;43;44;45;48;49:B3;6;7;8;9;10;12;13;14;16;19;20;21;23;24;25,33-29-,31-27-,-5
lmp_off,W:W27;28;32;33;34;35;36;38;41;42;43;44;47;48:B3;6;7;8;10;12;16;17;18;19;20;23;24;26,41-37-,41-37-,-4
lmp_off,W:W27;28;30;32;33;34;35;36;37;38;39;42;48;49:B3;4;6;8;12;13;14;16;18;19;21;23;24;26,30-25-,30-25-,0
lmp_off,W:W25;27;28;32;33;35;37;38;39;40;45;48:B3;4;8;13;14;16;17;18;19;21;23;24,40-34-,40-34-,-20
lmp_off,W:W25;39;48:B9;12;13;14;15;18;20;22;33;38,39-10-12.13.14.22.33,39-10-12.13.14.22.33,65
nmp_off,W:W25;27;28;32;33;35;37;39;41;48:B7;8;9;13;16;19;21;24;26;29,37-31-,37-31-,56
nmp_off,W:W21;31;33;34;36;37;38;39;40;42;44;46;47;48:B2;3;7;9;10;12;13;14;17;18;19;22;26;35,46-41-,34-30-,100
nmp_off,W:W26;28;29;31;33;36;38;40;43;44;48;50:B4;7;9;11;12;13;14;17;18;19;22;27,29-24-,29-24-,177
nmp_off,B:W31;32;33;34;36;38;39;40;42;43;44:B3;6;7;12;13;14;15;18;19;22;25,12-17-,12-17-,-8
nmp_off,W:W27;28;32;33;36;37;38;39;42;44;48:B3;7;12;13;14;17;18;19;23;24;26,37-31-,37-31-,12
nmp_off,B:W25;27;28;32;33;34;35;37;38;40;41;42;43;45;48;49:B3;5;6;8;9;10;11;13;14;15;16;19;21;23;24;26,24-29-,24-29-,53
nmp_off,W:W24;31;37;39;41;45:B2;4;6;7;8;9;10;13;15;19;20;32;40,37-28-32,37-28-32,89
nmp_off,W:W16;26;27;32;35;39;40;43;45;48;50:B7;9;12;13;15;18;19;20;22;23;29,43-38-,16-11-,118
nmp_off,W:W25;26;29;31;33;34;36;37;38;39;41;43;46;49:B2;6;7;11;12;13;14;15;17;18;19;22;23;27,37-32-,29-24-,174
nmp_off,W:W15;28;31;32;33;34;36;37;38;39;41;42;43;44;45;46;48:B3;4;6;7;8;9;10;11;13;16;17;18;19;21;22;25;26,45-40-,45-40-,-10
nmp_off,W:W27;28;32;33;34;37;38;42;43;48:B6;11;13;14;16;18;19;21;23;24,37-31-,37-31-,-2
nmp_off,B:W23;24;28;29;32;34;36;37;39;42;43;44;45:B2;4;6;8;11;12;13;14;15;17;18;20;25,17-22-,17-22-,150
nmp_off,W:W22;25;28;30;32;33;35;36;38;40;43;48:B3;4;6;8;9;13;14;16;19;21;23;24,40-34-,40-34-,-7
nmp_off,W:W30;33;36;37;38;39;45;47:B8;9;18;19;20;22;27;28,36-31-,37-32-,33
nmp_off,W:W24;28;29;33;34;36;38;39;40;42;47:B2;4;8;9;10;15;17;18;22;25;27,47-41-,38-32-,81
nmp_off,W:W23;24;25;29;32;33;37;38;39:B3;4;8;12;13;14;15;18;26,32-27-,24-20-,101
nmp_off,W:W34;35;39;40;45;48:B3;9;10;12;13;16;19;21;24;25;29;43,34-5-10.19.29,34-5-10.19.29,179
nmp_off,W:W24;27;29;32;33;34;35;36;37;39;40;43;45;46;47;49:B1;2;4;7;8;9;10;13;15;16;17;18;20;23;25;26,43-38-,34-30-,139
nmp_off,W:W25;30;34;35;36;48:B4;6;7;8;9;10;13;15;18;20;22;23,25-1-7.8.9.20,25-1-7.8.9.20,46
nmp_off,W:W27;28;29;31;32;33;34;35;36;37;38;39;40;43;44;45;48:B2;3;6;7;9;11;12;13;14;15;16;18;19;20;21;24;25,28-23-,28-23-,189
nmp_off,W:W27;28;32;33;34;35;37;38;39;40;45;46;47;48;49:B2;3;4;6;9;12;13;15;16;18;19;20;21;23;24,49-43-,28-22-,-2
nmp_off,W:W30;31;33;36;37;38;39;40;41;43;46;48;49:B2;7;8;9;13;14;16;19;22;23;26;27;28,40-35-,30-25-,-7
nmp_off,W:W25;26;30;31;33;35;36;38;39;41;43;45;46;47;48;49:B1;2;3;4;7;11;12;13;14;15;17;18;22;23;27;28,45-40-,45-40-,-19
nmp_off,B:W23;24;27;29;32;33;37;38;40;45;47;49:B2;4;8;12;13;14;15;16;18;20;21;25,25-30-,25-30-,57
nmp_off,W:W25;27;28;32;33;34;35;37;38;40;43;45;48:B6;9;11;12;13;14;15;16;18;19;21;23;24,34-30-,34-29-,2
nmp_off,B:W25;27;30;31;32;35;36;37;38;39;42;43;45;48:B3;6;8;9;12;13;14;15;16;18;19;22;23;29,29-34-,12-17-,4
nmp_off,B:W24;29;31;33;34;36;38;39;41;42;43;44;45;47;49:B1;2;3;4;7;9;13;15;16;17;18;22;23;25;27,3-8-,7-11-,15
nmp_off,B:W25;28;30;31;32;33;34;35;36;37;39;40;41;42;43;45;46;47;48:B3;4;6;7;8;9;10;11;12;13;14;15;16;17;19;21;23;24;26,12-18-,13-18-,5
nmp_off,W:W25;28;29;34;36;37;38;39;40;42;46;48;50:B2;4;8;9;10;11;13;14;16;18;21;27;30,29-23-,28-23-,3
nmp_off,W:W25;26;28;31;33;41;48;49:B2;16;24;45,41-36-,41-36-,180
nmp_off,W:W27;28;31;32;33;34;35;36;38;39;44;45;46;48:B1;3;6;7;8;10;11;13;16;18;19;23;24;25,48-43-,27-22-,68
nmp_off,W:W34;36;39;40;44;45;49:B4;7;9;12;13;14;18;20;22;24;25;30;38,34-29-,34-29-,66
nmp_off,W:W27;28;32;33;34;35;38;39;40;41;43;45;47;50:B1;7;8;9;13;14;15;16;17;19;21;23;24;25,34-30-,34-30-,7
nmp_off,W:W22;28;30;31;32;33;34;35;38;40;42;43;44;45;48;49:B3;6;7;8;9;10;12;13;14;16;19;20;21;23;24;25,33-29-,31-27-,-1
nmp_off,W:W27;28;32;33;34;35;36;38;41;42;43;44;47;48:B3;6;7;8;10;12;16;17;18;19;20;23;24;26,41-37-,41-37-,0
nmp_off,W:W27;28;30;32;33;34;35;36;37;38;39;42;48;49:B3;4;6;8;12;13;14;16;18;19;21;23;24;26,30-25-,30-25-,-2
nmp_off,W:W25;27;28;32;33;35;37;38;39;40;45;48:B3;4;8;13;14;16;17;18;19;21;23;24,40-34-,40-34-,-20
nmp_off,W:W25;39;48:B9;12;13;14;15;18;20;22;33;38,39-10-12.13.14.22.33,39-10-12.13.14.22.33,81
rfp_off,W:W25;27;28;32;33;35;37;39;41;48:B7;8;9;13;16;19;21;24;26;29,37-31-,37-31-,81
rfp_off,W:W21;31;33;34;36;37;38;39;40;42;44;46;47;48:B2;3;7;9;10;12;13;14;17;18;19;22;26;35,46-41-,34-30-,76
rfp_off,W:W26;28;29;31;33;36;38;40;43;44;48;50:B4;7;9;11;12;13;14;17;18;19;22;27,29-24-,29-24-,135
rfp_off,B:W31;32;33;34;36;38;39;40;42;43;44:B3;6;7;12;13;14;15;18;19;22;25,12-17-,7-11-,-9
rfp_off,W:W27;28;32;33;36;37;38;39;42;44;48:B3;7;12;13;14;17;18;19;23;24;26,37-31-,37-31-,20
rfp_off,B:W25;27;28;32;33;34;35;37;38;40;41;42;43;45;48;49:B3;5;6;8;9;10;11;13;14;15;16;19;21;23;24;26,24-29-,24-29-,39
rfp_off,W:W24;31;37;39;41;45:B2;4;6;7;8;9;10;13;15;19;20;32;40,37-28-32,37-28-32,89
rfp_off,W:W16;26;27;32;35;39;40;43;45;48;50:B7;9;12;13;15;18;19;20;22;23;29,43-38-,16-11-,93
rfp_off,W:W25;26;29;31;33;34;36;37;38;39;41;43;46;49:B2;6;7;11;12;13;14;15;17;18;19;22;23;27,37-32-,29-24-,170
rfp_off,W:W15;28;31;32;33;34;36;37;38;39;41;42;43;44;45;46;48:B3;4;6;7;8;9;10;11;13;16;17;18;19;21;22;25;26,45-40-,45-40-,-10
rfp_off,W:W27;28;32;33;34;37;38;42;43;48:B6;11;13;14;16;18;19;21;23;24,37-31-,37-31-,-23
rfp_off,B:W23;24;28;29;32;34;36;37;39;42;43;44;45:B2;4;6;8;11;12;13;14;15;17;18;20;25,17-22-,17-22-,155
rfp_off,W:W22;25;28;30;32;33;35;36;38;40;43;48:B3;4;6;8;9;13;14;16;19;21;23;24,40-34-,40-34-,3
rfp_off,W:W30;33;36;37;38;39;45;47:B8;9;18;19;20;22;27;28,36-31-,45-40-,-11
rfp_off,W:W24;28;29;33;34;36;38;39;40;42;47:B2;4;8;9;10;15;17;18;22;25;27,47-41-,28-23-,7
rfp_off,W:W23;24;25;29;32;33;37;38;39:B3;4;8;12;13;14;15;18;26,32-27-,24-20-,101
rfp_off,W:W34;35;39;40;45;48:B3;9;10;12;13;16;19;21;24;25;29;43,34-5-10.19.29,34-5-10.19.29,195
rfp_off,W:W24;27;29;32;33;34;35;36;37;39;40;43;45;46;47;49:B1;2;4;7;8;9;10;13;15;16;17;18;20;23;25;26,43-38-,34-30-,139
rfp_off,W:W25;30;34;35;36;48:B4;6;7;8;9;10;13;15;18;20;22;23,25-1-7.8.9.20,25-1-7.8.9.20,45
rfp_off,W:W27;28;29;31;32;33;34;35;36;37;38;39;40;43;44;45;48:B2;3;6;7;9;11;12;13;14;15;16;18;19;20;21;24;25,28-23-,28-23-,-2
rfp_off,W:W27;28;32;33;34;35;37;38;39;40;45;46;47;48;49:B2;3;4;6;9;12;13;15;16;18;19;20;21;23;24,49-43-,28-22-,0
rfp_off,W:W30;31;33;36;37;38;39;40;41;43;46;48;49:B2;7;8;9;13;14;16;19;22;23;26;27;28,40-35-,30-25-,-7
rfp_off,W:W25;26;30;31;33;35;36;38;39;41;43;45;46;47;48;49:B1;2;3;4;7;11;12;13;14;15;17;18;22;23;27;28,45-40-,30-24-,-13
rfp_off,B:W23;24;27;29;32;33;37;38;40;45;47;49:B2;4;8;12;13;14;15;16;18;20;21;25,25-30-,25-30-,52
rfp_off,W:W25;27;28;32;33;34;35;37;38;40;43;45;48:B6;9;11;12;13;14;15;16;18;19;21;23;24,34-30-,34-29-,2
rfp_off,B:W25;27;30;31;32;35;36;37;38;39;42;43;45;48:B3;6;8;9;12;13;14;15;16;18;19;22;23;29,29-34-,12-17-,6
rfp_off,B:W24;29;31;33;34;36;38;39;41;42;43;44;45;47;49:B1;2;3;4;7;9;13;15;16;17;18;22;23;25;27,3-8-,7-11-,15
rfp_off,B:W25;28;30;31;32;33;34;35;36;37;39;40;41;42;43;45;46;47;48:B3;4;6;7;8;9;10;11;12;13;14;15;16;17;19;21;23;24;26,12-18-,13-18-,3
rfp_off,W:W25;28;29;34;36;37;38;39;40;42;46;48;50:B2;4;8;9;10;11;13;14;16;18;21;27;30,29-23-,28-23-,4
rfp_off,W:W25;26;28;31;33;41;48;49:B2;16;24;45,41-36-,31-27-,171
rfp_off,W:W27;28;31;32;33;34;35;36;38;39;44;45;46;48:B1;3;6;7;8;10;11;13;16;18;19;23;24;25,48-43-,27-22-,68
rfp_off,W:W34;36;39;40;44;45;49:B4;7;9;12;13;14;18;20;22;24;25;30;38,34-29-,34-29-,64
rfp_off,W:W27;28;32;33;34;35;38;39;40;41;43;45;47;50:B1;7;8;9;13;14;15;16;17;19;21;23;24;25,34-30-,41-37-,32
rfp_off,W:W22;28;30;31;32;33;34;35;38;40;42;43;44;45;48;49:B3;6;7;8;9;10;12;13;14;16;19;20;21;23;24;25,33-29-,31-27-,-7
rfp_off,W:W27;28;32;33;34;35;36;38;41;42;43;44;47;48:B3;6;7;8;10;12;16;17;18;19;20;23;24;26,41-37-,41-37-,-1
rfp_off,W:W27;28;30;32;33;34;35;36;37;38;39;42;48;49:B3;4;6;8;12;13;14;16;18;19;21;23;24;26,30-25-,30-25-,-4
rfp_off,W:W25;27;28;32;33;35;37;38;39;40;45;48:B3;4;8;13;14;16;17;18;19;21;23;24,40-34-,40-34-,-13
rfp_off,W:W25;39;48:B9;12;13;14;15;18;20;22;33;38,39-10-12.13.14.22.33,39-10-12.13.14.22.33,69
razor_off,W:W25;27;28;32;33;35;37;39;41;48:B7;8;9;13;16;19;21;24;26;29,37-31-,37-31-,56
razor_off,W:W21;31;33;34;36;37;38;39;40;42;44;46;47;48:B2;3;7;9;10;12;13;14;17;18;19;22;26;35,46-41-,34-30-,100
razor_off,W:W26;28;29;31;33;36;38;40;43;44;48;50:B4;7;9;11;12;13;14;17;18;19;22;27,29-24-,29-24-,177
razor_off,B:W31;32;33;34;36;38;39;40;42;43;44:B3;6;7;12;13;14;15;18;19;22;25,12-17-,12-17-,-8
razor_off,W:W27;28;32;33;36;37;38;39;42;44;48:B3;7;12;13;14;17;18;19;23;24;26,37-31-,37-31-,12
razor_off,B:W25;27;28;32;33;34;35;37;38;40;41;42;43;45;48;49:B3;5;6;8;9;10;11;13;14;15;16;19;21;23;24;26,24-29-,24-29-,53
razor_off,W:W24;31;37;39;41;45:B2;4;6;7;8;9;10;13;15;19;20;32;40,37-28-32,37-28-32,89
razor_off,W:W16;26;27;32;35;39;40;43;45;48;50:B7;9;12;13;15;18;19;20;22;23;29,43-38-,16-11-,74
razor_off,W:W25;26;29;31;33;34;36;37;38;39;41;43;46;49:B2;6;7;11;12;13;14;15;17;18;19;22;23;27,37-32-,29-24-,174
razor_off,W:W15;28;31;32;33;34;36;37;38;39;41;42;43;44;45;46;48:B3;4;6;7;8;9;10;11;13;16;17;18;19;21;22;25;26,45-40-,45-40-,-10
razor_off,W:W27;28;32;33;34;37;38;42;43;48:B6;11;13;14;16;18;19;21;23;24,37-31-,37-31-,-2
razor_off,B:W23;24;28;29;32;34;36;37;39;42;43;44;45:B2;4;6;8;11;12;13;14;15;17;18;20;25,17-22-,17-22-,155
razor_off,W:W22;25;28;30;32;33;35;36;38;40;43;48:B3;4;6;8;9;13;14;16;19;21;23;24,40-34-,40-34-,-7
razor_off,W:W30;33;36;37;38;39;45;47:B8;9;18;19;20;22;27;28,36-31-,45-40-,-6
razor_off,W:W24;28;29;33;34;36;38;39;40;42;47:B2;4;8;9;10;15;17;18;22;25;27,47-41-,38-32-,81
razor_off,W:W23;24;25;29;32;33;37;38;39:B3;4;8;12;13;14;15;18;26,32-27-,24-20-,101
razor_off,W:W34;35;39;40;45;48:B3;9;10;12;13;16;19;21;24;25;29;43,34-5-10.19.29,34-5-10.19.29,179
razor_off,W:W24;27;29;32;33;34;35;36;37;39;40;43;45;46;47;49:B1;2;4;7;8;9;10;13;15;16;17;18;20;23;25;26,43-38-,34-30-,139
razor_off,W:W25;30;34;35;36;48:B4;6;7;8;9;10;13;15;18;20;22;23,25-1-7.8.9.20,25-1-7.8.9.20,46
razor_off,W:W27;28;29;31;32;33;34;35;36;37;38;39;40;43;44;45;48:B2;3;6;7;9;11;12;13;14;15;16;18;19;20;21;24;25,28-23-,28-23-,189
razor_off,W:W27;28;32;33;34;35;37;38;39;40;45;46;47;48;49:B2;3;4;6;9;12;13;15;16;18;19;20;21;23;24,49-43-,28-22-,-2
razor_off,W:W30;31;33;36;37;38;39;40;41;43;46;48;49:B2;7;8;9;13;14;16;19;22;23;26;27;28,40-35-,30-25-,-7
razor_off,W:W25;26;30;31;33;35;36;38;39;41;43;45;46;47;48;49:B1;2;3;4;7;11;12;13;14;15;17;18;22;23;27;28,45-40-,45-40-,-19
razor_off,B:W23;24;27;29;32;33;37;38;40;45;47;49:B2;4;8;12;13;14;15;16;18;20;21;25,25-30-,25-30-,57
razor_off,W:W25;27;28;32;33;34;35;37;38;40;43;45;48:B6;9;11;12;13;14;15;16;18;19;21;23;24,34-30-,34-29-,2
razor_off,B:W25;27;30;31;32;35;36;37;38;39;42;43;45;48:B3;6;8;9;12;13;14;15;16;18;19;22;23;29,29-34-,12-17-,4
razor_off,B:W24;29;31;33;34;36;38;39;41;42;43;44;45;47;49:B1;2;3;4;7;9;13;15;16;17;18;22;23;25;27,3-8-,7-11-,15
razor_off,B:W25;28;30;31;32;33;34;35;36;37;39;40;41;42;43;45;46;47;48:B3;4;6;7;8;9;10;11;12;13;14;15;16;17;19;21;23;24;26,12-18-,13-18-,5
razor_off,W:W25;28;29;34;36;37;38;39;40;42;46;48;50:B2;4;8;9;10;11;13;14;16;18;21;27;30,29-23-,28-23-,3
razor_off,W:W25;26;28;31;33;41;48;49:B2;16;24;45,41-36-,41-36-,180
razor_off,W:W27;28;31;32;33;34;35;36;38;39;44;45;46;48:B1;3;6;7;8;10;11;13;16;18;19;23;24;25,48-43-,27-22-,68
razor_off,W:W34;36;39;40;44;45;49:B4;7;9;12;13;14;18;20;22;24;25;30;38,34-29-,34-29-,66
razor_off,W:W27;28;32;33;34;35;38;39;40;41;43;45;47;50:B1;7;8;9;13;14;15;16;17;19;21;23;24;25,34-30-,34-30-,7
razor_off,W:W22;28;30;31;32;33;34;35;38;40;42;43;44;45;48;49:B3;6;7;8;9;10;12;13;14;16;19;20;21;23;24;25,33-29-,31-27-,-5
razor_off,W:W27;28;32;33;34;35;36;38;41;42;43;44;47;48:B3;6;7;8;10;12;16;17;18;19;20;23;24;26,41-37-,41-37-,2
razor_off,W:W27;28;30;32;33;34;35;36;37;38;39;42;48;49:B3;4;6;8;12;13;14;16;18;19;21;23;24;26,30-25-,30-25-,-2
razor_off,W:W25;27;28;32;33;35;37;38;39;40;45;48:B3;4;8;13;14;16;17;18;19;21;23;24,40-34-,40-34-,-20
razor_off,W:W25;39;48:B9;12;13;14;15;18;20;22;33;38,39-10-12.13.14.22.33,39-10-12.13.14.22.33,81
multicut_off,W:W25;27;28;32;33;35;37;39;41;48:B7;8;9;13;16;19;21;24;26;29,37-31-,37-31-,71
multicut_off,W:W21;31;33;34;36;37;38;39;40;42;44;46;47;48:B2;3;7;9;10;12;13;14;17;18;19;22;26;35,46-41-,21-16-,-10
multicut_off,W:W26;28;29;31;33;36;38;40;43;44;48;50:B4;7;9;11;12;13;14;17;18;19;22;27,29-24-,29-24-,169
multicut_off,B:W31;32;33;34;36;38;39;40;42;43;44:B3;6;7;12;13;14;15;18;19;22;25,12-17-,14-20-,-4
multicut_off,W:W27;28;32;33;36;37;38;39;42;44;48:B3;7;12;13;14;17;18;19;23;24;26,37-31-,37-31-,33
multicut_off,B:W25;27;28;32;33;34;35;37;38;40;41;42;43;45;48;49:B3;5;6;8;9;10;11;13;14;15;16;19;21;23;24;26,24-29-,24-29-,51
multicut_off,W:W24;31;37;39;41;45:B2;4;6;7;8;9;10;13;15;19;20;32;40,37-28-32,37-28-32,88
multicut_off,W:W16;26;27;32;35;39;40;43;45;48;50:B7;9;12;13;15;18;19;20;22;23;29,43-38-,16-11-,57
multicut_off,W:W25;26;29;31;33;34;36;37;38;39;41;43;46;49:B2;6;7;11;12;13;14;15;17;18;19;22;23;27,37-32-,34-30-,174
multicut_off,W:W15;28;31;32;33;34;36;37;38;39;41;42;43;44;45;46;48:B3;4;6;7;8;9;10;11;13;16;17;18;19;21;22;25;26,45-40-,45-40-,-9
multicut_off,W:W27;28;32;33;34;37;38;42;43;48:B6;11;13;14;16;18;19;21;23;24,37-31-,37-31-,-23
multicut_off,B:W23;24;28;29;32;34;36;37;39;42;43;44;45:B2;4;6;8;11;12;13;14;15;17;18;20;25,17-22-,17-22-,153
multicut_off,W:W22;25;28;30;32;33;35;36;38;40;43;48:B3;4;6;8;9;13;14;16;19;21;23;24,40-34-,40-34-,-7
multicut_off,W:W30;33;36;37;38;39;45;47:B8;9;18;19;20;22;27;28,36-31-,45-40-,-12
multicut_off,W:W24;28;29;33;34;36;38;39;40;42;47:B2;4;8;9;10;15;17;18;22;25;27,47-41-,38-32-,105
multicut_off,W:W23;24;25;29;32;33;37;38;39:B3;4;8;12;13;14;15;18;26,32-27-,24-20-,138
multicut_off,W:W34;35;39;40;45;48:B3;9;10;12;13;16;19;21;24;25;29;43,34-5-10.19.29,34-5-10.19.29,183
multicut_off,W:W24;27;29;32;33;34;35;36;37;39;40;43;45;46;47;49:B1;2;4;7;8;9;10;13;15;16;17;18;20;23;25;26,43-38-,34-30-,139
multicut_off,W:W25;30;34;35;36;48:B4;6;7;8;9;10;13;15;18;20;22;23,25-1-7.8.9.20,25-1-7.8.9.20,48
multicut_off,W:W27;28;29;31;32;33;34;35;36;37;38;39;40;43;44;45;48:B2;3;6;7;9;11;12;13;14;15;16;18;19;20;21;24;25,28-23-,28-23-,189
multicut_off,W:W27;28;32;33;34;35;37;38;39;40;45;46;47;48;49:B2;3;4;6;9;12;13;15;16;18;19;20;21;23;24,49-43-,46-41-,-1
multicut_off,W:W30;31;33;36;37;38;39;40;41;43;46;48;49:B2;7;8;9;13;14;16;19;22;23;26;27;28,40-35-,40-34-,-9
multicut_off,W:W25;26;30;31;33;35;36;38;39;41;43;45;46;47;48;49:B1;2;3;4;7;11;12;13;14;15;17;18;22;23;27;28,45-40-,41-37-,-16
multicut_off,B:W23;24;27;29;32;33;37;38;40;45;47;49:B2;4;8;12;13;14;15;16;18;20;21;25,25-30-,25-30-,57
multicut_off,W:W25;27;28;32;33;34;35;37;38;40;43;45;48:B6;9;11;12;13;14;15;16;18;19;21;23;24,34-30-,34-29-,1
multicut_off,B:W25;27;30;31;32;35;36;37;38;39;42;43;45;48:B3;6;8;9;12;13;14;15;16;18;19;22;23;29,29-34-,12-17-,3
multicut_off,B:W24;29;31;33;34;36;38;39;41;42;43;44;45;47;49:B1;2;3;4;7;9;13;15;16;17;18;22;23;25;27,3-8-,7-11-,13
multicut_off,B:W25;28;30;31;32;33;34;35;36;37;39;40;41;42;43;45;46;47;48:B3;4;6;7;8;9;10;11;12;13;14;15;16;17;19;21;23;24;26,12-18-,13-18-,5
multicut_off,W:W25;28;29;34;36;37;38;39;40;42;46;48;50:B2;4;8;9;10;11;13;14;16;18;21;27;30,29-23-,28-23-,6
multicut_off,W:W25;26;28;31;33;41;48;49:B2;16;24;45,41-36-,31-27-,157
multicut_off,W:W27;28;31;32;33;34;35;36;38;39;44;45;46;48:B1;3;6;7;8;10;11;13;16;18;19;23;24;25,48-43-,27-22-,68
multicut_off,W:W34;36;39;40;44;45;49:B4;7;9;12;13;14;18;20;22;24;25;30;38,34-29-,34-29-,82
multicut_off,W:W27;28;32;33;34;35;38;39;40;41;43;45;47;50:B1;7;8;9;13;14;15;16;17;19;21;23;24;25,34-30-,34-30-,71
multicut_off,W:W22;28;30;31;32;33;34;35;38;40;42;43;44;45;48;49:B3;6;7;8;9;10;12;13;14;16;19;20;21;23;24;25,33-29-,31-27-,-7
multicut_off,W:W27;28;32;33;34;35;36;38;41;42;43;44;47;48:B3;6;7;8;10;12;16;17;18;19;20;23;24;26,41-37-,41-37-,4
multicut_off,W:W27;28;30;32;33;34;35;36;37;38;39;42;48;49:B3;4;6;8;12;13;14;16;18;19;21;23;24;26,30-25-,30-25-,-4
multicut_off,W:W25;27;28;32;33;35;37;38;39;40;45;48:B3;4;8;13;14;16;17;18;19;21;23;24,40-34-,48-42-,-13
multicut_off,W:W25;39;48:B9;12;13;14;15;18;20;22;33;38,39-10-12.13.14.22.33,39-10-12.13.14.22.33,92
all_off,W:W25;27;28;32;33;35;37;39;41;48:B7;8;9;13;16;19;21;24;26;29,37-31-,37-31-,106
all_off,W:W21;31;33;34;36;37;38;39;40;42;44;46;47;48:B2;3;7;9;10;12;13;14;17;18;19;22;26;35,46-41-,34-30-,92
all_off,W:W26;28;29;31;33;36;38;40;43;44;48;50:B4;7;9;11;12;13;14;17;18;19;22;27,29-24-,29-24-,165
all_off,B:W31;32;33;34;36;38;39;40;42;43;44:B3;6;7;12;13;14;15;18;19;22;25,12-17-,12-17-,-4
all_off,W:W27;28;32;33;36;37;38;39;42;44;48:B3;7;12;13;14;17;18;19;23;24;26,37-31-,37-31-,12
all_off,B:W25;27;28;32;33;34;35;37;38;40;41;42;43;45;48;49:B3;5;6;8;9;10;11;13;14;15;16;19;21;23;24;26,24-29-,24-29-,45
all_off,W:W24;31;37;39;41;45:B2;4;6;7;8;9;10;13;15;19;20;32;40,37-28-32,37-28-32,81
all_off,W:W16;26;27;32;35;39;40;43;45;48;50:B7;9;12;13;15;18;19;20;22;23;29,43-38-,16-11-,74
all_off,W:W25;26;29;31;33;34;36;37;38;39;41;43;46;49:B2;6;7;11;12;13;14;15;17;18;19;22;23;27,37-32-,29-24-,170
all_off,W:W15;28;31;32;33;34;36;37;38;39;41;42;43;44;45;46;48:B3;4;6;7;8;9;10;11;13;16;17;18;19;21;22;25;26,45-40-,28-23-,10
all_off,W:W27;28;32;33;34;37;38;42;43;48:B6;11;13;14;16;18;19;21;23;24,37-31-,37-31-,-2
all_off,B:W23;24;28;29;32;34;36;37;39;42;43;44;45:B2;4;6;8;11;12;13;14;15;17;18;20;25,17-22-,17-22-,135
all_off,W:W22;25;28;30;32;33;35;36;38;40;43;48:B3;4;6;8;9;13;14;16;19;21;23;24,40-34-,40-34-,-7
all_off,W:W30;33;36;37;38;39;45;47:B8;9;18;19;20;22;27;28,36-31-,30-24-,279
all_off,W:W24;28;29;33;34;36;38;39;40;42;47:B2;4;8;9;10;15;17;18;22;25;27,47-41-,38-32-,91
all_off,W:W23;24;25;29;32;33;37;38;39:B3;4;8;12;13;14;15;18;26,32-27-,24-20-,112
all_off,W:W34;35;39;40;45;48:B3;9;10;12;13;16;19;21;24;25;29;43,34-5-10.19.29,34-5-10.19.29,178
all_off,W:W24;27;29;32;33;34;35;36;37;39;40;43;45;46;47;49:B1;2;4;7;8;9;10;13;15;16;17;18;20;23;25;26,43-38-,34-30-,126
all_off,W:W25;30;34;35;36;48:B4;6;7;8;9;10;13;15;18;20;22;23,25-1-7.8.9.20,25-1-7.8.9.20,47
all_off,W:W27;28;29;31;32;33;34;35;36;37;38;39;40;43;44;45;48:B2;3;6;7;9;11;12;13;14;15;16;18;19;20;21;24;25,28-23-,28-23-,189
all_off,W:W27;28;32;33;34;35;37;38;39;40;45;46;47;48;49:B2;3;4;6;9;12;13;15;16;18;19;20;21;23;24,49-43-,46-41-,-1
all_off,W:W30;31;33;36;37;38;39;40;41;43;46;48;49:B2;7;8;9;13;14;16;19;22;23;26;27;28,40-35-,39-34-,142
all_off,W:W25;26;30;31;33;35;36;38;39;41;43;45;46;47;48;49:B1;2;3;4;7;11;12;13;14;15;17;18;22;23;27;28,45-40-,33-29-,-10
all_off,B:W23;24;27;29;32;33;37;38;40;45;47;49:B2;4;8;12;13;14;15;16;18;20;21;25,25-30-,25-30-,42
all_off,W:W25;27;28;32;33;34;35;37;38;40;43;45;48:B6;9;11;12;13;14;15;16;18;19;21;23;24,34-30-,25-20-,58
all_off,B:W25;27;30;31;32;35;36;37;38;39;42;43;45;48:B3;6;8;9;12;13;14;15;16;18;19;22;23;29,29-34-,29-34-,15
all_off,B:W24;29;31;33;34;36;38;39;41;42;43;44;45;47;49:B1;2;3;4;7;9;13;15;16;17;18;22;23;25;27,3-8-,13-19-,57
all_off,B:W25;28;30;31;32;33;34;35;36;37;39;40;41;42;43;45;46;47;48:B3;4;6;7;8;9;10;11;12;13;14;15;16;17;19;21;23;24;26,12-18-,13-18-,1
all_off,W:W25;28;29;34;36;37;38;39;40;42;46;48;50:B2;4;8;9;10;11;13;14;16;18;21;27;30,29-23-,29-23-,12
all_off,W:W25;26;28;31;33;41;48;49:B2;16;24;45,41-36-,31-27-,179
all_off,W:W27;28;31;32;33;34;35;36;38;39;44;45;46;48:B1;3;6;7;8;10;11;13;16;18;19;23;24;25,48-43-,27-22-,68
all_off,W:W34;36;39;40;44;45;49:B4;7;9;12;13;14;18;20;22;24;25;30;38,34-29-,34-29-,66
all_off,W:W27;28;32;33;34;35;38;39;40;41;43;45;47;50:B1;7;8;9;13;14;15;16;17;19;21;23;24;25,34-30-,34-30-,107
all_off,W:W22;28;30;31;32;33;34;35;38;40;42;43;44;45;48;49:B3;6;7;8;9;10;12;13;14;16;19;20;21;23;24;25,33-29-,31-27-,-7
all_off,W:W27;28;32;33;34;35;36;38;41;42;43;44;47;48:B3;6;7;8;10;12;16;17;18;19;20;23;24;26,41-37-,35-30-,153
all_off,W:W27;28;30;32;33;34;35;36;37;38;39;42;48;49:B3;4;6;8;12;13;14;16;18;19;21;23;24;26,30-25-,30-25-,0
all_off,W:W25;27;28;32;33;35;37;38;39;40;45;48:B3;4;8;13;14;16;17;18;19;21;23;24,40-34-,48-42-,-18
all_off,W:W25;39;48:B9;12;13;14;15;18;20;22;33;38,39-10-12.13.14.22.33,39-10-12.13.14.22.33,134
baseline,W:W26;30;31;33;34;36;38;39;40;47;48;49:B2;3;11;12;13;14;15;17;19;22;23;27,30-25-,49-44-,-9
baseline,B:W25;29;30;35;36;37;38;39;40;47:B3;4;8;13;14;15;17;18;27;28,4-9-,18-22-,24
baseline,B:W25;26;27;32;33;37;38;39;40;41;42;43;44;45:B3;6;8;10;11;12;13;15;16;17;18;20;21;23,23-28-,23-28-,150
baseline,W:W26;31;33;34;35;36;37;38;39;42;43;48:B11;12;13;14;17;18;19;22;23;24;27;28,37-32-,35-30-,72
baseline,W:W27;28;31;32;33;36;38;39;44;48:B3;7;12;13;14;17;18;19;23;24,27-22-,27-22-,270
baseline,W:W25;26;30;31;32;33;35;36;38;39;42;44:B3;7;12;14;15;16;17;19;20;21;22;23,31-27-,33-28-,109
baseline,W:W21;24;28;32;33;34;37:B9;12;13;17;18;26;27,28-22-,28-22-,49
baseline,W:W25;27;28;31;32;35;36;38;39;41;42;45;48;49:B3;4;6;8;11;12;13;14;15;16;19;23;24;26,25-20-,25-20-,5
baseline,B:W24;28;29;31;32;33;36;37;38;40;41;42;43;44;45;46;48;49:B1;2;3;4;7;8;9;10;12;13;14;15;16;17;18;21;25;26,17-22-,17-22-,110
baseline,B:W22;25;26;27;28;30;32;35;37;38;39;40:B8;11;12;13;14;15;17;19;20;23;24;29,12-18-,13-18-,54
baseline,W:W27;32;37;42;43;48:B6;11;13;14;16;18;21;24;28;34,32-12-18.28,32-12-18.28,67
baseline,W:W26;28;31;33;35;36;39;40;42;43;44;45;47;48;49;50:B1;2;3;4;5;7;9;10;12;13;17;18;19;22;24;27,40-34-,40-34-,1
baseline,W:W28;29;33;35;36;37;38;39;40;41;43;45;48;49:B2;6;8;9;11;12;13;14;15;18;19;20;21;24,29-23-,29-23-,114
baseline,W:W25;26;29;30;34;35;36;39;42;43;44;46;47;49:B2;3;4;6;7;12;13;14;15;17;18;22;27;28,29-24-,44-40-,-8
baseline,W:W24;26;33;39;40;42;47:B2;4;8;9;10;15;17;18;22;32;38,24-20-,24-20-,116
baseline,W:W27;28;29;32;33;34;35;37;39;40;42;44;45:B8;9;11;13;14;15;16;19;20;21;24;25;26,28-23-,28-23-,6
baseline,W:W27;28;32;33;34;35;36;37;38;39;40;43;45;47;48:B2;3;8;9;10;13;16;17;18;19;21;23;24;25;26,47-42-,34-30-,14
baseline,W:W29;31;32;33;34;35;39;43;44;46;47;48;49:B3;4;7;8;12;15;18;19;20;21;22;24;25,31-26-,33-28-,13
baseline,W:W27;28;32;33;34;37;38;40;41;44;45:B6;10;12;13;16;18;19;23;24;25;26,27-22-,27-22-,117
baseline,W:W27;28;30;32;33;34;35;37;40;41;42;43;45;46;47;48;49;50:B1;2;3;4;6;8;9;10;11;13;14;16;18;19;23;24;25;26,34-29-,43-38-,-2
baseline,W:W24;26;28;29;33;36;38;47;48;49:B6;8;9;10;13;15;16;17;18;20,28-23-,28-22-,151
baseline,W:W25;26;28;30;31;33;34;35;36;38;39;41;42;44;47;48;49:B4;6;7;8;9;10;11;13;14;15;16;17;18;19;22;24;27,49-43-,25-20-,11
baseline,W:W24;27;29;33;34;36;38;39;40;43;45;47;48;49:B2;4;6;7;8;9;10;13;15;16;17;19;20;25,40-35-,40-35-,-9
baseline,B:W23;24;26;28;29;33;34;37;38;39;42;47;48;49:B2;3;5;6;8;10;12;13;15;16;20;22;25;36,2-7-,22-27-,-3
baseline,W:W24;26;29;31;34;36;39;40;41;42;43;44;45;46;47:B1;2;4;7;8;9;10;11;13;17;18;21;22;25;28,42-38-,42-38-,-14
baseline,W:W27;30;33;34;35;36;37;38;40;41;42;43;45;46;47;48;50:B2;4;5;6;7;8;9;11;15;16;18;19;20;23;24;25;26,50-44-,37-31-,-2
baseline,B:W26;28;29;32;33;34;35;36;37;38;39;40;41;44;45;46;47;48;49:B2;3;4;5;6;7;8;9;10;11;12;13;14;15;17;18;19;22;25,15-20-,19-23-,5
baseline,W:W23;24;28;29;34;35;36;37;48:B8;9;10;12;13;17;18;25;26,37-31-,37-31-,79
baseline,W:W23;24;26;29;31;33;34;35;36;38;39;43;44;48;49:B2;3;5;8;9;10;11;12;13;14;17;18;22;25;27,48-42-,35-30-,3
baseline,W:W25;28;32;33;34;37;38;39;40;42;43;44;47:B2;4;7;8;9;13;14;15;18;21;24;26;31,28-23-,28-23-,-5
baseline,W:W24;26;28;29;33;34;36;38;39;41;42;46:B8;9;10;13;15;17;18;19;20;22;25;27,41-37-,42-37-,-46
baseline,W:W36;39;40;44;45;49:B4;7;9;12;13;14;18;20;22;25;30;33;38,39-10-12.13.14.22.33,39-10-12.13.14.22.33,101
baseline,B:W22;25;28;31;32;33;37;38;39;40;41;42;43;45;48:B3;6;8;9;10;11;12;13;14;15;16;19;23;24;26,12-17-,11-17-,-3
baseline,W:W21;25;26;33;34;37;38;39;42;44:B1;3;8;12;13;17;18;19;23;24,33-29-,37-32-,11
baseline,W:W22;28;30;32;33;34;35;36;37;38;40;42;43;45;48;49:B3;6;8;9;10;11;13;14;16;19;20;21;23;24;25;26,34-29-,34-29-,-2
baseline,W:W25;27;28;30;32;33;34;35;37;38;39;43:B3;8;13;14;15;16;18;19;21;23;24;26,27-22-,34-29-,2
baseline,W:W25;27;28;30;32;33;35;37;38;39;45;48:B3;9;12;13;14;16;17;18;19;21;23;24,45-40-,39-34-,3
baseline,W:W24;29;31;33;34;38;39;40;41;42;44;48:B4;5;7;9;10;12;13;15;17;25;26;35,41-37-,41-36-,25
lmr_off,W:W26;30;31;33;34;36;38;39;40;47;48;49:B2;3;11;12;13;14;15;17;19;22;23;27,30-25-,40-35-,-6
lmr_off,B:W25;29;30;35;36;37;38;39;40;47:B3;4;8;13;14;15;17;18;27;28,4-9-,4-9-,30
lmr_off,B:W25;26;27;32;33;37;38;39;40;41;42;43;44;45:B3;6;8;10;11;12;13;15;16;17;18;20;21;23,23-28-,23-28-,158
lmr_off,W:W26;31;33;34;35;36;37;38;39;42;43;48:B11;12;13;14;17;18;19;22;23;24;27;28,37-32-,35-30-,54
lmr_off,W:W27;28;31;32;33;36;38;39;44;48:B3;7;12;13;14;17;18;19;23;24,27-22-,27-22-,254
lmr_off,W:W25;26;30;31;32;33;35;36;38;39;42;44:B3;7;12;14;15;16;17;19;20;21;22;23,31-27-,33-28-,109
lmr_off,W:W21;24;28;32;33;34;37:B9;12;13;17;18;26;27,28-22-,28-22-,68
lmr_off,W:W25;27;28;31;32;35;36;38;39;41;42;45;48;49:B3;4;6;8;11;12;13;14;15;16;19;23;24;26,25-20-,41-37-,-1
lmr_off,B:W24;28;29;31;32;33;36;37;38;40;41;42;43;44;45;46;48;49:B1;2;3;4;7;8;9;10;12;13;14;15;16;17;18;21;25;26,17-22-,17-22-,123
lmr_off,B:W22;25;26;27;28;30;32;35;37;38;39;40:B8;11;12;13;14;15;17;19;20;23;24;29,12-18-,13-18-,102
lmr_off,W:W27;32;37;42;43;48:B6;11;13;14;16;18;21;24;28;34,32-12-18.28,32-12-18.28,67
lmr_off,W:W26;28;31;33;35;36;39;40;42;43;44;45;47;48;49;50:B1;2;3;4;5;7;9;10;12;13;17;18;19;22;24;27,40-34-,26-21-,90
lmr_off,W:W28;29;33;35;36;37;38;39;40;41;43;45;48;49:B2;6;8;9;11;12;13;14;15;18;19;20;21;24,29-23-,29-23-,108
lmr_off,W:W25;26;29;30;34;35;36;39;42;43;44;46;47;49:B2;3;4;6;7;12;13;14;15;17;18;22;27;28,29-24-,25-20-,72
lmr_off,W:W24;26;33;39;40;42;47:B2;4;8;9;10;15;17;18;22;32;38,24-20-,24-20-,105
lmr_off,W:W27;28;29;32;33;34;35;37;39;40;42;44;45:B8;9;11;13;14;15;16;19;20;21;24;25;26,28-23-,27-22-,32
lmr_off,W:W27;28;32;33;34;35;36;37;38;39;40;43;45;47;48:B2;3;8;9;10;13;16;17;18;19;21;23;24;25;26,47-42-,47-42-,23
lmr_off,W:W29;31;32;33;34;35;39;43;44;46;47;48;49:B3;4;7;8;12;15;18;19;20;21;22;24;25,31-26-,31-27-,37
lmr_off,W:W27;28;32;33;34;37;38;40;41;44;45:B6;10;12;13;16;18;19;23;24;25;26,27-22-,27-22-,117
lmr_off,W:W27;28;30;32;33;34;35;37;40;41;42;43;45;46;47;48;49;50:B1;2;3;4;6;8;9;10;11;13;14;16;18;19;23;24;25;26,34-29-,42-38-,0
lmr_off,W:W24;26;28;29;33;36;38;47;48;49:B6;8;9;10;13;15;16;17;18;20,28-23-,28-22-,97
lmr_off,W:W25;26;28;30;31;33;34;35;36;38;39;41;42;44;47;48;49:B4;6;7;8;9;10;11;13;14;15;16;17;18;19;22;24;27,49-43-,25-20-,0
lmr_off,W:W24;27;29;33;34;36;38;39;40;43;45;47;48;49:B2;4;6;7;8;9;10;13;15;16;17;19;20;25,40-35-,40-35-,-6
lmr_off,B:W23;24;26;28;29;33;34;37;38;39;42;47;48;49:B2;3;5;6;8;10;12;13;15;16;20;22;25;36,2-7-,22-27-,-2
lmr_off,W:W24;26;29;31;34;36;39;40;41;42;43;44;45;46;47:B1;2;4;7;8;9;10;11;13;17;18;21;22;25;28,42-38-,42-38-,-15
lmr_off,W:W27;30;33;34;35;36;37;38;40;41;42;43;45;46;47;48;50:B2;4;5;6;7;8;9;11;15;16;18;19;20;23;24;25;26,50-44-,37-31-,-3
lmr_off,B:W26;28;29;32;33;34;35;36;37;38;39;40;41;44;45;46;47;48;49:B2;3;4;5;6;7;8;9;10;11;12;13;14;15;17;18;19;22;25,15-20-,19-23-,4
lmr_off,W:W23;24;28;29;34;35;36;37;48:B8;9;10;12;13;17;18;25;26,37-31-,37-31-,79
lmr_off,W:W23;24;26;29;31;33;34;35;36;38;39;43;44;48;49:B2;3;5;8;9;10;11;12;13;14;17;18;22;25;27,48-42-,35-30-,3
lmr_off,W:W25;28;32;33;34;37;38;39;40;42;43;44;47:B2;4;7;8;9;13;14;15;18;21;24;26;31,28-23-,28-23-,-4
lmr_off,W:W24;26;28;29;33;34;36;38;39;41;42;46:B8;9;10;13;15;17;18;19;20;22;25;27,41-37-,41-37-,-39
lmr_off,W:W36;39;40;44;45;49:B4;7;9;12;13;14;18;20;22;25;30;33;38,39-10-12.13.14.22.33,39-10-12.13.14.22.33,83
lmr_off,B:W22;25;28;31;32;33;37;38;39;40;41;42;43;45;48:B3;6;8;9;10;11;12;13;14;15;16;19;23;24;26,12-17-,15-20-,-5
lmr_off,W:W21;25;26;33;34;37;38;39;42;44:B1;3;8;12;13;17;18;19;23;24,33-29-,33-29-,4
lmr_off,W:W22;28;30;32;33;34;35;36;37;38;40;42;43;45;48;49:B3;6;8;9;10;11;13;14;16;19;20;21;23;24;25;26,34-29-,34-29-,4
lmr_off,W:W25;27;28;30;32;33;34;35;37;38;39;43:B3;8;13;14;15;16;18;19;21;23;24;26,27-22-,34-29-,-6
lmr_off,W:W25;27;28;30;32;33;35;37;38;39;45;48:B3;9;12;13;14;16;17;18;19;21;23;24,45-40-,39-34-,1
lmr_off,W:W24;29;31;33;34;38;39;40;41;42;44;48:B4;5;7;9;10;12;13;15;17;25;26;35,41-37-,34-30-,72
lmp_off,W:W26;30;31;33;34;36;38;39;40;47;48;49:B2;3;11;12;13;14;15;17;19;22;23;27,30-25-,49-44-,-7
lmp_off,B:W25;29;30;35;36;37;38;39;40;47:B3;4;8;13;14;15;17;18;27;28,4-9-,4-9-,24
lmp_off,B:W25;26;27;32;33;37;38;39;40;41;42;43;44;45:B3;6;8;10;11;12;13;15;16;17;18;20;21;23,23-28-,23-28-,150
lmp_off,W:W26;31;33;34;35;36;37;38;39;42;43;48:B11;12;13;14;17;18;19;22;23;24;27;28,37-32-,35-30-,54
lmp_off,W:W27;28;31;32;33;36;38;39;44;48:B3;7;12;13;14;17;18;19;23;24,27-22-,27-22-,272
lmp_off,W:W25;26;30;31;32;33;35;36;38;39;42;44:B3;7;12;14;15;16;17;19;20;21;22;23,31-27-,33-28-,38
lmp_off,W:W21;24;28;32;33;34;37:B9;12;13;17;18;26;27,28-22-,28-22-,57
lmp_off,W:W25;27;28;31;32;35;36;38;39;41;42;45;48;49:B3;4;6;8;11;12;13;14;15;16;19;23;24;26,25-20-,25-20-,5
lmp_off,B:W24;28;29;31;32;33;36;37;38;40;41;42;43;44;45;46;48;49:B1;2;3;4;7;8;9;10;12;13;14;15;16;17;18;21;25;26,17-22-,17-22-,82
lmp_off,B:W22;25;26;27;28;30;32;35;37;38;39;40:B8;11;12;13;14;15;17;19;20;23;24;29,12-18-,13-18-,109
lmp_off,W:W27;32;37;42;43;48:B6;11;13;14;16;18;21;24;28;34,32-12-18.28,32-12-18.28,26
lmp_off,W:W26;28;31;33;35;36;39;40;42;43;44;45;47;48;49;50:B1;2;3;4;5;7;9;10;12;13;17;18;19;22;24;27,40-34-,40-34-,1
lmp_off,W:W28;29;33;35;36;37;38;39;40;41;43;45;48;49:B2;6;8;9;11;12;13;14;15;18;19;20;21;24,29-23-,29-23-,112
lmp_off,W:W25;26;29;30;34;35;36;39;42;43;44;46;47;49:B2;3;4;6;7;12;13;14;15;17;18;22;27;28,29-24-,43-38-,-12
lmp_off,W:W24;26;33;39;40;42;47:B2;4;8;9;10;15;17;18;22;32;38,24-20-,26-21-,107
lmp_off,W:W27;28;29;32;33;34;35;37;39;40;42;44;45:B8;9;11;13;14;15;16;19;20;21;24;25;26,28-23-,27-22-,25
lmp_off,W:W27;28;32;33;34;35;36;37;38;39;40;43;45;47;48:B2;3;8;9;10;13;16;17;18;19;21;23;24;25;26,47-42-,47-42-,23
lmp_off,W:W29;31;32;33;34;35;39;43;44;46;47;48;49:B3;4;7;8;12;15;18;19;20;21;22;24;25,31-26-,43-38-,13
lmp_off,W:W27;28;32;33;34;37;38;40;41;44;45:B6;10;12;13;16;18;19;23;24;25;26,27-22-,27-22-,117
lmp_off,W:W27;28;30;32;33;34;35;37;40;41;42;43;45;46;47;48;49;50:B1;2;3;4;6;8;9;10;11;13;14;16;18;19;23;24;25;26,34-29-,43-38-,2
lmp_off,W:W24;26;28;29;33;36;38;47;48;49:B6;8;9;10;13;15;16;17;18;20,28-23-,28-22-,151
lmp_off,W:W25;26;28;30;31;33;34;35;36;38;39;41;42;44;47;48;49:B4;6;7;8;9;10;11;13;14;15;16;17;18;19;22;24;27,49-43-,25-20-,5
lmp_off,W:W24;27;29;33;34;36;38;39;40;43;45;47;48;49:B2;4;6;7;8;9;10;13;15;16;17;19;20;25,40-35-,40-35-,-6
lmp_off,B:W23;24;26;28;29;33;34;37;38;39;42;47;48;49:B2;3;5;6;8;10;12;13;15;16;20;22;25;36,2-7-,22-27-,2
lmp_off,W:W24;26;29;31;34;36;39;40;41;42;43;44;45;46;47:B1;2;4;7;8;9;10;11;13;17;18;21;22;25;28,42-38-,42-38-,-17
lmp_off,W:W27;30;33;34;35;36;37;38;40;41;42;43;45;46;47;48;50:B2;4;5;6;7;8;9;11;15;16;18;19;20;23;24;25;26,50-44-,50-44-,-1
lmp_off,B:W26;28;29;32;33;34;35;36;37;38;39;40;41;44;45;46;47;48;49:B2;3;4;5;6;7;8;9;10;11;12;13;14;15;17;18;19;22;25,15-20-,19-23-,4
lmp_off,W:W23;24;28;29;34;35;36;37;48:B8;9;10;12;13;17;18;25;26,37-31-,37-31-,69
lmp_off,W:W23;24;26;29;31;33;34;35;36;38;39;43;44;48;49:B2;3;5;8;9;10;11;12;13;14;17;18;22;25;27,48-42-,35-30-,3
lmp_off,W:W25;28;32;33;34;37;38;39;40;42;43;44;47:B2;4;7;8;9;13;14;15;18;21;24;26;31,28-23-,28-23-,-1
lmp_off,W:W24;26;28;29;33;34;36;38;39;41;42;46:B8;9;10;13;15;17;18;19;20;22;25;27,41-37-,42-37-,-34
lmp_off,W:W36;39;40;44;45;49:B4;7;9;12;13;14;18;20;22;25;30;33;38,39-10-12.13.14.22.33,39-10-12.13.14.22.33,66
lmp_off,B:W22;25;28;31;32;33;37;38;39;40;41;42;43;45;48:B3;6;8;9;10;11;12;13;14;15;16;19;23;24;26,12-17-,11-17-,-3
lmp_off,W:W21;25;26;33;34;37;38;39;42;44:B1;3;8;12;13;17;18;19;23;24,33-29-,33-29-,3
lmp_off,W:W22;28;30;32;33;34;35;36;37;38;40;42;43;45;48;49:B3;6;8;9;10;11;13;14;16;19;20;21;23;24;25;26,34-29-,37-31-,32
lmp_off,W:W25;27;28;30;32;33;34;35;37;38;39;43:B3;8;13;14;15;16;18;19;21;23;24;26,27-22-,34-29-,-6
lmp_off,W:W25;27;28;30;32;33;35;37;38;39;45;48:B3;9;12;13;14;16;17;18;19;21;23;24,45-40-,39-34-,2
lmp_off,W:W24;29;31;33;34;38;39;40;41;42;44;48:B4;5;7;9;10;12;13;15;17;25;26;35,41-37-,41-36-,23
nmp_off,W:W26;30;31;33;34;36;38;39;40;47;48;49:B2;3;11;12;13;14;15;17;19;22;23;27,30-25-,49-44-,-9
nmp_off,B:W25;29;30;35;36;37;38;39;40;47:B3;4;8;13;14;15;17;18;27;28,4-9-,18-22-,24
nmp_off,B:W25;26;27;32;33;37;38;39;40;41;42;43;44;45:B3;6;8;10;11;12;13;15;16;17;18;20;21;23,23-28-,23-28-,150
nmp_off,W:W26;31;33;34;35;36;37;38;39;42;43;48:B11;12;13;14;17;18;19;22;23;24;27;28,37-32-,35-30-,72
nmp_off,W:W27;28;31;32;33;36;38;39;44;48:B3;7;12;13;14;17;18;19;23;24,27-22-,27-22-,270
nmp_off,W:W25;26;30;31;32;33;35;36;38;39;42;44:B3;7;12;14;15;16;17;19;20;21;22;23,31-27-,33-28-,109
nmp_off,W:W21;24;28;32;33;34;37:B9;12;13;17;18;26;27,28-22-,28-22-,49
nmp_off,W:W25;27;28;31;32;35;36;38;39;41;42;45;48;49:B3;4;6;8;11;12;13;14;15;16;19;23;24;26,25-20-,25-20-,5
nmp_off,B:W24;28;29;31;32;33;36;37;38;40;41;42;43;44;45;46;48;49:B1;2;3;4;7;8;9;10;12;13;14;15;16;17;18;21;25;26,17-22-,17-22-,110
nmp_off,B:W22;25;26;27;28;30;32;35;37;38;39;40:B8;11;12;13;14;15;17;19;20;23;24;29,12-18-,13-18-,54
nmp_off,W:W27;32;37;42;43;48:B6;11;13;14;16;18;21;24;28;34,32-12-18.28,32-12-18.28,67
nmp_off,W:W26;28;31;33;35;36;39;40;42;43;44;45;47;48;49;50:B1;2;3;4;5;7;9;10;12;13;17;18;19;22;24;27,40-34-,40-34-,1
nmp_off,W:W28;29;33;35;36;37;38;39;40;41;43;45;48;49:B2;6;8;9;11;12;13;14;15;18;19;20;21;24,29-23-,29-23-,114
nmp_off,W:W25;26;29;30;34;35;36;39;42;43;44;46;47;49:B2;3;4;6;7;12;13;14;15;17;18;22;27;28,29-24-,44-40-,-8
nmp_off,W:W24;26;33;39;40;42;47:B2;4;8;9;10;15;17;18;22;32;38,24-20-,24-20-,116
nmp_off,W:W27;28;29;32;33;34;35;37;39;40;42;44;45:B8;9;11;13;14;15;16;19;20;21;24;25;26,28-23-,28-23-,6
nmp_off,W:W27;28;32;33;34;35;36;37;38;39;40;43;45;47;48:B2;3;8;9;10;13;16;17;18;19;21;23;24;25;26,47-42-,34-30-,14
nmp_off,W:W29;31;32;33;34;35;39;43;44;46;47;48;49:B3;4;7;8;12;15;18;19;20;21;22;24;25,31-26-,33-28-,13
nmp_off,W:W27;28;32;33;34;37;38;40;41;44;45:B6;10;12;13;16;18;19;23;24;25;26,27-22-,27-22-,117
nmp_off,W:W27;28;30;32;33;34;35;37;40;41;42;43;45;46;47;48;49;50:B1;2;3;4;6;8;9;10;11;13;14;16;18;19;23;24;25;26,34-29-,43-38-,-2
nmp_off,W:W24;26;28;29;33;36;38;47;48;49:B6;8;9;10;13;15;16;17;18;20,28-23-,28-22-,151
nmp_off,W:W25;26;28;30;31;33;34;35;36;38;39;41;42;44;47;48;49:B4;6;7;8;9;10;11;13;14;15;16;17;18;19;22;24;27,49-43-,25-20-,11
nmp_off,W:W24;27;29;33;34;36;38;39;40;43;45;47;48;49:B2;4;6;7;8;9;10;13;15;16;17;19;20;25,40-35-,40-35-,-9
nmp_off,B:W23;24;26;28;29;33;34;37;38;39;42;47;48;49:B2;3;5;6;8;10;12;13;15;16;20;22;25;36,2-7-,22-27-,-3
nmp_off,W:W24;26;29;31;34;36;39;40;41;42;43;44;45;46;47:B1;2;4;7;8;9;10;11;13;17;18;21;22;25;28,42-38-,42-38-,-14
nmp_off,W:W27;30;33;34;35;36;37;38;40;41;42;43;45;46;47;48;50:B2;4;5;6;7;8;9;11;15;16;18;19;20;23;24;25;26,50-44-,37-31-,-2
nmp_off,B:W26;28;29;32;33;34;35;36;37;38;39;40;41;44;45;46;47;48;49:B2;3;4;5;6;7;8;9;10;11;12;13;14;15;17;18;19;22;25,15-20-,19-23-,5
nmp_off,W:W23;24;28;29;34;35;36;37;48:B8;9;10;12;13;17;18;25;26,37-31-,37-31-,79
nmp_off,W:W23;24;26;29;31;33;34;35;36;38;39;43;44;48;49:B2;3;5;8;9;10;11;12;13;14;17;18;22;25;27,48-42-,35-30-,3
nmp_off,W:W25;28;32;33;34;37;38;39;40;42;43;44;47:B2;4;7;8;9;13;14;15;18;21;24;26;31,28-23-,28-23-,-5
nmp_off,W:W24;26;28;29;33;34;36;38;39;41;42;46:B8;9;10;13;15;17;18;19;20;22;25;27,41-37-,42-37-,-46
nmp_off,W:W36;39;40;44;45;49:B4;7;9;12;13;14;18;20;22;25;30;33;38,39-10-12.13.14.22.33,39-10-12.13.14.22.33,101
nmp_off,B:W22;25;28;31;32;33;37;38;39;40;41;42;43;45;48:B3;6;8;9;10;11;12;13;14;15;16;19;23;24;26,12-17-,11-17-,-3
nmp_off,W:W21;25;26;33;34;37;38;39;42;44:B1;3;8;12;13;17;18;19;23;24,33-29-,37-32-,11
nmp_off,W:W22;28;30;32;33;34;35;36;37;38;40;42;43;45;48;49:B3;6;8;9;10;11;13;14;16;19;20;21;23;24;25;26,34-29-,34-29-,-2
nmp_off,W:W25;27;28;30;32;33;34;35;37;38;39;43:B3;8;13;14;15;16;18;19;21;23;24;26,27-22-,34-29-,2
nmp_off,W:W25;27;28;30;32;33;35;37;38;39;45;48:B3;9;12;13;14;16;17;18;19;21;23;24,45-40-,39-34-,3
nmp_off,W:W24;29;31;33;34;38;39;40;41;42;44;48:B4;5;7;9;10;12;13;15;17;25;26;35,41-37-,41-36-,25
rfp_off,W:W26;30;31;33;34;36;38;39;40;47;48;49:B2;3;11;12;13;14;15;17;19;22;23;27,30-25-,47-42-,-9
rfp_off,B:W25;29;30;35;36;37;38;39;40;47:B3;4;8;13;14;15;17;18;27;28,4-9-,18-22-,27
rfp_off,B:W25;26;27;32;33;37;38;39;40;41;42;43;44;45:B3;6;8;10;11;12;13;15;16;17;18;20;21;23,23-28-,23-28-,144
rfp_off,W:W26;31;33;34;35;36;37;38;39;42;43;48:B11;12;13;14;17;18;19;22;23;24;27;28,37-32-,35-30-,72
rfp_off,W:W27;28;31;32;33;36;38;39;44;48:B3;7;12;13;14;17;18;19;23;24,27-22-,27-22-,270
rfp_off,W:W25;26;30;31;32;33;35;36;38;39;42;44:B3;7;12;14;15;16;17;19;20;21;22;23,31-27-,33-28-,109
rfp_off,W:W21;24;28;32;33;34;37:B9;12;13;17;18;26;27,28-22-,28-22-,68
rfp_off,W:W25;27;28;31;32;35;36;38;39;41;42;45;48;49:B3;4;6;8;11;12;13;14;15;16;19;23;24;26,25-20-,42-37-,-2
rfp_off,B:W24;28;29;31;32;33;36;37;38;40;41;42;43;44;45;46;48;49:B1;2;3;4;7;8;9;10;12;13;14;15;16;17;18;21;25;26,17-22-,17-22-,63
rfp_off,B:W22;25;26;27;28;30;32;35;37;38;39;40:B8;11;12;13;14;15;17;19;20;23;24;29,12-18-,13-18-,102
rfp_off,W:W27;32;37;42;43;48:B6;11;13;14;16;18;21;24;28;34,32-12-18.28,32-12-18.28,67
rfp_off,W:W26;28;31;33;35;36;39;40;42;43;44;45;47;48;49;50:B1;2;3;4;5;7;9;10;12;13;17;18;19;22;24;27,40-34-,40-34-,1
rfp_off,W:W28;29;33;35;36;37;38;39;40;41;43;45;48;49:B2;6;8;9;11;12;13;14;15;18;19;20;21;24,29-23-,29-23-,100
rfp_off,W:W25;26;29;30;34;35;36;39;42;43;44;46;47;49:B2;3;4;6;7;12;13;14;15;17;18;22;27;28,29-24-,43-38-,-11
rfp_off,W:W24;26;33;39;40;42;47:B2;4;8;9;10;15;17;18;22;32;38,24-20-,24-20-,49
rfp_off,W:W27;28;29;32;33;34;35;37;39;40;42;44;45:B8;9;11;13;14;15;16;19;20;21;24;25;26,28-23-,28-23-,6
rfp_off,W:W27;28;32;33;34;35;36;37;38;39;40;43;45;47;48:B2;3;8;9;10;13;16;17;18;19;21;23;24;25;26,47-42-,47-42-,33
rfp_off,W:W29;31;32;33;34;35;39;43;44;46;47;48;49:B3;4;7;8;12;15;18;19;20;21;22;24;25,31-26-,33-28-,15
rfp_off,W:W27;28;32;33;34;37;38;40;41;44;45:B6;10;12;13;16;18;19;23;24;25;26,27-22-,27-22-,117
rfp_off,W:W27;28;30;32;33;34;35;37;40;41;42;43;45;46;47;48;49;50:B1;2;3;4;6;8;9;10;11;13;14;16;18;19;23;24;25;26,34-29-,42-38-,0
rfp_off,W:W24;26;28;29;33;36;38;47;48;49:B6;8;9;10;13;15;16;17;18;20,28-23-,28-22-,97
rfp_off,W:W25;26;28;30;31;33;34;35;36;38;39;41;42;44;47;48;49:B4;6;7;8;9;10;11;13;14;15;16;17;18;19;22;24;27,49-43-,25-20-,11
rfp_off,W:W24;27;29;33;34;36;38;39;40;43;45;47;48;49:B2;4;6;7;8;9;10;13;15;16;17;19;20;25,40-35-,40-35-,-8
rfp_off,B:W23;24;26;28;29;33;34;37;38;39;42;47;48;49:B2;3;5;6;8;10;12;13;15;16;20;22;25;36,2-7-,12-17-,4
rfp_off,W:W24;26;29;31;34;36;39;40;41;42;43;44;45;46;47:B1;2;4;7;8;9;10;11;13;17;18;21;22;25;28,42-38-,42-38-,-16
rfp_off,W:W27;30;33;34;35;36;37;38;40;41;42;43;45;46;47;48;50:B2;4;5;6;7;8;9;11;15;16;18;19;20;23;24;25;26,50-44-,37-31-,-3
rfp_off,B:W26;28;29;32;33;34;35;36;37;38;39;40;41;44;45;46;47;48;49:B2;3;4;5;6;7;8;9;10;11;12;13;14;15;17;18;19;22;25,15-20-,19-23-,3
rfp_off,W:W23;24;28;29;34;35;36;37;48:B8;9;10;12;13;17;18;25;26,37-31-,37-31-,73
rfp_off,W:W23;24;26;29;31;33;34;35;36;38;39;43;44;48;49:B2;3;5;8;9;10;11;12;13;14;17;18;22;25;27,48-42-,35-30-,3
rfp_off,W:W25;28;32;33;34;37;38;39;40;42;43;44;47:B2;4;7;8;9;13;14;15;18;21;24;26;31,28-23-,28-23-,-7
rfp_off,W:W24;26;28;29;33;34;36;38;39;41;42;46:B8;9;10;13;15;17;18;19;20;22;25;27,41-37-,29-23-,-19
rfp_off,W:W36;39;40;44;45;49:B4;7;9;12;13;14;18;20;22;25;30;33;38,39-10-12.13.14.22.33,39-10-12.13.14.22.33,72
rfp_off,B:W22;25;28;31;32;33;37;38;39;40;41;42;43;45;48:B3;6;8;9;10;11;12;13;14;15;16;19;23;24;26,12-17-,11-17-,-4
rfp_off,W:W21;25;26;33;34;37;38;39;42;44:B1;3;8;12;13;17;18;19;23;24,33-29-,33-29-,12
rfp_off,W:W22;28;30;32;33;34;35;36;37;38;40;42;43;45;48;49:B3;6;8;9;10;11;13;14;16;19;20;21;23;24;25;26,34-29-,37-31-,0
rfp_off,W:W25;27;28;30;32;33;34;35;37;38;39;43:B3;8;13;14;15;16;18;19;21;23;24;26,27-22-,34-29-,-4
rfp_off,W:W25;27;28;30;32;33;35;37;38;39;45;48:B3;9;12;13;14;16;17;18;19;21;23;24,45-40-,39-34-,3
rfp_off,W:W24;29;31;33;34;38;39;40;41;42;44;48:B4;5;7;9;10;12;13;15;17;25;26;35,41-37-,41-36-,26
razor_off,W:W26;30;31;33;34;36;38;39;40;47;48;49:B2;3;11;12;13;14;15;17;19;22;23;27,30-25-,49-44-,-9
razor_off,B:W25;29;30;35;36;37;38;39;40;47:B3;4;8;13;14;15;17;18;27;28,4-9-,18-22-,24
razor_off,B:W25;26;27;32;33;37;38;39;40;41;42;43;44;45:B3;6;8;10;11;12;13;15;16;17;18;20;21;23,23-28-,23-28-,150
razor_off,W:W26;31;33;34;35;36;37;38;39;42;43;48:B11;12;13;14;17;18;19;22;23;24;27;28,37-32-,35-30-,72
razor_off,W:W27;28;31;32;33;36;38;39;44;48:B3;7;12;13;14;17;18;19;23;24,27-22-,27-22-,270
razor_off,W:W25;26;30;31;32;33;35;36;38;39;42;44:B3;7;12;14;15;16;17;19;20;21;22;23,31-27-,33-28-,109
razor_off,W:W21;24;28;32;33;34;37:B9;12;13;17;18;26;27,28-22-,28-22-,49
razor_off,W:W25;27;28;31;32;35;36;38;39;41;42;45;48;49:B3;4;6;8;11;12;13;14;15;16;19;23;24;26,25-20-,25-20-,5
razor_off,B:W24;28;29;31;32;33;36;37;38;40;41;42;43;44;45;46;48;49:B1;2;3;4;7;8;9;10;12;13;14;15;16;17;18;21;25;26,17-22-,17-22-,121
razor_off,B:W22;25;26;27;28;30;32;35;37;38;39;40:B8;11;12;13;14;15;17;19;20;23;24;29,12-18-,13-18-,109
razor_off,W:W27;32;37;42;43;48:B6;11;13;14;16;18;21;24;28;34,32-12-18.28,32-12-18.28,67
razor_off,W:W26;28;31;33;35;36;39;40;42;43;44;45;47;48;49;50:B1;2;3;4;5;7;9;10;12;13;17;18;19;22;24;27,40-34-,26-21-,76
razor_off,W:W28;29;33;35;36;37;38;39;40;41;43;45;48;49:B2;6;8;9;11;12;13;14;15;18;19;20;21;24,29-23-,29-23-,112
razor_off,W:W25;26;29;30;34;35;36;39;42;43;44;46;47;49:B2;3;4;6;7;12;13;14;15;17;18;22;27;28,29-24-,44-40-,-8
razor_off,W:W24;26;33;39;40;42;47:B2;4;8;9;10;15;17;18;22;32;38,24-20-,24-20-,116
razor_off,W:W27;28;29;32;33;34;35;37;39;40;42;44;45:B8;9;11;13;14;15;16;19;20;21;24;25;26,28-23-,28-23-,6
razor_off,W:W27;28;32;33;34;35;36;37;38;39;40;43;45;47;48:B2;3;8;9;10;13;16;17;18;19;21;23;24;25;26,47-42-,34-30-,14
razor_off,W:W29;31;32;33;34;35;39;43;44;46;47;48;49:B3;4;7;8;12;15;18;19;20;21;22;24;25,31-26-,33-28-,13
razor_off,W:W27;28;32;33;34;37;38;40;41;44;45:B6;10;12;13;16;18;19;23;24;25;26,27-22-,27-22-,102
razor_off,W:W27;28;30;32;33;34;35;37;40;41;42;43;45;46;47;48;49;50:B1;2;3;4;6;8;9;10;11;13;14;16;18;19;23;24;25;26,34-29-,43-38-,-2
razor_off,W:W24;26;28;29;33;36;38;47;48;49:B6;8;9;10;13;15;16;17;18;20,28-23-,28-22-,151
razor_off,W:W25;26;28;30;31;33;34;35;36;38;39;41;42;44;47;48;49:B4;6;7;8;9;10;11;13;14;15;16;17;18;19;22;24;27,49-43-,25-20-,11
razor_off,W:W24;27;29;33;34;36;38;39;40;43;45;47;48;49:B2;4;6;7;8;9;10;13;15;16;17;19;20;25,40-35-,40-35-,-9
razor_off,B:W23;24;26;28;29;33;34;37;38;39;42;47;48;49:B2;3;5;6;8;10;12;13;15;16;20;22;25;36,2-7-,22-27-,-3
razor_off,W:W24;26;29;31;34;36;39;40;41;42;43;44;45;46;47:B1;2;4;7;8;9;10;11;13;17;18;21;22;25;28,42-38-,42-37-,-16
razor_off,W:W27;30;33;34;35;36;37;38;40;41;42;43;45;46;47;48;50:B2;4;5;6;7;8;9;11;15;16;18;19;20;23;24;25;26,50-44-,37-31-,-2
razor_off,B:W26;28;29;32;33;34;35;36;37;38;39;40;41;44;45;46;47;48;49:B2;3;4;5;6;7;8;9;10;11;12;13;14;15;17;18;19;22;25,15-20-,19-23-,5
razor_off,W:W23;24;28;29;34;35;36;37;48:B8;9;10;12;13;17;18;25;26,37-31-,37-31-,68
razor_off,W:W23;24;26;29;31;33;34;35;36;38;39;43;44;48;49:B2;3;5;8;9;10;11;12;13;14;17;18;22;25;27,48-42-,35-30-,3
razor_off,W:W25;28;32;33;34;37;38;39;40;42;43;44;47:B2;4;7;8;9;13;14;15;18;21;24;26;31,28-23-,28-23-,-5
razor_off,W:W24;26;28;29;33;34;36;38;39;41;42;46:B8;9;10;13;15;17;18;19;20;22;25;27,41-37-,42-37-,-46
razor_off,W:W36;39;40;44;45;49:B4;7;9;12;13;14;18;20;22;25;30;33;38,39-10-12.13.14.22.33,39-10-12.13.14.22.33,101
razor_off,B:W22;25;28;31;32;33;37;38;39;40;41;42;43;45;48:B3;6;8;9;10;11;12;13;14;15;16;19;23;24;26,12-17-,11-17-,-3
razor_off,W:W21;25;26;33;34;37;38;39;42;44:B1;3;8;12;13;17;18;19;23;24,33-29-,37-32-,10
razor_off,W:W22;28;30;32;33;34;35;36;37;38;40;42;43;45;48;49:B3;6;8;9;10;11;13;14;16;19;20;21;23;24;25;26,34-29-,34-29-,-2
razor_off,W:W25;27;28;30;32;33;34;35;37;38;39;43:B3;8;13;14;15;16;18;19;21;23;24;26,27-22-,34-29-,2
razor_off,W:W25;27;28;30;32;33;35;37;38;39;45;48:B3;9;12;13;14;16;17;18;19;21;23;24,45-40-,39-34-,3
razor_off,W:W24;29;31;33;34;38;39;40;41;42;44;48:B4;5;7;9;10;12;13;15;17;25;26;35,41-37-,41-36-,26
multicut_off,W:W26;30;31;33;34;36;38;39;40;47;48;49:B2;3;11;12;13;14;15;17;19;22;23;27,30-25-,40-35-,-10
multicut_off,B:W25;29;30;35;36;37;38;39;40;47:B3;4;8;13;14;15;17;18;27;28,4-9-,4-9-,24
multicut_off,B:W25;26;27;32;33;37;38;39;40;41;42;43;44;45:B3;6;8;10;11;12;13;15;16;17;18;20;21;23,23-28-,23-28-,150
multicut_off,W:W26;31;33;34;35;36;37;38;39;42;43;48:B11;12;13;14;17;18;19;22;23;24;27;28,37-32-,35-30-,72
multicut_off,W:W27;28;31;32;33;36;38;39;44;48:B3;7;12;13;14;17;18;19;23;24,27-22-,27-22-,270
multicut_off,W:W25;26;30;31;32;33;35;36;38;39;42;44:B3;7;12;14;15;16;17;19;20;21;22;23,31-27-,33-28-,109
multicut_off,W:W21;24;28;32;33;34;37:B9;12;13;17;18;26;27,28-22-,28-22-,68
multicut_off,W:W25;27;28;31;32;35;36;38;39;41;42;45;48;49:B3;4;6;8;11;12;13;14;15;16;19;23;24;26,25-20-,41-37-,-1
multicut_off,B:W24;28;29;31;32;33;36;37;38;40;41;42;43;44;45;46;48;49:B1;2;3;4;7;8;9;10;12;13;14;15;16;17;18;21;25;26,17-22-,17-22-,110
multicut_off,B:W22;25;26;27;28;30;32;35;37;38;39;40:B8;11;12;13;14;15;17;19;20;23;24;29,12-18-,13-18-,102
multicut_off,W:W27;32;37;42;43;48:B6;11;13;14;16;18;21;24;28;34,32-12-18.28,32-12-18.28,65
multicut_off,W:W26;28;31;33;35;36;39;40;42;43;44;45;47;48;49;50:B1;2;3;4;5;7;9;10;12;13;17;18;19;22;24;27,40-34-,40-34-,1
multicut_off,W:W28;29;33;35;36;37;38;39;40;41;43;45;48;49:B2;6;8;9;11;12;13;14;15;18;19;20;21;24,29-23-,29-23-,115
multicut_off,W:W25;26;29;30;34;35;36;39;42;43;44;46;47;49:B2;3;4;6;7;12;13;14;15;17;18;22;27;28,29-24-,44-40-,-7
multicut_off,W:W24;26;33;39;40;42;47:B2;4;8;9;10;15;17;18;22;32;38,24-20-,24-20-,68
multicut_off,W:W27;28;29;32;33;34;35;37;39;40;42;44;45:B8;9;11;13;14;15;16;19;20;21;24;25;26,28-23-,28-23-,0
multicut_off,W:W27;28;32;33;34;35;36;37;38;39;40;43;45;47;48:B2;3;8;9;10;13;16;17;18;19;21;23;24;25;26,47-42-,34-30-,10
multicut_off,W:W29;31;32;33;34;35;39;43;44;46;47;48;49:B3;4;7;8;12;15;18;19;20;21;22;24;25,31-26-,43-38-,13
multicut_off,W:W27;28;32;33;34;37;38;40;41;44;45:B6;10;12;13;16;18;19;23;24;25;26,27-22-,27-22-,117
multicut_off,W:W27;28;30;32;33;34;35;37;40;41;42;43;45;46;47;48;49;50:B1;2;3;4;6;8;9;10;11;13;14;16;18;19;23;24;25;26,34-29-,43-38-,-1
multicut_off,W:W24;26;28;29;33;36;38;47;48;49:B6;8;9;10;13;15;16;17;18;20,28-23-,28-22-,151
multicut_off,W:W25;26;28;30;31;33;34;35;36;38;39;41;42;44;47;48;49:B4;6;7;8;9;10;11;13;14;15;16;17;18;19;22;24;27,49-43-,25-20-,11
multicut_off,W:W24;27;29;33;34;36;38;39;40;43;45;47;48;49:B2;4;6;7;8;9;10;13;15;16;17;19;20;25,40-35-,40-35-,-10
multicut_off,B:W23;24;26;28;29;33;34;37;38;39;42;47;48;49:B2;3;5;6;8;10;12;13;15;16;20;22;25;36,2-7-,12-17-,0
multicut_off,W:W24;26;29;31;34;36;39;40;41;42;43;44;45;46;47:B1;2;4;7;8;9;10;11;13;17;18;21;22;25;28,42-38-,42-38-,-15
multicut_off,W:W27;30;33;34;35;36;37;38;40;41;42;43;45;46;47;48;50:B2;4;5;6;7;8;9;11;15;16;18;19;20;23;24;25;26,50-44-,50-44-,-1
multicut_off,B:W26;28;29;32;33;34;35;36;37;38;39;40;41;44;45;46;47;48;49:B2;3;4;5;6;7;8;9;10;11;12;13;14;15;17;18;19;22;25,15-20-,19-23-,6
multicut_off,W:W23;24;28;29;34;35;36;37;48:B8;9;10;12;13;17;18;25;26,37-31-,37-31-,73
multicut_off,W:W23;24;26;29;31;33;34;35;36;38;39;43;44;48;49:B2;3;5;8;9;10;11;12;13;14;17;18;22;25;27,48-42-,35-30-,0
multicut_off,W:W25;28;32;33;34;37;38;39;40;42;43;44;47:B2;4;7;8;9;13;14;15;18;21;24;26;31,28-23-,28-23-,-1
multicut_off,W:W24;26;28;29;33;34;36;38;39;41;42;46:B8;9;10;13;15;17;18;19;20;22;25;27,41-37-,42-37-,-34
multicut_off,W:W36;39;40;44;45;49:B4;7;9;12;13;14;18;20;22;25;30;33;38,39-10-12.13.14.22.33,39-10-12.13.14.22.33,79
multicut_off,B:W22;25;28;31;32;33;37;38;39;40;41;42;43;45;48:B3;6;8;9;10;11;12;13;14;15;16;19;23;24;26,12-17-,11-17-,-3
multicut_off,W:W21;25;26;33;34;37;38;39;42;44:B1;3;8;12;13;17;18;19;23;24,33-29-,33-29-,12
multicut_off,W:W22;28;30;32;33;34;35;36;37;38;40;42;43;45;48;49:B3;6;8;9;10;11;13;14;16;19;20;21;23;24;25;26,34-29-,34-29-,4
multicut_off,W:W25;27;28;30;32;33;34;35;37;38;39;43:B3;8;13;14;15;16;18;19;21;23;24;26,27-22-,34-29-,-7
multicut_off,W:W25;27;28;30;32;33;35;37;38;39;45;48:B3;9;12;13;14;16;17;18;19;21;23;24,45-40-,39-34-,0
multicut_off,W:W24;29;31;33;34;38;39;40;41;42;44;48:B4;5;7;9;10;12;13;15;17;25;26;35,41-37-,41-36-,28
all_off,W:W26;30;31;33;34;36;38;39;40;47;48;49:B2;3;11;12;13;14;15;17;19;22;23;27,30-25-,38-32-,7
all_off,B:W25;29;30;35;36;37;38;39;40;47:B3;4;8;13;14;15;17;18;27;28,4-9-,4-9-,35
all_off,B:W25;26;27;32;33;37;38;39;40;41;42;43;44;45:B3;6;8;10;11;12;13;15;16;17;18;20;21;23,23-28-,23-28-,155
all_off,W:W26;31;33;34;35;36;37;38;39;42;43;48:B11;12;13;14;17;18;19;22;23;24;27;28,37-32-,35-30-,54
all_off,W:W27;28;31;32;33;36;38;39;44;48:B3;7;12;13;14;17;18;19;23;24,27-22-,27-22-,277
all_off,W:W25;26;30;31;32;33;35;36;38;39;42;44:B3;7;12;14;15;16;17;19;20;21;22;23,31-27-,33-28-,109
all_off,W:W21;24;28;32;33;34;37:B9;12;13;17;18;26;27,28-22-,28-22-,93
all_off,W:W25;27;28;31;32;35;36;38;39;41;42;45;48;49:B3;4;6;8;11;12;13;14;15;16;19;23;24;26,25-20-,25-20-,5
all_off,B:W24;28;29;31;32;33;36;37;38;40;41;42;43;44;45;46;48;49:B1;2;3;4;7;8;9;10;12;13;14;15;16;17;18;21;25;26,17-22-,17-22-,96
all_off,B:W22;25;26;27;28;30;32;35;37;38;39;40:B8;11;12;13;14;15;17;19;20;23;24;29,12-18-,13-18-,109
all_off,W:W27;32;37;42;43;48:B6;11;13;14;16;18;21;24;28;34,32-12-18.28,32-12-18.28,63
all_off,W:W26;28;31;33;35;36;39;40;42;43;44;45;47;48;49;50:B1;2;3;4;5;7;9;10;12;13;17;18;19;22;24;27,40-34-,26-21-,90
all_off,W:W28;29;33;35;36;37;38;39;40;41;43;45;48;49:B2;6;8;9;11;12;13;14;15;18;19;20;21;24,29-23-,29-23-,118
all_off,W:W25;26;29;30;34;35;36;39;42;43;44;46;47;49:B2;3;4;6;7;12;13;14;15;17;18;22;27;28,29-24-,25-20-,61
all_off,W:W24;26;33;39;40;42;47:B2;4;8;9;10;15;17;18;22;32;38,24-20-,26-21-,90
all_off,W:W27;28;29;32;33;34;35;37;39;40;42;44;45:B8;9;11;13;14;15;16;19;20;21;24;25;26,28-23-,27-22-,29
all_off,W:W27;28;32;33;34;35;36;37;38;39;40;43;45;47;48:B2;3;8;9;10;13;16;17;18;19;21;23;24;25;26,47-42-,47-42-,23
all_off,W:W29;31;32;33;34;35;39;43;44;46;47;48;49:B3;4;7;8;12;15;18;19;20;21;22;24;25,31-26-,31-27-,33
all_off,W:W27;28;32;33;34;37;38;40;41;44;45:B6;10;12;13;16;18;19;23;24;25;26,27-22-,27-22-,126
all_off,W:W27;28;30;32;33;34;35;37;40;41;42;43;45;46;47;48;49;50:B1;2;3;4;6;8;9;10;11;13;14;16;18;19;23;24;25;26,34-29-,27-21-,130
all_off,W:W24;26;28;29;33;36;38;47;48;49:B6;8;9;10;13;15;16;17;18;20,28-23-,28-22-,134
all_off,W:W25;26;28;30;31;33;34;35;36;38;39;41;42;44;47;48;49:B4;6;7;8;9;10;11;13;14;15;16;17;18;19;22;24;27,49-43-,42-37-,0
all_off,W:W24;27;29;33;34;36;38;39;40;43;45;47;48;49:B2;4;6;7;8;9;10;13;15;16;17;19;20;25,40-35-,27-21-,96
all_off,B:W23;24;26;28;29;33;34;37;38;39;42;47;48;49:B2;3;5;6;8;10;12;13;15;16;20;22;25;36,2-7-,12-17-,-6
all_off,W:W24;26;29;31;34;36;39;40;41;42;43;44;45;46;47:B1;2;4;7;8;9;10;11;13;17;18;21;22;25;28,42-38-,31-27-,35
all_off,W:W27;30;33;34;35;36;37;38;40;41;42;43;45;46;47;48;50:B2;4;5;6;7;8;9;11;15;16;18;19;20;23;24;25;26,50-44-,50-44-,-1
all_off,B:W26;28;29;32;33;34;35;36;37;38;39;40;41;44;45;46;47;48;49:B2;3;4;5;6;7;8;9;10;11;12;13;14;15;17;18;19;22;25,15-20-,19-23-,3
all_off,W:W23;24;28;29;34;35;36;37;48:B8;9;10;12;13;17;18;25;26,37-31-,37-31-,68
all_off,W:W23;24;26;29;31;33;34;35;36;38;39;43;44;48;49:B2;3;5;8;9;10;11;12;13;14;17;18;22;25;27,48-42-,23-19-,113
all_off,W:W25;28;32;33;34;37;38;39;40;42;43;44;47:B2;4;7;8;9;13;14;15;18;21;24;26;31,28-23-,28-23-,-1
all_off,W:W24;26;28;29;33;34;36;38;39;41;42;46:B8;9;10;13;15;17;18;19;20;22;25;27,41-37-,41-37-,-38
all_off,W:W36;39;40;44;45;49:B4;7;9;12;13;14;18;20;22;25;30;33;38,39-10-12.13.14.22.33,39-10-12.13.14.22.33,87
all_off,B:W22;25;28;31;32;33;37;38;39;40;41;42;43;45;48:B3;6;8;9;10;11;12;13;14;15;16;19;23;24;26,12-17-,11-17-,-4
all_off,W:W21;25;26;33;34;37;38;39;42;44:B1;3;8;12;13;17;18;19;23;24,33-29-,33-29-,6
all_off,W:W22;28;30;32;33;34;35;36;37;38;40;42;43;45;48;49:B3;6;8;9;10;11;13;14;16;19;20;21;23;24;25;26,34-29-,37-31-,12
all_off,W:W25;27;28;30;32;33;34;35;37;38;39;43:B3;8;13;14;15;16;18;19;21;23;24;26,27-22-,34-29-,-6
all_off,W:W25;27;28;30;32;33;35;37;38;39;45;48:B3;9;12;13;14;16;17;18;19;21;23;24,45-40-,39-34-,1
all_off,W:W24;29;31;33;34;38;39;40;41;42;44;48:B4;5;7;9;10;12;13;15;17;25;26;35,41-37-,34-30-,74
baseline,W:W27;28;32;34;35;36;37;38;39;40;42;45;47;48:B2;3;6;11;12;13;14;15;16;18;19;21;24;26,34-30-,28-23-,84
baseline,W:W24;28;29;32;34;37;38;39;40;44;45;48:B7;8;9;11;13;15;16;18;19;20;23;25,40-35-,38-33-,-61
baseline,W:W21;23;24;28;29;32;33;37;39;48:B2;8;9;12;13;15;17;18;20;26,39-34-,32-27-,58
baseline,B:W26;27;28;31;32;33;36;38;39;42;43;44;45;49:B3;4;6;7;8;11;12;14;16;17;19;23;24;25,4-10-,3-9-,13
baseline,B:W27;28;32;34;36;38;39;40;42;45;48:B1;3;4;11;12;14;17;18;19;23;24,17-21-,11-16-,10
baseline,W:W23;24;27;28;29;32;33;34;36;37;38;39;40;48:B2;3;4;8;9;12;13;14;15;16;18;21;25;26,48-43-,27-22-,55
baseline,W:W24;27;28;29;31;32;33;34;35;38;39;40;43;45;48:B2;3;4;6;8;10;11;12;13;15;16;18;20;25;26,34-30-,34-30-,58
baseline,W:W25;27;31;32;33;35;36;37;38;42;45;46;47;48;49;50:B1;3;5;6;7;8;9;13;15;16;18;22;23;24;26;29,33-28-,33-28-,54
baseline,W:W25;29;31;33;34;35;36;37;38;39;41;42;43;44;45;47;49:B2;3;4;6;7;8;10;11;13;14;15;18;19;20;22;23;27,34-30-,34-30-,59
baseline,W:W25;28;31;32;33;35;38;39;40;42;48:B3;9;12;13;14;16;17;19;21;22;24,31-26-,31-26-,-23
baseline,W:W12;48:B6;11;13;14;16;24;34;43,48-10-14.24.34.43,48-10-14.24.34.43,52
baseline,W:W25;26;30;33;34;36;37;38;39;41;42;43;44;46;48:B2;4;6;7;9;11;13;14;15;16;17;18;19;22;27,37-31-,30-24-,34
baseline,W:W24;28;29;31;33;34;36;39;40;41;43;46;47;49:B2;5;6;7;8;9;11;13;15;16;17;19;20;25,40-35-,34-30-,153
baseline,W:W24;27;29;31;33;34;35;36;37;38;39;40;42;43;44;45:B3;6;8;9;10;11;12;13;14;15;16;18;20;22;23;25,35-30-,35-30-,7
baseline,W:W26;34;40;42;47:B2;4;8;9;10;17;18;22;24;29;32,34-5-8.9.10.18.29,34-5-8.9.10.18.29,99
baseline,W:W26;30;31;33;34;35;36;37;38;40;45;47;48:B11;12;13;14;16;17;18;19;20;22;24;27;28,47-42-,48-42-,-4
baseline,W:W34;35;39;40;45;48:B2;3;8;9;10;13;16;17;19;24;25;29;43,34-5-10.19.29,34-5-10.19.29,16
baseline,W:W26;28;29;32;33;34;36;39;40;41;42;45;47;49:B2;4;6;7;8;9;10;12;15;17;18;19;22;25,36-31-,42-38-,-2
baseline,W:W26;27;31;32;35;36;38;39;40;42;43;45;47;49:B3;4;6;8;11;12;13;14;16;17;21;23;24;29,47-41-,32-28-,23
baseline,B:W31;32;34;36;37;39;40;41;42;43;44;45;47;49:B2;3;6;8;12;13;14;18;19;21;22;23;25;28,21-26-,21-26-,-6
baseline,W:W28;35;38;39;40;42;43;47:B12;13;14;15;18;19;24;27,42-37-,42-37-,-10
baseline,W:W25;27;32;33;34;35;38;39;42;48:B3;11;12;13;16;18;19;21;23;24,33-28-,34-30-,3
baseline,W:W26;27;28;30;32;34;35;36;38;40;42;45;47;48;49:B4;6;8;9;11;12;13;15;16;17;18;19;20;23;25,49-44-,38-33-,-2
baseline,W:W25;26;31;36;39;40;41;42;46;49;50:B10;12;13;14;17;18;20;22;27;28;33,40-34-,40-35-,-17
baseline,W:W25;29;30;33;35;36;37;38;42;43;47;48;49:B1;2;3;9;11;12;13;14;15;18;22;23;27,49-44-,29-24-,-9
baseline,B:W24;25;27;30;32;35;36;37;38;40;41;42;43;45;46;47;48:B2;3;6;8;9;10;12;13;14;16;17;18;19;21;23;26,10-15-,10-15-,4
baseline,W:W25;31;33;34;35;36;38;42;43;47;48:B2;3;11;12;13;14;15;18;22;23;27,34-29-,43-39-,-5
baseline,W:W19;24;28;29;35;36:B8;9;10;12;13;17;18;25;30,29-23-,29-23-,77
baseline,W:W23;26;29;31;36;37;39;42;43:B1;7;9;12;14;16;18;19;22,43-38-,43-38-,-34
baseline,W:W10;25;44:B2;4;7;8;9;13;15;18;20,25-1-7.8.9.20,25-1-7.8.9.20,37
baseline,W:W30;34;35;37;38;39;40;41;42;43;45;47;48:B2;3;6;8;12;15;18;19;21;23;24;25;26,39-33-,39-33-,6
baseline,W:W36;40;44;45;49:B7;9;15;18;20;25;30;38,49-43-,49-43-,76
baseline,B:W25;26;28;30;33;35;36;38;39;40;42;47;48;49;50:B3;4;6;7;8;9;10;12;14;17;18;19;22;24;27,8-13-,18-23-,17
baseline,W:W26;27;28;32;38;39;40;41;43:B8;10;12;13;16;17;18;23;24,28-30-23.24,28-30-23.24,114
baseline,W:W28;32;33;34;35;36;37;38;39;40;42;43;44;45;48:B3;7;8;9;12;13;15;16;17;18;20;21;24;25;26,34-30-,34-30-,-7
baseline,W:W25;27;28;30;32;33;34;35;37;38;39;43:B6;11;12;13;14;15;16;18;19;23;24;26,28-22-,28-22-,-46
baseline,W:W25;27;28;30;32;33;34;35;37;38;39;43:B8;9;12;13;14;16;18;19;21;23;24;26,37-31-,25-20-,-32
baseline,W:W20;24;28;29;32;33;36;44;47;49:B5;7;8;9;12;14;17;18;21;26,20-15-,20-15-,27
lmr_off,W:W27;28;32;34;35;36;37;38;39;40;42;45;47;48:B2;3;6;11;12;13;14;15;16;18;19;21;24;26,34-30-,28-23-,84
lmr_off,W:W24;28;29;32;34;37;38;39;40;44;45;48:B7;8;9;11;13;15;16;18;19;20;23;25,40-35-,38-33-,-65
lmr_off,W:W21;23;24;28;29;32;33;37;39;48:B2;8;9;12;13;15;17;18;20;26,39-34-,28-22-,104
lmr_off,B:W26;27;28;31;32;33;36;38;39;42;43;44;45;49:B3;4;6;7;8;11;12;14;16;17;19;23;24;25,4-10-,24-29-,42
lmr_off,B:W27;28;32;34;36;38;39;40;42;45;48:B1;3;4;11;12;14;17;18;19;23;24,17-21-,11-16-,7
lmr_off,W:W23;24;27;28;29;32;33;34;36;37;38;39;40;48:B2;3;4;8;9;12;13;14;15;16;18;21;25;26,48-43-,27-22-,55
lmr_off,W:W24;27;28;29;31;32;33;34;35;38;39;40;43;45;48:B2;3;4;6;8;10;11;12;13;15;16;18;20;25;26,34-30-,34-30-,74
lmr_off,W:W25;27;31;32;33;35;36;37;38;42;45;46;47;48;49;50:B1;3;5;6;7;8;9;13;15;16;18;22;23;24;26;29,33-28-,33-28-,54
lmr_off,W:W25;29;31;33;34;35;36;37;38;39;41;42;43;44;45;47;49:B2;3;4;6;7;8;10;11;13;14;15;18;19;20;22;23;27,34-30-,34-30-,59
lmr_off,W:W25;28;31;32;33;35;38;39;40;42;48:B3;9;12;13;14;16;17;19;21;22;24,31-26-,31-26-,-26
lmr_off,W:W12;48:B6;11;13;14;16;24;34;43,48-10-14.24.34.43,48-10-14.24.34.43,45
lmr_off,W:W25;26;30;33;34;36;37;38;39;41;42;43;44;46;48:B2;4;6;7;9;11;13;14;15;16;17;18;19;22;27,37-31-,30-24-,34
lmr_off,W:W24;28;29;31;33;34;36;39;40;41;43;46;47;49:B2;5;6;7;8;9;11;13;15;16;17;19;20;25,40-35-,34-30-,161
lmr_off,W:W24;27;29;31;33;34;35;36;37;38;39;40;42;43;44;45:B3;6;8;9;10;11;12;13;14;15;16;18;20;22;23;25,35-30-,27-21-,112
lmr_off,W:W26;34;40;42;47:B2;4;8;9;10;17;18;22;24;29;32,34-5-8.9.10.18.29,34-5-8.9.10.18.29,113
lmr_off,W:W26;30;31;33;34;35;36;37;38;40;45;47;48:B11;12;13;14;16;17;18;19;20;22;24;27;28,47-42-,38-32-,-6
lmr_off,W:W34;35;39;40;45;48:B2;3;8;9;10;13;16;17;19;24;25;29;43,34-5-10.19.29,34-5-10.19.29,14
lmr_off,W:W26;28;29;32;33;34;36;39;40;41;42;45;47;49:B2;4;6;7;8;9;10;12;15;17;18;19;22;25,36-31-,42-38-,-2
lmr_off,W:W26;27;31;32;35;36;38;39;40;42;43;45;47;49:B3;4;6;8;11;12;13;14;16;17;21;23;24;29,47-41-,32-28-,3
lmr_off,B:W31;32;34;36;37;39;40;41;42;43;44;45;47;49:B2;3;6;8;12;13;14;18;19;21;22;23;25;28,21-26-,21-26-,-7
lmr_off,W:W28;35;38;39;40;42;43;47:B12;13;14;15;18;19;24;27,42-37-,42-37-,0
lmr_off,W:W25;27;32;33;34;35;38;39;42;48:B3;11;12;13;16;18;19;21;23;24,33-28-,34-30-,-1
lmr_off,W:W26;27;28;30;32;34;35;36;38;40;42;45;47;48;49:B4;6;8;9;11;12;13;15;16;17;18;19;20;23;25,49-44-,38-33-,-1
lmr_off,W:W25;26;31;36;39;40;41;42;46;49;50:B10;12;13;14;17;18;20;22;27;28;33,40-34-,40-34-,-13
lmr_off,W:W25;29;30;33;35;36;37;38;42;43;47;48;49:B1;2;3;9;11;12;13;14;15;18;22;23;27,49-44-,29-24-,-9
lmr_off,B:W24;25;27;30;32;35;36;37;38;40;41;42;43;45;46;47;48:B2;3;6;8;9;10;12;13;14;16;17;18;19;21;23;26,10-15-,10-15-,7
lmr_off,W:W25;31;33;34;35;36;38;42;43;47;48:B2;3;11;12;13;14;15;18;22;23;27,34-29-,43-39-,-5
lmr_off,W:W19;24;28;29;35;36:B8;9;10;12;13;17;18;25;30,29-23-,29-23-,80
lmr_off,W:W23;26;29;31;36;37;39;42;43:B1;7;9;12;14;16;18;19;22,43-38-,43-38-,1
lmr_off,W:W10;25;44:B2;4;7;8;9;13;15;18;20,25-1-7.8.9.20,25-1-7.8.9.20,45
lmr_off,W:W30;34;35;37;38;39;40;41;42;43;45;47;48:B2;3;6;8;12;15;18;19;21;23;24;25;26,39-33-,39-33-,10
lmr_off,W:W36;40;44;45;49:B7;9;15;18;20;25;30;38,49-43-,49-43-,90
lmr_off,B:W25;26;28;30;33;35;36;38;39;40;42;47;48;49;50:B3;4;6;7;8;9;10;12;14;17;18;19;22;24;27,8-13-,18-23-,16
lmr_off,W:W26;27;28;32;38;39;40;41;43:B8;10;12;13;16;17;18;23;24,28-30-23.24,28-30-23.24,112
lmr_off,W:W28;32;33;34;35;36;37;38;39;40;42;43;44;45;48:B3;7;8;9;12;13;15;16;17;18;20;21;24;25;26,34-30-,37-31-,-5
lmr_off,W:W25;27;28;30;32;33;34;35;37;38;39;43:B6;11;12;13;14;15;16;18;19;23;24;26,28-22-,28-22-,-60
lmr_off,W:W25;27;28;30;32;33;34;35;37;38;39;43:B8;9;12;13;14;16;18;19;21;23;24;26,37-31-,34-29-,-31
lmr_off,W:W20;24;28;29;32;33;36;44;47;49:B5;7;8;9;12;14;17;18;21;26,20-15-,28-23-,96
lmp_off,W:W27;28;32;34;35;36;37;38;39;40;42;45;47;48:B2;3;6;11;12;13;14;15;16;18;19;21;24;26,34-30-,28-23-,77
lmp_off,W:W24;28;29;32;34;37;38;39;40;44;45;48:B7;8;9;11;13;15;16;18;19;20;23;25,40-35-,34-30-,94
lmp_off,W:W21;23;24;28;29;32;33;37;39;48:B2;8;9;12;13;15;17;18;20;26,39-34-,39-34-,54
lmp_off,B:W26;27;28;31;32;33;36;38;39;42;43;44;45;49:B3;4;6;7;8;11;12;14;16;17;19;23;24;25,4-10-,14-20-,10
lmp_off,B:W27;28;32;34;36;38;39;40;42;45;48:B1;3;4;11;12;14;17;18;19;23;24,17-21-,11-16-,10
lmp_off,W:W23;24;27;28;29;32;33;34;36;37;38;39;40;48:B2;3;4;8;9;12;13;14;15;16;18;21;25;26,48-43-,36-31-,6
lmp_off,W:W24;27;28;29;31;32;33;34;35;38;39;40;43;45;48:B2;3;4;6;8;10;11;12;13;15;16;18;20;25;26,34-30-,34-30-,50
lmp_off,W:W25;27;31;32;33;35;36;37;38;42;45;46;47;48;49;50:B1;3;5;6;7;8;9;13;15;16;18;22;23;24;26;29,33-28-,33-28-,54
lmp_off,W:W25;29;31;33;34;35;36;37;38;39;41;42;43;44;45;47;49:B2;3;4;6;7;8;10;11;13;14;15;18;19;20;22;23;27,34-30-,34-30-,59
lmp_off,W:W25;28;31;32;33;35;38;39;40;42;48:B3;9;12;13;14;16;17;19;21;22;24,31-26-,31-26-,-27
lmp_off,W:W12;48:B6;11;13;14;16;24;34;43,48-10-14.24.34.43,48-10-14.24.34.43,31
lmp_off,W:W25;26;30;33;34;36;37;38;39;41;42;43;44;46;48:B2;4;6;7;9;11;13;14;15;16;17;18;19;22;27,37-31-,30-24-,19
lmp_off,W:W24;28;29;31;33;34;36;39;40;41;43;46;47;49:B2;5;6;7;8;9;11;13;15;16;17;19;20;25,40-35-,34-30-,155
lmp_off,W:W24;27;29;31;33;34;35;36;37;38;39;40;42;43;44;45:B3;6;8;9;10;11;12;13;14;15;16;18;20;22;23;25,35-30-,35-30-,-1
lmp_off,W:W26;34;40;42;47:B2;4;8;9;10;17;18;22;24;29;32,34-5-8.9.10.18.29,34-5-8.9.10.18.29,112
lmp_off,W:W26;30;31;33;34;35;36;37;38;40;45;47;48:B11;12;13;14;16;17;18;19;20;22;24;27;28,47-42-,48-42-,-2
lmp_off,W:W34;35;39;40;45;48:B2;3;8;9;10;13;16;17;19;24;25;29;43,34-5-10.19.29,34-5-10.19.29,13
lmp_off,W:W26;28;29;32;33;34;36;39;40;41;42;45;47;49:B2;4;6;7;8;9;10;12;15;17;18;19;22;25,36-31-,42-38-,-3
lmp_off,W:W26;27;31;32;35;36;38;39;40;42;43;45;47;49:B3;4;6;8;11;12;13;14;16;17;21;23;24;29,47-41-,32-28-,2
lmp_off,B:W31;32;34;36;37;39;40;41;42;43;44;45;47;49:B2;3;6;8;12;13;14;18;19;21;22;23;25;28,21-26-,21-26-,2
lmp_off,W:W28;35;38;39;40;42;43;47:B12;13;14;15;18;19;24;27,42-37-,42-37-,-3
lmp_off,W:W25;27;32;33;34;35;38;39;42;48:B3;11;12;13;16;18;19;21;23;24,33-28-,34-30-,-1
lmp_off,W:W26;27;28;30;32;34;35;36;38;40;42;45;47;48;49:B4;6;8;9;11;12;13;15;16;17;18;19;20;23;25,49-44-,38-33-,-1
lmp_off,W:W25;26;31;36;39;40;41;42;46;49;50:B10;12;13;14;17;18;20;22;27;28;33,40-34-,40-34-,-17
lmp_off,W:W25;29;30;33;35;36;37;38;42;43;47;48;49:B1;2;3;9;11;12;13;14;15;18;22;23;27,49-44-,29-24-,-11
lmp_off,B:W24;25;27;30;32;35;36;37;38;40;41;42;43;45;46;47;48:B2;3;6;8;9;10;12;13;14;16;17;18;19;21;23;26,10-15-,10-15-,6
lmp_off,W:W25;31;33;34;35;36;38;42;43;47;48:B2;3;11;12;13;14;15;18;22;23;27,34-29-,43-39-,-5
lmp_off,W:W19;24;28;29;35;36:B8;9;10;12;13;17;18;25;30,29-23-,29-23-,79
lmp_off,W:W23;26;29;31;36;37;39;42;43:B1;7;9;12;14;16;18;19;22,43-38-,43-38-,-23
lmp_off,W:W10;25;44:B2;4;7;8;9;13;15;18;20,25-1-7.8.9.20,25-1-7.8.9.20,34
lmp_off,W:W30;34;35;37;38;39;40;41;42;43;45;47;48:B2;3;6;8;12;15;18;19;21;23;24;25;26,39-33-,39-33-,-7
lmp_off,W:W36;40;44;45;49:B7;9;15;18;20;25;30;38,49-43-,49-43-,97
lmp_off,B:W25;26;28;30;33;35;36;38;39;40;42;47;48;49;50:B3;4;6;7;8;9;10;12;14;17;18;19;22;24;27,8-13-,18-23-,16
lmp_off,W:W26;27;28;32;38;39;40;41;43:B8;10;12;13;16;17;18;23;24,28-30-23.24,28-30-23.24,120
lmp_off,W:W28;32;33;34;35;36;37;38;39;40;42;43;44;45;48:B3;7;8;9;12;13;15;16;17;18;20;21;24;25;26,34-30-,28-23-,-1
lmp_off,W:W25;27;28;30;32;33;34;35;37;38;39;43:B6;11;12;13;14;15;16;18;19;23;24;26,28-22-,28-22-,-57
lmp_off,W:W25;27;28;30;32;33;34;35;37;38;39;43:B8;9;12;13;14;16;18;19;21;23;24;26,37-31-,34-29-,-31
lmp_off,W:W20;24;28;29;32;33;36;44;47;49:B5;7;8;9;12;14;17;18;21;26,20-15-,20-15-,27
nmp_off,W:W27;28;32;34;35;36;37;38;39;40;42;45;47;48:B2;3;6;11;12;13;14;15;16;18;19;21;24;26,34-30-,28-23-,84
nmp_off,W:W24;28;29;32;34;37;38;39;40;44;45;48:B7;8;9;11;13;15;16;18;19;20;23;25,40-35-,38-33-,-61
nmp_off,W:W21;23;24;28;29;32;33;37;39;48:B2;8;9;12;13;15;17;18;20;26,39-34-,32-27-,58
nmp_off,B:W26;27;28;31;32;33;36;38;39;42;43;44;45;49:B3;4;6;7;8;11;12;14;16;17;19;23;24;25,4-10-,3-9-,13
nmp_off,B:W27;28;32;34;36;38;39;40;42;45;48:B1;3;4;11;12;14;17;18;19;23;24,17-21-,11-16-,10
nmp_off,W:W23;24;27;28;29;32;33;34;36;37;38;39;40;48:B2;3;4;8;9;12;13;14;15;16;18;21;25;26,48-43-,27-22-,55
nmp_off,W:W24;27;28;29;31;32;33;34;35;38;39;40;43;45;48:B2;3;4;6;8;10;11;12;13;15;16;18;20;25;26,34-30-,34-30-,58
nmp_off,W:W25;27;31;32;33;35;36;37;38;42;45;46;47;48;49;50:B1;3;5;6;7;8;9;13;15;16;18;22;23;24;26;29,33-28-,33-28-,54
nmp_off,W:W25;29;31;33;34;35;36;37;38;39;41;42;43;44;45;47;49:B2;3;4;6;7;8;10;11;13;14;15;18;19;20;22;23;27,34-30-,34-30-,59
nmp_off,W:W25;28;31;32;33;35;38;39;40;42;48:B3;9;12;13;14;16;17;19;21;22;24,31-26-,31-26-,-23
nmp_off,W:W12;48:B6;11;13;14;16;24;34;43,48-10-14.24.34.43,48-10-14.24.34.43,52
nmp_off,W:W25;26;30;33;34;36;37;38;39;41;42;43;44;46;48:B2;4;6;7;9;11;13;14;15;16;17;18;19;22;27,37-31-,30-24-,34
nmp_off,W:W24;28;29;31;33;34;36;39;40;41;43;46;47;49:B2;5;6;7;8;9;11;13;15;16;17;19;20;25,40-35-,34-30-,153
nmp_off,W:W24;27;29;31;33;34;35;36;37;38;39;40;42;43;44;45:B3;6;8;9;10;11;12;13;14;15;16;18;20;22;23;25,35-30-,35-30-,7
nmp_off,W:W26;34;40;42;47:B2;4;8;9;10;17;18;22;24;29;32,34-5-8.9.10.18.29,34-5-8.9.10.18.29,99
nmp_off,W:W26;30;31;33;34;35;36;37;38;40;45;47;48:B11;12;13;14;16;17;18;19;20;22;24;27;28,47-42-,48-42-,-4
nmp_off,W:W34;35;39;40;45;48:B2;3;8;9;10;13;16;17;19;24;25;29;43,34-5-10.19.29,34-5-10.19.29,16
nmp_off,W:W26;28;29;32;33;34;36;39;40;41;42;45;47;49:B2;4;6;7;8;9;10;12;15;17;18;19;22;25,36-31-,42-38-,-2
nmp_off,W:W26;27;31;32;35;36;38;39;40;42;43;45;47;49:B3;4;6;8;11;12;13;14;16;17;21;23;24;29,47-41-,32-28-,23
nmp_off,B:W31;32;34;36;37;39;40;41;42;43;44;45;47;49:B2;3;6;8;12;13;14;18;19;21;22;23;25;28,21-26-,21-26-,-6
nmp_off,W:W28;35;38;39;40;42;43;47:B12;13;14;15;18;19;24;27,42-37-,42-37-,-10
nmp_off,W:W25;27;32;33;34;35;38;39;42;48:B3;11;12;13;16;18;19;21;23;24,33-28-,34-30-,3
nmp_off,W:W26;27;28;30;32;34;35;36;38;40;42;45;47;48;49:B4;6;8;9;11;12;13;15;16;17;18;19;20;23;25,49-44-,38-33-,-2
nmp_off,W:W25;26;31;36;39;40;41;42;46;49;50:B10;12;13;14;17;18;20;22;27;28;33,40-34-,40-35-,-17
nmp_off,W:W25;29;30;33;35;36;37;38;42;43;47;48;49:B1;2;3;9;11;12;13;14;15;18;22;23;27,49-44-,29-24-,-9
nmp_off,B:W24;25;27;30;32;35;36;37;38;40;41;42;43;45;46;47;48:B2;3;6;8;9;10;12;13;14;16;17;18;19;21;23;26,10-15-,10-15-,4
nmp_off,W:W25;31;33;34;35;36;38;42;43;47;48:B2;3;11;12;13;14;15;18;22;23;27,34-29-,43-39-,-5
nmp_off,W:W19;24;28;29;35;36:B8;9;10;12;13;17;18;25;30,29-23-,29-23-,77
nmp_off,W:W23;26;29;31;36;37;39;42;43:B1;7;9;12;14;16;18;19;22,43-38-,43-38-,-34
nmp_off,W:W10;25;44:B2;4;7;8;9;13;15;18;20,25-1-7.8.9.20,25-1-7.8.9.20,37
nmp_off,W:W30;34;35;37;38;39;40;41;42;43;45;47;48:B2;3;6;8;12;15;18;19;21;23;24;25;26,39-33-,39-33-,6
nmp_off,W:W36;40;44;45;49:B7;9;15;18;20;25;30;38,49-43-,49-43-,76
nmp_off,B:W25;26;28;30;33;35;36;38;39;40;42;47;48;49;50:B3;4;6;7;8;9;10;12;14;17;18;19;22;24;27,8-13-,18-23-,17
nmp_off,W:W26;27;28;32;38;39;40;41;43:B8;10;12;13;16;17;18;23;24,28-30-23.24,28-30-23.24,114
nmp_off,W:W28;32;33;34;35;36;37;38;39;40;42;43;44;45;48:B3;7;8;9;12;13;15;16;17;18;20;21;24;25;26,34-30-,34-30-,-7
nmp_off,W:W25;27;28;30;32;33;34;35;37;38;39;43:B6;11;12;13;14;15;16;18;19;23;24;26,28-22-,28-22-,-46
nmp_off,W:W25;27;28;30;32;33;34;35;37;38;39;43:B8;9;12;13;14;16;18;19;21;23;24;26,37-31-,25-20-,-32
nmp_off,W:W20;24;28;29;32;33;36;44;47;49:B5;7;8;9;12;14;17;18;21;26,20-15-,20-15-,27
rfp_off,W:W27;28;32;34;35;36;37;38;39;40;42;45;47;48:B2;3;6;11;12;13;14;15;16;18;19;21;24;26,34-30-,28-23-,84
rfp_off,W:W24;28;29;32;34;37;38;39;40;44;45;48:B7;8;9;11;13;15;16;18;19;20;23;25,40-35-,38-33-,-61
rfp_off,W:W21;23;24;28;29;32;33;37;39;48:B2;8;9;12;13;15;17;18;20;26,39-34-,32-27-,42
rfp_off,B:W26;27;28;31;32;33;36;38;39;42;43;44;45;49:B3;4;6;7;8;11;12;14;16;17;19;23;24;25,4-10-,24-30-,12
rfp_off,B:W27;28;32;34;36;38;39;40;42;45;48:B1;3;4;11;12;14;17;18;19;23;24,17-21-,11-16-,7
rfp_off,W:W23;24;27;28;29;32;33;34;36;37;38;39;40;48:B2;3;4;8;9;12;13;14;15;16;18;21;25;26,48-43-,36-31-,2
rfp_off,W:W24;27;28;29;31;32;33;34;35;38;39;40;43;45;48:B2;3;4;6;8;10;11;12;13;15;16;18;20;25;26,34-30-,34-30-,50
rfp_off,W:W25;27;31;32;33;35;36;37;38;42;45;46;47;48;49;50:B1;3;5;6;7;8;9;13;15;16;18;22;23;24;26;29,33-28-,33-28-,5
rfp_off,W:W25;29;31;33;34;35;36;37;38;39;41;42;43;44;45;47;49:B2;3;4;6;7;8;10;11;13;14;15;18;19;20;22;23;27,34-30-,34-30-,111
rfp_off,W:W25;28;31;32;33;35;38;39;40;42;48:B3;9;12;13;14;16;17;19;21;22;24,31-26-,31-26-,-23
rfp_off,W:W12;48:B6;11;13;14;16;24;34;43,48-10-14.24.34.43,48-10-14.24.34.43,57
rfp_off,W:W25;26;30;33;34;36;37;38;39;41;42;43;44;46;48:B2;4;6;7;9;11;13;14;15;16;17;18;19;22;27,37-31-,26-21-,17
rfp_off,W:W24;28;29;31;33;34;36;39;40;41;43;46;47;49:B2;5;6;7;8;9;11;13;15;16;17;19;20;25,40-35-,34-30-,160
rfp_off,W:W24;27;29;31;33;34;35;36;37;38;39;40;42;43;44;45:B3;6;8;9;10;11;12;13;14;15;16;18;20;22;23;25,35-30-,35-30-,1
rfp_off,W:W26;34;40;42;47:B2;4;8;9;10;17;18;22;24;29;32,34-5-8.9.10.18.29,34-5-8.9.10.18.29,120
rfp_off,W:W26;30;31;33;34;35;36;37;38;40;45;47;48:B11;12;13;14;16;17;18;19;20;22;24;27;28,47-42-,48-42-,-2
rfp_off,W:W34;35;39;40;45;48:B2;3;8;9;10;13;16;17;19;24;25;29;43,34-5-10.19.29,34-5-10.19.29,7
rfp_off,W:W26;28;29;32;33;34;36;39;40;41;42;45;47;49:B2;4;6;7;8;9;10;12;15;17;18;19;22;25,36-31-,40-35-,0
rfp_off,W:W26;27;31;32;35;36;38;39;40;42;43;45;47;49:B3;4;6;8;11;12;13;14;16;17;21;23;24;29,47-41-,32-28-,23
rfp_off,B:W31;32;34;36;37;39;40;41;42;43;44;45;47;49:B2;3;6;8;12;13;14;18;19;21;22;23;25;28,21-26-,21-26-,-6
rfp_off,W:W28;35;38;39;40;42;43;47:B12;13;14;15;18;19;24;27,42-37-,42-37-,1
rfp_off,W:W25;27;32;33;34;35;38;39;42;48:B3;11;12;13;16;18;19;21;23;24,33-28-,33-28-,-10
rfp_off,W:W26;27;28;30;32;34;35;36;38;40;42;45;47;48;49:B4;6;8;9;11;12;13;15;16;17;18;19;20;23;25,49-44-,38-33-,-1
rfp_off,W:W25;26;31;36;39;40;41;42;46;49;50:B10;12;13;14;17;18;20;22;27;28;33,40-34-,40-35-,-17
rfp_off,W:W25;29;30;33;35;36;37;38;42;43;47;48;49:B1;2;3;9;11;12;13;14;15;18;22;23;27,49-44-,29-24-,-4
rfp_off,B:W24;25;27;30;32;35;36;37;38;40;41;42;43;45;46;47;48:B2;3;6;8;9;10;12;13;14;16;17;18;19;21;23;26,10-15-,10-15-,6
rfp_off,W:W25;31;33;34;35;36;38;42;43;47;48:B2;3;11;12;13;14;15;18;22;23;27,34-29-,33-29-,-5
rfp_off,W:W19;24;28;29;35;36:B8;9;10;12;13;17;18;25;30,29-23-,29-23-,79
rfp_off,W:W23;26;29;31;36;37;39;42;43:B1;7;9;12;14;16;18;19;22,43-38-,43-38-,-34
rfp_off,W:W10;25;44:B2;4;7;8;9;13;15;18;20,25-1-7.8.9.20,25-1-7.8.9.20,50
rfp_off,W:W30;34;35;37;38;39;40;41;42;43;45;47;48:B2;3;6;8;12;15;18;19;21;23;24;25;26,39-33-,39-33-,-5
rfp_off,W:W36;40;44;45;49:B7;9;15;18;20;25;30;38,49-43-,49-43-,101
rfp_off,B:W25;26;28;30;33;35;36;38;39;40;42;47;48;49;50:B3;4;6;7;8;9;10;12;14;17;18;19;22;24;27,8-13-,18-23-,48
rfp_off,W:W26;27;28;32;38;39;40;41;43:B8;10;12;13;16;17;18;23;24,28-30-23.24,28-30-23.24,116
rfp_off,W:W28;32;33;34;35;36;37;38;39;40;42;43;44;45;48:B3;7;8;9;12;13;15;16;17;18;20;21;24;25;26,34-30-,34-30-,-7
rfp_off,W:W25;27;28;30;32;33;34;35;37;38;39;43:B6;11;12;13;14;15;16;18;19;23;24;26,28-22-,28-22-,-58
rfp_off,W:W25;27;28;30;32;33;34;35;37;38;39;43:B8;9;12;13;14;16;18;19;21;23;24;26,37-31-,25-20-,-32
rfp_off,W:W20;24;28;29;32;33;36;44;47;49:B5;7;8;9;12;14;17;18;21;26,20-15-,20-15-,29
razor_off,W:W27;28;32;34;35;36;37;38;39;40;42;45;47;48:B2;3;6;11;12;13;14;15;16;18;19;21;24;26,34-30-,28-23-,84
razor_off,W:W24;28;29;32;34;37;38;39;40;44;45;48:B7;8;9;11;13;15;16;18;19;20;23;25,40-35-,38-33-,-61
razor_off,W:W21;23;24;28;29;32;33;37;39;48:B2;8;9;12;13;15;17;18;20;26,39-34-,32-27-,52
razor_off,B:W26;27;28;31;32;33;36;38;39;42;43;44;45;49:B3;4;6;7;8;11;12;14;16;17;19;23;24;25,4-10-,3-9-,13
razor_off,B:W27;28;32;34;36;38;39;40;42;45;48:B1;3;4;11;12;14;17;18;19;23;24,17-21-,11-16-,10
razor_off,W:W23;24;27;28;29;32;33;34;36;37;38;39;40;48:B2;3;4;8;9;12;13;14;15;16;18;21;25;26,48-43-,27-22-,55
razor_off,W:W24;27;28;29;31;32;33;34;35;38;39;40;43;45;48:B2;3;4;6;8;10;11;12;13;15;16;18;20;25;26,34-30-,34-30-,58
razor_off,W:W25;27;31;32;33;35;36;37;38;42;45;46;47;48;49;50:B1;3;5;6;7;8;9;13;15;16;18;22;23;24;26;29,33-28-,33-28-,54
razor_off,W:W25;29;31;33;34;35;36;37;38;39;41;42;43;44;45;47;49:B2;3;4;6;7;8;10;11;13;14;15;18;19;20;22;23;27,34-30-,34-30-,59
razor_off,W:W25;28;31;32;33;35;38;39;40;42;48:B3;9;12;13;14;16;17;19;21;22;24,31-26-,31-26-,-23
razor_off,W:W12;48:B6;11;13;14;16;24;34;43,48-10-14.24.34.43,48-10-14.24.34.43,52
razor_off,W:W25;26;30;33;34;36;37;38;39;41;42;43;44;46;48:B2;4;6;7;9;11;13;14;15;16;17;18;19;22;27,37-31-,30-24-,19
razor_off,W:W24;28;29;31;33;34;36;39;40;41;43;46;47;49:B2;5;6;7;8;9;11;13;15;16;17;19;20;25,40-35-,34-30-,158
razor_off,W:W24;27;29;31;33;34;35;36;37;38;39;40;42;43;44;45:B3;6;8;9;10;11;12;13;14;15;16;18;20;22;23;25,35-30-,35-30-,7
razor_off,W:W26;34;40;42;47:B2;4;8;9;10;17;18;22;24;29;32,34-5-8.9.10.18.29,34-5-8.9.10.18.29,99
razor_off,W:W26;30;31;33;34;35;36;37;38;40;45;47;48:B11;12;13;14;16;17;18;19;20;22;24;27;28,47-42-,48-42-,-4
razor_off,W:W34;35;39;40;45;48:B2;3;8;9;10;13;16;17;19;24;25;29;43,34-5-10.19.29,34-5-10.19.29,16
razor_off,W:W26;28;29;32;33;34;36;39;40;41;42;45;47;49:B2;4;6;7;8;9;10;12;15;17;18;19;22;25,36-31-,42-38-,-2
razor_off,W:W26;27;31;32;35;36;38;39;40;42;43;45;47;49:B3;4;6;8;11;12;13;14;16;17;21;23;24;29,47-41-,32-28-,23
razor_off,B:W31;32;34;36;37;39;40;41;42;43;44;45;47;49:B2;3;6;8;12;13;14;18;19;21;22;23;25;28,21-26-,21-26-,-6
razor_off,W:W28;35;38;39;40;42;43;47:B12;13;14;15;18;19;24;27,42-37-,42-37-,-10
razor_off,W:W25;27;32;33;34;35;38;39;42;48:B3;11;12;13;16;18;19;21;23;24,33-28-,34-30-,3
razor_off,W:W26;27;28;30;32;34;35;36;38;40;42;45;47;48;49:B4;6;8;9;11;12;13;15;16;17;18;19;20;23;25,49-44-,38-33-,-2
razor_off,W:W25;26;31;36;39;40;41;42;46;49;50:B10;12;13;14;17;18;20;22;27;28;33,40-34-,40-35-,-17
razor_off,W:W25;29;30;33;35;36;37;38;42;43;47;48;49:B1;2;3;9;11;12;13;14;15;18;22;23;27,49-44-,29-24-,-9
razor_off,B:W24;25;27;30;32;35;36;37;38;40;41;42;43;45;46;47;48:B2;3;6;8;9;10;12;13;14;16;17;18;19;21;23;26,10-15-,10-15-,4
razor_off,W:W25;31;33;34;35;36;38;42;43;47;48:B2;3;11;12;13;14;15;18;22;23;27,34-29-,43-39-,-5
razor_off,W:W19;24;28;29;35;36:B8;9;10;12;13;17;18;25;30,29-23-,29-23-,77
razor_off,W:W23;26;29;31;36;37;39;42;43:B1;7;9;12;14;16;18;19;22,43-38-,43-38-,-34
razor_off,W:W10;25;44:B2;4;7;8;9;13;15;18;20,25-1-7.8.9.20,25-1-7.8.9.20,37
razor_off,W:W30;34;35;37;38;39;40;41;42;43;45;47;48:B2;3;6;8;12;15;18;19;21;23;24;25;26,39-33-,39-33-,6
razor_off,W:W36;40;44;45;49:B7;9;15;18;20;25;30;38,49-43-,49-43-,76
razor_off,B:W25;26;28;30;33;35;36;38;39;40;42;47;48;49;50:B3;4;6;7;8;9;10;12;14;17;18;19;22;24;27,8-13-,18-23-,17
razor_off,W:W26;27;28;32;38;39;40;41;43:B8;10;12;13;16;17;18;23;24,28-30-23.24,28-30-23.24,114
razor_off,W:W28;32;33;34;35;36;37;38;39;40;42;43;44;45;48:B3;7;8;9;12;13;15;16;17;18;20;21;24;25;26,34-30-,34-30-,-7
razor_off,W:W25;27;28;30;32;33;34;35;37;38;39;43:B6;11;12;13;14;15;16;18;19;23;24;26,28-22-,28-22-,-46
razor_off,W:W25;27;28;30;32;33;34;35;37;38;39;43:B8;9;12;13;14;16;18;19;21;23;24;26,37-31-,25-20-,-32
razor_off,W:W20;24;28;29;32;33;36;44;47;49:B5;7;8;9;12;14;17;18;21;26,20-15-,20-15-,27
multicut_off,W:W27;28;32;34;35;36;37;38;39;40;42;45;47;48:B2;3;6;11;12;13;14;15;16;18;19;21;24;26,34-30-,28-23-,85
multicut_off,W:W24;28;29;32;34;37;38;39;40;44;45;48:B7;8;9;11;13;15;16;18;19;20;23;25,40-35-,40-35-,-60
multicut_off,W:W21;23;24;28;29;32;33;37;39;48:B2;8;9;12;13;15;17;18;20;26,39-34-,48-42-,54
multicut_off,B:W26;27;28;31;32;33;36;38;39;42;43;44;45;49:B3;4;6;7;8;11;12;14;16;17;19;23;24;25,4-10-,3-9-,12
multicut_off,B:W27;28;32;34;36;38;39;40;42;45;48:B1;3;4;11;12;14;17;18;19;23;24,17-21-,11-16-,10
multicut_off,W:W23;24;27;28;29;32;33;34;36;37;38;39;40;48:B2;3;4;8;9;12;13;14;15;16;18;21;25;26,48-43-,27-22-,55
multicut_off,W:W24;27;28;29;31;32;33;34;35;38;39;40;43;45;48:B2;3;4;6;8;10;11;12;13;15;16;18;20;25;26,34-30-,34-30-,50
multicut_off,W:W25;27;31;32;33;35;36;37;38;42;45;46;47;48;49;50:B1;3;5;6;7;8;9;13;15;16;18;22;23;24;26;29,33-28-,33-28-,54
multicut_off,W:W25;29;31;33;34;35;36;37;38;39;41;42;43;44;45;47;49:B2;3;4;6;7;8;10;11;13;14;15;18;19;20;22;23;27,34-30-,34-30-,59
multicut_off,W:W25;28;31;32;33;35;38;39;40;42;48:B3;9;12;13;14;16;17;19;21;22;24,31-26-,31-26-,-23
multicut_off,W:W12;48:B6;11;13;14;16;24;34;43,48-10-14.24.34.43,48-10-14.24.34.43,57
multicut_off,W:W25;26;30;33;34;36;37;38;39;41;42;43;44;46;48:B2;4;6;7;9;11;13;14;15;16;17;18;19;22;27,37-31-,30-24-,34
multicut_off,W:W24;28;29;31;33;34;36;39;40;41;43;46;47;49:B2;5;6;7;8;9;11;13;15;16;17;19;20;25,40-35-,34-30-,160
multicut_off,W:W24;27;29;31;33;34;35;36;37;38;39;40;42;43;44;45:B3;6;8;9;10;11;12;13;14;15;16;18;20;22;23;25,35-30-,37-32-,1
multicut_off,W:W26;34;40;42;47:B2;4;8;9;10;17;18;22;24;29;32,34-5-8.9.10.18.29,34-5-8.9.10.18.29,106
multicut_off,W:W26;30;31;33;34;35;36;37;38;40;45;47;48:B11;12;13;14;16;17;18;19;20;22;24;27;28,47-42-,37-32-,-9
multicut_off,W:W34;35;39;40;45;48:B2;3;8;9;10;13;16;17;19;24;25;29;43,34-5-10.19.29,34-5-10.19.29,11
multicut_off,W:W26;28;29;32;33;34;36;39;40;41;42;45;47;49:B2;4;6;7;8;9;10;12;15;17;18;19;22;25,36-31-,42-38-,-2
multicut_off,W:W26;27;31;32;35;36;38;39;40;42;43;45;47;49:B3;4;6;8;11;12;13;14;16;17;21;23;24;29,47-41-,32-28-,23
multicut_off,B:W31;32;34;36;37;39;40;41;42;43;44;45;47;49:B2;3;6;8;12;13;14;18;19;21;22;23;25;28,21-26-,21-26-,-6
multicut_off,W:W28;35;38;39;40;42;43;47:B12;13;14;15;18;19;24;27,42-37-,42-37-,-4
multicut_off,W:W25;27;32;33;34;35;38;39;42;48:B3;11;12;13;16;18;19;21;23;24,33-28-,34-30-,-1
multicut_off,W:W26;27;28;30;32;34;35;36;38;40;42;45;47;48;49:B4;6;8;9;11;12;13;15;16;17;18;19;20;23;25,49-44-,38-33-,-1
multicut_off,W:W25;26;31;36;39;40;41;42;46;49;50:B10;12;13;14;17;18;20;22;27;28;33,40-34-,40-35-,-17
multicut_off,W:W25;29;30;33;35;36;37;38;42;43;47;48;49:B1;2;3;9;11;12;13;14;15;18;22;23;27,49-44-,29-24-,-10
multicut_off,B:W24;25;27;30;32;35;36;37;38;40;41;42;43;45;46;47;48:B2;3;6;8;9;10;12;13;14;16;17;18;19;21;23;26,10-15-,10-15-,5
multicut_off,W:W25;31;33;34;35;36;38;42;43;47;48:B2;3;11;12;13;14;15;18;22;23;27,34-29-,34-30-,-10
multicut_off,W:W19;24;28;29;35;36:B8;9;10;12;13;17;18;25;30,29-23-,29-23-,69
multicut_off,W:W23;26;29;31;36;37;39;42;43:B1;7;9;12;14;16;18;19;22,43-38-,43-38-,-34
multicut_off,W:W10;25;44:B2;4;7;8;9;13;15;18;20,25-1-7.8.9.20,25-1-7.8.9.20,62
multicut_off,W:W30;34;35;37;38;39;40;41;42;43;45;47;48:B2;3;6;8;12;15;18;19;21;23;24;25;26,39-33-,39-33-,6
multicut_off,W:W36;40;44;45;49:B7;9;15;18;20;25;30;38,49-43-,49-43-,76
multicut_off,B:W25;26;28;30;33;35;36;38;39;40;42;47;48;49;50:B3;4;6;7;8;9;10;12;14;17;18;19;22;24;27,8-13-,18-23-,16
multicut_off,W:W26;27;28;32;38;39;40;41;43:B8;10;12;13;16;17;18;23;24,28-30-23.24,28-30-23.24,113
multicut_off,W:W28;32;33;34;35;36;37;38;39;40;42;43;44;45;48:B3;7;8;9;12;13;15;16;17;18;20;21;24;25;26,34-30-,34-30-,-4
multicut_off,W:W25;27;28;30;32;33;34;35;37;38;39;43:B6;11;12;13;14;15;16;18;19;23;24;26,28-22-,28-22-,-24
multicut_off,W:W25;27;28;30;32;33;34;35;37;38;39;43:B8;9;12;13;14;16;18;19;21;23;24;26,37-31-,34-29-,-20
multicut_off,W:W20;24;28;29;32;33;36;44;47;49:B5;7;8;9;12;14;17;18;21;26,20-15-,20-15-,24
all_off,W:W27;28;32;34;35;36;37;38;39;40;42;45;47;48:B2;3;6;11;12;13;14;15;16;18;19;21;24;26,34-30-,28-23-,79
all_off,W:W24;28;29;32;34;37;38;39;40;44;45;48:B7;8;9;11;13;15;16;18;19;20;23;25,40-35-,34-30-,94
all_off,W:W21;23;24;28;29;32;33;37;39;48:B2;8;9;12;13;15;17;18;20;26,39-34-,28-22-,121
all_off,B:W26;27;28;31;32;33;36;38;39;42;43;44;45;49:B3;4;6;7;8;11;12;14;16;17;19;23;24;25,4-10-,24-30-,13
all_off,B:W27;28;32;34;36;38;39;40;42;45;48:B1;3;4;11;12;14;17;18;19;23;24,17-21-,11-16-,9
all_off,W:W23;24;27;28;29;32;33;34;36;37;38;39;40;48:B2;3;4;8;9;12;13;14;15;16;18;21;25;26,48-43-,27-22-,89
all_off,W:W24;27;28;29;31;32;33;34;35;38;39;40;43;45;48:B2;3;4;6;8;10;11;12;13;15;16;18;20;25;26,34-30-,34-30-,21
all_off,W:W25;27;31;32;33;35;36;37;38;42;45;46;47;48;49;50:B1;3;5;6;7;8;9;13;15;16;18;22;23;24;26;29,33-28-,33-28-,54
all_off,W:W25;29;31;33;34;35;36;37;38;39;41;42;43;44;45;47;49:B2;3;4;6;7;8;10;11;13;14;15;18;19;20;22;23;27,34-30-,34-30-,59
all_off,W:W25;28;31;32;33;35;38;39;40;42;48:B3;9;12;13;14;16;17;19;21;22;24,31-26-,31-26-,-23
all_off,W:W12;48:B6;11;13;14;16;24;34;43,48-10-14.24.34.43,48-10-14.24.34.43,65
all_off,W:W25;26;30;33;34;36;37;38;39;41;42;43;44;46;48:B2;4;6;7;9;11;13;14;15;16;17;18;19;22;27,37-31-,30-24-,8
all_off,W:W24;28;29;31;33;34;36;39;40;41;43;46;47;49:B2;5;6;7;8;9;11;13;15;16;17;19;20;25,40-35-,34-30-,155
all_off,W:W24;27;29;31;33;34;35;36;37;38;39;40;42;43;44;45:B3;6;8;9;10;11;12;13;14;15;16;18;20;22;23;25,35-30-,27-21-,112
all_off,W:W26;34;40;42;47:B2;4;8;9;10;17;18;22;24;29;32,34-5-8.9.10.18.29,34-5-8.9.10.18.29,111
all_off,W:W26;30;31;33;34;35;36;37;38;40;45;47;48:B11;12;13;14;16;17;18;19;20;22;24;27;28,47-42-,48-42-,-2
all_off,W:W34;35;39;40;45;48:B2;3;8;9;10;13;16;17;19;24;25;29;43,34-5-10.19.29,34-5-10.19.29,15
all_off,W:W26;28;29;32;33;34;36;39;40;41;42;45;47;49:B2;4;6;7;8;9;10;12;15;17;18;19;22;25,36-31-,26-21-,44
all_off,W:W26;27;31;32;35;36;38;39;40;42;43;45;47;49:B3;4;6;8;11;12;13;14;16;17;21;23;24;29,47-41-,32-28-,3
all_off,B:W31;32;34;36;37;39;40;41;42;43;44;45;47;49:B2;3;6;8;12;13;14;18;19;21;22;23;25;28,21-26-,25-30-,41
all_off,W:W28;35;38;39;40;42;43;47:B12;13;14;15;18;19;24;27,42-37-,42-37-,-7
all_off,W:W25;27;32;33;34;35;38;39;42;48:B3;11;12;13;16;18;19;21;23;24,33-28-,34-30-,3
all_off,W:W26;27;28;30;32;34;35;36;38;40;42;45;47;48;49:B4;6;8;9;11;12;13;15;16;17;18;19;20;23;25,49-44-,38-33-,-1
all_off,W:W25;26;31;36;39;40;41;42;46;49;50:B10;12;13;14;17;18;20;22;27;28;33,40-34-,42-38-,42
all_off,W:W25;29;30;33;35;36;37;38;42;43;47;48;49:B1;2;3;9;11;12;13;14;15;18;22;23;27,49-44-,29-24-,-11
all_off,B:W24;25;27;30;32;35;36;37;38;40;41;42;43;45;46;47;48:B2;3;6;8;9;10;12;13;14;16;17;18;19;21;23;26,10-15-,10-15-,9
all_off,W:W25;31;33;34;35;36;38;42;43;47;48:B2;3;11;12;13;14;15;18;22;23;27,34-29-,33-29-,-6
all_off,W:W19;24;28;29;35;36:B8;9;10;12;13;17;18;25;30,29-23-,29-23-,123
all_off,W:W23;26;29;31;36;37;39;42;43:B1;7;9;12;14;16;18;19;22,43-38-,43-38-,-27
all_off,W:W10;25;44:B2;4;7;8;9;13;15;18;20,25-1-7.8.9.20,25-1-7.8.9.20,65
all_off,W:W30;34;35;37;38;39;40;41;42;43;45;47;48:B2;3;6;8;12;15;18;19;21;23;24;25;26,39-33-,39-33-,-4
all_off,W:W36;40;44;45;49:B7;9;15;18;20;25;30;38,49-43-,49-43-,116
all_off,B:W25;26;28;30;33;35;36;38;39;40;42;47;48;49;50:B3;4;6;7;8;9;10;12;14;17;18;19;22;24;27,8-13-,18-23-,16
all_off,W:W26;27;28;32;38;39;40;41;43:B8;10;12;13;16;17;18;23;24,28-30-23.24,28-30-23.24,123
all_off,W:W28;32;33;34;35;36;37;38;39;40;42;43;44;45;48:B3;7;8;9;12;13;15;16;17;18;20;21;24;25;26,34-30-,34-30-,-3
all_off,W:W25;27;28;30;32;33;34;35;37;38;39;43:B6;11;12;13;14;15;16;18;19;23;24;26,28-22-,28-22-,-66
all_off,W:W25;27;28;30;32;33;34;35;37;38;39;43:B8;9;12;13;14;16;18;19;21;23;24;26,37-31-,25-20-,-32
all_off,W:W20;24;28;29;32;33;36;44;47;49:B5;7;8;9;12;14;17;18;21;26,20-15-,28-23-,77
baseline,B:W22;25;27;30;32;33;35;36;37;38;39;45:B6;9;11;12;13;14;16;18;19;23;24;26,11-17-,24-29-,103
baseline,W:W24;27;28;29;37;38:B7;8;13;18;19;26,28-23-,27-21-,105
baseline,W:W16;25;26;27;30;34;35;38;39;40;48:B7;13;14;15;17;18;19;23;28;29,30-24-,38-33-,113
baseline,W:W25;28;32;33;35;36;37;38;39;40;41;42;44;45;46;47;48;49:B2;3;4;6;8;9;10;11;12;13;14;15;16;17;19;23;24;26,49-43-,37-31-,3
baseline,W:W23;27;28;31;32;34;35;36;37;38;39;42;43;44;49:B2;3;6;8;9;11;12;14;15;16;18;19;20;25;26,34-30-,27-21-,44
baseline,W:W26;29;33;34;36;37;38;39;41;42;43;44;45;46;48;49:B2;3;4;6;7;10;11;12;13;15;18;19;22;23;25;27,37-31-,44-40-,-13
baseline,W:W26;29;31;32;33;34;35;36;38;39;42;43;44;45;47;49:B2;3;6;7;10;11;12;13;14;16;18;19;20;22;24;25,32-28-,31-27-,-1
baseline,W:W22;27;28;29;32;33;35;36;37;38;39;40;42;43;45;47;48:B1;3;4;8;9;11;12;13;15;16;18;19;20;21;24;25;26,36-31-,29-23-,69
baseline,W:W27;28;34;37;38;39;40;43;44;47;50:B3;4;7;8;9;12;14;17;19;24;36,37-31-,38-32-,0
baseline,W:W29;30;31;32;34;35;36;37;38;40;42;43;44;45;47;48:B2;3;6;7;8;9;10;13;14;15;16;17;19;20;21;26,30-25-,29-23-,-7
baseline,W:W23;24;26;28;29;33;34;36;39;41;42;43;47;48;49:B2;3;6;7;8;11;12;13;14;15;16;17;20;25;27,49-44-,23-18-,51
baseline,W:W26;28;29;33;34;35;36;38;39;41;42;44;47;48;49;50:B2;3;4;6;7;8;10;12;13;15;17;18;20;22;24;27,50-45-,41-37-,0
baseline,B:W25;27;28;30;31;32;34;35;36;38;40;42;43;44;45;47;49:B1;3;5;6;8;9;10;11;12;13;14;15;16;18;19;23;29,19-24-,12-17-,0
baseline,W:W22;28;29;31;32;33;34;35;37;38;39;40;42;43;44:B4;6;7;9;10;11;13;14;15;17;18;19;20;24;26,31-27-,32-27-,-38
baseline,W:W21;28;30;32;33;35;36;37;39;49:B2;4;7;12;13;17;19;24;26;29,32-27-,32-27-,81
baseline,W:W26;27;28;32;33;34;35;38;39;40;42;45;48:B8;9;12;13;15;16;17;18;19;20;23;24;25,48-43-,27-22-,165
baseline,W:W26;28;31;32;33;34;35;36;38;39;40;42;43;44;45;48:B6;7;8;9;10;12;13;15;16;17;18;20;21;22;24;25,34-30-,34-30-,96
baseline,W:W25;26;27;29;30;31;35;37;41;42;43;45:B3;6;8;9;11;12;13;14;16;17;18;20,30-24-,30-24-,43
baseline,B:W23;24;26;29;33;34;35;36;37;38;39;44;45;49:B3;5;7;8;10;12;13;14;15;17;18;20;25;27,14-19-,14-19-,-8
baseline,W:W25;26;27;32;33;35;38;39;40;41;42;43;47:B6;8;12;13;14;15;16;18;19;22;23;24;36,32-28-,32-28-,1
baseline,W:W25;26;28;31;33;36;38;39;43;46;47;48;49:B2;6;8;9;11;12;13;17;19;22;23;24;27,39-34-,39-34-,-12
baseline,B:W28;29;31;33;34;35;36;37;38;39;40;44;45;47;48;49:B2;3;6;7;8;12;13;14;15;16;18;19;20;21;24;25,18-23-,12-17-,12
baseline,W:W25;28;30;35;36;37;38;39;40;41;42;43;45;46;47;48;49:B1;2;3;4;7;8;9;10;11;12;13;14;17;19;23;24;26,39-33-,37-31-,-1
baseline,B:W25;27;28;32;33;35;37;38;39;41;42;44;45;48:B3;5;6;9;11;12;13;16;18;19;21;23;24;26,12-17-,12-17-,3
baseline,W:W24;27;29;33;34;35;36;37;38;39;40;44:B2;3;4;7;8;10;12;13;15;17;18;20,38-32-,27-21-,1
baseline,W:W22;28;31;32;35;36;38;39;40;42;44;45;48:B3;7;8;9;13;14;15;16;19;21;23;24;29,31-27-,31-26-,12
baseline,B:W24;27;29;32;33;34;35;36;37;38;39;40;41;42;46;48;49:B1;2;4;7;8;9;12;13;15;16;17;18;20;21;23;25;26,17-22-,17-22-,6
baseline,B:W22;27;28;29;32;33;35;36;37;39;43;45;48:B3;6;8;9;11;13;14;15;16;19;20;21;24,8-12-,8-12-,0
baseline,W:W26;29;30;31;34;35;36;38;39;41;44;45;46;48;49:B3;6;11;12;13;14;16;17;18;19;22;23;25;27;28,38-33-,38-33-,0
baseline,W:W27;28;30;32;33;34;35;37;38;40;41;44;45;46;47;48;49;50:B1;2;3;4;5;6;9;10;12;13;15;16;18;19;21;23;24;25,27-22-,37-31-,-1
baseline,W:W25;27;28;30;31;32;33;35;36;38;39;44;45;47;48:B2;3;4;6;7;8;13;14;15;16;18;19;23;24;26,48-42-,48-42-,29
baseline,W:W35;36;45:B7;9;15;18;20;25;30;40,35-24-30,35-24-30,90
baseline,W:W27;28;30;32;33;34;35;38;45:B3;7;9;12;13;17;19;20;23,30-24-,30-25-,-45
baseline,W:W24;26;28;29;32;33;34;37;39;40;42;45;47;48:B2;4;6;7;8;9;10;12;13;17;18;19;22;25,40-35-,40-35-,0
baseline,W:W27;28;32;33;34;35;37;38;39;40;41;44;45;46;47;49;50:B2;3;4;6;7;9;11;12;13;14;16;18;19;21;23;24;26,41-36-,34-30-,-9
baseline,W:W25;27;28;30;32;33;34;35;37;38;39;43;48:B3;8;9;13;14;15;16;18;19;21;23;24;26,27-22-,34-29-,-5
baseline,W:W10;25;32;33;35;37;38;39;43:B8;9;12;13;16;21;26;28;31;34,32-23-28,32-23-28,-24
baseline,W:W23;24;29;31;32;36;37;39;42;44;47;48:B3;6;7;8;9;12;15;16;17;18;21;26,31-27-,44-40-,23
lmr_off,B:W22;25;27;30;32;33;35;36;37;38;39;45:B6;9;11;12;13;14;16;18;19;23;24;26,11-17-,24-29-,75
lmr_off,W:W24;27;28;29;37;38:B7;8;13;18;19;26,28-23-,27-21-,122
lmr_off,W:W16;25;26;27;30;34;35;38;39;40;48:B7;13;14;15;17;18;19;23;28;29,30-24-,38-33-,127
lmr_off,W:W25;28;32;33;35;36;37;38;39;40;41;42;44;45;46;47;48;49:B2;3;4;6;8;9;10;11;12;13;14;15;16;17;19;23;24;26,49-43-,32-27-,60
lmr_off,W:W23;27;28;31;32;34;35;36;37;38;39;42;43;44;49:B2;3;6;8;9;11;12;14;15;16;18;19;20;25;26,34-30-,27-21-,80
lmr_off,W:W26;29;33;34;36;37;38;39;41;42;43;44;45;46;48;49:B2;3;4;6;7;10;11;12;13;15;18;19;22;23;25;27,37-31-,29-24-,80
lmr_off,W:W26;29;31;32;33;34;35;36;38;39;42;43;44;45;47;49:B2;3;6;7;10;11;12;13;14;16;18;19;20;22;24;25,32-28-,29-23-,211
lmr_off,W:W22;27;28;29;32;33;35;36;37;38;39;40;42;43;45;47;48:B1;3;4;8;9;11;12;13;15;16;18;19;20;21;24;25;26,36-31-,29-23-,39
lmr_off,W:W27;28;34;37;38;39;40;43;44;47;50:B3;4;7;8;9;12;14;17;19;24;36,37-31-,28-23-,23
lmr_off,W:W29;30;31;32;34;35;36;37;38;40;42;43;44;45;47;48:B2;3;6;7;8;9;10;13;14;15;16;17;19;20;21;26,30-25-,32-27-,43
lmr_off,W:W23;24;26;28;29;33;34;36;39;41;42;43;47;48;49:B2;3;6;7;8;11;12;13;14;15;16;17;20;25;27,49-44-,23-18-,53
lmr_off,W:W26;28;29;33;34;35;36;38;39;41;42;44;47;48;49;50:B2;3;4;6;7;8;10;12;13;15;17;18;20;22;24;27,50-45-,35-30-,46
lmr_off,B:W25;27;28;30;31;32;34;35;36;38;40;42;43;44;45;47;49:B1;3;5;6;8;9;10;11;12;13;14;15;16;18;19;23;29,19-24-,19-24-,205
lmr_off,W:W22;28;29;31;32;33;34;35;37;38;39;40;42;43;44:B4;6;7;9;10;11;13;14;15;17;18;19;20;24;26,31-27-,32-27-,-48
lmr_off,W:W21;28;30;32;33;35;36;37;39;49:B2;4;7;12;13;17;19;24;26;29,32-27-,32-27-,106
lmr_off,W:W26;27;28;32;33;34;35;38;39;40;42;45;48:B8;9;12;13;15;16;17;18;19;20;23;24;25,48-43-,27-22-,165
lmr_off,W:W26;28;31;32;33;34;35;36;38;39;40;42;43;44;45;48:B6;7;8;9;10;12;13;15;16;17;18;20;21;22;24;25,34-30-,34-30-,100
lmr_off,W:W25;26;27;29;30;31;35;37;41;42;43;45:B3;6;8;9;11;12;13;14;16;17;18;20,30-24-,30-24-,41
lmr_off,B:W23;24;26;29;33;34;35;36;37;38;39;44;45;49:B3;5;7;8;10;12;13;14;15;17;18;20;25;27,14-19-,14-19-,-11
lmr_off,W:W25;26;27;32;33;35;38;39;40;41;42;43;47:B6;8;12;13;14;15;16;18;19;22;23;24;36,32-28-,26-21-,62
lmr_off,W:W25;26;28;31;33;36;38;39;43;46;47;48;49:B2;6;8;9;11;12;13;17;19;22;23;24;27,39-34-,39-34-,-19
lmr_off,B:W28;29;31;33;34;35;36;37;38;39;40;44;45;47;48;49:B2;3;6;7;8;12;13;14;15;16;18;19;20;21;24;25,18-23-,18-23-,6
lmr_off,W:W25;28;30;35;36;37;38;39;40;41;42;43;45;46;47;48;49:B1;2;3;4;7;8;9;10;11;12;13;14;17;19;23;24;26,39-33-,28-22-,67
lmr_off,B:W25;27;28;32;33;35;37;38;39;41;42;44;45;48:B3;5;6;9;11;12;13;16;18;19;21;23;24;26,12-17-,9-14-,10
lmr_off,W:W24;27;29;33;34;35;36;37;38;39;40;44:B2;3;4;7;8;10;12;13;15;17;18;20,38-32-,27-21-,1
lmr_off,W:W22;28;31;32;35;36;38;39;40;42;44;45;48:B3;7;8;9;13;14;15;16;19;21;23;24;29,31-27-,35-30-,41
lmr_off,B:W24;27;29;32;33;34;35;36;37;38;39;40;41;42;46;48;49:B1;2;4;7;8;9;12;13;15;16;17;18;20;21;23;25;26,17-22-,17-22-,6
lmr_off,B:W22;27;28;29;32;33;35;36;37;39;43;45;48:B3;6;8;9;11;13;14;15;16;19;20;21;24,8-12-,11-17-,32
lmr_off,W:W26;29;30;31;34;35;36;38;39;41;44;45;46;48;49:B3;6;11;12;13;14;16;17;18;19;22;23;25;27;28,38-33-,30-24-,0
lmr_off,W:W27;28;30;32;33;34;35;37;38;40;41;44;45;46;47;48;49;50:B1;2;3;4;5;6;9;10;12;13;15;16;18;19;21;23;24;25,27-22-,27-22-,45
lmr_off,W:W25;27;28;30;31;32;33;35;36;38;39;44;45;47;48:B2;3;4;6;7;8;13;14;15;16;18;19;23;24;26,48-42-,48-42-,23
lmr_off,W:W35;36;45:B7;9;15;18;20;25;30;40,35-24-30,35-24-30,92
lmr_off,W:W27;28;30;32;33;34;35;38;45:B3;7;9;12;13;17;19;20;23,30-24-,30-24-,-35
lmr_off,W:W24;26;28;29;32;33;34;37;39;40;42;45;47;48:B2;4;6;7;8;9;10;12;13;17;18;19;22;25,40-35-,40-35-,0
lmr_off,W:W27;28;32;33;34;35;37;38;39;40;41;44;45;46;47;49;50:B2;3;4;6;7;9;11;12;13;14;16;18;19;21;23;24;26,41-36-,34-30-,-9
lmr_off,W:W25;27;28;30;32;33;34;35;37;38;39;43;48:B3;8;9;13;14;15;16;18;19;21;23;24;26,27-22-,34-29-,-5
lmr_off,W:W10;25;32;33;35;37;38;39;43:B8;9;12;13;16;21;26;28;31;34,32-23-28,32-23-28,-38
lmr_off,W:W23;24;29;31;32;36;37;39;42;44;47;48:B3;6;7;8;9;12;15;16;17;18;21;26,31-27-,39-33-,23
lmp_off,B:W22;25;27;30;32;33;35;36;37;38;39;45:B6;9;11;12;13;14;16;18;19;23;24;26,11-17-,24-29-,105
lmp_off,W:W24;27;28;29;37;38:B7;8;13;18;19;26,28-23-,27-21-,129
lmp_off,W:W16;25;26;27;30;34;35;38;39;40;48:B7;13;14;15;17;18;19;23;28;29,30-24-,38-33-,113
lmp_off,W:W25;28;32;33;35;36;37;38;39;40;41;42;44;45;46;47;48;49:B2;3;4;6;8;9;10;11;12;13;14;15;16;17;19;23;24;26,49-43-,37-31-,4
lmp_off,W:W23;27;28;31;32;34;35;36;37;38;39;42;43;44;49:B2;3;6;8;9;11;12;14;15;16;18;19;20;25;26,34-30-,27-21-,80
lmp_off,W:W26;29;33;34;36;37;38;39;41;42;43;44;45;46;48;49:B2;3;4;6;7;10;11;12;13;15;18;19;22;23;25;27,37-31-,37-32-,-12
lmp_off,W:W26;29;31;32;33;34;35;36;38;39;42;43;44;45;47;49:B2;3;6;7;10;11;12;13;14;16;18;19;20;22;24;25,32-28-,31-27-,-4
lmp_off,W:W22;27;28;29;32;33;35;36;37;38;39;40;42;43;45;47;48:B1;3;4;8;9;11;12;13;15;16;18;19;20;21;24;25;26,36-31-,29-23-,69
lmp_off,W:W27;28;34;37;38;39;40;43;44;47;50:B3;4;7;8;9;12;14;17;19;24;36,37-31-,28-23-,31
lmp_off,W:W29;30;31;32;34;35;36;37;38;40;42;43;44;45;47;48:B2;3;6;7;8;9;10;13;14;15;16;17;19;20;21;26,30-25-,29-23-,-5
lmp_off,W:W23;24;26;28;29;33;34;36;39;41;42;43;47;48;49:B2;3;6;7;8;11;12;13;14;15;16;17;20;25;27,49-44-,23-18-,48
lmp_off,W:W26;28;29;33;34;35;36;38;39;41;42;44;47;48;49;50:B2;3;4;6;7;8;10;12;13;15;17;18;20;22;24;27,50-45-,41-37-,-2
lmp_off,B:W25;27;28;30;31;32;34;35;36;38;40;42;43;44;45;47;49:B1;3;5;6;8;9;10;11;12;13;14;15;16;18;19;23;29,19-24-,19-24-,207
lmp_off,W:W22;28;29;31;32;33;34;35;37;38;39;40;42;43;44:B4;6;7;9;10;11;13;14;15;17;18;19;20;24;26,31-27-,31-27-,-44
lmp_off,W:W21;28;30;32;33;35;36;37;39;49:B2;4;7;12;13;17;19;24;26;29,32-27-,32-27-,90
lmp_off,W:W26;27;28;32;33;34;35;38;39;40;42;45;48:B8;9;12;13;15;16;17;18;19;20;23;24;25,48-43-,27-22-,165
lmp_off,W:W26;28;31;32;33;34;35;36;38;39;40;42;43;44;45;48:B6;7;8;9;10;12;13;15;16;17;18;20;21;22;24;25,34-30-,34-30-,100
lmp_off,W:W25;26;27;29;30;31;35;37;41;42;43;45:B3;6;8;9;11;12;13;14;16;17;18;20,30-24-,30-24-,41
lmp_off,B:W23;24;26;29;33;34;35;36;37;38;39;44;45;49:B3;5;7;8;10;12;13;14;15;17;18;20;25;27,14-19-,14-19-,0
lmp_off,W:W25;26;27;32;33;35;38;39;40;41;42;43;47:B6;8;12;13;14;15;16;18;19;22;23;24;36,32-28-,32-28-,1
lmp_off,W:W25;26;28;31;33;36;38;39;43;46;47;48;49:B2;6;8;9;11;12;13;17;19;22;23;24;27,39-34-,39-34-,-12
lmp_off,B:W28;29;31;33;34;35;36;37;38;39;40;44;45;47;48;49:B2;3;6;7;8;12;13;14;15;16;18;19;20;21;24;25,18-23-,18-23-,7
lmp_off,W:W25;28;30;35;36;37;38;39;40;41;42;43;45;46;47;48;49:B1;2;3;4;7;8;9;10;11;12;13;14;17;19;23;24;26,39-33-,37-31-,-1
lmp_off,B:W25;27;28;32;33;35;37;38;39;41;42;44;45;48:B3;5;6;9;11;12;13;16;18;19;21;23;24;26,12-17-,12-17-,3
lmp_off,W:W24;27;29;33;34;35;36;37;38;39;40;44:B2;3;4;7;8;10;12;13;15;17;18;20,38-32-,38-32-,-2
lmp_off,W:W22;28;31;32;35;36;38;39;40;42;44;45;48:B3;7;8;9;13;14;15;16;19;21;23;24;29,31-27-,31-26-,12
lmp_off,B:W24;27;29;32;33;34;35;36;37;38;39;40;41;42;46;48;49:B1;2;4;7;8;9;12;13;15;16;17;18;20;21;23;25;26,17-22-,17-22-,8
lmp_off,B:W22;27;28;29;32;33;35;36;37;39;43;45;48:B3;6;8;9;11;13;14;15;16;19;20;21;24,8-12-,20-25-,-4
lmp_off,W:W26;29;30;31;34;35;36;38;39;41;44;45;46;48;49:B3;6;11;12;13;14;16;17;18;19;22;23;25;27;28,38-33-,38-33-,0
lmp_off,W:W27;28;30;32;33;34;35;37;38;40;41;44;45;46;47;48;49;50:B1;2;3;4;5;6;9;10;12;13;15;16;18;19;21;23;24;25,27-22-,27-22-,23
lmp_off,W:W25;27;28;30;31;32;33;35;36;38;39;44;45;47;48:B2;3;4;6;7;8;13;14;15;16;18;19;23;24;26,48-42-,48-42-,23
lmp_off,W:W35;36;45:B7;9;15;18;20;25;30;40,35-24-30,35-24-30,89
lmp_off,W:W27;28;30;32;33;34;35;38;45:B3;7;9;12;13;17;19;20;23,30-24-,45-40-,-35
lmp_off,W:W24;26;28;29;32;33;34;37;39;40;42;45;47;48:B2;4;6;7;8;9;10;12;13;17;18;19;22;25,40-35-,40-35-,0
lmp_off,W:W27;28;32;33;34;35;37;38;39;40;41;44;45;46;47;49;50:B2;3;4;6;7;9;11;12;13;14;16;18;19;21;23;24;26,41-36-,34-30-,-7
lmp_off,W:W25;27;28;30;32;33;34;35;37;38;39;43;48:B3;8;9;13;14;15;16;18;19;21;23;24;26,27-22-,27-22-,-5
lmp_off,W:W10;25;32;33;35;37;38;39;43:B8;9;12;13;16;21;26;28;31;34,32-23-28,32-23-28,-49
lmp_off,W:W23;24;29;31;32;36;37;39;42;44;47;48:B3;6;7;8;9;12;15;16;17;18;21;26,31-27-,39-34-,24
nmp_off,B:W22;25;27;30;32;33;35;36;37;38;39;45:B6;9;11;12;13;14;16;18;19;23;24;26,11-17-,24-29-,103
nmp_off,W:W24;27;28;29;37;38:B7;8;13;18;19;26,28-23-,27-21-,105
nmp_off,W:W16;25;26;27;30;34;35;38;39;40;48:B7;13;14;15;17;18;19;23;28;29,30-24-,38-33-,113
nmp_off,W:W25;28;32;33;35;36;37;38;39;40;41;42;44;45;46;47;48;49:B2;3;4;6;8;9;10;11;12;13;14;15;16;17;19;23;24;26,49-43-,37-31-,3
nmp_off,W:W23;27;28;31;32;34;35;36;37;38;39;42;43;44;49:B2;3;6;8;9;11;12;14;15;16;18;19;20;25;26,34-30-,27-21-,44
nmp_off,W:W26;29;33;34;36;37;38;39;41;42;43;44;45;46;48;49:B2;3;4;6;7;10;11;12;13;15;18;19;22;23;25;27,37-31-,44-40-,-13
nmp_off,W:W26;29;31;32;33;34;35;36;38;39;42;43;44;45;47;49:B2;3;6;7;10;11;12;13;14;16;18;19;20;22;24;25,32-28-,31-27-,-1
nmp_off,W:W22;27;28;29;32;33;35;36;37;38;39;40;42;43;45;47;48:B1;3;4;8;9;11;12;13;15;16;18;19;20;21;24;25;26,36-31-,29-23-,69
nmp_off,W:W27;28;34;37;38;39;40;43;44;47;50:B3;4;7;8;9;12;14;17;19;24;36,37-31-,38-32-,0
nmp_off,W:W29;30;31;32;34;35;36;37;38;40;42;43;44;45;47;48:B2;3;6;7;8;9;10;13;14;15;16;17;19;20;21;26,30-25-,29-23-,-7
nmp_off,W:W23;24;26;28;29;33;34;36;39;41;42;43;47;48;49:B2;3;6;7;8;11;12;13;14;15;16;17;20;25;27,49-44-,23-18-,51
nmp_off,W:W26;28;29;33;34;35;36;38;39;41;42;44;47;48;49;50:B2;3;4;6;7;8;10;12;13;15;17;18;20;22;24;27,50-45-,41-37-,0
nmp_off,B:W25;27;28;30;31;32;34;35;36;38;40;42;43;44;45;47;49:B1;3;5;6;8;9;10;11;12;13;14;15;16;18;19;23;29,19-24-,12-17-,0
nmp_off,W:W22;28;29;31;32;33;34;35;37;38;39;40;42;43;44:B4;6;7;9;10;11;13;14;15;17;18;19;20;24;26,31-27-,32-27-,-38
nmp_off,W:W21;28;30;32;33;35;36;37;39;49:B2;4;7;12;13;17;19;24;26;29,32-27-,32-27-,81
nmp_off,W:W26;27;28;32;33;34;35;38;39;40;42;45;48:B8;9;12;13;15;16;17;18;19;20;23;24;25,48-43-,27-22-,165
nmp_off,W:W26;28;31;32;33;34;35;36;38;39;40;42;43;44;45;48:B6;7;8;9;10;12;13;15;16;17;18;20;21;22;24;25,34-30-,34-30-,96
nmp_off,W:W25;26;27;29;30;31;35;37;41;42;43;45:B3;6;8;9;11;12;13;14;16;17;18;20,30-24-,30-24-,43
nmp_off,B:W23;24;26;29;33;34;35;36;37;38;39;44;45;49:B3;5;7;8;10;12;13;14;15;17;18;20;25;27,14-19-,14-19-,-8
nmp_off,W:W25;26;27;32;33;35;38;39;40;41;42;43;47:B6;8;12;13;14;15;16;18;19;22;23;24;36,32-28-,32-28-,1
nmp_off,W:W25;26;28;31;33;36;38;39;43;46;47;48;49:B2;6;8;9;11;12;13;17;19;22;23;24;27,39-34-,39-34-,-12
nmp_off,B:W28;29;31;33;34;35;36;37;38;39;40;44;45;47;48;49:B2;3;6;7;8;12;13;14;15;16;18;19;20;21;24;25,18-23-,12-17-,12
nmp_off,W:W25;28;30;35;36;37;38;39;40;41;42;43;45;46;47;48;49:B1;2;3;4;7;8;9;10;11;12;13;14;17;19;23;24;26,39-33-,37-31-,-1
nmp_off,B:W25;27;28;32;33;35;37;38;39;41;42;44;45;48:B3;5;6;9;11;12;13;16;18;19;21;23;24;26,12-17-,12-17-,3
nmp_off,W:W24;27;29;33;34;35;36;37;38;39;40;44:B2;3;4;7;8;10;12;13;15;17;18;20,38-32-,27-21-,1
nmp_off,W:W22;28;31;32;35;36;38;39;40;42;44;45;48:B3;7;8;9;13;14;15;16;19;21;23;24;29,31-27-,31-26-,12
nmp_off,B:W24;27;29;32;33;34;35;36;37;38;39;40;41;42;46;48;49:B1;2;4;7;8;9;12;13;15;16;17;18;20;21;23;25;26,17-22-,17-22-,6
nmp_off,B:W22;27;28;29;32;33;35;36;37;39;43;45;48:B3;6;8;9;11;13;14;15;16;19;20;21;24,8-12-,8-12-,0
nmp_off,W:W26;29;30;31;34;35;36;38;39;41;44;45;46;48;49:B3;6;11;12;13;14;16;17;18;19;22;23;25;27;28,38-33-,38-33-,0
nmp_off,W:W27;28;30;32;33;34;35;37;38;40;41;44;45;46;47;48;49;50:B1;2;3;4;5;6;9;10;12;13;15;16;18;19;21;23;24;25,27-22-,37-31-,-1
nmp_off,W:W25;27;28;30;31;32;33;35;36;38;39;44;45;47;48:B2;3;4;6;7;8;13;14;15;16;18;19;23;24;26,48-42-,48-42-,29
nmp_off,W:W35;36;45:B7;9;15;18;20;25;30;40,35-24-30,35-24-30,90
nmp_off,W:W27;28;30;32;33;34;35;38;45:B3;7;9;12;13;17;19;20;23,30-24-,30-25-,-45
nmp_off,W:W24;26;28;29;32;33;34;37;39;40;42;45;47;48:B2;4;6;7;8;9;10;12;13;17;18;19;22;25,40-35-,40-35-,0
nmp_off,W:W27;28;32;33;34;35;37;38;39;40;41;44;45;46;47;49;50:B2;3;4;6;7;9;11;12;13;14;16;18;19;21;23;24;26,41-36-,34-30-,-9
nmp_off,W:W25;27;28;30;32;33;34;35;37;38;39;43;48:B3;8;9;13;14;15;16;18;19;21;23;24;26,27-22-,34-29-,-5
nmp_off,W:W10;25;32;33;35;37;38;39;43:B8;9;12;13;16;21;26;28;31;34,32-23-28,32-23-28,-24
nmp_off,W:W23;24;29;31;32;36;37;39;42;44;47;48:B3;6;7;8;9;12;15;16;17;18;21;26,31-27-,44-40-,23
rfp_off,B:W22;25;27;30;32;33;35;36;37;38;39;45:B6;9;11;12;13;14;16;18;19;23;24;26,11-17-,24-29-,75
rfp_off,W:W24;27;28;29;37;38:B7;8;13;18;19;26,28-23-,27-21-,122
rfp_off,W:W16;25;26;27;30;34;35;38;39;40;48:B7;13;14;15;17;18;19;23;28;29,30-24-,38-33-,113
rfp_off,W:W25;28;32;33;35;36;37;38;39;40;41;42;44;45;46;47;48;49:B2;3;4;6;8;9;10;11;12;13;14;15;16;17;19;23;24;26,49-43-,37-31-,3
rfp_off,W:W23;27;28;31;32;34;35;36;37;38;39;42;43;44;49:B2;3;6;8;9;11;12;14;15;16;18;19;20;25;26,34-30-,27-21-,44
rfp_off,W:W26;29;33;34;36;37;38;39;41;42;43;44;45;46;48;49:B2;3;4;6;7;10;11;12;13;15;18;19;22;23;25;27,37-31-,37-32-,-11
rfp_off,W:W26;29;31;32;33;34;35;36;38;39;42;43;44;45;47;49:B2;3;6;7;10;11;12;13;14;16;18;19;20;22;24;25,32-28-,32-28-,0
rfp_off,W:W22;27;28;29;32;33;35;36;37;38;39;40;42;43;45;47;48:B1;3;4;8;9;11;12;13;15;16;18;19;20;21;24;25;26,36-31-,29-23-,69
rfp_off,W:W27;28;34;37;38;39;40;43;44;47;50:B3;4;7;8;9;12;14;17;19;24;36,37-31-,38-32-,-4
rfp_off,W:W29;30;31;32;34;35;36;37;38;40;42;43;44;45;47;48:B2;3;6;7;8;9;10;13;14;15;16;17;19;20;21;26,30-25-,29-23-,-6
rfp_off,W:W23;24;26;28;29;33;34;36;39;41;42;43;47;48;49:B2;3;6;7;8;11;12;13;14;15;16;17;20;25;27,49-44-,23-18-,51
rfp_off,W:W26;28;29;33;34;35;36;38;39;41;42;44;47;48;49;50:B2;3;4;6;7;8;10;12;13;15;17;18;20;22;24;27,50-45-,41-37-,0
rfp_off,B:W25;27;28;30;31;32;34;35;36;38;40;42;43;44;45;47;49:B1;3;5;6;8;9;10;11;12;13;14;15;16;18;19;23;29,19-24-,12-17-,0
rfp_off,W:W22;28;29;31;32;33;34;35;37;38;39;40;42;43;44:B4;6;7;9;10;11;13;14;15;17;18;19;20;24;26,31-27-,32-27-,-48
rfp_off,W:W21;28;30;32;33;35;36;37;39;49:B2;4;7;12;13;17;19;24;26;29,32-27-,32-27-,99
rfp_off,W:W26;27;28;32;33;34;35;38;39;40;42;45;48:B8;9;12;13;15;16;17;18;19;20;23;24;25,48-43-,27-22-,165
rfp_off,W:W26;28;31;32;33;34;35;36;38;39;40;42;43;44;45;48:B6;7;8;9;10;12;13;15;16;17;18;20;21;22;24;25,34-30-,34-30-,96
rfp_off,W:W25;26;27;29;30;31;35;37;41;42;43;45:B3;6;8;9;11;12;13;14;16;17;18;20,30-24-,30-24-,43
rfp_off,B:W23;24;26;29;33;34;35;36;37;38;39;44;45;49:B3;5;7;8;10;12;13;14;15;17;18;20;25;27,14-19-,14-19-,-11
rfp_off,W:W25;26;27;32;33;35;38;39;40;41;42;43;47:B6;8;12;13;14;15;16;18;19;22;23;24;36,32-28-,32-28-,0
rfp_off,W:W25;26;28;31;33;36;38;39;43;46;47;48;49:B2;6;8;9;11;12;13;17;19;22;23;24;27,39-34-,39-34-,-8
rfp_off,B:W28;29;31;33;34;35;36;37;38;39;40;44;45;47;48;49:B2;3;6;7;8;12;13;14;15;16;18;19;20;21;24;25,18-23-,12-17-,12
rfp_off,W:W25;28;30;35;36;37;38;39;40;41;42;43;45;46;47;48;49:B1;2;3;4;7;8;9;10;11;12;13;14;17;19;23;24;26,39-33-,37-31-,-1
rfp_off,B:W25;27;28;32;33;35;37;38;39;41;42;44;45;48:B3;5;6;9;11;12;13;16;18;19;21;23;24;26,12-17-,12-17-,8
rfp_off,W:W24;27;29;33;34;35;36;37;38;39;40;44:B2;3;4;7;8;10;12;13;15;17;18;20,38-32-,35-30-,-11
rfp_off,W:W22;28;31;32;35;36;38;39;40;42;44;45;48:B3;7;8;9;13;14;15;16;19;21;23;24;29,31-27-,31-26-,12
rfp_off,B:W24;27;29;32;33;34;35;36;37;38;39;40;41;42;46;48;49:B1;2;4;7;8;9;12;13;15;16;17;18;20;21;23;25;26,17-22-,17-22-,6
rfp_off,B:W22;27;28;29;32;33;35;36;37;39;43;45;48:B3;6;8;9;11;13;14;15;16;19;20;21;24,8-12-,24-30-,-2
rfp_off,W:W26;29;30;31;34;35;36;38;39;41;44;45;46;48;49:B3;6;11;12;13;14;16;17;18;19;22;23;25;27;28,38-33-,38-33-,0
rfp_off,W:W27;28;30;32;33;34;35;37;38;40;41;44;45;46;47;48;49;50:B1;2;3;4;5;6;9;10;12;13;15;16;18;19;21;23;24;25,27-22-,41-36-,2
rfp_off,W:W25;27;28;30;31;32;33;35;36;38;39;44;45;47;48:B2;3;4;6;7;8;13;14;15;16;18;19;23;24;26,48-42-,48-42-,21
rfp_off,W:W35;36;45:B7;9;15;18;20;25;30;40,35-24-30,35-24-30,80
rfp_off,W:W27;28;30;32;33;34;35;38;45:B3;7;9;12;13;17;19;20;23,30-24-,30-24-,-35
rfp_off,W:W24;26;28;29;32;33;34;37;39;40;42;45;47;48:B2;4;6;7;8;9;10;12;13;17;18;19;22;25,40-35-,40-35-,0
rfp_off,W:W27;28;32;33;34;35;37;38;39;40;41;44;45;46;47;49;50:B2;3;4;6;7;9;11;12;13;14;16;18;19;21;23;24;26,41-36-,34-30-,-9
rfp_off,W:W25;27;28;30;32;33;34;35;37;38;39;43;48:B3;8;9;13;14;15;16;18;19;21;23;24;26,27-22-,34-29-,-5
rfp_off,W:W10;25;32;33;35;37;38;39;43:B8;9;12;13;16;21;26;28;31;34,32-23-28,32-23-28,-31
rfp_off,W:W23;24;29;31;32;36;37;39;42;44;47;48:B3;6;7;8;9;12;15;16;17;18;21;26,31-27-,39-33-,25
razor_off,B:W22;25;27;30;32;33;35;36;37;38;39;45:B6;9;11;12;13;14;16;18;19;23;24;26,11-17-,24-29-,103
razor_off,W:W24;27;28;29;37;38:B7;8;13;18;19;26,28-23-,27-21-,105
razor_off,W:W16;25;26;27;30;34;35;38;39;40;48:B7;13;14;15;17;18;19;23;28;29,30-24-,38-33-,113
razor_off,W:W25;28;32;33;35;36;37;38;39;40;41;42;44;45;46;47;48;49:B2;3;4;6;8;9;10;11;12;13;14;15;16;17;19;23;24;26,49-43-,37-31-,3
razor_off,W:W23;27;28;31;32;34;35;36;37;38;39;42;43;44;49:B2;3;6;8;9;11;12;14;15;16;18;19;20;25;26,34-30-,27-21-,44
razor_off,W:W26;29;33;34;36;37;38;39;41;42;43;44;45;46;48;49:B2;3;4;6;7;10;11;12;13;15;18;19;22;23;25;27,37-31-,44-40-,-13
razor_off,W:W26;29;31;32;33;34;35;36;38;39;42;43;44;45;47;49:B2;3;6;7;10;11;12;13;14;16;18;19;20;22;24;25,32-28-,31-27-,-1
razor_off,W:W22;27;28;29;32;33;35;36;37;38;39;40;42;43;45;47;48:B1;3;4;8;9;11;12;13;15;16;18;19;20;21;24;25;26,36-31-,29-23-,69
razor_off,W:W27;28;34;37;38;39;40;43;44;47;50:B3;4;7;8;9;12;14;17;19;24;36,37-31-,38-32-,-5
razor_off,W:W29;30;31;32;34;35;36;37;38;40;42;43;44;45;47;48:B2;3;6;7;8;9;10;13;14;15;16;17;19;20;21;26,30-25-,30-25-,-9
razor_off,W:W23;24;26;28;29;33;34;36;39;41;42;43;47;48;49:B2;3;6;7;8;11;12;13;14;15;16;17;20;25;27,49-44-,23-18-,51
razor_off,W:W26;28;29;33;34;35;36;38;39;41;42;44;47;48;49;50:B2;3;4;6;7;8;10;12;13;15;17;18;20;22;24;27,50-45-,41-37-,0
razor_off,B:W25;27;28;30;31;32;34;35;36;38;40;42;43;44;45;47;49:B1;3;5;6;8;9;10;11;12;13;14;15;16;18;19;23;29,19-24-,12-17-,0
razor_off,W:W22;28;29;31;32;33;34;35;37;38;39;40;42;43;44:B4;6;7;9;10;11;13;14;15;17;18;19;20;24;26,31-27-,32-27-,-38
razor_off,W:W21;28;30;32;33;35;36;37;39;49:B2;4;7;12;13;17;19;24;26;29,32-27-,32-27-,81
razor_off,W:W26;27;28;32;33;34;35;38;39;40;42;45;48:B8;9;12;13;15;16;17;18;19;20;23;24;25,48-43-,27-22-,165
razor_off,W:W26;28;31;32;33;34;35;36;38;39;40;42;43;44;45;48:B6;7;8;9;10;12;13;15;16;17;18;20;21;22;24;25,34-30-,34-30-,96
razor_off,W:W25;26;27;29;30;31;35;37;41;42;43;45:B3;6;8;9;11;12;13;14;16;17;18;20,30-24-,30-24-,43
razor_off,B:W23;24;26;29;33;34;35;36;37;38;39;44;45;49:B3;5;7;8;10;12;13;14;15;17;18;20;25;27,14-19-,14-19-,-8
razor_off,W:W25;26;27;32;33;35;38;39;40;41;42;43;47:B6;8;12;13;14;15;16;18;19;22;23;24;36,32-28-,32-28-,1
razor_off,W:W25;26;28;31;33;36;38;39;43;46;47;48;49:B2;6;8;9;11;12;13;17;19;22;23;24;27,39-34-,39-34-,-12
razor_off,B:W28;29;31;33;34;35;36;37;38;39;40;44;45;47;48;49:B2;3;6;7;8;12;13;14;15;16;18;19;20;21;24;25,18-23-,12-17-,11
razor_off,W:W25;28;30;35;36;37;38;39;40;41;42;43;45;46;47;48;49:B1;2;3;4;7;8;9;10;11;12;13;14;17;19;23;24;26,39-33-,37-31-,-1
razor_off,B:W25;27;28;32;33;35;37;38;39;41;42;44;45;48:B3;5;6;9;11;12;13;16;18;19;21;23;24;26,12-17-,12-17-,4
razor_off,W:W24;27;29;33;34;35;36;37;38;39;40;44:B2;3;4;7;8;10;12;13;15;17;18;20,38-32-,27-21-,1
razor_off,W:W22;28;31;32;35;36;38;39;40;42;44;45;48:B3;7;8;9;13;14;15;16;19;21;23;24;29,31-27-,31-26-,12
razor_off,B:W24;27;29;32;33;34;35;36;37;38;39;40;41;42;46;48;49:B1;2;4;7;8;9;12;13;15;16;17;18;20;21;23;25;26,17-22-,17-22-,6
razor_off,B:W22;27;28;29;32;33;35;36;37;39;43;45;48:B3;6;8;9;11;13;14;15;16;19;20;21;24,8-12-,8-12-,0
razor_off,W:W26;29;30;31;34;35;36;38;39;41;44;45;46;48;49:B3;6;11;12;13;14;16;17;18;19;22;23;25;27;28,38-33-,38-33-,0
razor_off,W:W27;28;30;32;33;34;35;37;38;40;41;44;45;46;47;48;49;50:B1;2;3;4;5;6;9;10;12;13;15;16;18;19;21;23;24;25,27-22-,37-31-,-1
razor_off,W:W25;27;28;30;31;32;33;35;36;38;39;44;45;47;48:B2;3;4;6;7;8;13;14;15;16;18;19;23;24;26,48-42-,48-42-,29
razor_off,W:W35;36;45:B7;9;15;18;20;25;30;40,35-24-30,35-24-30,90
razor_off,W:W27;28;30;32;33;34;35;38;45:B3;7;9;12;13;17;19;20;23,30-24-,30-25-,-45
razor_off,W:W24;26;28;29;32;33;34;37;39;40;42;45;47;48:B2;4;6;7;8;9;10;12;13;17;18;19;22;25,40-35-,40-35-,0
razor_off,W:W27;28;32;33;34;35;37;38;39;40;41;44;45;46;47;49;50:B2;3;4;6;7;9;11;12;13;14;16;18;19;21;23;24;26,41-36-,34-30-,-9
razor_off,W:W25;27;28;30;32;33;34;35;37;38;39;43;48:B3;8;9;13;14;15;16;18;19;21;23;24;26,27-22-,34-29-,-5
razor_off,W:W10;25;32;33;35;37;38;39;43:B8;9;12;13;16;21;26;28;31;34,32-23-28,32-23-28,-24
razor_off,W:W23;24;29;31;32;36;37;39;42;44;47;48:B3;6;7;8;9;12;15;16;17;18;21;26,31-27-,44-40-,23
multicut_off,B:W22;25;27;30;32;33;35;36;37;38;39;45:B6;9;11;12;13;14;16;18;19;23;24;26,11-17-,24-29-,103
multicut_off,W:W24;27;28;29;37;38:B7;8;13;18;19;26,28-23-,27-21-,104
multicut_off,W:W16;25;26;27;30;34;35;38;39;40;48:B7;13;14;15;17;18;19;23;28;29,30-24-,38-33-,113
multicut_off,W:W25;28;32;33;35;36;37;38;39;40;41;42;44;45;46;47;48;49:B2;3;4;6;8;9;10;11;12;13;14;15;16;17;19;23;24;26,49-43-,37-31-,4
multicut_off,W:W23;27;28;31;32;34;35;36;37;38;39;42;43;44;49:B2;3;6;8;9;11;12;14;15;16;18;19;20;25;26,34-30-,27-21-,44
multicut_off,W:W26;29;33;34;36;37;38;39;41;42;43;44;45;46;48;49:B2;3;4;6;7;10;11;12;13;15;18;19;22;23;25;27,37-31-,26-21-,5
multicut_off,W:W26;29;31;32;33;34;35;36;38;39;42;43;44;45;47;49:B2;3;6;7;10;11;12;13;14;16;18;19;20;22;24;25,32-28-,29-23-,215
multicut_off,W:W22;27;28;29;32;33;35;36;37;38;39;40;42;43;45;47;48:B1;3;4;8;9;11;12;13;15;16;18;19;20;21;24;25;26,36-31-,29-23-,69
multicut_off,W:W27;28;34;37;38;39;40;43;44;47;50:B3;4;7;8;9;12;14;17;19;24;36,37-31-,38-32-,3
multicut_off,W:W29;30;31;32;34;35;36;37;38;40;42;43;44;45;47;48:B2;3;6;7;8;9;10;13;14;15;16;17;19;20;21;26,30-25-,29-24-,-6
multicut_off,W:W23;24;26;28;29;33;34;36;39;41;42;43;47;48;49:B2;3;6;7;8;11;12;13;14;15;16;17;20;25;27,49-44-,23-18-,48
multicut_off,W:W26;28;29;33;34;35;36;38;39;41;42;44;47;48;49;50:B2;3;4;6;7;8;10;12;13;15;17;18;20;22;24;27,50-45-,41-37-,-1
multicut_off,B:W25;27;28;30;31;32;34;35;36;38;40;42;43;44;45;47;49:B1;3;5;6;8;9;10;11;12;13;14;15;16;18;19;23;29,19-24-,12-17-,0
multicut_off,W:W22;28;29;31;32;33;34;35;37;38;39;40;42;43;44:B4;6;7;9;10;11;13;14;15;17;18;19;20;24;26,31-27-,32-27-,-44
multicut_off,W:W21;28;30;32;33;35;36;37;39;49:B2;4;7;12;13;17;19;24;26;29,32-27-,32-27-,138
multicut_off,W:W26;27;28;32;33;34;35;38;39;40;42;45;48:B8;9;12;13;15;16;17;18;19;20;23;24;25,48-43-,27-22-,165
multicut_off,W:W26;28;31;32;33;34;35;36;38;39;40;42;43;44;45;48:B6;7;8;9;10;12;13;15;16;17;18;20;21;22;24;25,34-30-,34-30-,75
multicut_off,W:W25;26;27;29;30;31;35;37;41;42;43;45:B3;6;8;9;11;12;13;14;16;17;18;20,30-24-,30-24-,43
multicut_off,B:W23;24;26;29;33;34;35;36;37;38;39;44;45;49:B3;5;7;8;10;12;13;14;15;17;18;20;25;27,14-19-,14-19-,-9
multicut_off,W:W25;26;27;32;33;35;38;39;40;41;42;43;47:B6;8;12;13;14;15;16;18;19;22;23;24;36,32-28-,32-28-,1
multicut_off,W:W25;26;28;31;33;36;38;39;43;46;47;48;49:B2;6;8;9;11;12;13;17;19;22;23;24;27,39-34-,39-34-,-14
multicut_off,B:W28;29;31;33;34;35;36;37;38;39;40;44;45;47;48;49:B2;3;6;7;8;12;13;14;15;16;18;19;20;21;24;25,18-23-,18-23-,7
multicut_off,W:W25;28;30;35;36;37;38;39;40;41;42;43;45;46;47;48;49:B1;2;3;4;7;8;9;10;11;12;13;14;17;19;23;24;26,39-33-,39-33-,-1
multicut_off,B:W25;27;28;32;33;35;37;38;39;41;42;44;45;48:B3;5;6;9;11;12;13;16;18;19;21;23;24;26,12-17-,9-14-,10
multicut_off,W:W24;27;29;33;34;35;36;37;38;39;40;44:B2;3;4;7;8;10;12;13;15;17;18;20,38-32-,27-21-,1
multicut_off,W:W22;28;31;32;35;36;38;39;40;42;44;45;48:B3;7;8;9;13;14;15;16;19;21;23;24;29,31-27-,31-26-,12
multicut_off,B:W24;27;29;32;33;34;35;36;37;38;39;40;41;42;46;48;49:B1;2;4;7;8;9;12;13;15;16;17;18;20;21;23;25;26,17-22-,7-11-,13
multicut_off,B:W22;27;28;29;32;33;35;36;37;39;43;45;48:B3;6;8;9;11;13;14;15;16;19;20;21;24,8-12-,21-26-,-4
multicut_off,W:W26;29;30;31;34;35;36;38;39;41;44;45;46;48;49:B3;6;11;12;13;14;16;17;18;19;22;23;25;27;28,38-33-,38-33-,-1
multicut_off,W:W27;28;30;32;33;34;35;37;38;40;41;44;45;46;47;48;49;50:B1;2;3;4;5;6;9;10;12;13;15;16;18;19;21;23;24;25,27-22-,37-31-,-1
multicut_off,W:W25;27;28;30;31;32;33;35;36;38;39;44;45;47;48:B2;3;4;6;7;8;13;14;15;16;18;19;23;24;26,48-42-,47-42-,-10
multicut_off,W:W35;36;45:B7;9;15;18;20;25;30;40,35-24-30,35-24-30,86
multicut_off,W:W27;28;30;32;33;34;35;38;45:B3;7;9;12;13;17;19;20;23,30-24-,30-24-,-10
multicut_off,W:W24;26;28;29;32;33;34;37;39;40;42;45;47;48:B2;4;6;7;8;9;10;12;13;17;18;19;22;25,40-35-,40-35-,0
multicut_off,W:W27;28;32;33;34;35;37;38;39;40;41;44;45;46;47;49;50:B2;3;4;6;7;9;11;12;13;14;16;18;19;21;23;24;26,41-36-,34-30-,-9
multicut_off,W:W25;27;28;30;32;33;34;35;37;38;39;43;48:B3;8;9;13;14;15;16;18;19;21;23;24;26,27-22-,27-22-,-3
multicut_off,W:W10;25;32;33;35;37;38;39;43:B8;9;12;13;16;21;26;28;31;34,32-23-28,32-23-28,-45
multicut_off,W:W23;24;29;31;32;36;37;39;42;44;47;48:B3;6;7;8;9;12;15;16;17;18;21;26,31-27-,39-33-,20
all_off,B:W22;25;27;30;32;33;35;36;37;38;39;45:B6;9;11;12;13;14;16;18;19;23;24;26,11-17-,24-29-,105
all_off,W:W24;27;28;29;37;38:B7;8;13;18;19;26,28-23-,27-21-,137
all_off,W:W16;25;26;27;30;34;35;38;39;40;48:B7;13;14;15;17;18;19;23;28;29,30-24-,38-33-,113
all_off,W:W25;28;32;33;35;36;37;38;39;40;41;42;44;45;46;47;48;49:B2;3;4;6;8;9;10;11;12;13;14;15;16;17;19;23;24;26,49-43-,32-27-,60
all_off,W:W23;27;28;31;32;34;35;36;37;38;39;42;43;44;49:B2;3;6;8;9;11;12;14;15;16;18;19;20;25;26,34-30-,27-21-,80
all_off,W:W26;29;33;34;36;37;38;39;41;42;43;44;45;46;48;49:B2;3;4;6;7;10;11;12;13;15;18;19;22;23;25;27,37-31-,29-24-,81
all_off,W:W26;29;31;32;33;34;35;36;38;39;42;43;44;45;47;49:B2;3;6;7;10;11;12;13;14;16;18;19;20;22;24;25,32-28-,29-23-,225
all_off,W:W22;27;28;29;32;33;35;36;37;38;39;40;42;43;45;47;48:B1;3;4;8;9;11;12;13;15;16;18;19;20;21;24;25;26,36-31-,29-23-,93
all_off,W:W27;28;34;37;38;39;40;43;44;47;50:B3;4;7;8;9;12;14;17;19;24;36,37-31-,28-23-,60
all_off,W:W29;30;31;32;34;35;36;37;38;40;42;43;44;45;47;48:B2;3;6;7;8;9;10;13;14;15;16;17;19;20;21;26,30-25-,32-27-,43
all_off,W:W23;24;26;28;29;33;34;36;39;41;42;43;47;48;49:B2;3;6;7;8;11;12;13;14;15;16;17;20;25;27,49-44-,23-18-,43
all_off,W:W26;28;29;33;34;35;36;38;39;41;42;44;47;48;49;50:B2;3;4;6;7;8;10;12;13;15;17;18;20;22;24;27,50-45-,38-32-,33
all_off,B:W25;27;28;30;31;32;34;35;36;38;40;42;43;44;45;47;49:B1;3;5;6;8;9;10;11;12;13;14;15;16;18;19;23;29,19-24-,19-24-,182
all_off,W:W22;28;29;31;32;33;34;35;37;38;39;40;42;43;44:B4;6;7;9;10;11;13;14;15;17;18;19;20;24;26,31-27-,35-30-,79
all_off,W:W21;28;30;32;33;35;36;37;39;49:B2;4;7;12;13;17;19;24;26;29,32-27-,32-27-,81
all_off,W:W26;27;28;32;33;34;35;38;39;40;42;45;48:B8;9;12;13;15;16;17;18;19;20;23;24;25,48-43-,27-22-,165
all_off,W:W26;28;31;32;33;34;35;36;38;39;40;42;43;44;45;48:B6;7;8;9;10;12;13;15;16;17;18;20;21;22;24;25,34-30-,34-30-,100
all_off,W:W25;26;27;29;30;31;35;37;41;42;43;45:B3;6;8;9;11;12;13;14;16;17;18;20,30-24-,30-24-,41
all_off,B:W23;24;26;29;33;34;35;36;37;38;39;44;45;49:B3;5;7;8;10;12;13;14;15;17;18;20;25;27,14-19-,14-19-,-2
all_off,W:W25;26;27;32;33;35;38;39;40;41;42;43;47:B6;8;12;13;14;15;16;18;19;22;23;24;36,32-28-,26-21-,62
all_off,W:W25;26;28;31;33;36;38;39;43;46;47;48;49:B2;6;8;9;11;12;13;17;19;22;23;24;27,39-34-,39-34-,-9
all_off,B:W28;29;31;33;34;35;36;37;38;39;40;44;45;47;48;49:B2;3;6;7;8;12;13;14;15;16;18;19;20;21;24;25,18-23-,18-23-,11
all_off,W:W25;28;30;35;36;37;38;39;40;41;42;43;45;46;47;48;49:B1;2;3;4;7;8;9;10;11;12;13;14;17;19;23;24;26,39-33-,28-22-,67
all_off,B:W25;27;28;32;33;35;37;38;39;41;42;44;45;48:B3;5;6;9;11;12;13;16;18;19;21;23;24;26,12-17-,9-14-,10
all_off,W:W24;27;29;33;34;35;36;37;38;39;40;44:B2;3;4;7;8;10;12;13;15;17;18;20,38-32-,27-21-,1
all_off,W:W22;28;31;32;35;36;38;39;40;42;44;45;48:B3;7;8;9;13;14;15;16;19;21;23;24;29,31-27-,35-30-,30
all_off,B:W24;27;29;32;33;34;35;36;37;38;39;40;41;42;46;48;49:B1;2;4;7;8;9;12;13;15;16;17;18;20;21;23;25;26,17-22-,1-6-,4
all_off,B:W22;27;28;29;32;33;35;36;37;39;43;45;48:B3;6;8;9;11;13;14;15;16;19;20;21;24,8-12-,11-17-,32
all_off,W:W26;29;30;31;34;35;36;38;39;41;44;45;46;48;49:B3;6;11;12;13;14;16;17;18;19;22;23;25;27;28,38-33-,38-33-,3
all_off,W:W27;28;30;32;33;34;35;37;38;40;41;44;45;46;47;48;49;50:B1;2;3;4;5;6;9;10;12;13;15;16;18;19;21;23;24;25,27-22-,27-22-,38
all_off,W:W25;27;28;30;31;32;33;35;36;38;39;44;45;47;48:B2;3;4;6;7;8;13;14;15;16;18;19;23;24;26,48-42-,48-42-,25
all_off,W:W35;36;45:B7;9;15;18;20;25;30;40,35-24-30,35-24-30,114
all_off,W:W27;28;30;32;33;34;35;38;45:B3;7;9;12;13;17;19;20;23,30-24-,27-22-,24
all_off,W:W24;26;28;29;32;33;34;37;39;40;42;45;47;48:B2;4;6;7;8;9;10;12;13;17;18;19;22;25,40-35-,40-35-,0
all_off,W:W27;28;32;33;34;35;37;38;39;40;41;44;45;46;47;49;50:B2;3;4;6;7;9;11;12;13;14;16;18;19;21;23;24;26,41-36-,34-30-,-6
all_off,W:W25;27;28;30;32;33;34;35;37;38;39;43;48:B3;8;9;13;14;15;16;18;19;21;23;24;26,27-22-,34-29-,-5
all_off,W:W10;25;32;33;35;37;38;39;43:B8;9;12;13;16;21;26;28;31;34,32-23-28,32-23-28,-53
all_off,W:W23;24;29;31;32;36;37;39;42;44;47;48:B3;6;7;8;9;12;15;16;17;18;21;26,31-27-,39-34-,25
baseline,W:W27;33;34;36;37;38;39;40;45;48:B2;11;12;13;14;23;24;25;26;29,48-43-,37-31-,76
baseline,W:W21;24;28;29;37;38:B7;8;13;18;19;26,28-23-,28-23-,177
baseline,W:W26;31;33;34;35;36;37;38;39;42;43;44:B11;12;14;17;18;19;22;23;24;25;27;28,33-29-,37-32-,115
baseline,W:W26;27;33;37;38;39;45:B8;9;11;13;14;17;23,27-22-,27-22-,7
baseline,B:W22;29;32;33;34;35;36;38;39;40;41;42;43;44;45;47;49:B1;2;3;6;7;8;9;11;13;14;15;16;19;20;21;24;25,7-12-,11-17-,7
baseline,W:W16;25;27;30;33;35;37;38;42;43;48:B3;7;9;11;12;13;14;15;18;22;23,37-32-,43-39-,-10
baseline,B:W26;28;31;32;33;34;35;36;38;39;40;43;45;48:B6;7;8;15;16;17;18;19;20;21;22;23;24;25,7-11-,24-29-,146
baseline,W:W24;26;27;29;32;34;39;40;41;42;43;44;45;47;48;49:B1;2;4;7;8;9;10;12;13;15;16;18;20;22;23;25,43-38-,40-35-,0
baseline,W:W27;28;32;33;34;35;37;38;40;42;43;45;48:B4;6;9;10;11;12;13;15;16;19;23;24;26,37-31-,34-29-,2
baseline,W:W25;26;30;35;36;37;38;40;42;44;45;46;47:B5;6;8;11;13;14;15;16;17;18;19;24;27,44-39-,40-34-,-2
baseline,W:W24;26;27;28;31;32;38;39;40;41;42;43;44;46;48;49;50:B2;4;6;7;8;9;10;11;12;13;15;16;17;18;19;21;25,39-33-,40-35-,-3
baseline,W:W25;26;29;31;33;34;36;37;38;39;41;42;43;45;46;48:B2;6;7;10;12;13;14;15;16;17;18;19;22;23;27;28,37-32-,37-32-,39
baseline,B:W25;27;28;32;33;35;37;38;39;41;42;44;48:B3;4;6;11;13;14;16;17;18;19;23;24;26,17-21-,17-22-,1
baseline,W:W27;28;32;33;34;37;38;42;43;48:B8;9;13;15;16;18;19;20;21;23,37-31-,37-31-,6
baseline,B:W24;27;31;32;33;34;35;37;38;39;40;41;42;43;44;45:B2;3;4;5;6;8;10;11;13;16;17;18;21;23;25;26,4-9-,23-28-,162
baseline,W:W15;24;25;26;31;34;35;36;41;43;46;48:B4;7;9;12;13;14;17;18;22;27;28;32,24-20-,34-30-,-4
baseline,W:W26;31;33;34;36;37;39;40;43;44;45;46;49:B4;8;9;10;11;13;18;20;22;23;25;27;28,26-21-,40-35-,-3
baseline,W:W24;26;31;34;36;37;38;39;40;41;42;43;45;46;48;49:B1;2;6;7;8;9;10;12;13;15;17;18;20;22;23;27,34-29-,39-33-,-2
baseline,W:W16;26;33;34;35;37;38;39;43;45;47;48:B1;3;7;8;9;10;11;17;19;20;23;36,34-29-,33-29-,0
baseline,B:W25;27;28;32;33;34;35;38;39;40;41;42;43;45;47;48:B2;3;4;6;7;9;10;11;12;13;14;18;19;23;24;26,10-15-,10-15-,2
baseline,W:W16;27;28;30;32;34;35;37;38;39:B7;12;13;14;18;19;21;23;24;25,39-33-,27-22-,137
baseline,W:W25;27;28;32;33;35;37;38;39;40;42;44;45;47;48:B2;3;6;8;9;10;12;13;14;16;17;18;19;23;24,27-22-,27-22-,49
baseline,W:W27;28;32;33;38;39;40;42;44;47;48;50:B3;6;11;12;13;14;16;18;19;24;30;35,27-22-,27-22-,31
baseline,W:W26;31;34;35;36;38;41;46;48;49:B12;13;14;17;18;22;23;25;27;28,49-44-,34-29-,79
baseline,B:W26;29;31;32;33;34;35;36;37;38;39;40;41;42;43;44;45;49:B1;2;4;7;8;9;10;12;13;14;16;17;18;19;20;22;24;25,22-28-,22-28-,106
baseline,W:W18;22;28;31;36;42;48:B3;7;8;9;13;14;15;16;19;21;27,28-23-,28-23-,72
baseline,W:W23;24;27;29;30;34;36;37;39;40;43;45;47:B6;8;9;10;11;13;14;15;16;17;20;25;26,47-42-,47-41-,38
baseline,W:W19;24;29;31;32;34;35;36;37;38;39;41;42;43;47;48;49;50:B2;4;6;7;8;9;10;12;13;15;16;18;20;21;22;25;26,31-27-,31-27-,3
baseline,W:W26;27;28;30;31;33;34;35;36;38;43;45;46;47;48:B6;7;8;9;11;12;13;16;18;19;20;21;22;24;25,28-17-22,28-17-22,-42
baseline,B:W24;26;29;32;33;34;36;37;38;39;41;43;44;45;47;48;49:B2;5;6;8;9;10;11;12;13;15;16;17;18;21;22;23;25,21-27-,10-14-,8
baseline,W:W15;27;29;32;33;34;36;37;38;39;42;43;44;45;46;48:B2;4;7;8;9;10;12;13;14;16;17;18;21;23;26;35,46-41-,44-40-,0
baseline,W:W36;45:B7;9;15;18;25;29;40,45-1-7.18.29.40,45-1-7.18.29.40,90
baseline,W:W25;26;29;30;31;34;36;38;39;40;41;43;46;48;49:B2;3;7;10;11;12;13;14;17;18;19;20;22;23;27,39-33-,39-33-,0
baseline,B:W22;26;28;32;33;34;35;36;37;38;39;43;44;45;48;49:B2;3;6;8;9;11;13;14;15;16;17;19;20;23;24;25,16-21-,16-21-,26
baseline,W:W27;28;32;33;36;37;38;39;42;43;44;45;47;48:B2;3;7;9;10;11;12;13;16;18;19;23;24;25,37-31-,37-31-,-5
baseline,W:W25;27;28;30;32;33;35;36;37;38;39;43:B3;8;13;14;16;17;18;19;21;23;24;26,39-34-,39-34-,2
baseline,W:W25;27;28;30;32;33;35;36;37;38;39;45;48:B3;6;9;11;13;14;15;16;18;19;23;24;26,45-40-,39-34-,-2
baseline,W:W22;27;28;29;30;31;33;34;38;43;49:B5;7;10;11;12;13;14;17;18;20;25,31-26-,43-39-,-58
lmr_off,W:W27;33;34;36;37;38;39;40;45;48:B2;11;12;13;14;23;24;25;26;29,48-43-,37-31-,100
lmr_off,W:W21;24;28;29;37;38:B7;8;13;18;19;26,28-23-,28-23-,192
lmr_off,W:W26;31;33;34;35;36;37;38;39;42;43;44:B11;12;14;17;18;19;22;23;24;25;27;28,33-29-,37-32-,115
lmr_off,W:W26;27;33;37;38;39;45:B8;9;11;13;14;17;23,27-22-,27-21-,66
lmr_off,B:W22;29;32;33;34;35;36;38;39;40;41;42;43;44;45;47;49:B1;2;3;6;7;8;9;11;13;14;15;16;19;20;21;24;25,7-12-,13-18-,85
lmr_off,W:W16;25;27;30;33;35;37;38;42;43;48:B3;7;9;11;12;13;14;15;18;22;23,37-32-,43-39-,-12
lmr_off,B:W26;28;31;32;33;34;35;36;38;39;40;43;45;48:B6;7;8;15;16;17;18;19;20;21;22;23;24;25,7-11-,24-29-,141
lmr_off,W:W24;26;27;29;32;34;39;40;41;42;43;44;45;47;48;49:B1;2;4;7;8;9;10;12;13;15;16;18;20;22;23;25,43-38-,26-21-,96
lmr_off,W:W27;28;32;33;34;35;37;38;40;42;43;45;48:B4;6;9;10;11;12;13;15;16;19;23;24;26,37-31-,37-31-,-2
lmr_off,W:W25;26;30;35;36;37;38;40;42;44;45;46;47:B5;6;8;11;13;14;15;16;17;18;19;24;27,44-39-,26-21-,46
lmr_off,W:W24;26;27;28;31;32;38;39;40;41;42;43;44;46;48;49;50:B2;4;6;7;8;9;10;11;12;13;15;16;17;18;19;21;25,39-33-,38-33-,93
lmr_off,W:W25;26;29;31;33;34;36;37;38;39;41;42;43;45;46;48:B2;6;7;10;12;13;14;15;16;17;18;19;22;23;27;28,37-32-,37-32-,34
lmr_off,B:W25;27;28;32;33;35;37;38;39;41;42;44;48:B3;4;6;11;13;14;16;17;18;19;23;24;26,17-21-,17-21-,5
lmr_off,W:W27;28;32;33;34;37;38;42;43;48:B8;9;13;15;16;18;19;20;21;23,37-31-,34-29-,34
lmr_off,B:W24;27;31;32;33;34;35;37;38;39;40;41;42;43;44;45:B2;3;4;5;6;8;10;11;13;16;17;18;21;23;25;26,4-9-,23-28-,174
lmr_off,W:W15;24;25;26;31;34;35;36;41;43;46;48:B4;7;9;12;13;14;17;18;22;27;28;32,24-20-,25-20-,121
lmr_off,W:W26;31;33;34;36;37;39;40;43;44;45;46;49:B4;8;9;10;11;13;18;20;22;23;25;27;28,26-21-,40-35-,-1
lmr_off,W:W24;26;31;34;36;37;38;39;40;41;42;43;45;46;48;49:B1;2;6;7;8;9;10;12;13;15;17;18;20;22;23;27,34-29-,38-32-,198
lmr_off,W:W16;26;33;34;35;37;38;39;43;45;47;48:B1;3;7;8;9;10;11;17;19;20;23;36,34-29-,47-41-,15
lmr_off,B:W25;27;28;32;33;34;35;38;39;40;41;42;43;45;47;48:B2;3;4;6;7;9;10;11;12;13;14;18;19;23;24;26,10-15-,10-15-,2
lmr_off,W:W16;27;28;30;32;34;35;37;38;39:B7;12;13;14;18;19;21;23;24;25,39-33-,27-22-,137
lmr_off,W:W25;27;28;32;33;35;37;38;39;40;42;44;45;47;48:B2;3;6;8;9;10;12;13;14;16;17;18;19;23;24,27-22-,47-41-,-2
lmr_off,W:W27;28;32;33;38;39;40;42;44;47;48;50:B3;6;11;12;13;14;16;18;19;24;30;35,27-22-,27-22-,109
lmr_off,W:W26;31;34;35;36;38;41;46;48;49:B12;13;14;17;18;22;23;25;27;28,49-44-,34-29-,119
lmr_off,B:W26;29;31;32;33;34;35;36;37;38;39;40;41;42;43;44;45;49:B1;2;4;7;8;9;10;12;13;14;16;17;18;19;20;22;24;25,22-28-,22-28-,71
lmr_off,W:W18;22;28;31;36;42;48:B3;7;8;9;13;14;15;16;19;21;27,28-23-,28-23-,70
lmr_off,W:W23;24;27;29;30;34;36;37;39;40;43;45;47:B6;8;9;10;11;13;14;15;16;17;20;25;26,47-42-,47-41-,38
lmr_off,W:W19;24;29;31;32;34;35;36;37;38;39;41;42;43;47;48;49;50:B2;4;6;7;8;9;10;12;13;15;16;18;20;21;22;25;26,31-27-,32-27-,195
lmr_off,W:W26;27;28;30;31;33;34;35;36;38;43;45;46;47;48:B6;7;8;9;11;12;13;16;18;19;20;21;22;24;25,28-17-22,28-17-22,84
lmr_off,B:W24;26;29;32;33;34;36;37;38;39;41;43;44;45;47;48;49:B2;5;6;8;9;10;11;12;13;15;16;17;18;21;22;23;25,21-27-,10-14-,5
lmr_off,W:W15;27;29;32;33;34;36;37;38;39;42;43;44;45;46;48:B2;4;7;8;9;10;12;13;14;16;17;18;21;23;26;35,46-41-,44-40-,1
lmr_off,W:W36;45:B7;9;15;18;25;29;40,45-1-7.18.29.40,45-1-7.18.29.40,89
lmr_off,W:W25;26;29;30;31;34;36;38;39;40;41;43;46;48;49:B2;3;7;10;11;12;13;14;17;18;19;20;22;23;27,39-33-,39-33-,2
lmr_off,B:W22;26;28;32;33;34;35;36;37;38;39;43;44;45;48;49:B2;3;6;8;9;11;13;14;15;16;17;19;20;23;24;25,16-21-,16-21-,26
lmr_off,W:W27;28;32;33;36;37;38;39;42;43;44;45;47;48:B2;3;7;9;10;11;12;13;16;18;19;23;24;25,37-31-,37-31-,-4
lmr_off,W:W25;27;28;30;32;33;35;36;37;38;39;43:B3;8;13;14;16;17;18;19;21;23;24;26,39-34-,39-34-,-3
lmr_off,W:W25;27;28;30;32;33;35;36;37;38;39;45;48:B3;6;9;11;13;14;15;16;18;19;23;24;26,45-40-,39-34-,-7
lmr_off,W:W22;27;28;29;30;31;33;34;38;43;49:B5;7;10;11;12;13;14;17;18;20;25,31-26-,29-23-,42
lmp_off,W:W27;33;34;36;37;38;39;40;45;48:B2;11;12;13;14;23;24;25;26;29,48-43-,37-31-,58
lmp_off,W:W21;24;28;29;37;38:B7;8;13;18;19;26,28-23-,28-23-,180
lmp_off,W:W26;31;33;34;35;36;37;38;39;42;43;44:B11;12;14;17;18;19;22;23;24;25;27;28,33-29-,37-32-,116
lmp_off,W:W26;27;33;37;38;39;45:B8;9;11;13;14;17;23,27-22-,27-21-,64
lmp_off,B:W22;29;32;33;34;35;36;38;39;40;41;42;43;44;45;47;49:B1;2;3;6;7;8;9;11;13;14;15;16;19;20;21;24;25,7-12-,13-18-,66
lmp_off,W:W16;25;27;30;33;35;37;38;42;43;48:B3;7;9;11;12;13;14;15;18;22;23,37-32-,43-39-,-12
lmp_off,B:W26;28;31;32;33;34;35;36;38;39;40;43;45;48:B6;7;8;15;16;17;18;19;20;21;22;23;24;25,7-11-,24-29-,136
lmp_off,W:W24;26;27;29;32;34;39;40;41;42;43;44;45;47;48;49:B1;2;4;7;8;9;10;12;13;15;16;18;20;22;23;25,43-38-,41-36-,0
lmp_off,W:W27;28;32;33;34;35;37;38;40;42;43;45;48:B4;6;9;10;11;12;13;15;16;19;23;24;26,37-31-,34-29-,0
lmp_off,W:W25;26;30;35;36;37;38;40;42;44;45;46;47:B5;6;8;11;13;14;15;16;17;18;19;24;27,44-39-,40-34-,-1
lmp_off,W:W24;26;27;28;31;32;38;39;40;41;42;43;44;46;48;49;50:B2;4;6;7;8;9;10;11;12;13;15;16;17;18;19;21;25,39-33-,40-35-,-4
lmp_off,W:W25;26;29;31;33;34;36;37;38;39;41;42;43;45;46;48:B2;6;7;10;12;13;14;15;16;17;18;19;22;23;27;28,37-32-,37-32-,39
lmp_off,B:W25;27;28;32;33;35;37;38;39;41;42;44;48:B3;4;6;11;13;14;16;17;18;19;23;24;26,17-21-,17-21-,1
lmp_off,W:W27;28;32;33;34;37;38;42;43;48:B8;9;13;15;16;18;19;20;21;23,37-31-,37-31-,5
lmp_off,B:W24;27;31;32;33;34;35;37;38;39;40;41;42;43;44;45:B2;3;4;5;6;8;10;11;13;16;17;18;21;23;25;26,4-9-,23-28-,169
lmp_off,W:W15;24;25;26;31;34;35;36;41;43;46;48:B4;7;9;12;13;14;17;18;22;27;28;32,24-20-,25-20-,154
lmp_off,W:W26;31;33;34;36;37;39;40;43;44;45;46;49:B4;8;9;10;11;13;18;20;22;23;25;27;28,26-21-,40-35-,-1
lmp_off,W:W24;26;31;34;36;37;38;39;40;41;42;43;45;46;48;49:B1;2;6;7;8;9;10;12;13;15;17;18;20;22;23;27,34-29-,39-33-,-8
lmp_off,W:W16;26;33;34;35;37;38;39;43;45;47;48:B1;3;7;8;9;10;11;17;19;20;23;36,34-29-,47-41-,59
lmp_off,B:W25;27;28;32;33;34;35;38;39;40;41;42;43;45;47;48:B2;3;4;6;7;9;10;11;12;13;14;18;19;23;24;26,10-15-,10-15-,4
lmp_off,W:W16;27;28;30;32;34;35;37;38;39:B7;12;13;14;18;19;21;23;24;25,39-33-,27-22-,137
lmp_off,W:W25;27;28;32;33;35;37;38;39;40;42;44;45;47;48:B2;3;6;8;9;10;12;13;14;16;17;18;19;23;24,27-22-,37-31-,-1
lmp_off,W:W27;28;32;33;38;39;40;42;44;47;48;50:B3;6;11;12;13;14;16;18;19;24;30;35,27-22-,39-34-,109
lmp_off,W:W26;31;34;35;36;38;41;46;48;49:B12;13;14;17;18;22;23;25;27;28,49-44-,34-29-,79
lmp_off,B:W26;29;31;32;33;34;35;36;37;38;39;40;41;42;43;44;45;49:B1;2;4;7;8;9;10;12;13;14;16;17;18;19;20;22;24;25,22-28-,22-28-,98
lmp_off,W:W18;22;28;31;36;42;48:B3;7;8;9;13;14;15;16;19;21;27,28-23-,28-23-,64
lmp_off,W:W23;24;27;29;30;34;36;37;39;40;43;45;47:B6;8;9;10;11;13;14;15;16;17;20;25;26,47-42-,47-42-,38
lmp_off,W:W19;24;29;31;32;34;35;36;37;38;39;41;42;43;47;48;49;50:B2;4;6;7;8;9;10;12;13;15;16;18;20;21;22;25;26,31-27-,32-27-,167
lmp_off,W:W26;27;28;30;31;33;34;35;36;38;43;45;46;47;48:B6;7;8;9;11;12;13;16;18;19;20;21;22;24;25,28-17-22,28-17-22,-46
lmp_off,B:W24;26;29;32;33;34;36;37;38;39;41;43;44;45;47;48;49:B2;5;6;8;9;10;11;12;13;15;16;17;18;21;22;23;25,21-27-,10-14-,3
lmp_off,W:W15;27;29;32;33;34;36;37;38;39;42;43;44;45;46;48:B2;4;7;8;9;10;12;13;14;16;17;18;21;23;26;35,46-41-,44-40-,-2
lmp_off,W:W36;45:B7;9;15;18;25;29;40,45-1-7.18.29.40,45-1-7.18.29.40,90
lmp_off,W:W25;26;29;30;31;34;36;38;39;40;41;43;46;48;49:B2;3;7;10;11;12;13;14;17;18;19;20;22;23;27,39-33-,39-33-,1
lmp_off,B:W22;26;28;32;33;34;35;36;37;38;39;43;44;45;48;49:B2;3;6;8;9;11;13;14;15;16;17;19;20;23;24;25,16-21-,16-21-,26
lmp_off,W:W27;28;32;33;36;37;38;39;42;43;44;45;47;48:B2;3;7;9;10;11;12;13;16;18;19;23;24;25,37-31-,37-31-,-5
lmp_off,W:W25;27;28;30;32;33;35;36;37;38;39;43:B3;8;13;14;16;17;18;19;21;23;24;26,39-34-,39-34-,2
lmp_off,W:W25;27;28;30;32;33;35;36;37;38;39;45;48:B3;6;9;11;13;14;15;16;18;19;23;24;26,45-40-,39-34-,0
lmp_off,W:W22;27;28;29;30;31;33;34;38;43;49:B5;7;10;11;12;13;14;17;18;20;25,31-26-,29-23-,70
nmp_off,W:W27;33;34;36;37;38;39;40;45;48:B2;11;12;13;14;23;24;25;26;29,48-43-,37-31-,76
nmp_off,W:W21;24;28;29;37;38:B7;8;13;18;19;26,28-23-,28-23-,177
nmp_off,W:W26;31;33;34;35;36;37;38;39;42;43;44:B11;12;14;17;18;19;22;23;24;25;27;28,33-29-,37-32-,115
nmp_off,W:W26;27;33;37;38;39;45:B8;9;11;13;14;17;23,27-22-,27-22-,7
nmp_off,B:W22;29;32;33;34;35;36;38;39;40;41;42;43;44;45;47;49:B1;2;3;6;7;8;9;11;13;14;15;16;19;20;21;24;25,7-12-,11-17-,7
nmp_off,W:W16;25;27;30;33;35;37;38;42;43;48:B3;7;9;11;12;13;14;15;18;22;23,37-32-,43-39-,-10
nmp_off,B:W26;28;31;32;33;34;35;36;38;39;40;43;45;48:B6;7;8;15;16;17;18;19;20;21;22;23;24;25,7-11-,24-29-,146
nmp_off,W:W24;26;27;29;32;34;39;40;41;42;43;44;45;47;48;49:B1;2;4;7;8;9;10;12;13;15;16;18;20;22;23;25,43-38-,40-35-,0
nmp_off,W:W27;28;32;33;34;35;37;38;40;42;43;45;48:B4;6;9;10;11;12;13;15;16;19;23;24;26,37-31-,34-29-,2
nmp_off,W:W25;26;30;35;36;37;38;40;42;44;45;46;47:B5;6;8;11;13;14;15;16;17;18;19;24;27,44-39-,40-34-,-2
nmp_off,W:W24;26;27;28;31;32;38;39;40;41;42;43;44;46;48;49;50:B2;4;6;7;8;9;10;11;12;13;15;16;17;18;19;21;25,39-33-,40-35-,-3
nmp_off,W:W25;26;29;31;33;34;36;37;38;39;41;42;43;45;46;48:B2;6;7;10;12;13;14;15;16;17;18;19;22;23;27;28,37-32-,37-32-,39
nmp_off,B:W25;27;28;32;33;35;37;38;39;41;42;44;48:B3;4;6;11;13;14;16;17;18;19;23;24;26,17-21-,17-22-,1
nmp_off,W:W27;28;32;33;34;37;38;42;43;48:B8;9;13;15;16;18;19;20;21;23,37-31-,37-31-,6
nmp_off,B:W24;27;31;32;33;34;35;37;38;39;40;41;42;43;44;45:B2;3;4;5;6;8;10;11;13;16;17;18;21;23;25;26,4-9-,23-28-,162
nmp_off,W:W15;24;25;26;31;34;35;36;41;43;46;48:B4;7;9;12;13;14;17;18;22;27;28;32,24-20-,34-30-,-4
nmp_off,W:W26;31;33;34;36;37;39;40;43;44;45;46;49:B4;8;9;10;11;13;18;20;22;23;25;27;28,26-21-,40-35-,-3
nmp_off,W:W24;26;31;34;36;37;38;39;40;41;42;43;45;46;48;49:B1;2;6;7;8;9;10;12;13;15;17;18;20;22;23;27,34-29-,39-33-,-2
nmp_off,W:W16;26;33;34;35;37;38;39;43;45;47;48:B1;3;7;8;9;10;11;17;19;20;23;36,34-29-,33-29-,0
nmp_off,B:W25;27;28;32;33;34;35;38;39;40;41;42;43;45;47;48:B2;3;4;6;7;9;10;11;12;13;14;18;19;23;24;26,10-15-,10-15-,2
nmp_off,W:W16;27;28;30;32;34;35;37;38;39:B7;12;13;14;18;19;21;23;24;25,39-33-,27-22-,137
nmp_off,W:W25;27;28;32;33;35;37;38;39;40;42;44;45;47;48:B2;3;6;8;9;10;12;13;14;16;17;18;19;23;24,27-22-,27-22-,49
nmp_off,W:W27;28;32;33;38;39;40;42;44;47;48;50:B3;6;11;12;13;14;16;18;19;24;30;35,27-22-,27-22-,31
nmp_off,W:W26;31;34;35;36;38;41;46;48;49:B12;13;14;17;18;22;23;25;27;28,49-44-,34-29-,79
nmp_off,B:W26;29;31;32;33;34;35;36;37;38;39;40;41;42;43;44;45;49:B1;2;4;7;8;9;10;12;13;14;16;17;18;19;20;22;24;25,22-28-,22-28-,106
nmp_off,W:W18;22;28;31;36;42;48:B3;7;8;9;13;14;15;16;19;21;27,28-23-,28-23-,72
nmp_off,W:W23;24;27;29;30;34;36;37;39;40;43;45;47:B6;8;9;10;11;13;14;15;16;17;20;25;26,47-42-,47-41-,38
nmp_off,W:W19;24;29;31;32;34;35;36;37;38;39;41;42;43;47;48;49;50:B2;4;6;7;8;9;10;12;13;15;16;18;20;21;22;25;26,31-27-,31-27-,3
nmp_off,W:W26;27;28;30;31;33;34;35;36;38;43;45;46;47;48:B6;7;8;9;11;12;13;16;18;19;20;21;22;24;25,28-17-22,28-17-22,-42
nmp_off,B:W24;26;29;32;33;34;36;37;38;39;41;43;44;45;47;48;49:B2;5;6;8;9;10;11;12;13;15;16;17;18;21;22;23;25,21-27-,10-14-,8
nmp_off,W:W15;27;29;32;33;34;36;37;38;39;42;43;44;45;46;48:B2;4;7;8;9;10;12;13;14;16;17;18;21;23;26;35,46-41-,44-40-,0
nmp_off,W:W36;45:B7;9;15;18;25;29;40,45-1-7.18.29.40,45-1-7.18.29.40,90
nmp_off,W:W25;26;29;30;31;34;36;38;39;40;41;43;46;48;49:B2;3;7;10;11;12;13;14;17;18;19;20;22;23;27,39-33-,39-33-,0
nmp_off,B:W22;26;28;32;33;34;35;36;37;38;39;43;44;45;48;49:B2;3;6;8;9;11;13;14;15;16;17;19;20;23;24;25,16-21-,16-21-,26
nmp_off,W:W27;28;32;33;36;37;38;39;42;43;44;45;47;48:B2;3;7;9;10;11;12;13;16;18;19;23;24;25,37-31-,37-31-,-5
nmp_off,W:W25;27;28;30;32;33;35;36;37;38;39;43:B3;8;13;14;16;17;18;19;21;23;24;26,39-34-,39-34-,2
nmp_off,W:W25;27;28;30;32;33;35;36;37;38;39;45;48:B3;6;9;11;13;14;15;16;18;19;23;24;26,45-40-,39-34-,-2
nmp_off,W:W22;27;28;29;30;31;33;34;38;43;49:B5;7;10;11;12;13;14;17;18;20;25,31-26-,43-39-,-58
rfp_off,W:W27;33;34;36;37;38;39;40;45;48:B2;11;12;13;14;23;24;25;26;29,48-43-,37-31-,59
rfp_off,W:W21;24;28;29;37;38:B7;8;13;18;19;26,28-23-,28-23-,184
rfp_off,W:W26;31;33;34;35;36;37;38;39;42;43;44:B11;12;14;17;18;19;22;23;24;25;27;28,33-29-,37-32-,115
rfp_off,W:W26;27;33;37;38;39;45:B8;9;11;13;14;17;23,27-22-,27-21-,61
rfp_off,B:W22;29;32;33;34;35;36;38;39;40;41;42;43;44;45;47;49:B1;2;3;6;7;8;9;11;13;14;15;16;19;20;21;24;25,7-12-,13-18-,66
rfp_off,W:W16;25;27;30;33;35;37;38;42;43;48:B3;7;9;11;12;13;14;15;18;22;23,37-32-,43-39-,-12
rfp_off,B:W26;28;31;32;33;34;35;36;38;39;40;43;45;48:B6;7;8;15;16;17;18;19;20;21;22;23;24;25,7-11-,24-29-,136
rfp_off,W:W24;26;27;29;32;34;39;40;41;42;43;44;45;47;48;49:B1;2;4;7;8;9;10;12;13;15;16;18;20;22;23;25,43-38-,41-36-,0
rfp_off,W:W27;28;32;33;34;35;37;38;40;42;43;45;48:B4;6;9;10;11;12;13;15;16;19;23;24;26,37-31-,34-29-,0
rfp_off,W:W25;26;30;35;36;37;38;40;42;44;45;46;47:B5;6;8;11;13;14;15;16;17;18;19;24;27,44-39-,40-34-,-2
rfp_off,W:W24;26;27;28;31;32;38;39;40;41;42;43;44;46;48;49;50:B2;4;6;7;8;9;10;11;12;13;15;16;17;18;19;21;25,39-33-,40-35-,-3
rfp_off,W:W25;26;29;31;33;34;36;37;38;39;41;42;43;45;46;48:B2;6;7;10;12;13;14;15;16;17;18;19;22;23;27;28,37-32-,37-32-,39
rfp_off,B:W25;27;28;32;33;35;37;38;39;41;42;44;48:B3;4;6;11;13;14;16;17;18;19;23;24;26,17-21-,17-22-,4
rfp_off,W:W27;28;32;33;34;37;38;42;43;48:B8;9;13;15;16;18;19;20;21;23,37-31-,34-29-,34
rfp_off,B:W24;27;31;32;33;34;35;37;38;39;40;41;42;43;44;45:B2;3;4;5;6;8;10;11;13;16;17;18;21;23;25;26,4-9-,23-28-,168
rfp_off,W:W15;24;25;26;31;34;35;36;41;43;46;48:B4;7;9;12;13;14;17;18;22;27;28;32,24-20-,34-30-,-3
rfp_off,W:W26;31;33;34;36;37;39;40;43;44;45;46;49:B4;8;9;10;11;13;18;20;22;23;25;27;28,26-21-,40-35-,-3
rfp_off,W:W24;26;31;34;36;37;38;39;40;41;42;43;45;46;48;49:B1;2;6;7;8;9;10;12;13;15;17;18;20;22;23;27,34-29-,39-33-,-1
rfp_off,W:W16;26;33;34;35;37;38;39;43;45;47;48:B1;3;7;8;9;10;11;17;19;20;23;36,34-29-,33-29-,4
rfp_off,B:W25;27;28;32;33;34;35;38;39;40;41;42;43;45;47;48:B2;3;4;6;7;9;10;11;12;13;14;18;19;23;24;26,10-15-,10-15-,3
rfp_off,W:W16;27;28;30;32;34;35;37;38;39:B7;12;13;14;18;19;21;23;24;25,39-33-,27-22-,137
rfp_off,W:W25;27;28;32;33;35;37;38;39;40;42;44;45;47;48:B2;3;6;8;9;10;12;13;14;16;17;18;19;23;24,27-22-,37-31-,-2
rfp_off,W:W27;28;32;33;38;39;40;42;44;47;48;50:B3;6;11;12;13;14;16;18;19;24;30;35,27-22-,48-43-,14
rfp_off,W:W26;31;34;35;36;38;41;46;48;49:B12;13;14;17;18;22;23;25;27;28,49-44-,34-29-,119
rfp_off,B:W26;29;31;32;33;34;35;36;37;38;39;40;41;42;43;44;45;49:B1;2;4;7;8;9;10;12;13;14;16;17;18;19;20;22;24;25,22-28-,22-28-,91
rfp_off,W:W18;22;28;31;36;42;48:B3;7;8;9;13;14;15;16;19;21;27,28-23-,28-23-,68
rfp_off,W:W23;24;27;29;30;34;36;37;39;40;43;45;47:B6;8;9;10;11;13;14;15;16;17;20;25;26,47-42-,47-41-,34
rfp_off,W:W19;24;29;31;32;34;35;36;37;38;39;41;42;43;47;48;49;50:B2;4;6;7;8;9;10;12;13;15;16;18;20;21;22;25;26,31-27-,31-27-,0
rfp_off,W:W26;27;28;30;31;33;34;35;36;38;43;45;46;47;48:B6;7;8;9;11;12;13;16;18;19;20;21;22;24;25,28-17-22,28-17-22,-50
rfp_off,B:W24;26;29;32;33;34;36;37;38;39;41;43;44;45;47;48;49:B2;5;6;8;9;10;11;12;13;15;16;17;18;21;22;23;25,21-27-,10-14-,7
rfp_off,W:W15;27;29;32;33;34;36;37;38;39;42;43;44;45;46;48:B2;4;7;8;9;10;12;13;14;16;17;18;21;23;26;35,46-41-,44-40-,0
rfp_off,W:W36;45:B7;9;15;18;25;29;40,45-1-7.18.29.40,45-1-7.18.29.40,84
rfp_off,W:W25;26;29;30;31;34;36;38;39;40;41;43;46;48;49:B2;3;7;10;11;12;13;14;17;18;19;20;22;23;27,39-33-,39-33-,0
rfp_off,B:W22;26;28;32;33;34;35;36;37;38;39;43;44;45;48;49:B2;3;6;8;9;11;13;14;15;16;17;19;20;23;24;25,16-21-,16-21-,33
rfp_off,W:W27;28;32;33;36;37;38;39;42;43;44;45;47;48:B2;3;7;9;10;11;12;13;16;18;19;23;24;25,37-31-,37-31-,-7
rfp_off,W:W25;27;28;30;32;33;35;36;37;38;39;43:B3;8;13;14;16;17;18;19;21;23;24;26,39-34-,39-34-,2
rfp_off,W:W25;27;28;30;32;33;35;36;37;38;39;45;48:B3;6;9;11;13;14;15;16;18;19;23;24;26,45-40-,39-34-,-4
rfp_off,W:W22;27;28;29;30;31;33;34;38;43;49:B5;7;10;11;12;13;14;17;18;20;25,31-26-,31-26-,-51
razor_off,W:W27;33;34;36;37;38;39;40;45;48:B2;11;12;13;14;23;24;25;26;29,48-43-,37-31-,76
razor_off,W:W21;24;28;29;37;38:B7;8;13;18;19;26,28-23-,28-23-,177
razor_off,W:W26;31;33;34;35;36;37;38;39;42;43;44:B11;12;14;17;18;19;22;23;24;25;27;28,33-29-,33-29-,-3
razor_off,W:W26;27;33;37;38;39;45:B8;9;11;13;14;17;23,27-22-,27-22-,7
razor_off,B:W22;29;32;33;34;35;36;38;39;40;41;42;43;44;45;47;49:B1;2;3;6;7;8;9;11;13;14;15;16;19;20;21;24;25,7-12-,11-17-,7
razor_off,W:W16;25;27;30;33;35;37;38;42;43;48:B3;7;9;11;12;13;14;15;18;22;23,37-32-,43-39-,-10
razor_off,B:W26;28;31;32;33;34;35;36;38;39;40;43;45;48:B6;7;8;15;16;17;18;19;20;21;22;23;24;25,7-11-,24-29-,146
razor_off,W:W24;26;27;29;32;34;39;40;41;42;43;44;45;47;48;49:B1;2;4;7;8;9;10;12;13;15;16;18;20;22;23;25,43-38-,40-35-,0
razor_off,W:W27;28;32;33;34;35;37;38;40;42;43;45;48:B4;6;9;10;11;12;13;15;16;19;23;24;26,37-31-,34-29-,2
razor_off,W:W25;26;30;35;36;37;38;40;42;44;45;46;47:B5;6;8;11;13;14;15;16;17;18;19;24;27,44-39-,40-34-,-2
razor_off,W:W24;26;27;28;31;32;38;39;40;41;42;43;44;46;48;49;50:B2;4;6;7;8;9;10;11;12;13;15;16;17;18;19;21;25,39-33-,40-35-,-3
razor_off,W:W25;26;29;31;33;34;36;37;38;39;41;42;43;45;46;48:B2;6;7;10;12;13;14;15;16;17;18;19;22;23;27;28,37-32-,37-32-,39
razor_off,B:W25;27;28;32;33;35;37;38;39;41;42;44;48:B3;4;6;11;13;14;16;17;18;19;23;24;26,17-21-,17-22-,1
razor_off,W:W27;28;32;33;34;37;38;42;43;48:B8;9;13;15;16;18;19;20;21;23,37-31-,37-31-,6
razor_off,B:W24;27;31;32;33;34;35;37;38;39;40;41;42;43;44;45:B2;3;4;5;6;8;10;11;13;16;17;18;21;23;25;26,4-9-,23-28-,168
razor_off,W:W15;24;25;26;31;34;35;36;41;43;46;48:B4;7;9;12;13;14;17;18;22;27;28;32,24-20-,34-30-,-4
razor_off,W:W26;31;33;34;36;37;39;40;43;44;45;46;49:B4;8;9;10;11;13;18;20;22;23;25;27;28,26-21-,40-35-,-3
razor_off,W:W24;26;31;34;36;37;38;39;40;41;42;43;45;46;48;49:B1;2;6;7;8;9;10;12;13;15;17;18;20;22;23;27,34-29-,39-33-,-2
razor_off,W:W16;26;33;34;35;37;38;39;43;45;47;48:B1;3;7;8;9;10;11;17;19;20;23;36,34-29-,33-29-,0
razor_off,B:W25;27;28;32;33;34;35;38;39;40;41;42;43;45;47;48:B2;3;4;6;7;9;10;11;12;13;14;18;19;23;24;26,10-15-,10-15-,2
razor_off,W:W16;27;28;30;32;34;35;37;38;39:B7;12;13;14;18;19;21;23;24;25,39-33-,27-22-,137
razor_off,W:W25;27;28;32;33;35;37;38;39;40;42;44;45;47;48:B2;3;6;8;9;10;12;13;14;16;17;18;19;23;24,27-22-,27-22-,49
razor_off,W:W27;28;32;33;38;39;40;42;44;47;48;50:B3;6;11;12;13;14;16;18;19;24;30;35,27-22-,47-41-,19
razor_off,W:W26;31;34;35;36;38;41;46;48;49:B12;13;14;17;18;22;23;25;27;28,49-44-,34-29-,119
razor_off,B:W26;29;31;32;33;34;35;36;37;38;39;40;41;42;43;44;45;49:B1;2;4;7;8;9;10;12;13;14;16;17;18;19;20;22;24;25,22-28-,22-28-,106
razor_off,W:W18;22;28;31;36;42;48:B3;7;8;9;13;14;15;16;19;21;27,28-23-,28-23-,72
razor_off,W:W23;24;27;29;30;34;36;37;39;40;43;45;47:B6;8;9;10;11;13;14;15;16;17;20;25;26,47-42-,47-41-,38
razor_off,W:W19;24;29;31;32;34;35;36;37;38;39;41;42;43;47;48;49;50:B2;4;6;7;8;9;10;12;13;15;16;18;20;21;22;25;26,31-27-,31-27-,3
razor_off,W:W26;27;28;30;31;33;34;35;36;38;43;45;46;47;48:B6;7;8;9;11;12;13;16;18;19;20;21;22;24;25,28-17-22,28-17-22,-42
razor_off,B:W24;26;29;32;33;34;36;37;38;39;41;43;44;45;47;48;49:B2;5;6;8;9;10;11;12;13;15;16;17;18;21;22;23;25,21-27-,10-14-,8
razor_off,W:W15;27;29;32;33;34;36;37;38;39;42;43;44;45;46;48:B2;4;7;8;9;10;12;13;14;16;17;18;21;23;26;35,46-41-,44-40-,-2
razor_off,W:W36;45:B7;9;15;18;25;29;40,45-1-7.18.29.40,45-1-7.18.29.40,90
razor_off,W:W25;26;29;30;31;34;36;38;39;40;41;43;46;48;49:B2;3;7;10;11;12;13;14;17;18;19;20;22;23;27,39-33-,39-33-,0
razor_off,B:W22;26;28;32;33;34;35;36;37;38;39;43;44;45;48;49:B2;3;6;8;9;11;13;14;15;16;17;19;20;23;24;25,16-21-,16-21-,26
razor_off,W:W27;28;32;33;36;37;38;39;42;43;44;45;47;48:B2;3;7;9;10;11;12;13;16;18;19;23;24;25,37-31-,37-31-,-4
razor_off,W:W25;27;28;30;32;33;35;36;37;38;39;43:B3;8;13;14;16;17;18;19;21;23;24;26,39-34-,39-34-,2
razor_off,W:W25;27;28;30;32;33;35;36;37;38;39;45;48:B3;6;9;11;13;14;15;16;18;19;23;24;26,45-40-,39-34-,-2
razor_off,W:W22;27;28;29;30;31;33;34;38;43;49:B5;7;10;11;12;13;14;17;18;20;25,31-26-,29-23-,24
multicut_off,W:W27;33;34;36;37;38;39;40;45;48:B2;11;12;13;14;23;24;25;26;29,48-43-,37-31-,93
multicut_off,W:W21;24;28;29;37;38:B7;8;13;18;19;26,28-23-,28-23-,168
multicut_off,W:W26;31;33;34;35;36;37;38;39;42;43;44:B11;12;14;17;18;19;22;23;24;25;27;28,33-29-,37-32-,115
multicut_off,W:W26;27;33;37;38;39;45:B8;9;11;13;14;17;23,27-22-,27-22-,7
multicut_off,B:W22;29;32;33;34;35;36;38;39;40;41;42;43;44;45;47;49:B1;2;3;6;7;8;9;11;13;14;15;16;19;20;21;24;25,7-12-,21-26-,7
multicut_off,W:W16;25;27;30;33;35;37;38;42;43;48:B3;7;9;11;12;13;14;15;18;22;23,37-32-,37-32-,-8
multicut_off,B:W26;28;31;32;33;34;35;36;38;39;40;43;45;48:B6;7;8;15;16;17;18;19;20;21;22;23;24;25,7-11-,24-29-,123
multicut_off,W:W24;26;27;29;32;34;39;40;41;42;43;44;45;47;48;49:B1;2;4;7;8;9;10;12;13;15;16;18;20;22;23;25,43-38-,41-36-,0
multicut_off,W:W27;28;32;33;34;35;37;38;40;42;43;45;48:B4;6;9;10;11;12;13;15;16;19;23;24;26,37-31-,34-29-,-5
multicut_off,W:W25;26;30;35;36;37;38;40;42;44;45;46;47:B5;6;8;11;13;14;15;16;17;18;19;24;27,44-39-,44-39-,0
multicut_off,W:W24;26;27;28;31;32;38;39;40;41;42;43;44;46;48;49;50:B2;4;6;7;8;9;10;11;12;13;15;16;17;18;19;21;25,39-33-,39-33-,-7
multicut_off,W:W25;26;29;31;33;34;36;37;38;39;41;42;43;45;46;48:B2;6;7;10;12;13;14;15;16;17;18;19;22;23;27;28,37-32-,37-32-,39
multicut_off,B:W25;27;28;32;33;35;37;38;39;41;42;44;48:B3;4;6;11;13;14;16;17;18;19;23;24;26,17-21-,17-22-,3
multicut_off,W:W27;28;32;33;34;37;38;42;43;48:B8;9;13;15;16;18;19;20;21;23,37-31-,37-31-,5
multicut_off,B:W24;27;31;32;33;34;35;37;38;39;40;41;42;43;44;45:B2;3;4;5;6;8;10;11;13;16;17;18;21;23;25;26,4-9-,23-28-,162
multicut_off,W:W15;24;25;26;31;34;35;36;41;43;46;48:B4;7;9;12;13;14;17;18;22;27;28;32,24-20-,34-30-,-5
multicut_off,W:W26;31;33;34;36;37;39;40;43;44;45;46;49:B4;8;9;10;11;13;18;20;22;23;25;27;28,26-21-,40-35-,-2
multicut_off,W:W24;26;31;34;36;37;38;39;40;41;42;43;45;46;48;49:B1;2;6;7;8;9;10;12;13;15;17;18;20;22;23;27,34-29-,39-33-,-1
multicut_off,W:W16;26;33;34;35;37;38;39;43;45;47;48:B1;3;7;8;9;10;11;17;19;20;23;36,34-29-,33-29-,1
multicut_off,B:W25;27;28;32;33;34;35;38;39;40;41;42;43;45;47;48:B2;3;4;6;7;9;10;11;12;13;14;18;19;23;24;26,10-15-,3-8-,6
multicut_off,W:W16;27;28;30;32;34;35;37;38;39:B7;12;13;14;18;19;21;23;24;25,39-33-,27-22-,137
multicut_off,W:W25;27;28;32;33;35;37;38;39;40;42;44;45;47;48:B2;3;6;8;9;10;12;13;14;16;17;18;19;23;24,27-22-,40-34-,-3
multicut_off,W:W27;28;32;33;38;39;40;42;44;47;48;50:B3;6;11;12;13;14;16;18;19;24;30;35,27-22-,50-45-,21
multicut_off,W:W26;31;34;35;36;38;41;46;48;49:B12;13;14;17;18;22;23;25;27;28,49-44-,34-29-,119
multicut_off,B:W26;29;31;32;33;34;35;36;37;38;39;40;41;42;43;44;45;49:B1;2;4;7;8;9;10;12;13;14;16;17;18;19;20;22;24;25,22-28-,22-28-,106
multicut_off,W:W18;22;28;31;36;42;48:B3;7;8;9;13;14;15;16;19;21;27,28-23-,28-23-,71
multicut_off,W:W23;24;27;29;30;34;36;37;39;40;43;45;47:B6;8;9;10;11;13;14;15;16;17;20;25;26,47-42-,47-41-,22
multicut_off,W:W19;24;29;31;32;34;35;36;37;38;39;41;42;43;47;48;49;50:B2;4;6;7;8;9;10;12;13;15;16;18;20;21;22;25;26,31-27-,31-27-,-1
multicut_off,W:W26;27;28;30;31;33;34;35;36;38;43;45;46;47;48:B6;7;8;9;11;12;13;16;18;19;20;21;22;24;25,28-17-22,28-17-22,-39
multicut_off,B:W24;26;29;32;33;34;36;37;38;39;41;43;44;45;47;48;49:B2;5;6;8;9;10;11;12;13;15;16;17;18;21;22;23;25,21-27-,10-14-,7
multicut_off,W:W15;27;29;32;33;34;36;37;38;39;42;43;44;45;46;48:B2;4;7;8;9;10;12;13;14;16;17;18;21;23;26;35,46-41-,44-40-,-1
multicut_off,W:W36;45:B7;9;15;18;25;29;40,45-1-7.18.29.40,45-1-7.18.29.40,105
multicut_off,W:W25;26;29;30;31;34;36;38;39;40;41;43;46;48;49:B2;3;7;10;11;12;13;14;17;18;19;20;22;23;27,39-33-,39-33-,0
multicut_off,B:W22;26;28;32;33;34;35;36;37;38;39;43;44;45;48;49:B2;3;6;8;9;11;13;14;15;16;17;19;20;23;24;25,16-21-,16-21-,26
multicut_off,W:W27;28;32;33;36;37;38;39;42;43;44;45;47;48:B2;3;7;9;10;11;12;13;16;18;19;23;24;25,37-31-,37-31-,-3
multicut_off,W:W25;27;28;30;32;33;35;36;37;38;39;43:B3;8;13;14;16;17;18;19;21;23;24;26,39-34-,39-34-,2
multicut_off,W:W25;27;28;30;32;33;35;36;37;38;39;45;48:B3;6;9;11;13;14;15;16;18;19;23;24;26,45-40-,39-34-,-5
multicut_off,W:W22;27;28;29;30;31;33;34;38;43;49:B5;7;10;11;12;13;14;17;18;20;25,31-26-,29-23-,70
all_off,W:W27;33;34;36;37;38;39;40;45;48:B2;11;12;13;14;23;24;25;26;29,48-43-,37-31-,100
all_off,W:W21;24;28;29;37;38:B7;8;13;18;19;26,28-23-,28-23-,169
all_off,W:W26;31;33;34;35;36;37;38;39;42;43;44:B11;12;14;17;18;19;22;23;24;25;27;28,33-29-,37-32-,116
all_off,W:W26;27;33;37;38;39;45:B8;9;11;13;14;17;23,27-22-,27-21-,64
all_off,B:W22;29;32;33;34;35;36;38;39;40;41;42;43;44;45;47;49:B1;2;3;6;7;8;9;11;13;14;15;16;19;20;21;24;25,7-12-,13-18-,66
all_off,W:W16;25;27;30;33;35;37;38;42;43;48:B3;7;9;11;12;13;14;15;18;22;23,37-32-,43-39-,-9
all_off,B:W26;28;31;32;33;34;35;36;38;39;40;43;45;48:B6;7;8;15;16;17;18;19;20;21;22;23;24;25,7-11-,24-29-,148
all_off,W:W24;26;27;29;32;34;39;40;41;42;43;44;45;47;48;49:B1;2;4;7;8;9;10;12;13;15;16;18;20;22;23;25,43-38-,26-21-,96
all_off,W:W27;28;32;33;34;35;37;38;40;42;43;45;48:B4;6;9;10;11;12;13;15;16;19;23;24;26,37-31-,34-29-,-4
all_off,W:W25;26;30;35;36;37;38;40;42;44;45;46;47:B5;6;8;11;13;14;15;16;17;18;19;24;27,44-39-,26-21-,46
all_off,W:W24;26;27;28;31;32;38;39;40;41;42;43;44;46;48;49;50:B2;4;6;7;8;9;10;11;12;13;15;16;17;18;19;21;25,39-33-,38-33-,96
all_off,W:W25;26;29;31;33;34;36;37;38;39;41;42;43;45;46;48:B2;6;7;10;12;13;14;15;16;17;18;19;22;23;27;28,37-32-,37-32-,34
all_off,B:W25;27;28;32;33;35;37;38;39;41;42;44;48:B3;4;6;11;13;14;16;17;18;19;23;24;26,17-21-,17-21-,5
all_off,W:W27;28;32;33;34;37;38;42;43;48:B8;9;13;15;16;18;19;20;21;23,37-31-,34-29-,34
all_off,B:W24;27;31;32;33;34;35;37;38;39;40;41;42;43;44;45:B2;3;4;5;6;8;10;11;13;16;17;18;21;23;25;26,4-9-,23-28-,149
all_off,W:W15;24;25;26;31;34;35;36;41;43;46;48:B4;7;9;12;13;14;17;18;22;27;28;32,24-20-,25-20-,121
all_off,W:W26;31;33;34;36;37;39;40;43;44;45;46;49:B4;8;9;10;11;13;18;20;22;23;25;27;28,26-21-,40-35-,0
all_off,W:W24;26;31;34;36;37;38;39;40;41;42;43;45;46;48;49:B1;2;6;7;8;9;10;12;13;15;17;18;20;22;23;27,34-29-,38-32-,198
all_off,W:W16;26;33;34;35;37;38;39;43;45;47;48:B1;3;7;8;9;10;11;17;19;20;23;36,34-29-,47-41-,15
all_off,B:W25;27;28;32;33;34;35;38;39;40;41;42;43;45;47;48:B2;3;4;6;7;9;10;11;12;13;14;18;19;23;24;26,10-15-,10-15-,5
all_off,W:W16;27;28;30;32;34;35;37;38;39:B7;12;13;14;18;19;21;23;24;25,39-33-,27-22-,137
all_off,W:W25;27;28;32;33;35;37;38;39;40;42;44;45;47;48:B2;3;6;8;9;10;12;13;14;16;17;18;19;23;24,27-22-,37-31-,0
all_off,W:W27;28;32;33;38;39;40;42;44;47;48;50:B3;6;11;12;13;14;16;18;19;24;30;35,27-22-,27-22-,103
all_off,W:W26;31;34;35;36;38;41;46;48;49:B12;13;14;17;18;22;23;25;27;28,49-44-,34-29-,119
all_off,B:W26;29;31;32;33;34;35;36;37;38;39;40;41;42;43;44;45;49:B1;2;4;7;8;9;10;12;13;14;16;17;18;19;20;22;24;25,22-28-,22-28-,71
all_off,W:W18;22;28;31;36;42;48:B3;7;8;9;13;14;15;16;19;21;27,28-23-,28-23-,60
all_off,W:W23;24;27;29;30;34;36;37;39;40;43;45;47:B6;8;9;10;11;13;14;15;16;17;20;25;26,47-42-,47-41-,38
all_off,W:W19;24;29;31;32;34;35;36;37;38;39;41;42;43;47;48;49;50:B2;4;6;7;8;9;10;12;13;15;16;18;20;21;22;25;26,31-27-,32-27-,199
all_off,W:W26;27;28;30;31;33;34;35;36;38;43;45;46;47;48:B6;7;8;9;11;12;13;16;18;19;20;21;22;24;25,28-17-22,28-17-22,84
all_off,B:W24;26;29;32;33;34;36;37;38;39;41;43;44;45;47;48;49:B2;5;6;8;9;10;11;12;13;15;16;17;18;21;22;23;25,21-27-,22-28-,113
all_off,W:W15;27;29;32;33;34;36;37;38;39;42;43;44;45;46;48:B2;4;7;8;9;10;12;13;14;16;17;18;21;23;26;35,46-41-,44-40-,1
all_off,W:W36;45:B7;9;15;18;25;29;40,45-1-7.18.29.40,45-1-7.18.29.40,114
all_off,W:W25;26;29;30;31;34;36;38;39;40;41;43;46;48;49:B2;3;7;10;11;12;13;14;17;18;19;20;22;23;27,39-33-,39-33-,3
all_off,B:W22;26;28;32;33;34;35;36;37;38;39;43;44;45;48;49:B2;3;6;8;9;11;13;14;15;16;17;19;20;23;24;25,16-21-,16-21-,26
all_off,W:W27;28;32;33;36;37;38;39;42;43;44;45;47;48:B2;3;7;9;10;11;12;13;16;18;19;23;24;25,37-31-,37-31-,-3
all_off,W:W25;27;28;30;32;33;35;36;37;38;39;43:B3;8;13;14;16;17;18;19;21;23;24;26,39-34-,39-34-,-3
all_off,W:W25;27;28;30;32;33;35;36;37;38;39;45;48:B3;6;9;11;13;14;15;16;18;19;23;24;26,45-40-,45-40-,-3
all_off,W:W22;27;28;29;30;31;33;34;38;43;49:B5;7;10;11;12;13;14;17;18;20;25,31-26-,29-23-,24
baseline,W:W25;26;28;30;33;35;36;38;39;41;42;43;44;45;47;49;50:B2;3;4;6;7;8;9;11;12;14;15;17;19;20;22;23;27,45-40-,42-37-,-14
baseline,W:W22;24;29;37;38:B7;8;13;17;18;19,22-2-7.17,22-2-7.17,154
baseline,B:W25;28;31;32;33;34;35;36;37;38;42;43;44;45;47;48;49:B2;3;4;6;7;8;9;10;11;12;13;14;17;19;20;22;26,20-24-,22-27-,100
baseline,W:W21;26;33;37;38;39;45:B9;11;12;13;14;17;23,21-16-,37-32-,-4
baseline,W:W27;29;32;33;35;37;38;39;40;43;45;46;47;48:B2;4;6;8;9;12;15;16;18;20;21;22;24;26,48-42-,37-31-,171
baseline,W:W23;26;28;33;35;36;37;38;39;40;42;43;45;47;48;49:B2;3;4;6;7;8;10;11;12;13;14;15;17;19;22;27,35-30-,36-31-,65
baseline,W:W22;27;28;33;35;36;37;38;39;40;41;42;43;44;45;46;48:B2;3;4;6;7;8;9;10;11;13;14;15;16;17;19;20;26,28-23-,28-23-,111
baseline,W:W25;27;32;33;34;39;42;43;47;48;49:B2;3;8;10;11;16;18;19;21;23;30,33-28-,34-29-,116
baseline,W:W27;28;30;32;33;34;35;36;37;38;40;45:B8;12;13;15;16;17;18;19;20;24;25;26,27-21-,27-21-,32
baseline,W:W27;28;32;33;34;37;38;42;43;48:B6;12;13;15;16;17;19;21;23;24,37-31-,37-31-,2
baseline,B:W26;27;28;30;32;34;35;36;38;40;42;45;48:B6;8;11;12;13;14;15;16;17;18;19;23;29,29-33-,29-33-,65
baseline,W:W25;29;30;32;33;34;36;37;38;39;40;42;44;45;47;48:B3;5;8;9;10;13;14;15;16;17;18;20;21;23;26;27,33-28-,36-31-,19
baseline,W:W25;26;30;31;33;34;35;36;37;39;45;46;47;48;49:B2;3;7;8;9;11;14;15;17;18;19;22;23;27;28,33-29-,33-29-,-8
baseline,W:W23;24;26;28;29;33;34;36;38;40;41;43;45;48:B2;3;4;7;8;12;13;14;15;16;17;20;25;27,43-39-,43-39-,-5
baseline,W:W24;26;28;29;33;34;35;36;38;41;42;43;44;47;48;49;50:B2;3;4;6;7;8;9;12;13;15;17;18;19;20;22;25;27,43-39-,44-39-,-7
baseline,W:W23;26;30;33;36;37;38;39;40;41;42;43;44;45;47;48;49;50:B2;3;4;5;6;7;8;9;10;11;12;14;15;16;17;20;22;27,37-31-,33-29-,-3
baseline,W:W24;27;28;29;32;34;36;37;38;39;42;43;45;46;48:B3;6;7;8;12;13;15;16;17;18;19;20;21;23;25,27-22-,27-22-,-2
baseline,W:W26;27;28;32;33;34;35;36;38;39;44;45;47;48:B3;6;8;10;11;12;13;16;17;18;19;23;24;25,44-40-,27-22-,96
baseline,W:W25;31;33;34;35;36;38;42;43;47;48:B2;3;11;12;13;14;15;18;22;23;27,34-29-,43-39-,-5
baseline,W:W27;28;30;32;33;34;35;37;38;40;41;44;45;46;47;48;49;50:B1;2;3;4;5;6;9;10;12;13;15;16;18;19;21;23;24;25,27-22-,37-31-,-1
baseline,B:W25;26;28;30;32;33;35;36;38;39;40;42;46;47;48;49;50:B3;4;5;6;7;8;9;11;12;14;17;18;19;21;22;24;27,18-23-,18-23-,10
baseline,W:W26;31;34;35;36;38;41;43;44;46;49:B3;11;12;13;14;17;18;22;23;27;28,44-39-,44-40-,-2
baseline,W:W26;29;32;34;37;38;42;44;45;47;48;50:B4;7;8;9;11;16;17;20;22;24;35;36,44-40-,44-40-,11
baseline,W:W35;36;38;46;48;49:B12;13;14;22;25;27;29;34,36-31-,36-31-,278
baseline,W:W26;28;29;31;33;36;38;40;43;44;45;46;48;49;50:B2;4;6;7;9;10;12;14;15;17;18;19;20;22;27,29-24-,29-24-,97
baseline,W:W26;29;30;31;33;34;35;36;38;41;46;48;49;50:B2;3;7;11;12;13;14;17;18;19;22;23;25;27,50-44-,48-43-,-3
baseline,B:W25;26;27;34;35;36;39;40;41;42;43;44;45;48:B3;4;5;6;8;9;10;13;14;15;16;17;18;24,18-22-,18-22-,9
baseline,W:W25;27;28;30;32;33;35;36;37;38;39;40;41;42;43;45;46;48:B1;3;4;5;6;8;9;12;13;14;15;16;17;18;19;23;24;26,27-22-,27-22-,34
baseline,W:W25;26;30;31;33;35;36;38;39;41;43;45;46;47;48;49:B1;2;3;4;7;11;12;13;14;15;17;18;22;23;27;28,45-40-,45-40-,-19
baseline,W:W27;28;29;32;33;35;36;37;38;39;42;43;44;45;48;50:B3;4;6;8;9;10;11;12;13;15;16;18;19;20;24;26,45-40-,37-31-,3
baseline,W:W27;28;30;34;35;36;37;38;39;40;42;43;45;48:B6;8;9;10;12;13;14;17;18;19;20;24;25;26,27-22-,38-32-,5
baseline,W:W26;29;30;34;35;37;38;39;44;46;47;48;49:B1;3;5;10;11;12;13;17;18;22;25;28;36,38-33-,38-33-,-3
baseline,W:W25;27;29;30;33;34;36;37;39;41;42;46;47;48;49:B2;6;7;9;10;11;12;13;15;16;18;19;21;23;26,37-32-,33-28-,0
baseline,W:W22;27;28;32;33;35;36;37;38;40;43:B3;6;8;11;12;13;17;19;23;24;26,43-39-,43-39-,-1
baseline,W:W21;29;30;34;38;40;43;44;45;46;47;48;49:B4;7;9;12;13;14;16;18;19;20;22;25;36,48-42-,38-33-,-43
baseline,W:W25;27;28;30;32;33;34;35;37;38;39;41;43:B3;9;12;13;14;15;16;18;19;21;23;24;26,41-36-,41-36-,-3
baseline,W:W25;27;28;30;32;33;34;35;36;37;38;39;43:B6;9;11;12;13;14;16;18;19;20;23;24;26,36-31-,28-22-,-37
baseline,W:W21;27;28;29;30;31;33;34;35;38;43;44:B2;5;6;7;10;12;13;14;17;18;20;25,31-26-,29-23-,10
lmr_off,W:W25;26;28;30;33;35;36;38;39;41;42;43;44;45;47;49;50:B2;3;4;6;7;8;9;11;12;14;15;17;19;20;22;23;27,45-40-,36-31-,25
lmr_off,W:W22;24;29;37;38:B7;8;13;17;18;19,22-2-7.17,22-2-7.17,161
lmr_off,B:W25;28;31;32;33;34;35;36;37;38;42;43;44;45;47;48;49:B2;3;4;6;7;8;9;10;11;12;13;14;17;19;20;22;26,20-24-,22-27-,62
lmr_off,W:W21;26;33;37;38;39;45:B9;11;12;13;14;17;23,21-16-,21-16-,55
lmr_off,W:W27;29;32;33;35;37;38;39;40;43;45;46;47;48:B2;4;6;8;9;12;15;16;18;20;21;22;24;26,48-42-,37-31-,167
lmr_off,W:W23;26;28;33;35;36;37;38;39;40;42;43;45;47;48;49:B2;3;4;6;7;8;10;11;12;13;14;15;17;19;22;27,35-30-,23-18-,43
lmr_off,W:W22;27;28;33;35;36;37;38;39;40;41;42;43;44;45;46;48:B2;3;4;6;7;8;9;10;11;13;14;15;16;17;19;20;26,28-23-,28-23-,119
lmr_off,W:W25;27;32;33;34;39;42;43;47;48;49:B2;3;8;10;11;16;18;19;21;23;30,33-28-,34-29-,115
lmr_off,W:W27;28;30;32;33;34;35;36;37;38;40;45:B8;12;13;15;16;17;18;19;20;24;25;26,27-21-,27-21-,32
lmr_off,W:W27;28;32;33;34;37;38;42;43;48:B6;12;13;15;16;17;19;21;23;24,37-31-,37-31-,0
lmr_off,B:W26;27;28;30;32;34;35;36;38;40;42;45;48:B6;8;11;12;13;14;15;16;17;18;19;23;29,29-33-,29-33-,77
lmr_off,W:W25;29;30;32;33;34;36;37;38;39;40;42;44;45;47;48:B3;5;8;9;10;13;14;15;16;17;18;20;21;23;26;27,33-28-,40-35-,7
lmr_off,W:W25;26;30;31;33;34;35;36;37;39;45;46;47;48;49:B2;3;7;8;9;11;14;15;17;18;19;22;23;27;28,33-29-,34-29-,86
lmr_off,W:W23;24;26;28;29;33;34;36;38;40;41;43;45;48:B2;3;4;7;8;12;13;14;15;16;17;20;25;27,43-39-,23-18-,3
lmr_off,W:W24;26;28;29;33;34;35;36;38;41;42;43;44;47;48;49;50:B2;3;4;6;7;8;9;12;13;15;17;18;19;20;22;25;27,43-39-,38-32-,54
lmr_off,W:W23;26;30;33;36;37;38;39;40;41;42;43;44;45;47;48;49;50:B2;3;4;5;6;7;8;9;10;11;12;14;15;16;17;20;22;27,37-31-,37-31-,-1
lmr_off,W:W24;27;28;29;32;34;36;37;38;39;42;43;45;46;48:B3;6;7;8;12;13;15;16;17;18;19;20;21;23;25,27-22-,27-22-,-2
lmr_off,W:W26;27;28;32;33;34;35;36;38;39;44;45;47;48:B3;6;8;10;11;12;13;16;17;18;19;23;24;25,44-40-,27-22-,137
lmr_off,W:W25;31;33;34;35;36;38;42;43;47;48:B2;3;11;12;13;14;15;18;22;23;27,34-29-,43-39-,-5
lmr_off,W:W27;28;30;32;33;34;35;37;38;40;41;44;45;46;47;48;49;50:B1;2;3;4;5;6;9;10;12;13;15;16;18;19;21;23;24;25,27-22-,27-22-,45
lmr_off,B:W25;26;28;30;32;33;35;36;38;39;40;42;46;47;48;49;50:B3;4;5;6;7;8;9;11;12;14;17;18;19;21;22;24;27,18-23-,18-23-,6
lmr_off,W:W26;31;34;35;36;38;41;43;44;46;49:B3;11;12;13;14;17;18;22;23;27;28,44-39-,35-30-,-8
lmr_off,W:W26;29;32;34;37;38;42;44;45;47;48;50:B4;7;8;9;11;16;17;20;22;24;35;36,44-40-,44-40-,12
lmr_off,W:W35;36;38;46;48;49:B12;13;14;22;25;27;29;34,36-31-,36-31-,289
lmr_off,W:W26;28;29;31;33;36;38;40;43;44;45;46;48;49;50:B2;4;6;7;9;10;12;14;15;17;18;19;20;22;27,29-24-,29-24-,93
lmr_off,W:W26;29;30;31;33;34;35;36;38;41;46;48;49;50:B2;3;7;11;12;13;14;17;18;19;22;23;25;27,50-44-,49-44-,-2
lmr_off,B:W25;26;27;34;35;36;39;40;41;42;43;44;45;48:B3;4;5;6;8;9;10;13;14;15;16;17;18;24,18-22-,18-22-,11
lmr_off,W:W25;27;28;30;32;33;35;36;37;38;39;40;41;42;43;45;46;48:B1;3;4;5;6;8;9;12;13;14;15;16;17;18;19;23;24;26,27-22-,27-22-,35
lmr_off,W:W25;26;30;31;33;35;36;38;39;41;43;45;46;47;48;49:B1;2;3;4;7;11;12;13;14;15;17;18;22;23;27;28,45-40-,41-37-,-18
lmr_off,W:W27;28;29;32;33;35;36;37;38;39;42;43;44;45;48;50:B3;4;6;8;9;10;11;12;13;15;16;18;19;20;24;26,45-40-,37-31-,3
lmr_off,W:W27;28;30;34;35;36;37;38;39;40;42;43;45;48:B6;8;9;10;12;13;14;17;18;19;20;24;25;26,27-22-,38-32-,5
lmr_off,W:W26;29;30;34;35;37;38;39;44;46;47;48;49:B1;3;5;10;11;12;13;17;18;22;25;28;36,38-33-,48-42-,-6
lmr_off,W:W25;27;29;30;33;34;36;37;39;41;42;46;47;48;49:B2;6;7;9;10;11;12;13;15;16;18;19;21;23;26,37-32-,37-32-,0
lmr_off,W:W22;27;28;32;33;35;36;37;38;40;43:B3;6;8;11;12;13;17;19;23;24;26,43-39-,43-39-,-1
lmr_off,W:W21;29;30;34;38;40;43;44;45;46;47;48;49:B4;7;9;12;13;14;16;18;19;20;22;25;36,48-42-,44-39-,-48
lmr_off,W:W25;27;28;30;32;33;34;35;37;38;39;41;43:B3;9;12;13;14;15;16;18;19;21;23;24;26,41-36-,41-36-,-12
lmr_off,W:W25;27;28;30;32;33;34;35;36;37;38;39;43:B6;9;11;12;13;14;16;18;19;20;23;24;26,36-31-,36-31-,-11
lmr_off,W:W21;27;28;29;30;31;33;34;35;38;43;44:B2;5;6;7;10;12;13;14;17;18;20;25,31-26-,29-23-,20
lmp_off,W:W25;26;28;30;33;35;36;38;39;41;42;43;44;45;47;49;50:B2;3;4;6;7;8;9;11;12;14;15;17;19;20;22;23;27,45-40-,36-31-,31
lmp_off,W:W22;24;29;37;38:B7;8;13;17;18;19,22-2-7.17,22-2-7.17,154
lmp_off,B:W25;28;31;32;33;34;35;36;37;38;42;43;44;45;47;48;49:B2;3;4;6;7;8;9;10;11;12;13;14;17;19;20;22;26,20-24-,22-27-,77
lmp_off,W:W21;26;33;37;38;39;45:B9;11;12;13;14;17;23,21-16-,21-16-,117
lmp_off,W:W27;29;32;33;35;37;38;39;40;43;45;46;47;48:B2;4;6;8;9;12;15;16;18;20;21;22;24;26,48-42-,37-31-,164
lmp_off,W:W23;26;28;33;35;36;37;38;39;40;42;43;45;47;48;49:B2;3;4;6;7;8;10;11;12;13;14;15;17;19;22;27,35-30-,37-31-,-7
lmp_off,W:W22;27;28;33;35;36;37;38;39;40;41;42;43;44;45;46;48:B2;3;4;6;7;8;9;10;11;13;14;15;16;17;19;20;26,28-23-,28-23-,120
lmp_off,W:W25;27;32;33;34;39;42;43;47;48;49:B2;3;8;10;11;16;18;19;21;23;30,33-28-,34-29-,99
lmp_off,W:W27;28;30;32;33;34;35;36;37;38;40;45:B8;12;13;15;16;17;18;19;20;24;25;26,27-21-,27-21-,-2
lmp_off,W:W27;28;32;33;34;37;38;42;43;48:B6;12;13;15;16;17;19;21;23;24,37-31-,37-31-,2
lmp_off,B:W26;27;28;30;32;34;35;36;38;40;42;45;48:B6;8;11;12;13;14;15;16;17;18;19;23;29,29-33-,29-33-,74
lmp_off,W:W25;29;30;32;33;34;36;37;38;39;40;42;44;45;47;48:B3;5;8;9;10;13;14;15;16;17;18;20;21;23;26;27,33-28-,36-31-,19
lmp_off,W:W25;26;30;31;33;34;35;36;37;39;45;46;47;48;49:B2;3;7;8;9;11;14;15;17;18;19;22;23;27;28,33-29-,33-29-,-8
lmp_off,W:W23;24;26;28;29;33;34;36;38;40;41;43;45;48:B2;3;4;7;8;12;13;14;15;16;17;20;25;27,43-39-,43-39-,-5
lmp_off,W:W24;26;28;29;33;34;35;36;38;41;42;43;44;47;48;49;50:B2;3;4;6;7;8;9;12;13;15;17;18;19;20;22;25;27,43-39-,44-39-,-2
lmp_off,W:W23;26;30;33;36;37;38;39;40;41;42;43;44;45;47;48;49;50:B2;3;4;5;6;7;8;9;10;11;12;14;15;16;17;20;22;27,37-31-,36-31-,85
lmp_off,W:W24;27;28;29;32;34;36;37;38;39;42;43;45;46;48:B3;6;7;8;12;13;15;16;17;18;19;20;21;23;25,27-22-,27-22-,16
lmp_off,W:W26;27;28;32;33;34;35;36;38;39;44;45;47;48:B3;6;8;10;11;12;13;16;17;18;19;23;24;25,44-40-,27-22-,106
lmp_off,W:W25;31;33;34;35;36;38;42;43;47;48:B2;3;11;12;13;14;15;18;22;23;27,34-29-,43-39-,-5
lmp_off,W:W27;28;30;32;33;34;35;37;38;40;41;44;45;46;47;48;49;50:B1;2;3;4;5;6;9;10;12;13;15;16;18;19;21;23;24;25,27-22-,27-22-,23
lmp_off,B:W25;26;28;30;32;33;35;36;38;39;40;42;46;47;48;49;50:B3;4;5;6;7;8;9;11;12;14;17;18;19;21;22;24;27,18-23-,18-23-,9
lmp_off,W:W26;31;34;35;36;38;41;43;44;46;49:B3;11;12;13;14;17;18;22;23;27;28,44-39-,41-37-,-14
lmp_off,W:W26;29;32;34;37;38;42;44;45;47;48;50:B4;7;8;9;11;16;17;20;22;24;35;36,44-40-,44-40-,15
lmp_off,W:W35;36;38;46;48;49:B12;13;14;22;25;27;29;34,36-31-,36-31-,188
lmp_off,W:W26;28;29;31;33;36;38;40;43;44;45;46;48;49;50:B2;4;6;7;9;10;12;14;15;17;18;19;20;22;27,29-24-,29-24-,93
lmp_off,W:W26;29;30;31;33;34;35;36;38;41;46;48;49;50:B2;3;7;11;12;13;14;17;18;19;22;23;25;27,50-44-,38-32-,-2
lmp_off,B:W25;26;27;34;35;36;39;40;41;42;43;44;45;48:B3;4;5;6;8;9;10;13;14;15;16;17;18;24,18-22-,18-22-,5
lmp_off,W:W25;27;28;30;32;33;35;36;37;38;39;40;41;42;43;45;46;48:B1;3;4;5;6;8;9;12;13;14;15;16;17;18;19;23;24;26,27-22-,27-22-,36
lmp_off,W:W25;26;30;31;33;35;36;38;39;41;43;45;46;47;48;49:B1;2;3;4;7;11;12;13;14;15;17;18;22;23;27;28,45-40-,33-29-,-16
lmp_off,W:W27;28;29;32;33;35;36;37;38;39;42;43;44;45;48;50:B3;4;6;8;9;10;11;12;13;15;16;18;19;20;24;26,45-40-,37-31-,5
lmp_off,W:W27;28;30;34;35;36;37;38;39;40;42;43;45;48:B6;8;9;10;12;13;14;17;18;19;20;24;25;26,27-22-,38-32-,5
lmp_off,W:W26;29;30;34;35;37;38;39;44;46;47;48;49:B1;3;5;10;11;12;13;17;18;22;25;28;36,38-33-,38-33-,-4
lmp_off,W:W25;27;29;30;33;34;36;37;39;41;42;46;47;48;49:B2;6;7;9;10;11;12;13;15;16;18;19;21;23;26,37-32-,37-32-,-1
lmp_off,W:W22;27;28;32;33;35;36;37;38;40;43:B3;6;8;11;12;13;17;19;23;24;26,43-39-,43-39-,0
lmp_off,W:W21;29;30;34;38;40;43;44;45;46;47;48;49:B4;7;9;12;13;14;16;18;19;20;22;25;36,48-42-,44-39-,-41
lmp_off,W:W25;27;28;30;32;33;34;35;37;38;39;41;43:B3;9;12;13;14;15;16;18;19;21;23;24;26,41-36-,27-22-,1
lmp_off,W:W25;27;28;30;32;33;34;35;36;37;38;39;43:B6;9;11;12;13;14;16;18;19;20;23;24;26,36-31-,36-31-,-20
lmp_off,W:W21;27;28;29;30;31;33;34;35;38;43;44:B2;5;6;7;10;12;13;14;17;18;20;25,31-26-,31-26-,3
nmp_off,W:W25;26;28;30;33;35;36;38;39;41;42;43;44;45;47;49;50:B2;3;4;6;7;8;9;11;12;14;15;17;19;20;22;23;27,45-40-,42-37-,-14
nmp_off,W:W22;24;29;37;38:B7;8;13;17;18;19,22-2-7.17,22-2-7.17,154
nmp_off,B:W25;28;31;32;33;34;35;36;37;38;42;43;44;45;47;48;49:B2;3;4;6;7;8;9;10;11;12;13;14;17;19;20;22;26,20-24-,22-27-,100
nmp_off,W:W21;26;33;37;38;39;45:B9;11;12;13;14;17;23,21-16-,37-32-,-4
nmp_off,W:W27;29;32;33;35;37;38;39;40;43;45;46;47;48:B2;4;6;8;9;12;15;16;18;20;21;22;24;26,48-42-,37-31-,171
nmp_off,W:W23;26;28;33;35;36;37;38;39;40;42;43;45;47;48;49:B2;3;4;6;7;8;10;11;12;13;14;15;17;19;22;27,35-30-,36-31-,65
nmp_off,W:W22;27;28;33;35;36;37;38;39;40;41;42;43;44;45;46;48:B2;3;4;6;7;8;9;10;11;13;14;15;16;17;19;20;26,28-23-,28-23-,111
nmp_off,W:W25;27;32;33;34;39;42;43;47;48;49:B2;3;8;10;11;16;18;19;21;23;30,33-28-,34-29-,116
nmp_off,W:W27;28;30;32;33;34;35;36;37;38;40;45:B8;12;13;15;16;17;18;19;20;24;25;26,27-21-,27-21-,32
nmp_off,W:W27;28;32;33;34;37;38;42;43;48:B6;12;13;15;16;17;19;21;23;24,37-31-,37-31-,2
nmp_off,B:W26;27;28;30;32;34;35;36;38;40;42;45;48:B6;8;11;12;13;14;15;16;17;18;19;23;29,29-33-,29-33-,65
nmp_off,W:W25;29;30;32;33;34;36;37;38;39;40;42;44;45;47;48:B3;5;8;9;10;13;14;15;16;17;18;20;21;23;26;27,33-28-,36-31-,19
nmp_off,W:W25;26;30;31;33;34;35;36;37;39;45;46;47;48;49:B2;3;7;8;9;11;14;15;17;18;19;22;23;27;28,33-29-,33-29-,-8
nmp_off,W:W23;24;26;28;29;33;34;36;38;40;41;43;45;48:B2;3;4;7;8;12;13;14;15;16;17;20;25;27,43-39-,43-39-,-5
nmp_off,W:W24;26;28;29;33;34;35;36;38;41;42;43;44;47;48;49;50:B2;3;4;6;7;8;9;12;13;15;17;18;19;20;22;25;27,43-39-,44-39-,-7
nmp_off,W:W23;26;30;33;36;37;38;39;40;41;42;43;44;45;47;48;49;50:B2;3;4;5;6;7;8;9;10;11;12;14;15;16;17;20;22;27,37-31-,33-29-,-3
nmp_off,W:W24;27;28;29;32;34;36;37;38;39;42;43;45;46;48:B3;6;7;8;12;13;15;16;17;18;19;20;21;23;25,27-22-,27-22-,-2
nmp_off,W:W26;27;28;32;33;34;35;36;38;39;44;45;47;48:B3;6;8;10;11;12;13;16;17;18;19;23;24;25,44-40-,27-22-,96
nmp_off,W:W25;31;33;34;35;36;38;42;43;47;48:B2;3;11;12;13;14;15;18;22;23;27,34-29-,43-39-,-5
nmp_off,W:W27;28;30;32;33;34;35;37;38;40;41;44;45;46;47;48;49;50:B1;2;3;4;5;6;9;10;12;13;15;16;18;19;21;23;24;25,27-22-,37-31-,-1
nmp_off,B:W25;26;28;30;32;33;35;36;38;39;40;42;46;47;48;49;50:B3;4;5;6;7;8;9;11;12;14;17;18;19;21;22;24;27,18-23-,18-23-,10
nmp_off,W:W26;31;34;35;36;38;41;43;44;46;49:B3;11;12;13;14;17;18;22;23;27;28,44-39-,44-40-,-2
nmp_off,W:W26;29;32;34;37;38;42;44;45;47;48;50:B4;7;8;9;11;16;17;20;22;24;35;36,44-40-,44-40-,11
nmp_off,W:W35;36;38;46;48;49:B12;13;14;22;25;27;29;34,36-31-,36-31-,278
nmp_off,W:W26;28;29;31;33;36;38;40;43;44;45;46;48;49;50:B2;4;6;7;9;10;12;14;15;17;18;19;20;22;27,29-24-,29-24-,97
nmp_off,W:W26;29;30;31;33;34;35;36;38;41;46;48;49;50:B2;3;7;11;12;13;14;17;18;19;22;23;25;27,50-44-,48-43-,-3
nmp_off,B:W25;26;27;34;35;36;39;40;41;42;43;44;45;48:B3;4;5;6;8;9;10;13;14;15;16;17;18;24,18-22-,18-22-,9
nmp_off,W:W25;27;28;30;32;33;35;36;37;38;39;40;41;42;43;45;46;48:B1;3;4;5;6;8;9;12;13;14;15;16;17;18;19;23;24;26,27-22-,27-22-,34
nmp_off,W:W25;26;30;31;33;35;36;38;39;41;43;45;46;47;48;49:B1;2;3;4;7;11;12;13;14;15;17;18;22;23;27;28,45-40-,45-40-,-19
nmp_off,W:W27;28;29;32;33;35;36;37;38;39;42;43;44;45;48;50:B3;4;6;8;9;10;11;12;13;15;16;18;19;20;24;26,45-40-,37-31-,3
nmp_off,W:W27;28;30;34;35;36;37;38;39;40;42;43;45;48:B6;8;9;10;12;13;14;17;18;19;20;24;25;26,27-22-,38-32-,5
nmp_off,W:W26;29;30;34;35;37;38;39;44;46;47;48;49:B1;3;5;10;11;12;13;17;18;22;25;28;36,38-33-,38-33-,-3
nmp_off,W:W25;27;29;30;33;34;36;37;39;41;42;46;47;48;49:B2;6;7;9;10;11;12;13;15;16;18;19;21;23;26,37-32-,33-28-,0
nmp_off,W:W22;27;28;32;33;35;36;37;38;40;43:B3;6;8;11;12;13;17;19;23;24;26,43-39-,43-39-,-1
nmp_off,W:W21;29;30;34;38;40;43;44;45;46;47;48;49:B4;7;9;12;13;14;16;18;19;20;22;25;36,48-42-,38-33-,-43
nmp_off,W:W25;27;28;30;32;33;34;35;37;38;39;41;43:B3;9;12;13;14;15;16;18;19;21;23;24;26,41-36-,41-36-,-3
nmp_off,W:W25;27;28;30;32;33;34;35;36;37;38;39;43:B6;9;11;12;13;14;16;18;19;20;23;24;26,36-31-,28-22-,-37
nmp_off,W:W21;27;28;29;30;31;33;34;35;38;43;44:B2;5;6;7;10;12;13;14;17;18;20;25,31-26-,29-23-,10
rfp_off,W:W25;26;28;30;33;35;36;38;39;41;42;43;44;45;47;49;50:B2;3;4;6;7;8;9;11;12;14;15;17;19;20;22;23;27,45-40-,42-37-,-14
rfp_off,W:W22;24;29;37;38:B7;8;13;17;18;19,22-2-7.17,22-2-7.17,151
rfp_off,B:W25;28;31;32;33;34;35;36;37;38;42;43;44;45;47;48;49:B2;3;4;6;7;8;9;10;11;12;13;14;17;19;20;22;26,20-24-,22-27-,62
rfp_off,W:W21;26;33;37;38;39;45:B9;11;12;13;14;17;23,21-16-,37-32-,0
rfp_off,W:W27;29;32;33;35;37;38;39;40;43;45;46;47;48:B2;4;6;8;9;12;15;16;18;20;21;22;24;26,48-42-,37-31-,173
rfp_off,W:W23;26;28;33;35;36;37;38;39;40;42;43;45;47;48;49:B2;3;4;6;7;8;10;11;12;13;14;15;17;19;22;27,35-30-,39-34-,-7
rfp_off,W:W22;27;28;33;35;36;37;38;39;40;41;42;43;44;45;46;48:B2;3;4;6;7;8;9;10;11;13;14;15;16;17;19;20;26,28-23-,28-23-,119
rfp_off,W:W25;27;32;33;34;39;42;43;47;48;49:B2;3;8;10;11;16;18;19;21;23;30,33-28-,34-29-,119
rfp_off,W:W27;28;30;32;33;34;35;36;37;38;40;45:B8;12;13;15;16;17;18;19;20;24;25;26,27-21-,27-21-,-15
rfp_off,W:W27;28;32;33;34;37;38;42;43;48:B6;12;13;15;16;17;19;21;23;24,37-31-,37-31-,0
rfp_off,B:W26;27;28;30;32;34;35;36;38;40;42;45;48:B6;8;11;12;13;14;15;16;17;18;19;23;29,29-33-,29-33-,67
rfp_off,W:W25;29;30;32;33;34;36;37;38;39;40;42;44;45;47;48:B3;5;8;9;10;13;14;15;16;17;18;20;21;23;26;27,33-28-,36-31-,19
rfp_off,W:W25;26;30;31;33;34;35;36;37;39;45;46;47;48;49:B2;3;7;8;9;11;14;15;17;18;19;22;23;27;28,33-29-,47-42-,-7
rfp_off,W:W23;24;26;28;29;33;34;36;38;40;41;43;45;48:B2;3;4;7;8;12;13;14;15;16;17;20;25;27,43-39-,43-39-,-7
rfp_off,W:W24;26;28;29;33;34;35;36;38;41;42;43;44;47;48;49;50:B2;3;4;6;7;8;9;12;13;15;17;18;19;20;22;25;27,43-39-,44-39-,-2
rfp_off,W:W23;26;30;33;36;37;38;39;40;41;42;43;44;45;47;48;49;50:B2;3;4;5;6;7;8;9;10;11;12;14;15;16;17;20;22;27,37-31-,37-32-,0
rfp_off,W:W24;27;28;29;32;34;36;37;38;39;42;43;45;46;48:B3;6;7;8;12;13;15;16;17;18;19;20;21;23;25,27-22-,34-30-,48
rfp_off,W:W26;27;28;32;33;34;35;36;38;39;44;45;47;48:B3;6;8;10;11;12;13;16;17;18;19;23;24;25,44-40-,27-22-,106
rfp_off,W:W25;31;33;34;35;36;38;42;43;47;48:B2;3;11;12;13;14;15;18;22;23;27,34-29-,33-29-,-5
rfp_off,W:W27;28;30;32;33;34;35;37;38;40;41;44;45;46;47;48;49;50:B1;2;3;4;5;6;9;10;12;13;15;16;18;19;21;23;24;25,27-22-,41-36-,2
rfp_off,B:W25;26;28;30;32;33;35;36;38;39;40;42;46;47;48;49;50:B3;4;5;6;7;8;9;11;12;14;17;18;19;21;22;24;27,18-23-,18-23-,8
rfp_off,W:W26;31;34;35;36;38;41;43;44;46;49:B3;11;12;13;14;17;18;22;23;27;28,44-39-,44-40-,-7
rfp_off,W:W26;29;32;34;37;38;42;44;45;47;48;50:B4;7;8;9;11;16;17;20;22;24;35;36,44-40-,44-40-,10
rfp_off,W:W35;36;38;46;48;49:B12;13;14;22;25;27;29;34,36-31-,36-31-,265
rfp_off,W:W26;28;29;31;33;36;38;40;43;44;45;46;48;49;50:B2;4;6;7;9;10;12;14;15;17;18;19;20;22;27,29-24-,29-24-,96
rfp_off,W:W26;29;30;31;33;34;35;36;38;41;46;48;49;50:B2;3;7;11;12;13;14;17;18;19;22;23;25;27,50-44-,38-32-,0
rfp_off,B:W25;26;27;34;35;36;39;40;41;42;43;44;45;48:B3;4;5;6;8;9;10;13;14;15;16;17;18;24,18-22-,18-22-,5
rfp_off,W:W25;27;28;30;32;33;35;36;37;38;39;40;41;42;43;45;46;48:B1;3;4;5;6;8;9;12;13;14;15;16;17;18;19;23;24;26,27-22-,27-22-,34
rfp_off,W:W25;26;30;31;33;35;36;38;39;41;43;45;46;47;48;49:B1;2;3;4;7;11;12;13;14;15;17;18;22;23;27;28,45-40-,30-24-,-13
rfp_off,W:W27;28;29;32;33;35;36;37;38;39;42;43;44;45;48;50:B3;4;6;8;9;10;11;12;13;15;16;18;19;20;24;26,45-40-,37-31-,3
rfp_off,W:W27;28;30;34;35;36;37;38;39;40;42;43;45;48:B6;8;9;10;12;13;14;17;18;19;20;24;25;26,27-22-,38-32-,5
rfp_off,W:W26;29;30;34;35;37;38;39;44;46;47;48;49:B1;3;5;10;11;12;13;17;18;22;25;28;36,38-33-,38-33-,0
rfp_off,W:W25;27;29;30;33;34;36;37;39;41;42;46;47;48;49:B2;6;7;9;10;11;12;13;15;16;18;19;21;23;26,37-32-,33-28-,0
rfp_off,W:W22;27;28;32;33;35;36;37;38;40;43:B3;6;8;11;12;13;17;19;23;24;26,43-39-,43-39-,-1
rfp_off,W:W21;29;30;34;38;40;43;44;45;46;47;48;49:B4;7;9;12;13;14;16;18;19;20;22;25;36,48-42-,38-33-,-41
rfp_off,W:W25;27;28;30;32;33;34;35;37;38;39;41;43:B3;9;12;13;14;15;16;18;19;21;23;24;26,41-36-,41-36-,-8
rfp_off,W:W25;27;28;30;32;33;34;35;36;37;38;39;43:B6;9;11;12;13;14;16;18;19;20;23;24;26,36-31-,36-31-,-20
rfp_off,W:W21;27;28;29;30;31;33;34;35;38;43;44:B2;5;6;7;10;12;13;14;17;18;20;25,31-26-,29-23-,23
razor_off,W:W25;26;28;30;33;35;36;38;39;41;42;43;44;45;47;49;50:B2;3;4;6;7;8;9;11;12;14;15;17;19;20;22;23;27,45-40-,42-37-,-14
razor_off,W:W22;24;29;37;38:B7;8;13;17;18;19,22-2-7.17,22-2-7.17,154
razor_off,B:W25;28;31;32;33;34;35;36;37;38;42;43;44;45;47;48;49:B2;3;4;6;7;8;9;10;11;12;13;14;17;19;20;22;26,20-24-,22-27-,78
razor_off,W:W21;26;33;37;38;39;45:B9;11;12;13;14;17;23,21-16-,37-32-,-4
razor_off,W:W27;29;32;33;35;37;38;39;40;43;45;46;47;48:B2;4;6;8;9;12;15;16;18;20;21;22;24;26,48-42-,37-31-,171
razor_off,W:W23;26;28;33;35;36;37;38;39;40;42;43;45;47;48;49:B2;3;4;6;7;8;10;11;12;13;14;15;17;19;22;27,35-30-,36-31-,43
razor_off,W:W22;27;28;33;35;36;37;38;39;40;41;42;43;44;45;46;48:B2;3;4;6;7;8;9;10;11;13;14;15;16;17;19;20;26,28-23-,28-23-,111
razor_off,W:W25;27;32;33;34;39;42;43;47;48;49:B2;3;8;10;11;16;18;19;21;23;30,33-28-,34-29-,116
razor_off,W:W27;28;30;32;33;34;35;36;37;38;40;45:B8;12;13;15;16;17;18;19;20;24;25;26,27-21-,27-21-,32
razor_off,W:W27;28;32;33;34;37;38;42;43;48:B6;12;13;15;16;17;19;21;23;24,37-31-,37-31-,2
razor_off,B:W26;27;28;30;32;34;35;36;38;40;42;45;48:B6;8;11;12;13;14;15;16;17;18;19;23;29,29-33-,29-33-,65
razor_off,W:W25;29;30;32;33;34;36;37;38;39;40;42;44;45;47;48:B3;5;8;9;10;13;14;15;16;17;18;20;21;23;26;27,33-28-,36-31-,19
razor_off,W:W25;26;30;31;33;34;35;36;37;39;45;46;47;48;49:B2;3;7;8;9;11;14;15;17;18;19;22;23;27;28,33-29-,33-29-,-8
razor_off,W:W23;24;26;28;29;33;34;36;38;40;41;43;45;48:B2;3;4;7;8;12;13;14;15;16;17;20;25;27,43-39-,43-39-,-5
razor_off,W:W24;26;28;29;33;34;35;36;38;41;42;43;44;47;48;49;50:B2;3;4;6;7;8;9;12;13;15;17;18;19;20;22;25;27,43-39-,44-39-,-7
razor_off,W:W23;26;30;33;36;37;38;39;40;41;42;43;44;45;47;48;49;50:B2;3;4;5;6;7;8;9;10;11;12;14;15;16;17;20;22;27,37-31-,33-29-,-3
razor_off,W:W24;27;28;29;32;34;36;37;38;39;42;43;45;46;48:B3;6;7;8;12;13;15;16;17;18;19;20;21;23;25,27-22-,27-22-,-2
razor_off,W:W26;27;28;32;33;34;35;36;38;39;44;45;47;48:B3;6;8;10;11;12;13;16;17;18;19;23;24;25,44-40-,27-22-,106
razor_off,W:W25;31;33;34;35;36;38;42;43;47;48:B2;3;11;12;13;14;15;18;22;23;27,34-29-,43-39-,-5
razor_off,W:W27;28;30;32;33;34;35;37;38;40;41;44;45;46;47;48;49;50:B1;2;3;4;5;6;9;10;12;13;15;16;18;19;21;23;24;25,27-22-,37-31-,-1
razor_off,B:W25;26;28;30;32;33;35;36;38;39;40;42;46;47;48;49;50:B3;4;5;6;7;8;9;11;12;14;17;18;19;21;22;24;27,18-23-,18-23-,10
razor_off,W:W26;31;34;35;36;38;41;43;44;46;49:B3;11;12;13;14;17;18;22;23;27;28,44-39-,44-40-,-2
razor_off,W:W26;29;32;34;37;38;42;44;45;47;48;50:B4;7;8;9;11;16;17;20;22;24;35;36,44-40-,44-40-,11
razor_off,W:W35;36;38;46;48;49:B12;13;14;22;25;27;29;34,36-31-,36-31-,278
razor_off,W:W26;28;29;31;33;36;38;40;43;44;45;46;48;49;50:B2;4;6;7;9;10;12;14;15;17;18;19;20;22;27,29-24-,29-24-,90
razor_off,W:W26;29;30;31;33;34;35;36;38;41;46;48;49;50:B2;3;7;11;12;13;14;17;18;19;22;23;25;27,50-44-,48-43-,-3
razor_off,B:W25;26;27;34;35;36;39;40;41;42;43;44;45;48:B3;4;5;6;8;9;10;13;14;15;16;17;18;24,18-22-,18-22-,9
razor_off,W:W25;27;28;30;32;33;35;36;37;38;39;40;41;42;43;45;46;48:B1;3;4;5;6;8;9;12;13;14;15;16;17;18;19;23;24;26,27-22-,27-22-,34
razor_off,W:W25;26;30;31;33;35;36;38;39;41;43;45;46;47;48;49:B1;2;3;4;7;11;12;13;14;15;17;18;22;23;27;28,45-40-,45-40-,-19
razor_off,W:W27;28;29;32;33;35;36;37;38;39;42;43;44;45;48;50:B3;4;6;8;9;10;11;12;13;15;16;18;19;20;24;26,45-40-,37-31-,3
razor_off,W:W27;28;30;34;35;36;37;38;39;40;42;43;45;48:B6;8;9;10;12;13;14;17;18;19;20;24;25;26,27-22-,38-32-,8
razor_off,W:W26;29;30;34;35;37;38;39;44;46;47;48;49:B1;3;5;10;11;12;13;17;18;22;25;28;36,38-33-,38-33-,-3
razor_off,W:W25;27;29;30;33;34;36;37;39;41;42;46;47;48;49:B2;6;7;9;10;11;12;13;15;16;18;19;21;23;26,37-32-,33-28-,0
razor_off,W:W22;27;28;32;33;35;36;37;38;40;43:B3;6;8;11;12;13;17;19;23;24;26,43-39-,43-39-,-1
razor_off,W:W21;29;30;34;38;40;43;44;45;46;47;48;49:B4;7;9;12;13;14;16;18;19;20;22;25;36,48-42-,44-39-,-41
razor_off,W:W25;27;28;30;32;33;34;35;37;38;39;41;43:B3;9;12;13;14;15;16;18;19;21;23;24;26,41-36-,41-36-,-3
razor_off,W:W25;27;28;30;32;33;34;35;36;37;38;39;43:B6;9;11;12;13;14;16;18;19;20;23;24;26,36-31-,28-22-,-37
razor_off,W:W21;27;28;29;30;31;33;34;35;38;43;44:B2;5;6;7;10;12;13;14;17;18;20;25,31-26-,29-23-,15
multicut_off,W:W25;26;28;30;33;35;36;38;39;41;42;43;44;45;47;49;50:B2;3;4;6;7;8;9;11;12;14;15;17;19;20;22;23;27,45-40-,36-31-,25
multicut_off,W:W22;24;29;37;38:B7;8;13;17;18;19,22-2-7.17,22-2-7.17,167
multicut_off,B:W25;28;31;32;33;34;35;36;37;38;42;43;44;45;47;48;49:B2;3;4;6;7;8;9;10;11;12;13;14;17;19;20;22;26,20-24-,22-27-,73
multicut_off,W:W21;26;33;37;38;39;45:B9;11;12;13;14;17;23,21-16-,21-16-,111
multicut_off,W:W27;29;32;33;35;37;38;39;40;43;45;46;47;48:B2;4;6;8;9;12;15;16;18;20;21;22;24;26,48-42-,37-31-,164
multicut_off,W:W23;26;28;33;35;36;37;38;39;40;42;43;45;47;48;49:B2;3;4;6;7;8;10;11;12;13;14;15;17;19;22;27,35-30-,36-31-,65
multicut_off,W:W22;27;28;33;35;36;37;38;39;40;41;42;43;44;45;46;48:B2;3;4;6;7;8;9;10;11;13;14;15;16;17;19;20;26,28-23-,28-23-,111
multicut_off,W:W25;27;32;33;34;39;42;43;47;48;49:B2;3;8;10;11;16;18;19;21;23;30,33-28-,34-29-,128
multicut_off,W:W27;28;30;32;33;34;35;36;37;38;40;45:B8;12;13;15;16;17;18;19;20;24;25;26,27-21-,27-21-,15
multicut_off,W:W27;28;32;33;34;37;38;42;43;48:B6;12;13;15;16;17;19;21;23;24,37-31-,37-31-,-2
multicut_off,B:W26;27;28;30;32;34;35;36;38;40;42;45;48:B6;8;11;12;13;14;15;16;17;18;19;23;29,29-33-,29-33-,67
multicut_off,W:W25;29;30;32;33;34;36;37;38;39;40;42;44;45;47;48:B3;5;8;9;10;13;14;15;16;17;18;20;21;23;26;27,33-28-,36-31-,1
multicut_off,W:W25;26;30;31;33;34;35;36;37;39;45;46;47;48;49:B2;3;7;8;9;11;14;15;17;18;19;22;23;27;28,33-29-,34-29-,71
multicut_off,W:W23;24;26;28;29;33;34;36;38;40;41;43;45;48:B2;3;4;7;8;12;13;14;15;16;17;20;25;27,43-39-,43-39-,-7
multicut_off,W:W24;26;28;29;33;34;35;36;38;41;42;43;44;47;48;49;50:B2;3;4;6;7;8;9;12;13;15;17;18;19;20;22;25;27,43-39-,44-39-,-2
multicut_off,W:W23;26;30;33;36;37;38;39;40;41;42;43;44;45;47;48;49;50:B2;3;4;5;6;7;8;9;10;11;12;14;15;16;17;20;22;27,37-31-,37-32-,-1
multicut_off,W:W24;27;28;29;32;34;36;37;38;39;42;43;45;46;48:B3;6;7;8;12;13;15;16;17;18;19;20;21;23;25,27-22-,34-30-,69
multicut_off,W:W26;27;28;32;33;34;35;36;38;39;44;45;47;48:B3;6;8;10;11;12;13;16;17;18;19;23;24;25,44-40-,27-22-,106
multicut_off,W:W25;31;33;34;35;36;38;42;43;47;48:B2;3;11;12;13;14;15;18;22;23;27,34-29-,34-30-,-10
multicut_off,W:W27;28;30;32;33;34;35;37;38;40;41;44;45;46;47;48;49;50:B1;2;3;4;5;6;9;10;12;13;15;16;18;19;21;23;24;25,27-22-,37-31-,-1
multicut_off,B:W25;26;28;30;32;33;35;36;38;39;40;42;46;47;48;49;50:B3;4;5;6;7;8;9;11;12;14;17;18;19;21;22;24;27,18-23-,18-23-,8
multicut_off,W:W26;31;34;35;36;38;41;43;44;46;49:B3;11;12;13;14;17;18;22;23;27;28,44-39-,44-40-,-2
multicut_off,W:W26;29;32;34;37;38;42;44;45;47;48;50:B4;7;8;9;11;16;17;20;22;24;35;36,44-40-,44-40-,10
multicut_off,W:W35;36;38;46;48;49:B12;13;14;22;25;27;29;34,36-31-,36-31-,265
multicut_off,W:W26;28;29;31;33;36;38;40;43;44;45;46;48;49;50:B2;4;6;7;9;10;12;14;15;17;18;19;20;22;27,29-24-,29-24-,97
multicut_off,W:W26;29;30;31;33;34;35;36;38;41;46;48;49;50:B2;3;7;11;12;13;14;17;18;19;22;23;25;27,50-44-,49-44-,-1
multicut_off,B:W25;26;27;34;35;36;39;40;41;42;43;44;45;48:B3;4;5;6;8;9;10;13;14;15;16;17;18;24,18-22-,18-22-,10
multicut_off,W:W25;27;28;30;32;33;35;36;37;38;39;40;41;42;43;45;46;48:B1;3;4;5;6;8;9;12;13;14;15;16;17;18;19;23;24;26,27-22-,27-22-,44
multicut_off,W:W25;26;30;31;33;35;36;38;39;41;43;45;46;47;48;49:B1;2;3;4;7;11;12;13;14;15;17;18;22;23;27;28,45-40-,41-37-,-16
multicut_off,W:W27;28;29;32;33;35;36;37;38;39;42;43;44;45;48;50:B3;4;6;8;9;10;11;12;13;15;16;18;19;20;24;26,45-40-,37-31-,3
multicut_off,W:W27;28;30;34;35;36;37;38;39;40;42;43;45;48:B6;8;9;10;12;13;14;17;18;19;20;24;25;26,27-22-,38-32-,14
multicut_off,W:W26;29;30;34;35;37;38;39;44;46;47;48;49:B1;3;5;10;11;12;13;17;18;22;25;28;36,38-33-,38-33-,-3
multicut_off,W:W25;27;29;30;33;34;36;37;39;41;42;46;47;48;49:B2;6;7;9;10;11;12;13;15;16;18;19;21;23;26,37-32-,33-28-,0
multicut_off,W:W22;27;28;32;33;35;36;37;38;40;43:B3;6;8;11;12;13;17;19;23;24;26,43-39-,43-39-,-1
multicut_off,W:W21;29;30;34;38;40;43;44;45;46;47;48;49:B4;7;9;12;13;14;16;18;19;20;22;25;36,48-42-,44-39-,-49
multicut_off,W:W25;27;28;30;32;33;34;35;37;38;39;41;43:B3;9;12;13;14;15;16;18;19;21;23;24;26,41-36-,27-22-,-8
multicut_off,W:W25;27;28;30;32;33;34;35;36;37;38;39;43:B6;9;11;12;13;14;16;18;19;20;23;24;26,36-31-,36-31-,-5
multicut_off,W:W21;27;28;29;30;31;33;34;35;38;43;44:B2;5;6;7;10;12;13;14;17;18;20;25,31-26-,29-23-,23
all_off,W:W25;26;28;30;33;35;36;38;39;41;42;43;44;45;47;49;50:B2;3;4;6;7;8;9;11;12;14;15;17;19;20;22;23;27,45-40-,36-31-,63
all_off,W:W22;24;29;37;38:B7;8;13;17;18;19,22-2-7.17,22-2-7.17,153
all_off,B:W25;28;31;32;33;34;35;36;37;38;42;43;44;45;47;48;49:B2;3;4;6;7;8;9;10;11;12;13;14;17;19;20;22;26,20-24-,22-27-,77
all_off,W:W21;26;33;37;38;39;45:B9;11;12;13;14;17;23,21-16-,21-16-,55
all_off,W:W27;29;32;33;35;37;38;39;40;43;45;46;47;48:B2;4;6;8;9;12;15;16;18;20;21;22;24;26,48-42-,37-31-,175
all_off,W:W23;26;28;33;35;36;37;38;39;40;42;43;45;47;48;49:B2;3;4;6;7;8;10;11;12;13;14;15;17;19;22;27,35-30-,23-18-,43
all_off,W:W22;27;28;33;35;36;37;38;39;40;41;42;43;44;45;46;48:B2;3;4;6;7;8;9;10;11;13;14;15;16;17;19;20;26,28-23-,28-23-,117
all_off,W:W25;27;32;33;34;39;42;43;47;48;49:B2;3;8;10;11;16;18;19;21;23;30,33-28-,34-29-,116
all_off,W:W27;28;30;32;33;34;35;36;37;38;40;45:B8;12;13;15;16;17;18;19;20;24;25;26,27-21-,27-21-,32
all_off,W:W27;28;32;33;34;37;38;42;43;48:B6;12;13;15;16;17;19;21;23;24,37-31-,37-31-,-2
all_off,B:W26;27;28;30;32;34;35;36;38;40;42;45;48:B6;8;11;12;13;14;15;16;17;18;19;23;29,29-33-,29-33-,81
all_off,W:W25;29;30;32;33;34;36;37;38;39;40;42;44;45;47;48:B3;5;8;9;10;13;14;15;16;17;18;20;21;23;26;27,33-28-,33-28-,3
all_off,W:W25;26;30;31;33;34;35;36;37;39;45;46;47;48;49:B2;3;7;8;9;11;14;15;17;18;19;22;23;27;28,33-29-,34-29-,86
all_off,W:W23;24;26;28;29;33;34;36;38;40;41;43;45;48:B2;3;4;7;8;12;13;14;15;16;17;20;25;27,43-39-,43-39-,-6
all_off,W:W24;26;28;29;33;34;35;36;38;41;42;43;44;47;48;49;50:B2;3;4;6;7;8;9;12;13;15;17;18;19;20;22;25;27,43-39-,38-32-,24
all_off,W:W23;26;30;33;36;37;38;39;40;41;42;43;44;45;47;48;49;50:B2;3;4;5;6;7;8;9;10;11;12;14;15;16;17;20;22;27,37-31-,23-19-,85
all_off,W:W24;27;28;29;32;34;36;37;38;39;42;43;45;46;48:B3;6;7;8;12;13;15;16;17;18;19;20;21;23;25,27-22-,27-22-,16
all_off,W:W26;27;28;32;33;34;35;36;38;39;44;45;47;48:B3;6;8;10;11;12;13;16;17;18;19;23;24;25,44-40-,27-22-,137
all_off,W:W25;31;33;34;35;36;38;42;43;47;48:B2;3;11;12;13;14;15;18;22;23;27,34-29-,33-29-,-6
all_off,W:W27;28;30;32;33;34;35;37;38;40;41;44;45;46;47;48;49;50:B1;2;3;4;5;6;9;10;12;13;15;16;18;19;21;23;24;25,27-22-,27-22-,38
all_off,B:W25;26;28;30;32;33;35;36;38;39;40;42;46;47;48;49;50:B3;4;5;6;7;8;9;11;12;14;17;18;19;21;22;24;27,18-23-,14-20-,55
all_off,W:W26;31;34;35;36;38;41;43;44;46;49:B3;11;12;13;14;17;18;22;23;27;28,44-39-,44-39-,-11
all_off,W:W26;29;32;34;37;38;42;44;45;47;48;50:B4;7;8;9;11;16;17;20;22;24;35;36,44-40-,44-40-,15
all_off,W:W35;36;38;46;48;49:B12;13;14;22;25;27;29;34,36-31-,36-31-,208
all_off,W:W26;28;29;31;33;36;38;40;43;44;45;46;48;49;50:B2;4;6;7;9;10;12;14;15;17;18;19;20;22;27,29-24-,29-24-,93
all_off,W:W26;29;30;31;33;34;35;36;38;41;46;48;49;50:B2;3;7;11;12;13;14;17;18;19;22;23;25;27,50-44-,49-44-,-3
all_off,B:W25;26;27;34;35;36;39;40;41;42;43;44;45;48:B3;4;5;6;8;9;10;13;14;15;16;17;18;24,18-22-,18-22-,10
all_off,W:W25;27;28;30;32;33;35;36;37;38;39;40;41;42;43;45;46;48:B1;3;4;5;6;8;9;12;13;14;15;16;17;18;19;23;24;26,27-22-,27-22-,36
all_off,W:W25;26;30;31;33;35;36;38;39;41;43;45;46;47;48;49:B1;2;3;4;7;11;12;13;14;15;17;18;22;23;27;28,45-40-,33-29-,-10
all_off,W:W27;28;29;32;33;35;36;37;38;39;42;43;44;45;48;50:B3;4;6;8;9;10;11;12;13;15;16;18;19;20;24;26,45-40-,29-23-,86
all_off,W:W27;28;30;34;35;36;37;38;39;40;42;43;45;48:B6;8;9;10;12;13;14;17;18;19;20;24;25;26,27-22-,38-32-,8
all_off,W:W26;29;30;34;35;37;38;39;44;46;47;48;49:B1;3;5;10;11;12;13;17;18;22;25;28;36,38-33-,26-21-,101
all_off,W:W25;27;29;30;33;34;36;37;39;41;42;46;47;48;49:B2;6;7;9;10;11;12;13;15;16;18;19;21;23;26,37-32-,33-28-,0
all_off,W:W22;27;28;32;33;35;36;37;38;40;43:B3;6;8;11;12;13;17;19;23;24;26,43-39-,43-39-,-1
all_off,W:W21;29;30;34;38;40;43;44;45;46;47;48;49:B4;7;9;12;13;14;16;18;19;20;22;25;36,48-42-,44-39-,-41
all_off,W:W25;27;28;30;32;33;34;35;37;38;39;41;43:B3;9;12;13;14;15;16;18;19;21;23;24;26,41-36-,34-29-,1
all_off,W:W25;27;28;30;32;33;34;35;36;37;38;39;43:B6;9;11;12;13;14;16;18;19;20;23;24;26,36-31-,36-31-,-20
all_off,W:W21;27;28;29;30;31;33;34;35;38;43;44:B2;5;6;7;10;12;13;14;17;18;20;25,31-26-,31-26-,-4
baseline,W:W24;27;28;29;34;37;39;43;47;49;50:B2;3;4;7;12;13;14;15;17;18;25,28-23-,28-23-,10
baseline,W:W25;27;32;33;35;37;38;39;40;42;45;48:B3;6;8;11;13;14;17;18;19;23;24;26,27-22-,27-22-,-8
baseline,B:W23;24;26;29;32;33;34;35;37;39;42;44;46;47:B2;4;5;6;8;11;12;13;15;16;17;18;25;31,5-10-,13-19-,6
baseline,W:W16;26;33;37;38;39;45:B9;11;12;13;14;17;23,16-29-11.12.23,16-29-11.12.23,207
baseline,B:W27;29;30;32;33;34;35;37;39;42;43;44;50:B3;7;8;9;12;13;15;17;18;19;20;23;25,17-22-,7-11-,3
baseline,W:W24;26;28;29;31;32;34;37;39;41;43;44;45:B2;4;6;7;8;9;10;13;15;16;19;20;25,26-21-,26-21-,90
baseline,W:W31;32;33;34;35;36;37;42;43:B9;11;14;15;16;19;21;23;26,33-29-,31-27-,9
baseline,W:W25;39;42;43;47;48;49:B2;3;8;10;11;16;19;21;29;30;34,43-38-,43-38-,121
baseline,W:W22;26;30;32;34;35;37;38;40;45;47;49:B8;10;11;12;13;14;16;19;23;25;29;36,49-43-,49-43-,-1
baseline,W:W27;32;37;42;43;48:B6;12;13;15;16;19;21;24;28;34,32-14-19.28,32-14-19.28,37
baseline,B:W22;27;28;34;35;37;39;40;42;43;44;45;49:B2;3;4;6;8;9;13;15;18;19;20;24;25;26,6-11-,18-23-,64
baseline,B:W24;27;29;32;33;34;35;36;37;38;40;42;43;44;45;46;47:B1;2;4;7;8;9;12;13;14;15;16;17;18;20;23;25;26,7-11-,7-11-,75
baseline,W:W24;26;27;31;33;34;36;37;39;40;43;44:B6;8;9;10;13;15;16;17;18;22;23;25,37-32-,37-32-,43
baseline,W:W24;26;33;36;39;40;41;45;48:B2;3;4;7;8;13;14;15;16;17;20;23;27;43,41-37-,41-37-,20
baseline,W:W27;28;32;33;37;38;39;40;50:B1;12;13;14;17;18;19;24;35,40-34-,40-34-,17
baseline,W:W25;27;28;32;33;34;37;38;42;43;48:B1;8;11;13;14;15;16;18;19;21;23,33-29-,33-29-,15
baseline,W:W27;28;35;36;37;38;41;42;43;48;50:B3;7;8;9;10;17;18;19;20;26;29,38-32-,43-39-,0
baseline,W:W27;28;30;32;33;34;35;37;38;39;40;45;47;48:B2;3;7;9;10;12;13;14;16;18;19;21;23;24,30-25-,30-25-,-4
baseline,W:W25;27;32;33;34;35;36;38;39;40;49:B4;5;6;7;8;9;13;15;16;18;23,36-31-,33-28-,-3
baseline,W:W28;30;34;35;39;40;41;45;46;47;48;49;50:B1;2;3;4;5;6;9;10;12;13;15;16;19;21;23;25;31;38,41-37-,41-37-,40
baseline,W:W25;27;28;32;33;34;38;39;40;41;45;48:B2;6;7;8;10;13;14;16;18;19;23;24,41-37-,48-43-,15
baseline,W:W36;38;43;44;46;49:B3;11;12;13;14;22;25;27;29,36-31-,36-31-,62
baseline,W:W27;28;30;32;33;35;38;40;42;44;48;50:B2;3;8;9;10;13;17;18;19;20;23;26,30-24-,40-34-,0
baseline,W:W30;48;49:B12;13;14;22;25;29;33;34,30-10-12.13.14.22.33.34,30-10-12.13.14.22.33.34,265
baseline,W:W24;26;29;32;34;37;39;40;41;42;43;44;45;47:B2;4;6;8;9;10;11;13;15;16;18;22;23;25,41-36-,40-35-,1
baseline,W:W23;24;27;29;32;34;38;39;40;41;42;43;45;46;47;48:B2;3;4;6;7;9;11;12;13;14;15;16;18;20;21;25,41-37-,32-28-,0
baseline,W:W27;28;30;32;33;34;35;37;38;40;43;45;48;49:B3;4;8;9;13;14;16;17;19;20;21;24;25;26,43-39-,43-39-,0
baseline,W:W24;26;27;31;33;34;36;37;38;39;40;43;44;49:B2;3;5;6;7;9;11;12;13;14;15;16;18;22,33-29-,38-32-,0
baseline,W:W28;29;31;33;34;35;36;38;39;40;41;42;44;45;46;47;48;49:B1;2;3;4;6;7;8;9;10;11;13;15;16;19;20;21;24;25,29-23-,29-23-,46
baseline,W:W24;27;31;32;33;36;38;39;42;44;45;48;49:B6;7;8;9;12;15;16;17;18;20;21;22;25,31-26-,31-26-,16
baseline,W:W25;27;32;33;37;38;42;46;47;48;49:B2;9;13;14;15;16;17;18;19;23;26,33-28-,33-29-,28
baseline,W:W17;24;29;32;34;36;37;39;40;42;43;47;48;49:B2;6;7;8;9;10;13;15;16;19;20;25;26,32-28-,40-35-,11
baseline,W:W26;27;28;30;31;32;33;35;37;40;41;43;44;45;46;48;49;50:B3;6;7;8;9;10;11;12;13;14;15;16;17;18;19;21;24;29,43-38-,30-25-,-9
baseline,W:W27;28;32;33;34;35;36;37;38;42;43;44;47;48;49;50:B2;3;4;6;8;12;13;14;15;16;17;18;19;23;24;26,37-31-,44-40-,-1
baseline,W:W24;25;29;32;34;38;39;42;47:B3;7;13;15;17;19;21;22;31,38-33-,38-33-,-10
baseline,W:W25;27;28;30;32;33;34;35;37;38;39;42;43;45;48:B3;7;8;9;12;13;14;15;16;18;19;21;23;24;26,34-29-,27-22-,16
baseline,W:W10;25;32;33;35;37;38;39;43:B6;9;12;13;16;17;20;26;28;34;36,33-11-17.28,25-3-9.20,154
baseline,W:W23;24;29;31;33;34;38;39;40;42;44:B7;9;10;12;13;14;15;16;17;26;35,42-37-,24-20-,46
lmr_off,W:W24;27;28;29;34;37;39;43;47;49;50:B2;3;4;7;12;13;14;15;17;18;25,28-23-,28-23-,6
lmr_off,W:W25;27;32;33;35;37;38;39;40;42;45;48:B3;6;8;11;13;14;17;18;19;23;24;26,27-22-,27-22-,4
lmr_off,B:W23;24;26;29;32;33;34;35;37;39;42;44;46;47:B2;4;5;6;8;11;12;13;15;16;17;18;25;31,5-10-,15-20-,52
lmr_off,W:W16;26;33;37;38;39;45:B9;11;12;13;14;17;23,16-29-11.12.23,16-29-11.12.23,192
lmr_off,B:W27;29;30;32;33;34;35;37;39;42;43;44;50:B3;7;8;9;12;13;15;17;18;19;20;23;25,17-22-,23-28-,75
lmr_off,W:W24;26;28;29;31;32;34;37;39;41;43;44;45:B2;4;6;7;8;9;10;13;15;16;19;20;25,26-21-,26-21-,87
lmr_off,W:W31;32;33;34;35;36;37;42;43:B9;11;14;15;16;19;21;23;26,33-29-,33-29-,8
lmr_off,W:W25;39;42;43;47;48;49:B2;3;8;10;11;16;19;21;29;30;34,43-38-,43-38-,110
lmr_off,W:W22;26;30;32;34;35;37;38;40;45;47;49:B8;10;11;12;13;14;16;19;23;25;29;36,49-43-,22-17-,37
lmr_off,W:W27;32;37;42;43;48:B6;12;13;15;16;19;21;24;28;34,32-14-19.28,32-14-19.28,112
lmr_off,B:W22;27;28;34;35;37;39;40;42;43;44;45;49:B2;3;4;6;8;9;13;15;18;19;20;24;25;26,6-11-,18-23-,176
lmr_off,B:W24;27;29;32;33;34;35;36;37;38;40;42;43;44;45;46;47:B1;2;4;7;8;9;12;13;14;15;16;17;18;20;23;25;26,7-11-,23-28-,138
lmr_off,W:W24;26;27;31;33;34;36;37;39;40;43;44:B6;8;9;10;13;15;16;17;18;22;23;25,37-32-,27-21-,108
lmr_off,W:W24;26;33;36;39;40;41;45;48:B2;3;4;7;8;13;14;15;16;17;20;23;27;43,41-37-,41-37-,25
lmr_off,W:W27;28;32;33;37;38;39;40;50:B1;12;13;14;17;18;19;24;35,40-34-,27-21-,62
lmr_off,W:W25;27;28;32;33;34;37;38;42;43;48:B1;8;11;13;14;15;16;18;19;21;23,33-29-,33-29-,13
lmr_off,W:W27;28;35;36;37;38;41;42;43;48;50:B3;7;8;9;10;17;18;19;20;26;29,38-32-,28-23-,0
lmr_off,W:W27;28;30;32;33;34;35;37;38;39;40;45;47;48:B2;3;7;9;10;12;13;14;16;18;19;21;23;24,30-25-,27-22-,-3
lmr_off,W:W25;27;32;33;34;35;36;38;39;40;49:B4;5;6;7;8;9;13;15;16;18;23,36-31-,33-28-,18
lmr_off,W:W28;30;34;35;39;40;41;45;46;47;48;49;50:B1;2;3;4;5;6;9;10;12;13;15;16;19;21;23;25;31;38,41-37-,41-37-,21
lmr_off,W:W25;27;28;32;33;34;38;39;40;41;45;48:B2;6;7;8;10;13;14;16;18;19;23;24,41-37-,28-22-,-17
lmr_off,W:W36;38;43;44;46;49:B3;11;12;13;14;22;25;27;29,36-31-,36-31-,50
lmr_off,W:W27;28;30;32;33;35;38;40;42;44;48;50:B2;3;8;9;10;13;17;18;19;20;23;26,30-24-,42-37-,0
lmr_off,W:W30;48;49:B12;13;14;22;25;29;33;34,30-10-12.13.14.22.33.34,30-10-12.13.14.22.33.34,29987
lmr_off,W:W24;26;29;32;34;37;39;40;41;42;43;44;45;47:B2;4;6;8;9;10;11;13;15;16;18;22;23;25,41-36-,41-36-,0
lmr_off,W:W23;24;27;29;32;34;38;39;40;41;42;43;45;46;47;48:B2;3;4;6;7;9;11;12;13;14;15;16;18;20;21;25,41-37-,23-19-,50
lmr_off,W:W27;28;30;32;33;34;35;37;38;40;43;45;48;49:B3;4;8;9;13;14;16;17;19;20;21;24;25;26,43-39-,27-22-,11
lmr_off,W:W24;26;27;31;33;34;36;37;38;39;40;43;44;49:B2;3;5;6;7;9;11;12;13;14;15;16;18;22,33-29-,27-21-,40
lmr_off,W:W28;29;31;33;34;35;36;38;39;40;41;42;44;45;46;47;48;49:B1;2;3;4;6;7;8;9;10;11;13;15;16;19;20;21;24;25,29-23-,29-23-,46
lmr_off,W:W24;27;31;32;33;36;38;39;42;44;45;48;49:B6;7;8;9;12;15;16;17;18;20;21;22;25,31-26-,33-28-,73
lmr_off,W:W25;27;32;33;37;38;42;46;47;48;49:B2;9;13;14;15;16;17;18;19;23;26,33-28-,33-29-,31
lmr_off,W:W17;24;29;32;34;36;37;39;40;42;43;47;48;49:B2;6;7;8;9;10;13;15;16;19;20;25;26,32-28-,34-30-,172
lmr_off,W:W26;27;28;30;31;32;33;35;37;40;41;43;44;45;46;48;49;50:B3;6;7;8;9;10;11;12;13;14;15;16;17;18;19;21;24;29,43-38-,30-25-,-2
lmr_off,W:W27;28;32;33;34;35;36;37;38;42;43;44;47;48;49;50:B2;3;4;6;8;12;13;14;15;16;17;18;19;23;24;26,37-31-,44-40-,0
lmr_off,W:W24;25;29;32;34;38;39;42;47:B3;7;13;15;17;19;21;22;31,38-33-,38-33-,-10
lmr_off,W:W25;27;28;30;32;33;34;35;37;38;39;42;43;45;48:B3;7;8;9;12;13;14;15;16;18;19;21;23;24;26,34-29-,34-29-,16
lmr_off,W:W10;25;32;33;35;37;38;39;43:B6;9;12;13;16;17;20;26;28;34;36,33-11-17.28,33-11-17.28,184
lmr_off,W:W23;24;29;31;33;34;38;39;40;42;44:B7;9;10;12;13;14;15;16;17;26;35,42-37-,24-20-,66
lmp_off,W:W24;27;28;29;34;37;39;43;47;49;50:B2;3;4;7;12;13;14;15;17;18;25,28-23-,28-23-,11
lmp_off,W:W25;27;32;33;35;37;38;39;40;42;45;48:B3;6;8;11;13;14;17;18;19;23;24;26,27-22-,27-22-,4
lmp_off,B:W23;24;26;29;32;33;34;35;37;39;42;44;46;47:B2;4;5;6;8;11;12;13;15;16;17;18;25;31,5-10-,15-20-,101
lmp_off,W:W16;26;33;37;38;39;45:B9;11;12;13;14;17;23,16-29-11.12.23,16-29-11.12.23,207
lmp_off,B:W27;29;30;32;33;34;35;37;39;42;43;44;50:B3;7;8;9;12;13;15;17;18;19;20;23;25,17-22-,7-11-,3
lmp_off,W:W24;26;28;29;31;32;34;37;39;41;43;44;45:B2;4;6;7;8;9;10;13;15;16;19;20;25,26-21-,26-21-,83
lmp_off,W:W31;32;33;34;35;36;37;42;43:B9;11;14;15;16;19;21;23;26,33-29-,33-28-,7
lmp_off,W:W25;39;42;43;47;48;49:B2;3;8;10;11;16;19;21;29;30;34,43-38-,43-38-,123
lmp_off,W:W22;26;30;32;34;35;37;38;40;45;47;49:B8;10;11;12;13;14;16;19;23;25;29;36,49-43-,49-43-,-13
lmp_off,W:W27;32;37;42;43;48:B6;12;13;15;16;19;21;24;28;34,32-14-19.28,32-14-19.28,116
lmp_off,B:W22;27;28;34;35;37;39;40;42;43;44;45;49:B2;3;4;6;8;9;13;15;18;19;20;24;25;26,6-11-,18-23-,161
lmp_off,B:W24;27;29;32;33;34;35;36;37;38;40;42;43;44;45;46;47:B1;2;4;7;8;9;12;13;14;15;16;17;18;20;23;25;26,7-11-,7-11-,56
lmp_off,W:W24;26;27;31;33;34;36;37;39;40;43;44:B6;8;9;10;13;15;16;17;18;22;23;25,37-32-,37-32-,49
lmp_off,W:W24;26;33;36;39;40;41;45;48:B2;3;4;7;8;13;14;15;16;17;20;23;27;43,41-37-,41-37-,26
lmp_off,W:W27;28;32;33;37;38;39;40;50:B1;12;13;14;17;18;19;24;35,40-34-,40-34-,30
lmp_off,W:W25;27;28;32;33;34;37;38;42;43;48:B1;8;11;13;14;15;16;18;19;21;23,33-29-,33-29-,9
lmp_off,W:W27;28;35;36;37;38;41;42;43;48;50:B3;7;8;9;10;17;18;19;20;26;29,38-32-,43-39-,-12
lmp_off,W:W27;28;30;32;33;34;35;37;38;39;40;45;47;48:B2;3;7;9;10;12;13;14;16;18;19;21;23;24,30-25-,30-25-,-4
lmp_off,W:W25;27;32;33;34;35;36;38;39;40;49:B4;5;6;7;8;9;13;15;16;18;23,36-31-,35-30-,1
lmp_off,W:W28;30;34;35;39;40;41;45;46;47;48;49;50:B1;2;3;4;5;6;9;10;12;13;15;16;19;21;23;25;31;38,41-37-,41-37-,29
lmp_off,W:W25;27;28;32;33;34;38;39;40;41;45;48:B2;6;7;8;10;13;14;16;18;19;23;24,41-37-,41-36-,-15
lmp_off,W:W36;38;43;44;46;49:B3;11;12;13;14;22;25;27;29,36-31-,36-31-,54
lmp_off,W:W27;28;30;32;33;35;38;40;42;44;48;50:B2;3;8;9;10;13;17;18;19;20;23;26,30-24-,44-39-,1
lmp_off,W:W30;48;49:B12;13;14;22;25;29;33;34,30-10-12.13.14.22.33.34,30-10-12.13.14.22.33.34,289
lmp_off,W:W24;26;29;32;34;37;39;40;41;42;43;44;45;47:B2;4;6;8;9;10;11;13;15;16;18;22;23;25,41-36-,32-28-,2
lmp_off,W:W23;24;27;29;32;34;38;39;40;41;42;43;45;46;47;48:B2;3;4;6;7;9;11;12;13;14;15;16;18;20;21;25,41-37-,23-19-,48
lmp_off,W:W27;28;30;32;33;34;35;37;38;40;43;45;48;49:B3;4;8;9;13;14;16;17;19;20;21;24;25;26,43-39-,43-39-,4
lmp_off,W:W24;26;27;31;33;34;36;37;38;39;40;43;44;49:B2;3;5;6;7;9;11;12;13;14;15;16;18;22,33-29-,24-19-,85
lmp_off,W:W28;29;31;33;34;35;36;38;39;40;41;42;44;45;46;47;48;49:B1;2;3;4;6;7;8;9;10;11;13;15;16;19;20;21;24;25,29-23-,29-23-,44
lmp_off,W:W24;27;31;32;33;36;38;39;42;44;45;48;49:B6;7;8;9;12;15;16;17;18;20;21;22;25,31-26-,33-28-,73
lmp_off,W:W25;27;32;33;37;38;42;46;47;48;49:B2;9;13;14;15;16;17;18;19;23;26,33-28-,33-29-,28
lmp_off,W:W17;24;29;32;34;36;37;39;40;42;43;47;48;49:B2;6;7;8;9;10;13;15;16;19;20;25;26,32-28-,32-27-,12
lmp_off,W:W26;27;28;30;31;32;33;35;37;40;41;43;44;45;46;48;49;50:B3;6;7;8;9;10;11;12;13;14;15;16;17;18;19;21;24;29,43-38-,30-25-,39
lmp_off,W:W27;28;32;33;34;35;36;37;38;42;43;44;47;48;49;50:B2;3;4;6;8;12;13;14;15;16;17;18;19;23;24;26,37-31-,35-30-,0
lmp_off,W:W24;25;29;32;34;38;39;42;47:B3;7;13;15;17;19;21;22;31,38-33-,34-30-,-23
lmp_off,W:W25;27;28;30;32;33;34;35;37;38;39;42;43;45;48:B3;7;8;9;12;13;14;15;16;18;19;21;23;24;26,34-29-,27-22-,16
lmp_off,W:W10;25;32;33;35;37;38;39;43:B6;9;12;13;16;17;20;26;28;34;36,33-11-17.28,25-3-9.20,137
lmp_off,W:W23;24;29;31;33;34;38;39;40;42;44:B7;9;10;12;13;14;15;16;17;26;35,42-37-,24-20-,41
nmp_off,W:W24;27;28;29;34;37;39;43;47;49;50:B2;3;4;7;12;13;14;15;17;18;25,28-23-,28-23-,10
nmp_off,W:W25;27;32;33;35;37;38;39;40;42;45;48:B3;6;8;11;13;14;17;18;19;23;24;26,27-22-,27-22-,-8
nmp_off,B:W23;24;26;29;32;33;34;35;37;39;42;44;46;47:B2;4;5;6;8;11;12;13;15;16;17;18;25;31,5-10-,13-19-,6
nmp_off,W:W16;26;33;37;38;39;45:B9;11;12;13;14;17;23,16-29-11.12.23,16-29-11.12.23,207
nmp_off,B:W27;29;30;32;33;34;35;37;39;42;43;44;50:B3;7;8;9;12;13;15;17;18;19;20;23;25,17-22-,7-11-,3
nmp_off,W:W24;26;28;29;31;32;34;37;39;41;43;44;45:B2;4;6;7;8;9;10;13;15;16;19;20;25,26-21-,26-21-,90
nmp_off,W:W31;32;33;34;35;36;37;42;43:B9;11;14;15;16;19;21;23;26,33-29-,31-27-,9
nmp_off,W:W25;39;42;43;47;48;49:B2;3;8;10;11;16;19;21;29;30;34,43-38-,43-38-,121
nmp_off,W:W22;26;30;32;34;35;37;38;40;45;47;49:B8;10;11;12;13;14;16;19;23;25;29;36,49-43-,49-43-,-1
nmp_off,W:W27;32;37;42;43;48:B6;12;13;15;16;19;21;24;28;34,32-14-19.28,32-14-19.28,37
nmp_off,B:W22;27;28;34;35;37;39;40;42;43;44;45;49:B2;3;4;6;8;9;13;15;18;19;20;24;25;26,6-11-,18-23-,64
nmp_off,B:W24;27;29;32;33;34;35;36;37;38;40;42;43;44;45;46;47:B1;2;4;7;8;9;12;13;14;15;16;17;18;20;23;25;26,7-11-,7-11-,75
nmp_off,W:W24;26;27;31;33;34;36;37;39;40;43;44:B6;8;9;10;13;15;16;17;18;22;23;25,37-32-,37-32-,43
nmp_off,W:W24;26;33;36;39;40;41;45;48:B2;3;4;7;8;13;14;15;16;17;20;23;27;43,41-37-,41-37-,20
nmp_off,W:W27;28;32;33;37;38;39;40;50:B1;12;13;14;17;18;19;24;35,40-34-,40-34-,17
nmp_off,W:W25;27;28;32;33;34;37;38;42;43;48:B1;8;11;13;14;15;16;18;19;21;23,33-29-,33-29-,15
nmp_off,W:W27;28;35;36;37;38;41;42;43;48;50:B3;7;8;9;10;17;18;19;20;26;29,38-32-,43-39-,0
nmp_off,W:W27;28;30;32;33;34;35;37;38;39;40;45;47;48:B2;3;7;9;10;12;13;14;16;18;19;21;23;24,30-25-,30-25-,-4
nmp_off,W:W25;27;32;33;34;35;36;38;39;40;49:B4;5;6;7;8;9;13;15;16;18;23,36-31-,33-28-,-3
nmp_off,W:W28;30;34;35;39;40;41;45;46;47;48;49;50:B1;2;3;4;5;6;9;10;12;13;15;16;19;21;23;25;31;38,41-37-,41-37-,40
nmp_off,W:W25;27;28;32;33;34;38;39;40;41;45;48:B2;6;7;8;10;13;14;16;18;19;23;24,41-37-,48-43-,15
nmp_off,W:W36;38;43;44;46;49:B3;11;12;13;14;22;25;27;29,36-31-,36-31-,62
nmp_off,W:W27;28;30;32;33;35;38;40;42;44;48;50:B2;3;8;9;10;13;17;18;19;20;23;26,30-24-,40-34-,0
nmp_off,W:W30;48;49:B12;13;14;22;25;29;33;34,30-10-12.13.14.22.33.34,30-10-12.13.14.22.33.34,265
nmp_off,W:W24;26;29;32;34;37;39;40;41;42;43;44;45;47:B2;4;6;8;9;10;11;13;15;16;18;22;23;25,41-36-,40-35-,1
nmp_off,W:W23;24;27;29;32;34;38;39;40;41;42;43;45;46;47;48:B2;3;4;6;7;9;11;12;13;14;15;16;18;20;21;25,41-37-,32-28-,0
nmp_off,W:W27;28;30;32;33;34;35;37;38;40;43;45;48;49:B3;4;8;9;13;14;16;17;19;20;21;24;25;26,43-39-,43-39-,0
nmp_off,W:W24;26;27;31;33;34;36;37;38;39;40;43;44;49:B2;3;5;6;7;9;11;12;13;14;15;16;18;22,33-29-,38-32-,0
nmp_off,W:W28;29;31;33;34;35;36;38;39;40;41;42;44;45;46;47;48;49:B1;2;3;4;6;7;8;9;10;11;13;15;16;19;20;21;24;25,29-23-,29-23-,46
nmp_off,W:W24;27;31;32;33;36;38;39;42;44;45;48;49:B6;7;8;9;12;15;16;17;18;20;21;22;25,31-26-,31-26-,16
nmp_off,W:W25;27;32;33;37;38;42;46;47;48;49:B2;9;13;14;15;16;17;18;19;23;26,33-28-,33-29-,28
nmp_off,W:W17;24;29;32;34;36;37;39;40;42;43;47;48;49:B2;6;7;8;9;10;13;15;16;19;20;25;26,32-28-,40-35-,11
nmp_off,W:W26;27;28;30;31;32;33;35;37;40;41;43;44;45;46;48;49;50:B3;6;7;8;9;10;11;12;13;14;15;16;17;18;19;21;24;29,43-38-,30-25-,-9
nmp_off,W:W27;28;32;33;34;35;36;37;38;42;43;44;47;48;49;50:B2;3;4;6;8;12;13;14;15;16;17;18;19;23;24;26,37-31-,44-40-,-1
nmp_off,W:W24;25;29;32;34;38;39;42;47:B3;7;13;15;17;19;21;22;31,38-33-,38-33-,-10
nmp_off,W:W25;27;28;30;32;33;34;35;37;38;39;42;43;45;48:B3;7;8;9;12;13;14;15;16;18;19;21;23;24;26,34-29-,27-22-,16
nmp_off,W:W10;25;32;33;35;37;38;39;43:B6;9;12;13;16;17;20;26;28;34;36,33-11-17.28,25-3-9.20,154
nmp_off,W:W23;24;29;31;33;34;38;39;40;42;44:B7;9;10;12;13;14;15;16;17;26;35,42-37-,24-20-,46
rfp_off,W:W24;27;28;29;34;37;39;43;47;49;50:B2;3;4;7;12;13;14;15;17;18;25,28-23-,28-23-,7
rfp_off,W:W25;27;32;33;35;37;38;39;40;42;45;48:B3;6;8;11;13;14;17;18;19;23;24;26,27-22-,27-22-,-12
rfp_off,B:W23;24;26;29;32;33;34;35;37;39;42;44;46;47:B2;4;5;6;8;11;12;13;15;16;17;18;25;31,5-10-,2-7-,6
rfp_off,W:W16;26;33;37;38;39;45:B9;11;12;13;14;17;23,16-29-11.12.23,16-29-11.12.23,189
rfp_off,B:W27;29;30;32;33;34;35;37;39;42;43;44;50:B3;7;8;9;12;13;15;17;18;19;20;23;25,17-22-,17-22-,4
rfp_off,W:W24;26;28;29;31;32;34;37;39;41;43;44;45:B2;4;6;7;8;9;10;13;15;16;19;20;25,26-21-,26-21-,91
rfp_off,W:W31;32;33;34;35;36;37;42;43:B9;11;14;15;16;19;21;23;26,33-29-,43-39-,11
rfp_off,W:W25;39;42;43;47;48;49:B2;3;8;10;11;16;19;21;29;30;34,43-38-,43-38-,125
rfp_off,W:W22;26;30;32;34;35;37;38;40;45;47;49:B8;10;11;12;13;14;16;19;23;25;29;36,49-43-,49-43-,-8
rfp_off,W:W27;32;37;42;43;48:B6;12;13;15;16;19;21;24;28;34,32-14-19.28,32-14-19.28,93
rfp_off,B:W22;27;28;34;35;37;39;40;42;43;44;45;49:B2;3;4;6;8;9;13;15;18;19;20;24;25;26,6-11-,18-23-,176
rfp_off,B:W24;27;29;32;33;34;35;36;37;38;40;42;43;44;45;46;47:B1;2;4;7;8;9;12;13;14;15;16;17;18;20;23;25;26,7-11-,7-11-,60
rfp_off,W:W24;26;27;31;33;34;36;37;39;40;43;44:B6;8;9;10;13;15;16;17;18;22;23;25,37-32-,37-32-,43
rfp_off,W:W24;26;33;36;39;40;41;45;48:B2;3;4;7;8;13;14;15;16;17;20;23;27;43,41-37-,41-37-,10
rfp_off,W:W27;28;32;33;37;38;39;40;50:B1;12;13;14;17;18;19;24;35,40-34-,50-44-,10
rfp_off,W:W25;27;28;32;33;34;37;38;42;43;48:B1;8;11;13;14;15;16;18;19;21;23,33-29-,33-29-,16
rfp_off,W:W27;28;35;36;37;38;41;42;43;48;50:B3;7;8;9;10;17;18;19;20;26;29,38-32-,43-39-,31
rfp_off,W:W27;28;30;32;33;34;35;37;38;39;40;45;47;48:B2;3;7;9;10;12;13;14;16;18;19;21;23;24,30-25-,30-25-,-4
rfp_off,W:W25;27;32;33;34;35;36;38;39;40;49:B4;5;6;7;8;9;13;15;16;18;23,36-31-,35-30-,6
rfp_off,W:W28;30;34;35;39;40;41;45;46;47;48;49;50:B1;2;3;4;5;6;9;10;12;13;15;16;19;21;23;25;31;38,41-37-,41-37-,47
rfp_off,W:W25;27;28;32;33;34;38;39;40;41;45;48:B2;6;7;8;10;13;14;16;18;19;23;24,41-37-,40-35-,-16
rfp_off,W:W36;38;43;44;46;49:B3;11;12;13;14;22;25;27;29,36-31-,36-31-,61
rfp_off,W:W27;28;30;32;33;35;38;40;42;44;48;50:B2;3;8;9;10;13;17;18;19;20;23;26,30-24-,40-34-,0
rfp_off,W:W30;48;49:B12;13;14;22;25;29;33;34,30-10-12.13.14.22.33.34,30-10-12.13.14.22.33.34,29987
rfp_off,W:W24;26;29;32;34;37;39;40;41;42;43;44;45;47:B2;4;6;8;9;10;11;13;15;16;18;22;23;25,41-36-,40-35-,-2
rfp_off,W:W23;24;27;29;32;34;38;39;40;41;42;43;45;46;47;48:B2;3;4;6;7;9;11;12;13;14;15;16;18;20;21;25,41-37-,32-28-,2
rfp_off,W:W27;28;30;32;33;34;35;37;38;40;43;45;48;49:B3;4;8;9;13;14;16;17;19;20;21;24;25;26,43-39-,43-39-,4
rfp_off,W:W24;26;27;31;33;34;36;37;38;39;40;43;44;49:B2;3;5;6;7;9;11;12;13;14;15;16;18;22,33-29-,24-19-,85
rfp_off,W:W28;29;31;33;34;35;36;38;39;40;41;42;44;45;46;47;48;49:B1;2;3;4;6;7;8;9;10;11;13;15;16;19;20;21;24;25,29-23-,29-23-,46
rfp_off,W:W24;27;31;32;33;36;38;39;42;44;45;48;49:B6;7;8;9;12;15;16;17;18;20;21;22;25,31-26-,33-28-,78
rfp_off,W:W25;27;32;33;37;38;42;46;47;48;49:B2;9;13;14;15;16;17;18;19;23;26,33-28-,33-29-,28
rfp_off,W:W17;24;29;32;34;36;37;39;40;42;43;47;48;49:B2;6;7;8;9;10;13;15;16;19;20;25;26,32-28-,40-35-,10
rfp_off,W:W26;27;28;30;31;32;33;35;37;40;41;43;44;45;46;48;49;50:B3;6;7;8;9;10;11;12;13;14;15;16;17;18;19;21;24;29,43-38-,30-25-,-9
rfp_off,W:W27;28;32;33;34;35;36;37;38;42;43;44;47;48;49;50:B2;3;4;6;8;12;13;14;15;16;17;18;19;23;24;26,37-31-,37-31-,0
rfp_off,W:W24;25;29;32;34;38;39;42;47:B3;7;13;15;17;19;21;22;31,38-33-,34-30-,-18
rfp_off,W:W25;27;28;30;32;33;34;35;37;38;39;42;43;45;48:B3;7;8;9;12;13;14;15;16;18;19;21;23;24;26,34-29-,27-22-,16
rfp_off,W:W10;25;32;33;35;37;38;39;43:B6;9;12;13;16;17;20;26;28;34;36,33-11-17.28,25-3-9.20,154
rfp_off,W:W23;24;29;31;33;34;38;39;40;42;44:B7;9;10;12;13;14;15;16;17;26;35,42-37-,24-20-,46
razor_off,W:W24;27;28;29;34;37;39;43;47;49;50:B2;3;4;7;12;13;14;15;17;18;25,28-23-,28-23-,10
razor_off,W:W25;27;32;33;35;37;38;39;40;42;45;48:B3;6;8;11;13;14;17;18;19;23;24;26,27-22-,27-22-,-8
razor_off,B:W23;24;26;29;32;33;34;35;37;39;42;44;46;47:B2;4;5;6;8;11;12;13;15;16;17;18;25;31,5-10-,2-7-,6
razor_off,W:W16;26;33;37;38;39;45:B9;11;12;13;14;17;23,16-29-11.12.23,16-29-11.12.23,207
razor_off,B:W27;29;30;32;33;34;35;37;39;42;43;44;50:B3;7;8;9;12;13;15;17;18;19;20;23;25,17-22-,23-28-,82
razor_off,W:W24;26;28;29;31;32;34;37;39;41;43;44;45:B2;4;6;7;8;9;10;13;15;16;19;20;25,26-21-,26-21-,93
razor_off,W:W31;32;33;34;35;36;37;42;43:B9;11;14;15;16;19;21;23;26,33-29-,31-27-,9
razor_off,W:W25;39;42;43;47;48;49:B2;3;8;10;11;16;19;21;29;30;34,43-38-,43-38-,121
razor_off,W:W22;26;30;32;34;35;37;38;40;45;47;49:B8;10;11;12;13;14;16;19;23;25;29;36,49-43-,49-43-,-1
razor_off,W:W27;32;37;42;43;48:B6;12;13;15;16;19;21;24;28;34,32-14-19.28,32-14-19.28,37
razor_off,B:W22;27;28;34;35;37;39;40;42;43;44;45;49:B2;3;4;6;8;9;13;15;18;19;20;24;25;26,6-11-,18-23-,215
razor_off,B:W24;27;29;32;33;34;35;36;37;38;40;42;43;44;45;46;47:B1;2;4;7;8;9;12;13;14;15;16;17;18;20;23;25;26,7-11-,7-11-,56
razor_off,W:W24;26;27;31;33;34;36;37;39;40;43;44:B6;8;9;10;13;15;16;17;18;22;23;25,37-32-,37-32-,43
razor_off,W:W24;26;33;36;39;40;41;45;48:B2;3;4;7;8;13;14;15;16;17;20;23;27;43,41-37-,41-37-,20
razor_off,W:W27;28;32;33;37;38;39;40;50:B1;12;13;14;17;18;19;24;35,40-34-,40-34-,17
razor_off,W:W25;27;28;32;33;34;37;38;42;43;48:B1;8;11;13;14;15;16;18;19;21;23,33-29-,33-29-,10
razor_off,W:W27;28;35;36;37;38;41;42;43;48;50:B3;7;8;9;10;17;18;19;20;26;29,38-32-,35-30-,16
razor_off,W:W27;28;30;32;33;34;35;37;38;39;40;45;47;48:B2;3;7;9;10;12;13;14;16;18;19;21;23;24,30-25-,30-25-,-4
razor_off,W:W25;27;32;33;34;35;36;38;39;40;49:B4;5;6;7;8;9;13;15;16;18;23,36-31-,33-28-,16
razor_off,W:W28;30;34;35;39;40;41;45;46;47;48;49;50:B1;2;3;4;5;6;9;10;12;13;15;16;19;21;23;25;31;38,41-37-,41-37-,40
razor_off,W:W25;27;28;32;33;34;38;39;40;41;45;48:B2;6;7;8;10;13;14;16;18;19;23;24,41-37-,48-43-,15
razor_off,W:W36;38;43;44;46;49:B3;11;12;13;14;22;25;27;29,36-31-,36-31-,53
razor_off,W:W27;28;30;32;33;35;38;40;42;44;48;50:B2;3;8;9;10;13;17;18;19;20;23;26,30-24-,40-34-,0
razor_off,W:W30;48;49:B12;13;14;22;25;29;33;34,30-10-12.13.14.22.33.34,30-10-12.13.14.22.33.34,206
razor_off,W:W24;26;29;32;34;37;39;40;41;42;43;44;45;47:B2;4;6;8;9;10;11;13;15;16;18;22;23;25,41-36-,40-35-,1
razor_off,W:W23;24;27;29;32;34;38;39;40;41;42;43;45;46;47;48:B2;3;4;6;7;9;11;12;13;14;15;16;18;20;21;25,41-37-,32-28-,0
razor_off,W:W27;28;30;32;33;34;35;37;38;40;43;45;48;49:B3;4;8;9;13;14;16;17;19;20;21;24;25;26,43-39-,43-39-,0
razor_off,W:W24;26;27;31;33;34;36;37;38;39;40;43;44;49:B2;3;5;6;7;9;11;12;13;14;15;16;18;22,33-29-,38-32-,0
razor_off,W:W28;29;31;33;34;35;36;38;39;40;41;42;44;45;46;47;48;49:B1;2;3;4;6;7;8;9;10;11;13;15;16;19;20;21;24;25,29-23-,29-23-,46
razor_off,W:W24;27;31;32;33;36;38;39;42;44;45;48;49:B6;7;8;9;12;15;16;17;18;20;21;22;25,31-26-,31-26-,0
razor_off,W:W25;27;32;33;37;38;42;46;47;48;49:B2;9;13;14;15;16;17;18;19;23;26,33-28-,33-29-,28
razor_off,W:W17;24;29;32;34;36;37;39;40;42;43;47;48;49:B2;6;7;8;9;10;13;15;16;19;20;25;26,32-28-,40-35-,11
razor_off,W:W26;27;28;30;31;32;33;35;37;40;41;43;44;45;46;48;49;50:B3;6;7;8;9;10;11;12;13;14;15;16;17;18;19;21;24;29,43-38-,30-25-,-9
razor_off,W:W27;28;32;33;34;35;36;37;38;42;43;44;47;48;49;50:B2;3;4;6;8;12;13;14;15;16;17;18;19;23;24;26,37-31-,44-40-,-1
razor_off,W:W24;25;29;32;34;38;39;42;47:B3;7;13;15;17;19;21;22;31,38-33-,38-33-,-10
razor_off,W:W25;27;28;30;32;33;34;35;37;38;39;42;43;45;48:B3;7;8;9;12;13;14;15;16;18;19;21;23;24;26,34-29-,27-22-,16
razor_off,W:W10;25;32;33;35;37;38;39;43:B6;9;12;13;16;17;20;26;28;34;36,33-11-17.28,25-3-9.20,149
razor_off,W:W23;24;29;31;33;34;38;39;40;42;44:B7;9;10;12;13;14;15;16;17;26;35,42-37-,24-20-,46
multicut_off,W:W24;27;28;29;34;37;39;43;47;49;50:B2;3;4;7;12;13;14;15;17;18;25,28-23-,28-23-,0
multicut_off,W:W25;27;32;33;35;37;38;39;40;42;45;48:B3;6;8;11;13;14;17;18;19;23;24;26,27-22-,27-22-,4
multicut_off,B:W23;24;26;29;32;33;34;35;37;39;42;44;46;47:B2;4;5;6;8;11;12;13;15;16;17;18;25;31,5-10-,13-19-,4
multicut_off,W:W16;26;33;37;38;39;45:B9;11;12;13;14;17;23,16-29-11.12.23,16-29-11.12.23,205
multicut_off,B:W27;29;30;32;33;34;35;37;39;42;43;44;50:B3;7;8;9;12;13;15;17;18;19;20;23;25,17-22-,20-24-,4
multicut_off,W:W24;26;28;29;31;32;34;37;39;41;43;44;45:B2;4;6;7;8;9;10;13;15;16;19;20;25,26-21-,26-21-,83
multicut_off,W:W31;32;33;34;35;36;37;42;43:B9;11;14;15;16;19;21;23;26,33-29-,33-29-,11
multicut_off,W:W25;39;42;43;47;48;49:B2;3;8;10;11;16;19;21;29;30;34,43-38-,43-38-,124
multicut_off,W:W22;26;30;32;34;35;37;38;40;45;47;49:B8;10;11;12;13;14;16;19;23;25;29;36,49-43-,49-43-,-7
multicut_off,W:W27;32;37;42;43;48:B6;12;13;15;16;19;21;24;28;34,32-14-19.28,32-14-19.28,37
multicut_off,B:W22;27;28;34;35;37;39;40;42;43;44;45;49:B2;3;4;6;8;9;13;15;18;19;20;24;25;26,6-11-,6-11-,67
multicut_off,B:W24;27;29;32;33;34;35;36;37;38;40;42;43;44;45;46;47:B1;2;4;7;8;9;12;13;14;15;16;17;18;20;23;25;26,7-11-,7-11-,63
multicut_off,W:W24;26;27;31;33;34;36;37;39;40;43;44:B6;8;9;10;13;15;16;17;18;22;23;25,37-32-,37-32-,43
multicut_off,W:W24;26;33;36;39;40;41;45;48:B2;3;4;7;8;13;14;15;16;17;20;23;27;43,41-37-,41-37-,16
multicut_off,W:W27;28;32;33;37;38;39;40;50:B1;12;13;14;17;18;19;24;35,40-34-,27-21-,62
multicut_off,W:W25;27;28;32;33;34;37;38;42;43;48:B1;8;11;13;14;15;16;18;19;21;23,33-29-,33-29-,10
multicut_off,W:W27;28;35;36;37;38;41;42;43;48;50:B3;7;8;9;10;17;18;19;20;26;29,38-32-,35-30-,2
multicut_off,W:W27;28;30;32;33;34;35;37;38;39;40;45;47;48:B2;3;7;9;10;12;13;14;16;18;19;21;23;24,30-25-,30-25-,-4
multicut_off,W:W25;27;32;33;34;35;36;38;39;40;49:B4;5;6;7;8;9;13;15;16;18;23,36-31-,33-28-,8
multicut_off,W:W28;30;34;35;39;40;41;45;46;47;48;49;50:B1;2;3;4;5;6;9;10;12;13;15;16;19;21;23;25;31;38,41-37-,41-37-,28
multicut_off,W:W25;27;28;32;33;34;38;39;40;41;45;48:B2;6;7;8;10;13;14;16;18;19;23;24,41-37-,41-36-,-15
multicut_off,W:W36;38;43;44;46;49:B3;11;12;13;14;22;25;27;29,36-31-,36-31-,57
multicut_off,W:W27;28;30;32;33;35;38;40;42;44;48;50:B2;3;8;9;10;13;17;18;19;20;23;26,30-24-,40-34-,1
multicut_off,W:W30;48;49:B12;13;14;22;25;29;33;34,30-10-12.13.14.22.33.34,30-10-12.13.14.22.33.34,29987
multicut_off,W:W24;26;29;32;34;37;39;40;41;42;43;44;45;47:B2;4;6;8;9;10;11;13;15;16;18;22;23;25,41-36-,40-35-,0
multicut_off,W:W23;24;27;29;32;34;38;39;40;41;42;43;45;46;47;48:B2;3;4;6;7;9;11;12;13;14;15;16;18;20;21;25,41-37-,23-19-,50
multicut_off,W:W27;28;30;32;33;34;35;37;38;40;43;45;48;49:B3;4;8;9;13;14;16;17;19;20;21;24;25;26,43-39-,43-39-,0
multicut_off,W:W24;26;27;31;33;34;36;37;38;39;40;43;44;49:B2;3;5;6;7;9;11;12;13;14;15;16;18;22,33-29-,24-19-,85
multicut_off,W:W28;29;31;33;34;35;36;38;39;40;41;42;44;45;46;47;48;49:B1;2;3;4;6;7;8;9;10;11;13;15;16;19;20;21;24;25,29-23-,29-23-,46
multicut_off,W:W24;27;31;32;33;36;38;39;42;44;45;48;49:B6;7;8;9;12;15;16;17;18;20;21;22;25,31-26-,31-26-,9
multicut_off,W:W25;27;32;33;37;38;42;46;47;48;49:B2;9;13;14;15;16;17;18;19;23;26,33-28-,33-29-,25
multicut_off,W:W17;24;29;32;34;36;37;39;40;42;43;47;48;49:B2;6;7;8;9;10;13;15;16;19;20;25;26,32-28-,40-35-,11
multicut_off,W:W26;27;28;30;31;32;33;35;37;40;41;43;44;45;46;48;49;50:B3;6;7;8;9;10;11;12;13;14;15;16;17;18;19;21;24;29,43-38-,30-25-,-9
multicut_off,W:W27;28;32;33;34;35;36;37;38;42;43;44;47;48;49;50:B2;3;4;6;8;12;13;14;15;16;17;18;19;23;24;26,37-31-,43-39-,0
multicut_off,W:W24;25;29;32;34;38;39;42;47:B3;7;13;15;17;19;21;22;31,38-33-,38-33-,-17
multicut_off,W:W25;27;28;30;32;33;34;35;37;38;39;42;43;45;48:B3;7;8;9;12;13;14;15;16;18;19;21;23;24;26,34-29-,27-22-,16
multicut_off,W:W10;25;32;33;35;37;38;39;43:B6;9;12;13;16;17;20;26;28;34;36,33-11-17.28,25-3-9.20,191
multicut_off,W:W23;24;29;31;33;34;38;39;40;42;44:B7;9;10;12;13;14;15;16;17;26;35,42-37-,24-20-,41
all_off,W:W24;27;28;29;34;37;39;43;47;49;50:B2;3;4;7;12;13;14;15;17;18;25,28-23-,28-23-,-8
all_off,W:W25;27;32;33;35;37;38;39;40;42;45;48:B3;6;8;11;13;14;17;18;19;23;24;26,27-22-,27-22-,4
all_off,B:W23;24;26;29;32;33;34;35;37;39;42;44;46;47:B2;4;5;6;8;11;12;13;15;16;17;18;25;31,5-10-,15-20-,62
all_off,W:W16;26;33;37;38;39;45:B9;11;12;13;14;17;23,16-29-11.12.23,16-29-11.12.23,210
all_off,B:W27;29;30;32;33;34;35;37;39;42;43;44;50:B3;7;8;9;12;13;15;17;18;19;20;23;25,17-22-,23-28-,101
all_off,W:W24;26;28;29;31;32;34;37;39;41;43;44;45:B2;4;6;7;8;9;10;13;15;16;19;20;25,26-21-,26-21-,81
all_off,W:W31;32;33;34;35;36;37;42;43:B9;11;14;15;16;19;21;23;26,33-29-,33-28-,16
all_off,W:W25;39;42;43;47;48;49:B2;3;8;10;11;16;19;21;29;30;34,43-38-,43-38-,117
all_off,W:W22;26;30;32;34;35;37;38;40;45;47;49:B8;10;11;12;13;14;16;19;23;25;29;36,49-43-,22-17-,10
all_off,W:W27;32;37;42;43;48:B6;12;13;15;16;19;21;24;28;34,32-14-19.28,32-14-19.28,112
all_off,B:W22;27;28;34;35;37;39;40;42;43;44;45;49:B2;3;4;6;8;9;13;15;18;19;20;24;25;26,6-11-,18-23-,186
all_off,B:W24;27;29;32;33;34;35;36;37;38;40;42;43;44;45;46;47:B1;2;4;7;8;9;12;13;14;15;16;17;18;20;23;25;26,7-11-,23-28-,138
all_off,W:W24;26;27;31;33;34;36;37;39;40;43;44:B6;8;9;10;13;15;16;17;18;22;23;25,37-32-,27-21-,112
all_off,W:W24;26;33;36;39;40;41;45;48:B2;3;4;7;8;13;14;15;16;17;20;23;27;43,41-37-,41-37-,27
all_off,W:W27;28;32;33;37;38;39;40;50:B1;12;13;14;17;18;19;24;35,40-34-,27-21-,71
all_off,W:W25;27;28;32;33;34;37;38;42;43;48:B1;8;11;13;14;15;16;18;19;21;23,33-29-,33-29-,10
all_off,W:W27;28;35;36;37;38;41;42;43;48;50:B3;7;8;9;10;17;18;19;20;26;29,38-32-,27-21-,18
all_off,W:W27;28;30;32;33;34;35;37;38;39;40;45;47;48:B2;3;7;9;10;12;13;14;16;18;19;21;23;24,30-25-,27-22-,46
all_off,W:W25;27;32;33;34;35;36;38;39;40;49:B4;5;6;7;8;9;13;15;16;18;23,36-31-,33-28-,18
all_off,W:W28;30;34;35;39;40;41;45;46;47;48;49;50:B1;2;3;4;5;6;9;10;12;13;15;16;19;21;23;25;31;38,41-37-,41-37-,43
all_off,W:W25;27;28;32;33;34;38;39;40;41;45;48:B2;6;7;8;10;13;14;16;18;19;23;24,41-37-,41-36-,-15
all_off,W:W36;38;43;44;46;49:B3;11;12;13;14;22;25;27;29,36-31-,36-31-,77
all_off,W:W27;28;30;32;33;35;38;40;42;44;48;50:B2;3;8;9;10;13;17;18;19;20;23;26,30-24-,44-39-,1
all_off,W:W30;48;49:B12;13;14;22;25;29;33;34,30-10-12.13.14.22.33.34,30-10-12.13.14.22.33.34,29987
all_off,W:W24;26;29;32;34;37;39;40;41;42;43;44;45;47:B2;4;6;8;9;10;11;13;15;16;18;22;23;25,41-36-,41-36-,0
all_off,W:W23;24;27;29;32;34;38;39;40;41;42;43;45;46;47;48:B2;3;4;6;7;9;11;12;13;14;15;16;18;20;21;25,41-37-,23-19-,44
all_off,W:W27;28;30;32;33;34;35;37;38;40;43;45;48;49:B3;4;8;9;13;14;16;17;19;20;21;24;25;26,43-39-,43-39-,2
all_off,W:W24;26;27;31;33;34;36;37;38;39;40;43;44;49:B2;3;5;6;7;9;11;12;13;14;15;16;18;22,33-29-,27-21-,35
all_off,W:W28;29;31;33;34;35;36;38;39;40;41;42;44;45;46;47;48;49:B1;2;3;4;6;7;8;9;10;11;13;15;16;19;20;21;24;25,29-23-,31-26-,0
all_off,W:W24;27;31;32;33;36;38;39;42;44;45;48;49:B6;7;8;9;12;15;16;17;18;20;21;22;25,31-26-,33-28-,99
all_off,W:W25;27;32;33;37;38;42;46;47;48;49:B2;9;13;14;15;16;17;18;19;23;26,33-28-,33-29-,20
all_off,W:W17;24;29;32;34;36;37;39;40;42;43;47;48;49:B2;6;7;8;9;10;13;15;16;19;20;25;26,32-28-,34-30-,152
all_off,W:W26;27;28;30;31;32;33;35;37;40;41;43;44;45;46;48;49;50:B3;6;7;8;9;10;11;12;13;14;15;16;17;18;19;21;24;29,43-38-,30-25-,-9
all_off,W:W27;28;32;33;34;35;36;37;38;42;43;44;47;48;49;50:B2;3;4;6;8;12;13;14;15;16;17;18;19;23;24;26,37-31-,44-40-,1
all_off,W:W24;25;29;32;34;38;39;42;47:B3;7;13;15;17;19;21;22;31,38-33-,38-33-,-11
all_off,W:W25;27;28;30;32;33;34;35;37;38;39;42;43;45;48:B3;7;8;9;12;13;14;15;16;18;19;21;23;24;26,34-29-,34-29-,16
all_off,W:W10;25;32;33;35;37;38;39;43:B6;9;12;13;16;17;20;26;28;34;36,33-11-17.28,25-3-9.20,166
all_off,W:W23;24;29;31;33;34;38;39;40;42;44:B7;9;10;12;13;14;15;16;17;26;35,42-37-,24-20-,72
