# fen	move_played	grade	source
W:W22,26,28,29,32,33,34,35,36,38,39,40,41,42,43,45,46,48:B2,3,4,6,7,8,9,11,12,13,14,15,17,19,20,21,24,25	41-37	?	deel36:p134
B:W22,26,28,29,32,33,34,35,36,37,38,39,40,42,43,45,46,48:B2,3,4,6,7,8,9,11,12,13,14,15,17,19,20,21,24,25	4-10	!	deel36:p134
B:W27,31,32,34,35,36,37,38,40,41,42,43,45,46,48,50:B2,3,4,5,6,8,11,12,13,15,16,18,20,23,26,29	29-33	!	deel36:p155
B:W25,26,29,30,31,34,35,36,42:B3,10,13,16,17,19,22,27,28	10-14	?	deel36:p155
W:W25,26,29,30,31,34,35,36,42:B3,13,14,16,17,19,22,27,28	29-24	?	deel36:p155
B:W25,26,29,33,36,38,39,42,43,45,47,48,49:B2,3,6,7,9,11,14,15,17,18,22,24,27	14-20	?	deel42:p18
B:W25,26,29,30,31,34,35,36,39,45,48,49:B3,5,8,9,10,11,14,15,17,18,22,28	28-32	!	deel42:p20
B:W23,26,27,28,29,32,33,34,35,36,38,39,40,42,43,45,48,49:B1,2,3,4,6,8,12,13,14,15,16,17,18,19,20,21,24,25	17-22	?	deel42:p24
W:W23,26,27,28,29,32,33,34,35,36,38,39,40,42,43,45,48,49:B1,2,3,4,6,8,12,13,14,15,16,18,19,20,21,22,24,25	26x17	?	deel42:p24
B:W25,27,28,31,32,33,35,37,38,39,40,41,43,44,45,47,48,49,50:B1,2,3,4,6,8,9,11,12,13,14,15,16,18,19,20,23,24,26	11-17	!	deel42:p29
B:W25,27,28,31,32,33,35,36,37,38,39,40,43,44,45,47,48,49,50:B1,2,3,4,6,8,9,12,13,14,15,16,17,18,19,20,23,24,26	17-22	!	deel42:p29
W:W25,27,31,32,33,34,35,36,37,39,43,44,47:B8,12,13,14,15,16,18,19,21,22,23,26,28	47-41	?	deel42:p35
B:W25,27,30,31,32,34,35,37,38,39,40,41,42,45,47,49:B3,4,6,8,9,13,14,15,16,17,18,19,21,23,28,29	28-33	?	deel42:p55
W:W23,28,29,33,37,39,40,42,44,47:B7,8,12,13,14,15,19,21,25,35	42-38	?	deel42:p55
B:WK11,25,34,41:B4,13,19,24,32	32-38	?	deel42:p66
W:WK11,25,34,37:B4,13,23,24,38	11-2	?	deel42:p66
B:W25,27,28,29,30,32,33,35,38,43,46,49:B5,6,8,10,11,12,14,16,18,19,20,24	19-23	?	deel1:p244
B:W25,27,28,29,30,32,33,35,39,42,44,47:B2,5,10,14,16,17,18,19,20,21,24,26	17-22	!	deel1:p244
W:W27,28,31,32,34,37,38,39,41,44,46:B6,13,15,16,17,18,19,21,24,25,26	28-22	?	deel1:p244
B:W14,31,33,34,36,37,39,46:B11,13,15,22,25,26,27,30	11-17	!	deel1:p245
B:W14,29,31,33,36,37,39,46:B13,15,17,22,25,26,27,30	17-21	!	deel1:p245
W:W24,27,31,32,34,37,41,46:B9,16,18,21,22,23,25,26	32-28	!	deel1:p245
B:W24,27,28,31,34,37,41,46:B9,16,18,21,22,23,25,26	23x32	?	deel1:p245
B:W13,27,31,32,37,41,46:B9,16,18,21,22,25,26,40	22-28	!	deel1:p245
W:W25,26,30,32,33,35,37,38,39,40,44,45:B3,5,8,10,12,14,18,19,20,23,24,29	37-31	?	deel1:p246
W:W25,26,30,32,33,35,37,38,39,40,44,45:B3,5,8,10,12,14,18,19,20,23,24,29	26-21	?	deel1:p246
W:W16,25,28,30,32,33,35,36,39,45,48:B5,7,8,10,14,19,20,23,24,26	48-42	!	deel1:p246
W:W25,27,30,33,34,35,38,42:B5,7,10,14,19,20,23,24	33-29	?	deel1:p247
W:W18,20,31,32,37,41,46:B8,9,16,21,26,34,35	31-27	?	deel1:p248
W:W18,20,27,32,37,41,46:B8,9,16,21,26,35,39	18-12	!	deel1:p248
B:W20,23,37,41,46:B9,16,21,26,35,39	39-44	?	deel1:p248
W:W18,20,31,32,37,41,46:B8,9,16,21,26,34,35	32-27	!	deel1:p248
W:W18,20,28,32,46:B8,9,16,35,39	28-23	!	deel1:p248
B:W20,23,37,41,46:B9,16,21,26,35,39	21-27	!	deel1:p248
B:W15,20,27,31,32,37,41,46:BK49,8,9,16,18,21,22,26	49-44	!	deel1:p248
B:W10,20,27,31,32,37,41,46:BK44,8,9,16,18,21,22,26	22-28	!	deel1:p248
W:W15,27,32,36,37,41,44,46,48,50:B4,8,9,12,16,17,21,26,34,45	48-43	?	deel1:p253
B:W15,27,31,32,37,41,43,44,46,50:B4,8,9,16,17,18,21,26,34,45	17-22	!	deel1:p253
B:W15,31,36,37,44,50:B4,12,14,16,26,45	16-21	!	deel1:p253
W:W15,27,31,32,37,41,43,44,46,50:B4,8,9,16,18,21,22,26,34,45	44-40	?	deel1:p253
B:W15,21,28,29,32,43,46,50:B4,9,16,45	16x49	!	deel1:p253
W:W15,27,31,32,33,34,37,39,41,46:B4,13,14,16,17,18,21,22,23,26	34-30	?	deel1:p254
B:W15,27,30,31,32,33,37,39,41,46:B4,13,14,16,17,18,21,22,23,26	14-20	!	deel1:p254
W:W15,27,31,32,33,34,37,39,41,46:B4,13,14,16,17,18,21,22,23,26	33-29	?	deel1:p254
B:W15,27,29,31,32,34,37,39,41,46:B4,13,14,16,17,18,21,22,23,26	14-20	!	deel1:p254
W:W15,27,31,32,33,34,37,39,41,46:B4,13,14,16,17,18,21,22,23,26	41-36	!	deel1:p254
W:W24,27,29,31,32,34,37,39,40,41,43,44,46,48:B3,4,6,8,9,13,14,15,16,17,18,21,25,26	40-35	?	deel1:p254
B:W16,25,26,30,31,35,38,39,40,42,45,47:B5,7,8,10,11,13,14,17,19,20,24,28	19-23	?	deel1:p255
W:W16,25,26,31,35,38,39,40,42,45,47:B5,7,8,10,11,14,17,20,23,24,28	31-27	!	deel1:p255
B:W16,25,26,27,35,38,39,40,42,45,47:B5,7,8,10,11,14,17,20,23,24,28	24-29	?	deel1:p255
W:W27,28,29,30,31,32,35,37,41,43,45,46,48:B3,4,6,9,11,12,13,15,16,18,19,21,26	30-24	?	deel1:p255
B:W24,27,28,29,31,32,37,41,43,45,46,48:B3,4,6,9,11,12,13,15,16,18,21,26	12-17	!	deel1:p255
B:W21,24,28,29,32,40,43,46:B3,6,9,10,13,16	16x49	!	deel1:p255
B:W21,23,24,28,29,32,40,43,46:B3,6,9,10,13,16	16x49	!	deel1:p255
W:W22,24,27,31,32,33,37,40,41,45,46:B2,4,6,8,11,12,13,16,18,21,23,26	33-28	?	deel1:p256
B:W22,27,31,32,34,37,41,45,46:B2,6,10,11,12,16,21,26,35	11-17	!	deel1:p256
B:W25,27,28,30,31,32,35,36,37,40,46,48:B6,11,12,13,14,16,19,21,23,24,26,29	12-18	?	deel1:p256
W:W25,27,28,30,31,32,35,36,37,40,46,48:B6,11,13,14,16,18,19,21,23,24,26,29	27-22	!	deel1:p256
W:W25,28,30,31,35,36,37,40,46,48:B6,11,13,14,16,19,21,23,24,26,29,38	40-34	!	deel1:p256
W:WK1,25,26,30,33,35:B5,10,14,20,37	33-29	??	deel1:p258
W:WK1,25,26,29,30,35:B5,14,15,20,37	29-24	??	deel1:p258
W:WK45,25,26,30,35:B5,15,19,37	30-24	?	deel1:p258
W:WK45,24,25,26:B5,15,41	24-19	?	deel1:p258
W:W25,30,31,32,35,36,38,39,40:B5,10,11,14,19,20,22,23,24	39-33	!	deel1:p258
W:W25,26,27,30,35,38,40,43:B5,10,11,14,19,20,24,28	27-21	?	deel1:p258
W:W25,26,27,30,34,35,43:B5,10,11,14,19,20,33	34-29	!	deel1:p259
W:W27,28,29,30,31,32,34,35,37,41,46:B6,8,10,12,13,16,18,19,20,21,26	30-25	?	deel1:p260
W:W24,27,31,32,36,37,39,46:B6,8,12,13,15,16,18,25,26	32-28	!	deel1:p260
B:W27,31,32,33,37,39,41,45,46:B2,6,12,16,17,18,21,26,35	2-8	?	deel1:p261
W:W25,27,28,31,32,35,36,37,38,39,46:B6,11,13,14,16,18,19,21,24,26,29	27-22	?	deel1:p261
B:WK2,25,32,35,36,38,46:BK49,6,14,16,19,24,29	19-23	!	deel1:p261
B:WK30,14,18,32,35,36,46:BK49,6,16	49x48	!	deel1:p261
B:W20,27,29,31,32,33,34,37,41,46,48:B3,6,8,9,11,13,14,16,21,25,26	13-19	!	deel1:p262
W:W23,25,27,29,31,32,37,41,46:B3,9,11,13,14,16,17,21,26	29-24	!	deel1:p262
B:W19,27,31,32,37,41,46:B3,11,16,18,21,25,26	18-23	!	deel1:p262
W:W27,28,29,31,32,34,37,41,46:B6,9,11,16,18,20,21,26,35	28-22	!	deel1:p262
B:WK9,34,36,37,41:BK49,6,16,17,20,26,35	49-43	!	deel1:p262
W:W24,27,31,32,34,37,39,41,46:B11,13,16,17,18,21,25,26	34-29	!	deel1:p263
B:W9,21,24,29,31,37,39,41,46:B16,25,26	16x47	??	deel1:p263
W:W27,29,31,32,33,34,35,37,39,41,46:B6,11,14,15,16,17,18,19,21,26	29-24	?	deel1:p264
B:W23,28,29,32,34,39,40,46:B11,12,13,16,17,25,30	12-18	?	deel1:p264
W:W28,29,34,39,40,46:B11,13,25,30,38	29-24	!	deel1:p264
B:W27,29,31,32,33,34,35,37,39,41,45,46,48,49:B3,6,8,9,11,12,13,15,16,17,18,20,21,26	13-19	?	deel1:p264
W:W27,31,32,34,35,37,41,42,46:B2,3,4,12,16,18,21,24,26	34-30	?	deel1:p265
W:W28,30,32,33,35,46:B2,3,10,17,21,22	30-24	!	deel1:p265
W:W24,28,32,33,35,46:B2,3,10,17,21,27	28-22	!	deel1:p265
W:WK41,24,46:BK48,2,3,33	24-19	!	deel1:p265
W:W23,27,31,32,37,39,41,46:B2,6,9,11,15,16,21,26	32-28	!	deel1:p266
B:W27,30,31,32,35,37,41,42,46:B2,3,4,12,16,18,21,24,26	3-9	?	deel1:p266
B:W19,27,31,32,35,37,41,42,46:B2,4,9,12,16,18,21,26	9-13	?	deel1:p266
B:WK1,36,38,45:B3,5,12,16,23,26,28,35	35-40	!	deel1:p267
B:W25,28,32,33,35,36,37,38,39,43,45:B3,5,10,12,14,16,19,20,21,24,26	12-18	?	deel1:p268
B:W24,27,29,31,32,34,37,39,40,41,43,44,46,48:B3,4,6,8,9,13,14,15,16,17,18,21,25,26	14-19	?	deel1:p268
W:W15,25,27,31,32,37,41,43,44,46,50:B4,9,12,13,16,18,19,21,22,26,45	25-20	?	deel1:p269
B:W27,29,31,32,34,35,37,39,40,41,42,43,44,46,48,49,50:B2,3,4,6,9,11,12,13,14,15,16,18,20,21,23,25,26	23-28	?	deel1:p269
W:W24,28,29,40,46:BK49,3,6,9,10,13	29-23	!	deel1:p269
B:W18,31,32,37,41,46:B3,6,16,17,21,26	17-22	!	deel1:p269
B:W27,29,31,32,35,37,38,41,45,46,50:B2,4,6,14,15,16,17,18,21,25,26	25-30	!	deel1:p270
B:W24,27,29,31,32,37,38,41,45,46,50:B2,4,6,14,15,16,17,18,21,26	6-11	!!	deel1:p270
B:W18,25,27,31,32,35,37,39,40,41,46,48,50:B1,6,8,9,10,11,14,16,17,19,20,21,26	17-22	?	deel1:p270
W:W18,25,27,31,32,35,37,39,40,41,46,48,50:B1,6,8,9,10,11,14,16,19,20,21,22,26	32-28	!	deel1:p270
W:W25,30,31,34,35,37,38,39,41,42,44,48:B2,5,8,10,11,14,16,19,20,23,24,28	38-33	?	deel1:p270
B:W24,27,29,31,32,34,37,39,41,42,43,44,46:B2,4,6,9,10,12,13,15,16,18,21,25,26	10-14	!	deel1:p270
W:W24,27,29,31,32,34,37,39,41,42,43,44,46:B2,4,6,9,12,13,14,15,16,18,21,25,26	32-28	?	deel1:p270
B:WK21,19,31,37,41,42,43,44,46:B2,6,16,18,26	16x40	!	deel1:p270
B:W18,23,27,31,32,37,39,40,41,46:B4,6,9,11,16,17,21,25,26,30	9-13	?	deel1:p270
W:W23,27,31,32,37,39,40,41,46:B6,11,13,16,17,21,25,26,30	23-19	!	deel1:p270
W:W23,25,27,30,31,32,37,38,39,40,41,45,46,47,48:B1,2,3,4,6,8,9,12,14,15,16,17,20,21,26	23-18	?	deel1:p271
B:W10,25,32,39,40,43,45,46,47,48:B1,2,3,4,6,8,9,15,16,17	9-14	!	deel1:p271
B:W27,29,31,32,34,37,39,41,43,44,45,46:B2,6,13,14,15,16,18,20,21,22,23,26	20-25	?	deel1:p272
W:W25,26,28,30,34,35,36,37,40,43,47,49:B3,5,7,8,10,12,14,17,18,19,20,24	28-23	!	deel1:p272
W:W25,30,32,33,34,35,37,38,39,40,43,45,48:B1,3,5,6,10,13,14,18,19,20,22,24,26	32-28	?	deel1:p272
B:W25,28,30,33,34,35,37,38,39,40,43,45,48:B1,3,5,6,10,13,14,18,19,20,22,24,26	3-8	!	deel1:p272
B:W25,27,28,29,30,32,33,35,39,42,44,47:B2,5,10,14,16,17,18,19,20,21,24,26	19-23	?	deel1:p272
W:W19,25,27,28,32,33,35,42,44,47:B2,5,10,14,16,17,18,20,21,26,43	19-13	?	deel1:p273
B:WK3,32,35,36,42,47:B2,5,10,16,17,21,23	21-26	!	deel1:p273
W:W19,25,27,28,32,33,35,42,44,47:B2,5,10,14,16,17,18,20,21,26,43	42-38	!	deel1:p273
W:W27,31,32,37,38,40,41,43,46,47,48,50:B9,10,14,16,18,20,21,23,26,28,29,34	41-36	!	deel1:p274
B:W25,28,29,30,32,33,35,36,43,47:B5,10,11,14,16,18,19,20,24,26	19-23	?	deel1:p274
B:W14,19,32,33,35,36,38,42,43,46,49:B3,5,6,10,16,21,22,26,27,34	34-40	!	deel1:p275
B:W25,32,33,35,36,38,39,42,43,46,49:B3,5,6,10,16,18,20,21,24,26,27	24-30	!	deel1:p275
W:W25,32,33,36,38,39,43,46,49:BK48,3,5,6,16,21,23	36-31	!	deel1:p275
W:W19,25,28,32,33,35,36,38,42,43,46,49:B3,5,6,10,14,16,18,20,21,26,27,34	28-23	?	deel1:p275
W:W25,28,32,33,36,38,39,42,43,46,49:B3,5,6,10,16,20,21,22,23,26,27	28x19	?	deel1:p275
W:W25,28,32,33,36,38,39,42,43,46,49:B3,5,10,11,16,18,20,21,23,26,27	28x19	?	deel1:p275
W:W25,28,32,33,36,38,39,42,43,46,49:B3,5,10,11,16,18,20,21,23,26,27	25x14	?	deel1:p275
W:W28,32,33,36,38,39,42,43,46,49:B3,5,11,16,18,19,21,23,26,27	28-22	?	deel1:p275
W:W18,25,27,30,31,32,35,37,41,43,44,46:B5,6,8,10,14,16,19,20,21,24,26,33	43-39	?	deel1:p276
B:WK4,25,31,37,41,46,48:B2,3,5,6,8,12,14,16,26	12-17	!	deel1:p277
W:W25,30,31,32,33,35,36,37,38,43,48:B3,6,9,12,13,14,15,16,19,23,26	30-24	!	deel1:p313
B:W29,31,32,34,35,36,37,38,43,48:B3,6,9,12,13,14,16,20,23,26	12-17	??	deel1:p314
W:W31,32,34,35,36,37,38,43,48:B3,6,9,14,16,17,20,22,26	32-27	!	deel1:p314
W:W29,31,32,34,35,36,37,38,43,48:B3,6,9,13,14,16,18,20,23,26	35-30	!	deel1:p314
W:W29,30,31,32,34,36,37,38,43,48:B3,6,9,14,16,18,19,20,23,26	38-33	!	deel1:p314
W:W30,31,32,33,34,36,37,43,48:B3,6,9,16,18,19,23,25,26	43-39	!	deel1:p314
W:W27,28,30,32,34,36,37,39,48:B8,11,13,16,18,19,23,25,26	39-33	!	deel1:p314
B:W27,28,30,32,33,34,36,37,48:B8,11,13,16,18,19,23,25,26	19-24	?	deel1:p314
W:W21,26,29,31,34,36,38,43,45,50:B3,6,7,10,11,12,17,18,19,20	45-40	?	deel1:p352
W:W27,31,32,33,34,39,40,44,45:B8,14,15,17,18,20,22,25,30	33-29	!	deel1:p352
B:W22,23,28,29,32,34,37,39,40,42,44,45:B4,6,9,11,12,14,16,17,20,21,25,30	21-27	!	deel1:p352
W:W21,26,28,31,32,36,38,39,40,44:B6,7,11,12,15,17,20,25,29,30	39-34	!	deel1:p353
B:W24,26,28,31,32,34,36,38,39,42,43,44,45,48:B3,6,8,9,11,12,13,15,20,25	20x49	!	deel1:p353
B:W23,27,28,32,34,39,40,44,45:B13,15,16,17,20,24,25,26,30	26-31	!	deel1:p354
B:W21,26,28,31,32,33,34,36,38,39,42,43,45,48,50:B3,4,6,7,8,9,11,12,13,17,18,19,24,25,35	18-23	?	deel1:p354
B:W21,26,30,31,32,34,35,36,37,38,39,40,43,44,45,48,49:B3,6,7,8,9,10,11,12,13,14,17,18,19,20,23,24,25	18-22	?	deel1:p354
B:W26,28,29,31,33,34,35,36,38,39,40,42,43,44,45:B3,5,8,11,12,13,14,15,17,18,20,22,24,25,27	24-30	?	deel1:p355
W:W23,26,28,31,33,34,36,38,39,40,42,43,44,45:B3,5,8,11,12,13,15,17,18,20,22,25,27,30	23-19	!	deel1:p355
B:W21,26,31,33,34,36,37,38,39,40,42,43,44,45,48:B1,3,6,7,8,9,11,12,13,14,15,17,23,25,30	23-28	?	deel1:p355
B:W15,21,22,26,34,36,37,39,40,42,44:B4,6,7,8,11,19,23,25,30,35	11-16	?	deel1:p355
W:W23,27,32,34,39,40,44,45:B13,14,15,16,17,20,25,30	32-28	?	deel1:p355
W:W27,28,34,39,40,44,45:B9,13,15,16,17,25,30	28-22	?	deel1:p355
W:W21,25,26,30,31,32,35,36,38,40,42,45:B6,7,9,11,12,13,15,17,18,19,23,24	25-20	!	deel1:p355
W:W21,24,26,31,36,49:B6,7,11,12,13,17,32	49-43	!	deel1:p356
B:W27,28,34,37,39,40,44,45:B15,17,18,19,20,25,26,30	19-23	!	deel1:p357
B:W24,26,39,44,45:B7,16,25,28,33	25-30	!	deel1:p357
W:W24,26,29,33,34,36,37,39,40,43,47,49:B6,7,8,9,11,12,14,15,17,18,20,27	29-23	!	deel1:p358
W:W26,27,29,31,32,33,35,36,38,39,40,43,45,47,48,49:B3,6,7,8,9,10,11,12,13,14,15,16,17,18,20,24	27-21	!	deel1:p358
B:W15,21,26,28,31,35,36,49:B6,7,11,12,14,17,24,34	24-30	?	deel1:p360
W:W21,26,28,31,32,33,35,36,37,45,48,49:B3,6,7,8,11,12,13,15,17,18,20,24	32-27	!	deel1:p361
B:W21,25,26,28,31,32,33,35,36,37,45,48,49:B3,6,7,8,9,11,12,13,14,15,17,18,24	24-29	!	deel1:p361
B:W21,24,25,26,28,31,32,35,36,37,45,48,49:B3,6,7,8,9,11,12,13,14,15,17,18	18-22	!	deel1:p361
B:W21,24,26,31,32,33,34,36,38,39,40:B6,7,10,11,12,13,14,15,17,18,25	18-22	?	deel1:p362
W:W21,24,26,31,32,33,34,36,38,39,40:B6,7,10,11,12,13,14,15,17,22,25	32-28	!	deel1:p362
B:W21,24,26,28,31,33,34,36,38,39,40:B6,7,10,11,12,13,14,15,17,22,25	11-16	?	deel1:p362
W:W21,24,26,28,31,33,34,36,38,39,40:B6,7,10,12,13,14,15,16,17,22,25	24-19	!	deel1:p362
W:W26,31,36,49:B6,7,12,15,17,18,27,33	31x2	!	deel1:p362
W:W21,25,26,30,31,34,35,36,38,40,42,43,45,46,48:B3,6,7,8,9,11,12,13,14,17,19,20,22,23,29	46-41	?	deel1:p362
W:W21,26,30,32,33,34,35,36,37,38,42:B6,7,8,11,12,14,17,18,19,23,24	37-31	!!	deel1:p362
B:W10,21,26,31,33,35,36,38:BK48,6,7,8,11,12,17,18	18-22	!	deel1:p362
B:WK5,21,26,31,33,35,36,38:BK48,6,7,8,11,12,17,22	22-27	!	deel1:p362
W:W26,27,29,31,32,33,35,36,38,39,40,43,45,47,48,49:B3,6,7,8,9,10,11,12,13,14,15,16,17,18,20,24	27-21	?	deel1:p364
B:W21,26,29,31,33,35,36,38,39,40,43,45,47,48,49:B3,6,7,8,9,10,11,12,13,14,15,17,18,20,24	18-22	!	deel1:p364
B:W21,26,29,33,35,36,39,40,42,43,45,48,49:B3,6,7,8,9,10,11,12,13,14,15,20,24,37	37-41	!	deel1:p364
W:W26,29,38,39,41,42,43,44,45,46,47:B3,7,10,11,17,18,19,20,25,27,35	29-24	!	deel1:p366
W:W17,26,27,32,34,39,40,42,44,45:B2,6,8,15,18,19,20,23,25,30	27-21	!	deel1:p366
B:W23,28,29,31,32,34,37,38,39,40,44,45,47:B4,6,9,11,12,14,16,17,19,20,25,30	16-21	!	deel1:p375
W:W22,32,37:B7,19,23,30	22-18	!	deel1:p381
B:W22,27,28,32,33,34,35,38,41,43,45:B8,9,13,16,18,19,20,23,24,25,26	8-12	?	deel1:p383
W:W22,27,28,32,33,34,35,38,41,43,45:B9,12,13,16,18,19,20,23,24,25,26	22-17	!	deel1:p383
W:W27,28,32,33,34,35,38,41,43,45:B9,13,16,18,19,20,21,23,24,25,26	41-37	!	deel1:p383
W:W29,31,33,34,35,37,38,45:B13,15,16,20,21,24,25,26	33-28	!!	deel1:p384
W:W31,34,35,37,38,45:B13,15,16,20,21,22,25,26	35-30	!	deel1:p384
B:WK22,26,27,32,35,38,41,42,43,44,45,47,49:B3,7,11,12,17,34,36	17x50	!	deel1:p414
B:WK3,25,27,29,30,32,35,37,38,43,48:B4,5,9,11,13,14,15,16,19,28	13-18	!	deel1:p414
W:WK2,26,27,32,38,43:B12,13,17,18,19,34,39	27-21	!	deel1:p415
W:WK2,21,26,32,38:BK48,12,13,17,18,19,34	2-7	!	deel1:p415
B:W26,30,31,33,34,35,36,39,42,43,44,47,49:B2,6,11,12,13,15,17,19,20,22,23,25,27	20-24	?	deel1:p415
W:W26,30,31,33,34,35,36,39,42,43,44,47,49:B2,6,11,12,13,15,17,19,22,23,24,25,27	34-29	!	deel1:p415
B:W22,25,28,30,32,33,35,36,37,38,41,42,48:B2,3,6,10,11,12,14,16,17,19,21,24,26	10-15	!	deel1:p415
W:W25,30,35,36,37,38,39,41,42,48:B2,3,6,11,12,14,15,16,21,26,28	38-32	?	deel1:p415
B:W31,32,34,35,37,38,39,40,41,42,43,45,47,48,49,50:B1,2,3,4,5,6,7,8,9,13,14,15,16,21,24,26	21-27	!	deel1:p416
B:W13,23,26,32,35,38,39,40,41,42,43,45,47,48,49,50:B1,2,3,4,5,6,7,8,9,14,15,16	8x46	!	deel1:p416
W:W33,35,39,48:B7,9,13,14,15,17,21,28	33x2	!	deel1:p423
W:W16,21,22,26,36,38,39,40,42,43,45,50:B3,6,7,8,11,13,14,15,19,23,25,29	40-34	!	deel1:p425
W:W16,21,22,24,26,34,36,38,42,43,50:B3,6,7,8,11,13,15,20,23,25	22-17	!	deel1:p425
W:W16,17,21,26,36,38,42,43,50:B3,6,7,8,11,13,15,23,25,40	17-12	!!	deel1:p425
W:WK4,38:B12,14,15,39	4-22	!	deel1:p431
W:W17,23,27,28,32,34,37,38,39:B2,8,9,10,16,24,25,26,30	17-11	!	deel1:p432
B:WK4,36,37,38,42,48:B2,6,8,11,14,19,25,26	11-17	!	deel1:p433
B:WK4,33,36,38:B2,6,8,11,14,19,25	11-17	!	deel1:p433
W:W23,28,33,35,37,38,39,48:B7,9,13,14,15,19,21,26	28-22	!	deel2:p4
B:W23,27,28,31,32,33,34,35,36,37,38,39,40,42,43,45,46:B1,2,3,5,6,8,9,10,12,13,14,15,16,19,20,25,26	2-7	?	deel2:p4
W:W23,27,28,31,32,33,34,35,36,37,38,39,40,42,43,45,46:B1,3,5,6,7,8,9,10,12,13,14,15,16,19,20,25,26	28-22	!	deel2:p4
W:W31,32,33,34,35,36,37,38,39,40,42,43,45,46:B1,3,5,6,7,8,9,10,12,13,14,15,17,20,25,26,27	31x2	!	deel2:p4
W:WK2,40,50:B13,14,20,21,35,44	2x10	!	deel2:p6
W:W22,25,28,32,33,34,35,36,37,38,39,43:B3,6,8,12,13,14,16,19,21,23,24,26	34-29	!	deel2:p35
B:W22,28,29,32,33,34,35,37,38,39,40,42,44,45,48,49:B2,3,8,9,10,12,13,14,15,16,19,20,21,24,25,26	2-7	?	deel2:p35
W:W23,25,27,28,29,32,33,37,39,45,47:B3,9,12,14,15,16,17,19,21,26,35	27-22	!	deel2:p36
B:W23,25,27,28,29,32,33,35,37,38,39,40,44:B1,4,10,12,13,14,16,18,19,20,21,24,26	1-7	!	deel2:p37
B:WK2,23,29,38,39,40,44:B4,10,12,13,16,21,27,35	27-32	!	deel2:p37
B:WK2,K5,29,38,39,40,44:B4,12,13,16,19,21,27,35	19-24	!	deel2:p37
B:W11,25,39,40:B4,12,13,14,21,24	12-17	!	deel2:p38
B:W22,25,39,40:B4,13,14,21,24	14-19	!	deel2:p38
B:W22,28,30,32,33,34,35,37,38,39,43,45,48:B2,8,9,12,13,14,15,16,19,20,24,25,26	2-7	?	deel2:p38
B:W28,31,32,33,35,36,37,38,39,40,43,44,45,48:B3,4,6,7,8,9,10,13,14,15,16,19,25	13-18	!	deel2:p39
B:W22,28,29,32,33,34,35,36,37,38,39,40,43,44,45,49:B2,3,4,8,9,10,12,13,14,15,16,19,20,21,25,26	12-18	?	deel2:p40
W:WK2,27,28,34,35,40,43,44,45,48,49:B4,6,8,9,10,13,14,15,16,17,18,20,25	28-22	!	deel2:p41
B:W23,27,28,30,31,33,35,37,38,39,43,44,45,48:B1,2,4,8,9,11,12,13,14,16,19,20,24,26	13-18	?	deel2:p42
B:W23,25,27,28,30,32,35,37,38,39,40,41,42,45,46,48:B2,3,4,6,8,9,11,12,13,14,15,16,19,21,24,26	13-18	?	deel2:p42
W:W14,27,35,38,39,40,41,42,45,46,48:B2,3,6,8,9,11,12,15,16,17,18,21,28	39-33	!	deel2:p42
W:WK4,14,35,37,40,42,45,46,48:BK21,2,3,6,8,11,12,15,16,17	40-34	!	deel2:p43
B:W23,24,27,28,29,32,33,34,36,37,38,39,47,48,49:B2,4,6,8,9,11,12,13,14,15,16,18,21,25,26	15-20	!?	deel2:p43
W:W15,23,27,28,29,32,33,34,36,37,38,39,47,48,49:B2,4,6,8,9,11,12,14,16,18,19,21,25,26	15-10	!?	deel2:p43
B:W22,28,29,32,33,36,37,38,39,40,44,48,50:B3,4,6,7,8,9,12,13,16,19,21,25,35	21-27	!	deel2:p43
W:W27,28,31,32,33,35,36,37,38,39,40,45,48:B6,7,8,9,12,13,14,16,18,19,24,25,26	27-22	!	deel2:p44
W:W22,28,32,33,35,36,37,38,39,40,45,48:B6,7,8,9,13,14,16,18,19,24,25,26	32-27	!	deel2:p44
B:W23,24,27,28,29,32,33,34,35,37,39:B2,8,13,14,15,16,17,20,21,25,26	13-19	?	deel2:p44
W:W23,27,28,29,32,33,34,35,37,39:B2,14,15,16,17,19,20,21,25,26	35-30	!	deel2:p44
B:W22,25,27,28,32,33,35,37,38,39,43,46,49:B6,8,13,14,15,16,18,19,20,21,23,24,26	23-29	?	deel2:p44
B:W22,25,28,32,33,34,36,37,39,42,43,44,50:B3,4,6,7,9,11,13,14,16,19,23,26,30	16-21	?	deel2:p44
B:WK2,25,36,38,39,43,44,50:B3,4,6,9,13,14,16,21,30,34	30-35	!	deel2:p44
W:WK5,25,36,38,39,43,44,50:B3,4,6,9,16,21,35,40	5-23	!	deel2:p45
W:WK23,25,36,38,39,43,50:BK49,3,4,6,9,16,21,35	23-45	!	deel2:p45
W:W23,25,28,33,37,38,39,40,50:B3,7,9,13,14,15,20,24,26	38-32	!	deel2:p45
W:W23,25,28,31,33,35,37,38,39,50:B8,9,11,13,14,15,19,20,21,26	35-30	!!	deel2:p46
B:W22,28,32,33,34,36,37,38,39,40,43,45:B6,7,8,9,13,14,15,16,19,21,23,24	21-26	?	deel2:p46
B:W18,22,23,28,32,33,37,38,39,45,50:B2,6,7,9,14,16,19,21,24,25,26	2-8	?	deel2:p46
W:W22,28,32,33,34,35,36,37,38,39,42,43,45,48:B2,3,7,8,9,13,15,16,19,20,21,24,25,26	28-23	?	deel2:p46
W:W16,27,28,32,33,34,35,36,37,38,39:B7,12,13,14,18,19,23,24,25,26	28-22	?	deel2:p46
B:W22,27,28,32,35,36,37,38,40,42,44,48,49,50:B1,8,10,11,13,14,16,18,19,21,23,24,25,26	23-29	?	deel2:p47
B:W22,27,28,32,36,37,38,39,44,48:B3,4,7,8,16,19,21,24,25,26	8-13	?	deel2:p47
B:W22,28,30,32,33,35,36,37,38,39,40:B3,6,8,9,12,13,15,16,19,24,26	12-18	?	deel2:p47
B:W23,27,28,29,32,33,37,38,39,44,49:B2,6,9,11,12,14,16,18,19,20,30	20-25	?	deel2:p48
B:WK2,34,35,36,38,39,40,42,43,45,48,49:B3,5,6,8,9,12,13,14,15,16,21,24,25	25-30	!	deel2:p48
B:W11,23,28,31,32,33,37,38,39,45:B6,8,12,13,14,16,19,26,35	6x17	?	deel2:p50
B:W22,25,27,28,30,32,35,37,38,42,43,44,45,47,48:B3,6,8,9,10,11,12,13,14,15,16,19,20,24,26	12-18	?	deel2:p52
W:W35,36,38,39,40,42,43,45,46,48:B1,2,4,7,9,10,11,12,13,14,15,16,24,28,34	39x6	!	deel2:p52
W:W6,29,33,35,36,37,38,39,45,48:B1,2,4,10,16,18,20,22,23,28	37-32	!	deel2:p52
W:W6,12,33,35,36,45,48:B1,2,4,10,16,20,22,32	12-7	!	deel2:p52
B:W23,27,28,32,33,34,36,37,38,39,40:B8,9,11,13,14,15,16,19,21,25,26	11-17	?	deel2:p53
W:W23,27,28,32,33,34,35,36,37,38,39:B9,11,12,13,14,16,19,20,21,25,26	35-30	!	deel2:p53
W:W32,33,36,37,38:B8,9,12,14,16,19,25,26,29	33x4	!	deel2:p53
W:W23,27,28,32,33,34,35,36,37,38,39:B9,11,12,13,14,16,19,20,21,25,26	27-22	?	deel2:p53
B:W23,27,28,30,32,33,34,36,37,38,39:B9,11,12,13,14,16,19,20,21,25,26	20-24	?	deel2:p53
B:W23,27,28,30,32,33,34,36,37,38,39:B9,11,12,13,14,16,19,20,21,25,26	13-18	?	deel2:p53
B:W23,27,28,30,32,33,34,36,37,38,39:B9,11,12,13,14,16,19,20,21,25,26	12-18	?	deel2:p53
W:W27,28,29,31,32,33,34,35,37,39,40,43,45:B7,8,9,12,13,14,15,16,19,20,24,25,26	28-23	!	deel2:p53
B:W22,28,32,33,34,35,36,37,38,39,40,43,45,48,49:B1,3,4,6,8,9,12,13,14,15,16,19,24,25,26	1-7	?!	deel2:p53
W:WK2,36,38,39,43,45,48,49:B3,4,6,8,9,12,13,16,19,35	48-42	!	deel2:p53
B:WK2,36,38,39,42,43,45,49:B3,4,6,8,9,12,13,16,19,35	19-24	!	deel2:p53
B:W22,25,28,30,32,33,34,35,36,37,38,43,48:B3,6,8,9,10,13,14,16,19,21,24,26	8-12	?	deel2:p54
W:W23,27,28,30,32,33,36,37,38,40,44,45,50:B8,9,12,13,14,15,16,19,20,21,24,26,35	30-25	!	deel2:p54
B:W23,25,27,28,32,33,36,37,38,40,44,45,50:B8,9,12,13,14,15,16,19,20,21,24,26,35	13-18	?	deel2:p54
B:W23,25,28,31,32,33,37,38,40,44,45,50:B7,9,12,13,14,15,19,20,21,24,26,35	13-18	?	deel2:p54
W:W28,31,32,33,34,37,38,40,44,45,50:B7,8,9,13,14,15,19,20,21,24,26	31-27	?	deel2:p55
B:W27,28,32,33,34,37,38,40,44,45,50:B7,8,9,13,14,15,19,20,21,24,26	20-25	!	deel2:p55
B:W18,28,32,34,37,38,40,44,45,50:B9,13,14,15,26	13x31	!	deel2:p55
B:W22,23,28,32,33,35,37,38,40,45:B8,9,13,14,16,19,21,24,26,34	21-27	!	deel2:p55
B:W23,28,29,32,33,34,37,38,39,40,42,44,48:B1,3,7,9,12,13,14,15,19,25,26,30,35	1-6	?	deel2:p56
B:W28,29,31,33,35,37,39:B3,7,9,13,15,19,26	3-8	?	deel2:p56
W:W27,28,32,33,35,36,37,38,39,40,43,44,45,48:B3,4,6,7,8,9,10,13,14,15,16,19,21,25	27-22	!	deel2:p57
B:W22,28,29,32,33,36,37,38,39,40,44,48,50:B3,4,6,7,8,9,12,13,16,19,21,25,35	21-26	?	deel2:p58
B:W22,28,29,32,33,36,37,38,39,40,44,48,50:B3,4,6,7,8,9,12,13,16,19,21,25,35	12-18	?	deel2:p58
B:W22,28,29,32,33,36,37,38,39,40,44,48,50:B3,4,6,7,8,9,12,13,16,19,21,25,35	19-24	?	deel2:p58
W:W25,27,30,32,35,36,37,38,39,40,42,43,45,46,48:B3,5,6,7,8,11,12,13,14,16,18,19,23,28,29	40-34	?	deel2:p58
B:W17,25,27,30,31,32,35,37,38,44,45:B1,13,14,15,16,18,19,23,24,26,29	15-20	?	deel2:p59
W:W26,32,33,34,37,38,39,45,47,49:B1,12,13,14,18,19,22,23,25,28	49-44	?	deel2:p60
W:W27,30,31,32,36,37,42,45,47,49:B6,8,12,13,14,16,18,23,29,33	49-44	?	deel2:p60
B:W27,30,31,32,36,37,42,44,45,47:B6,8,12,13,14,16,18,23,29,33	14-20	!	deel2:p60
W:W25,26,27,28,32,36,37,38,39,40,42,43,44:B6,8,11,12,13,14,15,16,17,18,19,23,29	40-35	?	deel2:p61
W:W26,27,35,38,39,42,43:BK49,8,11,13,15,16,28	39-33	!	deel2:p61
W:W25,26,27,28,32,36,37,38,39,40,42,43,44:B6,8,11,12,13,14,15,16,17,18,19,23,29	39-33	?	deel2:p61
B:W25,26,27,28,32,33,36,37,38,40,42,43,44:B6,8,11,12,13,14,15,16,17,18,19,23,29	15-20	!	deel2:p61
W:W21,25,28,30,32,35,37,38,42,44,45,48:B3,4,7,8,11,12,13,14,19,23,24,29	28-22	?	deel2:p61
W:W16,25,30,31,32,35,37,39,42,43,45,48,50:B1,8,12,14,15,17,18,19,20,22,23,28,29	30-24	?	deel2:p62
W:W16,25,32,34,36,37,38,39,40:B7,12,14,17,18,19,23,28,29	40-35	?	deel2:p62
W:W25,30,32,35,36,37,38,39,47:B6,8,12,14,18,19,22,23,24	47-42	?	deel2:p62
W:W25,30,32,35,36,37,38,39,47:B6,8,12,14,18,19,22,23,24	39-33	!	deel2:p62
W:W25,30,31,35,36,38,47:B6,12,13,14,19,20,22	38-33	!	deel2:p62
B:W25,30,31,33,35,36,47:B6,12,13,14,19,20,22	22-28	!	deel2:p62
B:W25,27,28,30,32,35,37,38,40:B8,13,14,16,18,19,23,26,29	16-21	?	deel2:p62
W:W16,25,28,30,32,37,38,44:B12,13,14,18,19,26,29	28-23	?	deel2:p62
W:W16,25,28,30,32,37,38,44:B12,13,14,18,19,26,29	44-40	!	deel2:p63
W:W16,25,26,28,30,32,38,40:B13,14,17,18,19,29	26-21	!	deel2:p63
B:W21,22,25,27,32,35,38,39,42,44:B6,7,8,13,14,16,18,19,23,29	8-12	!	deel2:p63
W:W21,22,25,27,32,35,38,39,42,44:B6,7,12,13,14,16,18,19,23,29	22-17	!?	deel2:p63
W:W25,26,27,30,32,35,36,37,38,39,42,43,45,46,48,50:B1,3,4,6,8,9,12,13,14,15,16,17,18,19,23,29	50-44	?	deel2:p63
W:W26,27,30,35,36,37,38,39,42,43,45,46,48:BK49,1,3,4,6,8,9,12,13,15,16,17	26-21	!	deel2:p63
B:W16,27,30,35,36,37,38,39,43,45,46:BK49,1,3,4,6,9,12,13,18,20	6-11	!	deel2:p63
W:W25,26,27,30,31,32,36,40,44,45,48:B8,12,13,14,15,16,17,18,19,23,29	40-35	?	deel2:p63
W:W26,27,28,31,32,34,35,36,37,38,40,42,43,44,45,47,48:B1,3,4,6,7,8,9,11,12,13,14,16,17,18,19,23,29	34-30	?	deel2:p64
W:W25,27,30,31,32,36,37,38,40,42,43,44,45,47,48:B1,3,4,6,8,9,12,13,14,16,17,18,19,23,29,33	40-35	?	deel2:p64
W:W22,25,26,27,31,32,33,36,37,38,42,43,44,45,48:B3,6,8,9,11,12,13,14,15,16,18,20,23,24,29	43-39	?	deel2:p64
W:W25,26,27,32,33,36,38,39,43,44:B1,7,11,14,17,19,23,24,29,35	27-21	?	deel2:p64
B:W21,25,26,32,33,36,38,39,43,44:B1,7,11,14,17,19,23,24,29,35	23-28	!	deel2:p64
W:W25,26,27,30,31,32,36,37,38,39,40,41,42,43,44,45:B1,3,6,8,11,12,13,14,15,16,17,18,19,21,23,29	40-35	?	deel2:p64
W:W25,30,31,32,35,36,37,38,41,42,43,44,45:B3,6,7,8,12,13,14,15,16,18,19,23,29,33	43-39	?	deel2:p64
W:W25,26,30,32,35,36,37,39,41,42,45,47,48,50:B3,4,6,7,9,11,12,13,14,17,19,23,24,28	50-44	?	deel2:p65
B:W25,27,28,31,32,35,36,37,38,42,44,48:B3,6,12,13,14,16,18,19,20,23,24,26	23-29	!	deel2:p65
W:W30,36,42,48:BK21,3,6,12,13,16,24,28	30x26	!	deel2:p65
W:W16,25,32,35,37,38,39,40,42,47,50:B6,7,12,14,15,18,19,23,28,29,36	40-34	?	deel2:p66
W:W26,32,34,35,36,39,40,45,49:BK47,3,4,6,7,9	35-30	!	deel2:p67
B:W26,30,32,34,36,39,40,45,49:BK47,3,4,6,7,9	47-20	?	deel2:p67
W:W26,30,32,34,36,39,40,45,49:BK20,3,4,6,7,9	40-35	!	deel2:p67
W:W26,30,32,34,35,36,39,45,49:BK20,3,4,6,7,13	49-43	!	deel2:p67
B:W26,32,34,35,36,39,40,45,49:B3,4,6,7,9,42	42-48	?	deel2:p68
W:W26,32,34,35,36,39,40,45,49:BK48,3,4,6,7,9	35-30	!	deel2:p68
W:W25,26,27,35,36,38,39,42,50:B3,12,13,14,17,18,19,23,24	50-44	?	deel2:p68
W:W25,26,27,35,36,38,39,42,44:B3,12,13,14,17,18,19,23,29	38-32	?	deel2:p68
W:W25,26,27,30,31,32,36,37,38,39,40,43,44,45,48:B6,7,8,9,11,12,13,14,15,16,17,18,22,23,29	39-33	?	deel2:p68
W:W21,25,35,36,39,42,43,44,45:B1,12,13,14,18,19,22,23,29	35-30	?	deel2:p68
W:W16,25,32,33,35,36,38,39,42,44,48:B7,12,13,14,17,18,19,22,23,24,29	36-31	?	deel2:p68
W:W16,25,30,31,32,34,35,37,38,41,42,43:B1,3,12,13,14,17,18,19,23,26,28,29	43-39	?	deel2:p69
W:W10,16,25,26,30,38:BK46,1,3,12,17,19,23	25-20	!	deel2:p69
W:W25,28,30,31,32,33,35,36,37,38,39,42,43,44,45,48:B1,2,3,4,6,8,9,11,13,14,15,19,21,23,24,29	28-22	?	deel2:p69
B:W25,27,31,32,33,36,37,39,40,41,42:B3,11,12,13,14,16,18,23,24,26,28	16-21	!	deel2:p70
W:W25,26,31,32,36,38,39,40,49:B8,12,14,16,17,19,23,24,29	31-27	?	deel2:p70
B:WK4,25,36,49:BK50,16,19	19-24	?	deel2:p70
W:W25,27,30,31,32,35,36,37,38,39,42,43,44,47,48,49:B2,3,4,5,6,11,12,13,14,16,18,19,21,23,24,28	38-33	?	deel2:p70
W:W16,25,26,31,35,36,37,38,39,42,43,44,45,48:B3,6,7,8,12,13,14,15,17,18,20,22,24,28	38-32	?	deel2:p71
W:W25,27,28,30,31,32,35,37,38,41,42,44,47,48,49,50:B2,3,6,7,8,9,11,12,13,14,16,18,19,21,23,24	31-26	?	deel2:p71
B:W14,27,30,32,35,37,41,42,44,47,48,49,50:B2,3,6,7,8,9,12,13,16,18,19,23,33	19x10	!	deel2:p71
W:W25,27,30,32,35,37,38,41,42,44,47,48,49,50:B2,3,6,7,8,9,12,13,14,16,18,19,23,29,33	49-43	?	deel2:p72
W:W16,30,31,32,35,36,37,38,40,42,43,44,45,46,47,48,49:B1,2,3,4,6,7,8,9,12,13,14,17,18,19,23,24,28	30-25	?	deel2:p73
W:W25,27,32,34,36,37,38,39,42,45,48:B3,6,8,11,12,13,14,18,23,28,30	39-33	?	deel2:p73
W:W25,27,30,31,32,35,36,37,38,39,45,49:B3,7,8,11,12,13,14,15,19,23,24,28	49-44	?	deel2:p73
W:W25,30,32,35,36,37,39,41,42,43,44,45:B3,6,9,11,12,13,14,15,16,20,23,28	36-31	?	deel2:p74
W:W16,25,27,30,35,38,41,42,43,44:B4,6,7,12,13,14,19,23,24,29	38-32	?	deel2:p74
B:W8,16,35:BK46,4,6,7,23	4-9	!	deel2:p74
W:W25,30,31,32,35,36,38,42,43,44:B4,6,8,12,13,14,18,20,22,23	43-39	?	deel2:p74
W:W25,26,27,32,35,36,39,41,43,48,49:B4,6,8,12,14,16,17,18,19,23,24,29	43-38	?	deel2:p74
W:W25,27,30,31,32,35,36,37,38,39,40,42,46:B2,6,11,12,13,14,16,18,19,21,23,26,28	38-33	?	deel2:p74
W:W22,28,32,37,38:B6,7,8,9,11,17,25,39	28-23	!	deel2:p82
W:W24,25,27,28,31,32,34,36,37,38,39,46:B7,9,11,12,13,14,15,16,17,18,21,26	27-22	!	deel2:p90
W:W25,27,28,31,32,33,34,36,37,38,46:B7,9,11,12,13,16,17,18,19,21,24,26	34-29	?	deel2:p91
B:W22,28,29,32,34,36,37,38,39,42,43,45,47,48,49,50:B1,3,4,6,7,8,9,10,11,12,13,14,17,21,25,30	14-20	?	deel2:p92
B:W22,23,26,28,32,33,37,38,39,42,46,48,50:B6,7,11,12,13,14,15,16,17,19,21,25,30	14-20	?	deel2:p92
B:W12,23,27,31,32,34,35,36,37,39:B9,11,15,16,21,22,24,25,26,30	24-29	!	deel2:p93
B:W18,23,27,31,32,34,35,36,37,39:B9,11,15,16,17,21,24,25,26,30	15-20	?	deel2:p93
W:W26,27,28,29,32,33,34,36,37,38,39,42,44:B6,7,8,11,12,13,16,17,20,21,25,30,35	27-22	!	deel2:p94
B:W22,23,27,28,31,32,33,35,36,37,38,39,40,41,42:B2,6,7,8,11,12,13,14,15,16,17,19,24,25,30	14-20	?	deel2:p94
B:W22,23,27,28,31,32,33,35,36,37,38,39,40,41,42:B2,6,7,8,11,12,13,14,15,16,17,19,24,25,30	13-18	!	deel2:p94
B:W22,27,28,32,33,37,39,41,45:B3,11,13,16,17,21,24,26,30	3-9	!	deel2:p95
W:W22,27,28,32,33,37,39,41,45:B9,11,13,16,17,21,24,26,30	28-23	?	deel2:p95
W:W27,32,33,37,39,40,41:B4,11,16,17,21,26,30	41-36	!	deel2:p95
B:W22,27,28,29,32,33,34,36,37,38,39,41,42,43,44,48:B2,3,4,6,7,8,11,12,13,15,17,20,25,26,30,35	12-18	?	deel2:p96
B:W23,28,29,32,34,37,38,39,43,48:B8,10,11,15,16,17,20,21,25,30	8-13	?	deel2:p97
W:WK6,29,37,38,43,48:B13,15,16,20,21,40	37-31	?	deel2:p97
W:WK6,29,31,38,43,48:B13,15,16,20,21,45	29-23	?	deel2:p97
B:W18,22,28,29,32,33,35,36,37,38,39,40,41,45,46,47,48:B2,3,4,6,7,9,11,13,14,16,17,19,21,24,25,26	24-30	?	deel2:p97
B:W18,22,28,29,32,33,35,36,37,38,39,40,41,45,46,47,48:B2,3,4,6,7,9,11,13,14,16,17,19,21,24,25,26	14-20	?	deel2:p97
W:W16,21,33,34,37,38,39,44,45:B6,7,11,13,15,24,25,30,35	38-32	!	deel2:p98
B:W22,28,29,32,33,36,37,39,42,43,45,47,48,49:B1,3,6,8,9,10,11,12,13,14,17,25,26,30	14-20	?	deel2:p99
B:W11,28,29,31,32,34,36,37,38,39,42,48,50:B1,2,3,7,10,12,15,16,20,21,25,26,30	1-6	?	deel2:p99
W:WK32,17,42,48,50:B7,15,16,25,39,45	32-28	?	deel2:p99
W:W16,21,26,30,31,35,36,38,40,42,45:B2,7,12,13,14,17,18,19,22,24,28	40-34	?	deel2:p100
W:W30,34,36,37,38,39,40,42,43,44,45,47,48,49:B1,3,4,8,9,11,13,14,15,18,19,22,23,29	39-33	?	deel2:p100
W:W16,21,25,26,31,34,35,36,40,45,47,48:B1,7,12,13,14,17,19,20,22,23,24,29	47-41	?	deel2:p101
B:W21,25,26,28,30,32,35,38,43:B9,11,12,14,17,18,19,23,29	9-13	?	deel2:p102
W:W21,25,26,34,35,36,37,38,39,40,41,42,43,45,48,49:B2,3,6,8,9,10,12,13,14,18,19,20,22,23,24,28	37-31	?	deel2:p102
W:W16,21,26,27,34,35,38,39,40,43,45,47,48:B6,7,9,12,13,14,15,17,18,19,20,23,29	47-41	?	deel2:p102
W:W16,21,25,26,30,31,33,34,35,36,38,40,45,48,49:B2,3,7,9,12,14,15,17,18,19,20,22,23,24,29	48-42	?	deel2:p103
W:W16,25,27,30,31,34,35,42,45:B6,12,14,18,19,20,23,28,29	27-21	?	deel2:p103
W:W21,26,30,31,35,36,38,39,41,42,43,45,48:B2,3,6,8,9,11,12,13,14,18,19,23,28,40	45x34	?	deel2:p103
W:W16,32,33,34,35,37,38,41,42,45,47,48,49:B2,3,4,7,12,14,15,17,18,19,22,25,26	48-43	?	deel2:p103
W:W26,31,35,36,37,38,41,43,44,49,50:B3,4,7,10,11,12,13,17,22,23,27	37-32	?	deel2:p135
W:W25,26,31,36,37,38,39,41,42,44,47,48:B2,3,6,11,12,14,17,19,21,22,23,27	37-32	?	deel2:p135
W:W25,26,30,31,35,36,37,38,41,43,48,49:B2,3,4,7,11,12,14,15,17,22,23,27	37-32	?	deel2:p135
W:W24,26,29,31,34,36,40,41,42,48:B10,11,12,13,17,18,22,25,27,28	48-43	?	deel2:p135
W:W25,26,31,35,36,37,38,39,40,41,42,43,48,49:B2,4,6,7,8,9,11,12,14,17,18,22,23,27	37-32	?	deel2:p135
W:W28,30,32,33,35,36,37,40,41,42,43,44,45,47,48,49:B1,2,3,4,5,8,9,11,12,13,14,17,19,20,22,23	42-38	?	deel2:p135
W:W25,26,31,35,36,37,38,41,43,49:B11,12,14,17,18,19,22,23,24,27	37-32	?	deel2:p135
W:W26,31,33,34,35,36,38,39,40,41,42,43,45:B2,9,11,12,13,15,17,18,19,20,22,25,27,32	34-30	?	deel2:p136
B:W26,30,31,33,35,36,38,40,41,42,43,45:B2,9,11,12,13,15,17,18,19,20,22,27,32	17-21	!	deel2:p136
W:W30,35,36,37,38,40,41,42,45:BK48,2,9,11,13,15,18,19,20	30-25	!	deel2:p136
B:W25,35,36,37,38,40,41,42,45:BK48,2,9,11,13,15,18,19,20	48-43	!	deel2:p136
W:W25,26,30,35,36,38,43,48,49:BK46,2,3,4,7,11,15	30-24	!	deel2:p137
W:W26,31,35,36,37,38,39,40,41,42,43,48,49:B3,5,6,11,12,13,14,16,17,19,22,23,27	37-32	?	deel2:p137
B:W23,26,28,29,33,34,35,36,37,38,40,44,48:B2,6,8,9,10,12,15,16,17,20,22,24,27	2-7	?	deel2:p137
W:W34,36,37,40,44,48:B6,7,8,9,10,15,16,18,21,26,29,35	34x5	!	deel2:p137
B:W24,26,28,29,31,33,34,36,38,39,40,42,43,45,48,49:B2,4,6,7,8,9,10,12,13,14,15,17,18,22,25,27	14-20	?	deel2:p137
W:W34,36,39,40,43,45,48,49:B2,4,6,7,8,9,10,13,15,18,21,25,29	34x5	!	deel2:p137
B:W24,28,29,33,34,36,38,39,40,41,45:B2,4,8,10,13,14,15,16,20,25,27	14-19	?	deel2:p138
B:W24,28,29,32,34,35,37,39,40,44,45:B3,9,10,12,13,14,15,18,20,21,25	14-19	?	deel2:p138
B:W19,23,24,29,34,36,37,39,40,44:B3,8,10,13,15,17,20,25,26,27	3-9	?	deel2:p138
B:WK5,28,37,39,40,43,46,47,49:B2,3,6,8,12,13,15,16,21,25,26	12-18	!	deel2:p139
B:W24,26,29,30,31,33,34,35,36,37,39,40,45:B8,9,10,12,13,14,15,17,19,22,25,27,28	14-20	?	deel2:p139
W:W24,26,29,30,31,33,34,35,36,37,39,40,45:B8,9,10,12,13,15,17,19,20,22,25,27,28	29-23	!	deel2:p139
B:W24,28,29,34,35,36,37,38,39,40,45,49:B2,4,8,10,13,14,15,16,20,21,25,26	14-19	?	deel2:p139
B:W24,28,29,32,34,35,36,37,39,40,44,45,47,49:B2,3,4,8,9,10,12,13,14,15,16,20,25,26	14-19	?	deel2:p140
W:WK41,35,36,40,44,45,47,49:B2,3,4,8,9,15,16,17,18,25	47-42	!	deel2:p141
B:W24,28,29,34,37,38,39,40,44,45,47,49:B1,2,3,4,8,10,11,13,14,15,20,25	14-19	?	deel2:p141
B:WK5,37,40,44,45,47,49:B1,2,3,4,8,11,13,15,25	13-18	!	deel2:p141
B:W24,28,29,33,34,36,37,39,40,41,45,46:B8,9,10,12,13,15,16,18,20,21,25,26	12-17	?	deel2:p141
B:W24,29,33,34,36,37,38,39,40,41,44,45,46:B1,2,4,7,9,10,15,16,20,22,25,27,28	2-8	?	deel2:p141
B:W23,24,29,33,34,36,37,38,39,40:B4,8,9,13,15,17,20,25,26,27	4-10	?	deel2:p141
B:W24,26,28,29,31,33,36,38,39,40,41,43,45,48,49,50:B2,3,4,7,8,9,10,12,13,14,15,17,20,22,25,27	14-19	?	deel2:p142
B:W22,24,29,33,34,36,38,39,41,43,44,45,48,49:B1,2,4,8,9,10,11,12,13,15,20,21,25	12-18	?	deel2:p142
B:W23,24,29,32,34,35,36,37,38,39,40,41,45:B2,9,10,12,13,15,16,17,20,21,25,26,27	12-18	?	deel2:p142
B:W24,28,29,34,38,39,40,41,44,47,48,49:B2,3,6,8,10,13,14,15,16,20,25,26	14-19	?	deel2:p143
W:W24,26,31,36,37,38,39,40,42,43,46,47,49,50:B2,3,6,7,8,10,11,12,13,15,17,18,22,27	37-32	!	deel2:p143
B:W24,26,31,32,36,38,39,40,42,43,46,47,49,50:B2,3,6,7,8,10,11,12,13,15,17,18,22,27	22-28	?	deel2:p143
W:W26,33,36,38,39,40,43,46,47,49,50:BK48,2,3,6,7,8,10,11,12,15	46-41	!	deel2:p143
W:W16,23,26,30,34,37,39,41,43,45:B4,7,11,12,13,14,17,20,22,25	41-36	?	deel2:p144
B:W16,23,26,30,34,36,37,39,43,45:B4,7,11,12,13,14,17,20,22,25	4-9	!	deel2:p144
B:W16,24,26,29,31,34,36,43,45:B7,11,12,13,14,17,20,22,25,28	13-19	!	deel2:p144
B:W15,16,26,29,31,34,36,43,45:B7,11,12,14,17,19,22,25,28	22-27	!	deel2:p144
B:W16,22,26,29,33,34,36,43,45:B7,11,17,25	17x48	!	deel2:p144
W:W16,23,26,30,34,37,39,41,43,45:B4,7,11,12,13,14,17,20,22,25	23-18	!	deel2:p144
W:W16,30,37,41,45:B4,7,11,13,14,20,22,25,26,32	37x6	!	deel2:p144
W:W24,26,36,37,38,40,43,45,47,49:B2,4,10,11,12,13,14,17,22,27	37-31	?	deel2:p145
W:W26,31,38,40,45,47,49:BK43,2,4,10,11,14	31-27	!	deel2:p145
W:W26,31,33,40,45,47,49:BK32,2,4,10,11,14	26-21	!	deel2:p145
B:W24,26,27,31,36,37,38,40,41,42,43,45,49:B4,6,7,9,11,12,14,15,16,17,18,22,28	14-19	?	deel2:p145
W:W24,26,31,34,35,36,38,39,43,44,47:B3,4,11,12,13,17,22,23,25,27,28	34-29	?	deel2:p146
B:W22,26,29,30,33,35,36,43,47:B3,4,11,17	17x48	!	deel2:p146
B:W26,30,31,32,33,35,36,37,38,42,43,44:B2,4,11,12,13,16,17,18,21,22,23,27	23-28	?	deel2:p146
W:W25,26,31,32,35,36,37,38,39,42,43,44,47,49,50:B2,3,4,6,11,12,14,15,17,18,19,21,22,23,27	39-34	?	deel2:p146
W:W24,26,30,31,33,35,36,38,39,41,49:B10,11,12,13,15,17,19,22,23,27,28	39-34	?	deel2:p146
W:W24,31,36,38,39,41,43,46,49:B7,11,12,13,15,17,22,27,28	39-34	?	deel2:p148
B:W26,31,32,33,34,35,36,37,38,39,41,43:B6,9,11,14,17,19,21,22,23,24,25,27	25-30	!	deel2:p148
W:W24,25,30,36,37,38,41,43:B3,11,12,13,14,18,27,28	37-31	?	deel2:p148
W:W24,26,31,34,36,37,38,43,47,49,50:B3,7,10,11,12,14,15,17,22,23,27	24-19	?	deel2:p148
B:W13,26,31,34,36,37,38,43,47,49,50:B3,7,10,11,12,14,15,17,22,27,28	28-33	!	deel2:p148
W:W15,26,30,33,36,37,38,40,49:B4,11,12,13,14,17,22,23,27	40-34	?	deel2:p148
B:W15,26,30,33,34,36,37,38,49:B4,11,12,13,14,17,22,23,27	23-28	!	deel2:p148
W:W24,25,26,30,31,35,36,37,38,39,41,42,43,44,45,47,49:B2,4,6,7,8,9,10,12,13,14,15,16,17,22,23,27,28	39-34	?	deel2:p149
W:W23,24,28,29,33,34,36,37,38,39,40:B2,3,4,13,15,17,20,21,25,26,27	23-19	!	deel2:p149
B:W19,24,28,29,33,34,36,37,38,39,40:B2,3,4,13,15,17,20,21,25,26,27	3-8	?	deel2:p149
B:WK35,36,40:B2,4,15	4-9	!	deel2:p149
W:WK5,35,36,37:B2,15,18,24,26,34	5-28	!	deel2:p149
W:W7,31,33,34,39,40:B4,9,15,20,22,25,32	7-2	!	deel2:p150
B:W24,26,28,29,30,32,34,36,37,39,40,45,49:B4,7,8,12,13,14,15,16,17,18,19,20,25	17-22	?	deel2:p150
W:W24,26,27,28,29,30,32,34,36,38,40,45:B7,8,13,14,15,16,17,18,19,20,21,25	27-22	!	deel2:p150
W:WK3,26,30,34,36,40,45:B7,13,14,15,16,17,25,29,37,43	3x46	!	deel2:p151
B:W23,24,29,33,34,36,37,38,39,40:B3,10,13,15,17,20,21,25,26,27	3-8	?	deel2:p151
B:W24,26,28,29,30,31,33,34,36,38,39,40,42,43,44,45,49:B2,3,4,6,8,10,11,12,13,14,15,17,18,20,22,25,27	3-9	?	deel2:p152
W:W24,26,28,29,30,31,33,34,36,38,39,40,42,43,44,45,49:B2,4,6,8,9,10,11,12,13,14,15,17,18,20,22,25,27	42-37	!	deel2:p152
W:WK3,36,39,40,43,44,45,49:B2,4,6,9,10,13,14,15,16,21,34,37	3x48	!	deel2:p152
W:W24,26,28,29,30,31,33,34,36,38,39,40,42,43,44,45,49:B2,3,4,6,8,10,11,12,13,14,15,17,18,20,22,25,27	28-23	?	deel2:p152
B:W23,24,26,29,30,31,33,34,36,38,39,40,42,43,44,45,49:B2,3,4,6,8,10,11,12,13,14,15,17,18,20,22,25,27	27-32	!	deel2:p152
W:W24,29,30,34,36,37,38,39,40:B9,12,13,15,19,20,25,26,27	29-23	?	deel2:p152
B:W23,24,29,30,32,34,37,38,40,45,47:B2,3,13,14,15,17,18,20,21,25,36	14-19	?	deel2:p152
B:W23,24,29,30,32,34,37,38,40,45,47:B2,3,13,14,15,17,18,20,21,25,36	17-22	!	deel2:p153
B:W23,24,28,29,32,34,35,36,38,40:B4,12,15,16,18,20,21,25,26,27	12-17	?	deel2:p153
B:W24,28,29,32,34,37,39,40,47,49:B2,9,11,15,17,18,20,21,25,36	9-13	?	deel2:p153
W:WK4,K26,35,47:BK49,18,28,36	4x44	!	deel2:p153
B:W24,28,29,33,34,35,36,37,39,40,48:B2,4,5,6,8,12,15,18,20,25,26	12-17	?	deel2:p154
B:W23,24,29,33,34,35,36,37,39,40,41,42,47:B2,4,7,8,9,13,14,15,16,20,21,25,27	21-26	?	deel2:p155
W:W24,28,29,33,34,35,37,38,40:B2,8,13,15,17,20,21,25,27	29-23	?	deel2:p155
B:W23,24,28,29,34,37,38,40,47,48:B9,11,13,14,15,17,20,21,26,27	11-16	?	deel2:p155
W:W23,24,28,29,34,37,38,40,47,48:B9,11,13,14,15,17,21,25,26,27	38-32	!	deel2:p155
W:W24,29,33,34,35,36,37,38,39,40:B2,4,8,11,13,15,20,25,26,27	29-23	?	deel2:p156
B:WK3,36,37,40,44,45:B2,4,6,15,16,22,25,26	15-20	!	deel2:p156
B:W24,28,29,34,36,37,38,39,40,44,46,47:B1,2,4,8,13,14,15,16,20,25,26,27	14-19	?	deel2:p156
W:W23,25,26,31,33,35,36,38,39,42,43,44,45,46,47:B5,6,7,8,9,10,11,12,13,14,17,21,22,24,27	33-29	?	deel2:p156
W:W23,25,26,29,31,35,36,39,42,43,44,45,46,47:B5,6,7,8,9,10,11,12,14,17,19,21,22,27	25-20	!	deel2:p156
B:WK4,26,29,31,35,36,39,42,43,44,45,46,47:B5,6,7,8,11,12,13,14,17,21,22,27,28	28-32	!	deel2:p156
W:W23,24,26,29,31,32,34,35,36,37,38,39,43,44,46,48:B2,4,6,7,8,11,12,13,14,15,17,18,21,22,25,27	34-30	?	deel2:p156
W:W24,26,30,31,36,38,46,49:B11,13,14,17,18,22,27,28	49-44	?	deel2:p157
W:W24,26,31,34,35,36,37,38,39,40,41,43,44,45,47,48,49:B2,4,6,7,8,9,10,11,12,13,15,17,18,21,22,25,28	34-30	?	deel2:p157
W:W26,29,31,33,35,36,37,38,42,44,45,48:B7,11,12,13,15,17,18,19,20,22,25,27	29-24	?	deel2:p158
W:W26,29,31,33,35,36,37,38,42,44,45,48:B7,11,12,13,15,17,18,19,20,22,25,27	37-32	?	deel2:p158
W:W26,31,33,34,35,36,37,38,39,41,42,43,46,48:B2,6,11,12,14,15,16,17,18,19,22,25,27,28	34-29	?	deel2:p158
W:W24,25,26,30,31,34,36,38,41,48,49:B3,7,11,13,14,15,17,18,22,27,28	49-44	?	deel2:p158
W:W24,26,30,35,36,37,38,40,41,42,43,44,45,46,47,48,49:B2,3,4,5,6,7,8,10,11,12,13,15,17,18,22,23,27	37-31	?	deel2:p159
W:W24,25,26,29,30,31,36,41,46,48,49:B3,6,11,13,14,17,18,21,22,27,38	49-44	?	deel2:p159
B:W25,29,30,32,36,41,46:BK50,3,6,14,22	50-39	?	deel2:p159
B:W24,25,29,32,36,41,46:BK39,3,6,14,22	39-44	?	deel2:p159
W:W26,29,30,31,33,34,35,36,37,38,39,42,43,44,45,47,48,49:B2,3,5,6,7,8,9,11,12,13,15,17,18,20,22,23,25,27	30-24	?	deel2:p160
W:W26,30,35,36,37,38,42,43,45,47,48,49:BK50,2,3,5,6,7,8,11,12,15	37-31	!	deel2:p160
W:W25,29,30,36,38,39,40,41,42,43,44,48:B2,3,4,8,11,12,13,14,18,22,26,27	29-23	?	deel2:p160
B:W25,30,31,36,38,39,40,43,44,48:B2,3,4,8,11,13,14,18,22,27,29	8-12	!	deel2:p160
W:W25,30,31,36,38,39,40,43,44,48:B2,3,4,11,12,13,14,18,22,27,29	39-33	?	deel2:p160
B:W25,26,30,36,38,39,40,43,44,48:B2,3,4,11,12,13,14,18,22,27,29	22-28	!	deel2:p160
B:W25,26,30,36,37,38,40,44:B2,3,4,11,12,13,14,27,29	11-17	!	deel2:p160
W:W25,26,30,36,37,38,39,40:B2,3,4,12,14,17,18,27,29	37-32	?	deel2:p160
W:W25,26,30,36,37,38,39,40:B2,3,4,12,14,17,18,27,29	37-31	?	deel2:p160
W:W24,26,31,34,35,36,37,38,39,41,43,44,46,48,49:B2,4,6,7,8,10,11,12,13,15,17,18,22,23,27	34-29	?	deel2:p160
W:W25,26,29,31,35,36,37,38,42,47,49:B6,7,12,13,14,15,17,18,22,27,28	49-44	?	deel2:p161
W:W24,26,27,31,34,35,36,37,38,40,43,45,48,49:B2,4,6,7,11,12,13,15,16,17,18,22,25,28	49-44	?!	deel2:p161
B:W16,26,31,34,35,36,38,40,43,45,48:BK50,2,4,6,7,11,12,15,25	25-30	!	deel2:p162
W:W24,26,30,31,36,38,40,43,44,45,46,47,48,49:B2,3,4,5,6,7,8,11,13,15,17,18,22,27	40-35	?	deel2:p166
W:W24,26,31,36,37,38,39,40,42,43,44,45,47,48,49:B2,3,6,7,8,10,11,12,13,14,15,17,18,21,28,34	39x30	?	deel2:p166
B:W25,26,31,36,38,40,42,43,45,47,48,49:BK50,2,3,6,7,8,10,11,12,14,20	11-17	?	deel2:p166
W:W25,26,31,36,38,40,42,43,45,47,48,49:BK50,2,3,6,7,8,10,12,14,17,20	40-34	!	deel2:p166
W:W25,26,31,34,36,38,42,43,45,47,48,49:BK50,2,3,6,7,8,10,14,17,18,20	38-32	!	deel2:p166
W:W26,30,31,34,36,37,38,39,40,41,44,45,46,48:B2,3,4,7,8,10,11,12,15,17,22,23,27,29	39-33	?	deel2:p167
B:W26,30,31,33,34,36,37,38,40,41,44,45,46,48:B2,3,4,7,8,10,11,12,15,17,22,23,27,29	8-13	!	deel2:p167
B:W23,26,27,30,36,38,40,41,45,46,48:BK17,2,3,4,7,10,11,15	17-8	?	deel2:p168
B:W19,26,27,30,36,38,40,41,45,46,48:BK12,2,3,4,7,10,11,15	12-29	?	deel2:p168
W:W24,26,30,31,34,36,38,40,41,42,47,48,50:B1,2,3,8,11,12,13,15,17,18,22,27,28	50-44	?	deel2:p168
W:W25,30,31,36,37,38,44,47:B11,12,13,14,15,17,22,27	30-24	?	deel2:p168
W:W26,30,31,33,36,39,44,46,48:B4,11,12,14,17,19,22,23,27	39-34	?	deel2:p168
W:W23,26,29,30,31,36,42,43,44:B6,9,11,12,13,17,18,22,27	42-38	!	deel2:p169
B:W23,24,26,29,31,36,38,43,44:B6,11,12,13,14,17,18,22,27	13-19	?	deel2:p169
B:W23,24,26,29,31,36,38,43,44:B6,11,12,13,14,17,18,22,27	11-16	?	deel2:p169
B:W24,26,31,35,38,39,42,49:BK5,6,8,11,12,13,15	5-37	?	deel2:p171
W:W24,26,31,35,38,39,42,49:BK37,6,8,11,12,13,15	49-43	!	deel2:p171
W:W24,26,31,35,38,39,43:BK48,6,8,11,12,13,15	35-30	!	deel2:p171
W:W24,25,26,30,31,34,35,36,38,43,44:B9,11,13,15,17,18,19,22,23,27,28	25-20	?	deel2:p171
W:W26,28,31,33,34,36,38,39,40,42,43,47,49:B2,3,4,6,11,12,17,18,19,22,24,25,27	40-35	?	deel2:p172
B:W26,31,34,35,36,37,38,42,43,44,47:B2,3,4,6,11,12,17,19,22,25,27	25-30	!	deel2:p172
W:W24,26,30,35,36,37,38,40,41,42,43,44,45,46,47,48,49:B2,3,4,5,6,7,8,10,11,12,13,15,17,18,22,23,27	37-32	?	deel2:p174
W:W24,26,30,31,34,35,36,38,48,50:B4,5,11,12,13,14,17,22,27,28	50-44	?	deel2:p174
W:W26,31,33,35,36,37,38,40,43,44,45,47,48:B1,4,10,11,12,13,15,17,18,20,22,25,27	47-42	?	deel2:p175
W:W24,25,26,31,36,38,43,48,50:B4,7,9,11,14,17,18,22,27	50-44	?	deel2:p175
W:W24,31,34,35,36,37,38,39,40,42,43,44,45,47,48,49:B1,2,4,5,7,8,11,12,13,15,17,18,20,22,23,27	39-33	?	deel2:p175
W:W30,31,33,35,36,37,38,42,43,44,47,48,49:B3,4,5,6,7,11,12,15,17,19,22,23,27	30-25	?	deel2:p176
W:W23,25,26,36,46:BK22,14,16	46-41	?	deel2:p177
W:W18,46:BK37,16,25	18-13	!	deel2:p177
W:W24,26,30,36,37,38,41,43,44:B2,4,11,12,13,17,22,27,28	37-31	?	deel2:p177
B:W23,24,32,35,36,37,38,39,40,45:B3,7,10,13,14,15,16,21,26,27	14-20	?	deel2:p179
B:W24,26,27,28,29,34,37,39,40:B1,3,4,13,15,16,17,20,25	1-7	?	deel2:p179
B:W25,29,30,34,36,37,39,40,44,49:B4,5,7,10,12,14,20,26,27	12-17	?	deel2:p179
B:W24,28,29,33,34,36,37,38,39,40,48:B2,3,8,13,15,16,18,20,21,25,26	2-7	?	deel2:p179
B:W24,29,31,33,34,36,37,38,39,40,43,45,46,47,49:B2,4,6,7,8,10,11,13,15,18,20,21,22,25,28	22-27	?	deel2:p182
W:W24,29,30,34,37,39,40,42,45,47,49:B3,5,7,8,9,13,15,20,21,25,36	29-23	?	deel2:p182
W:W23,24,29,30,33,34,37,39,40,41,42,45,47,48,49:B3,4,6,7,8,9,11,12,13,14,15,16,20,25,26,27	41-36	!	deel2:p183
B:W18,24,29,33,36,37,38,39,40,45,48:B3,4,7,9,13,15,20,21,22,25,26	22-27	?	deel2:p183
B:W24,26,28,29,33,34,36,38,39,40,47:B2,4,6,13,15,16,17,20,21,25,27	2-7	?	deel2:p183
B:W23,24,29,32,33,34,36,37,38,39,40,49:B3,4,8,11,13,15,16,20,21,22,25,26	11-17	?	deel2:p184
B:W24,26,28,29,31,33,34,36,38,39,40,45,49:B2,7,8,11,12,13,14,15,16,17,20,25,27	12-18	?	deel2:p184
B:W24,27,29,30,33,34,38,39,40,45,49:B5,7,8,10,12,13,14,15,18,20,25	12-17	?	deel2:p184
W:W30,34,39,40,45,49:B5,7,8,10,13,14,15,17,18,25,29	34x1	?	deel2:p184
B:W33,34,40:B5,19,20,22	19-23	?	deel2:p185
B:W23,24,29,33,34,36,37,38,40:B3,7,9,13,14,15,21,26,27	14-19	?	deel2:p185
B:W23,24,29,33,34,36,37,38,40:B3,7,9,13,14,15,21,26,27	14-20	?	deel2:p185
B:W23,24,29,33,34,35,36,37,39,40,41,42,47:B2,4,7,8,9,13,14,15,16,20,21,25,27	7-11	?	deel2:p185
B:W24,26,28,29,31,32,34,36,39,40,44,45:B3,5,7,8,12,13,15,16,17,18,20,25	17-21	?	deel2:p186
W:WK12,26,35,40,45:B5,13,15,24,25,38	12-34	!	deel2:p186
B:WK34,26,35,40,45:B5,13,15,24,25,38	38-42	!	deel2:p186
B:W22,24,29,34,36,38,39,40,41,43,45,46,47,49:B2,5,7,8,10,11,12,13,14,15,16,20,25	12-18	?	deel2:p187
B:WK34,32,35,36,39,40,42,47:B2,4,8,13,15,16,20,22,25,26	22-27	!	deel2:p187
W:WK1,35,36,37,39,40,42,47:B2,4,8,9,15,16,20,22,25,26	1-6	?	deel2:p187
B:W17,24,29,34,35,37,39,40,41,44,49:B2,5,8,9,10,13,15,16,20,25,27	9-14	?	deel2:p188
B:W24,29,32,33,36,37,38,39,40,42,43,45,47,49:B2,3,7,8,11,13,15,16,17,20,21,25,26,27	17-22	?	deel2:p188
B:WK4,29,36,40,45,47:B2,3,8,15,16,25,26	16-21	!	deel2:p188
B:WK22,29,40,45,47:B2,3,8,15,21,25,37	3-9	!	deel2:p188
B:WK9,36,39,40,42,43,45,47,49:B2,3,8,15,21,25,26	3x14	!	deel2:p188
B:W23,24,29,34,36,37,38,39,40,45,46,49:B1,2,4,8,9,13,14,15,20,25,26,27	1-7	?	deel2:p189
B:W23,24,29,33,34,36,37,38,39,40,43,44,45,47,48,49:B2,3,6,7,8,9,10,11,12,13,15,16,20,21,25,27	12-17	?	deel2:p191
B:W24,28,29,34,36,37,38,40,45:B2,3,13,15,17,20,25,26,27	2-7	?	deel2:p192
B:W24,28,29,32,34,36,38,40,45:B3,7,13,15,17,20,25,26,27	17-21	?	deel2:p192
W:W22,27,28,31,35,36,37,38,43:B7,12,13,16,19,24,25,26,34	28-23	?	deel2:p203
B:WK2,35,36,37,38,43:B12,13,24,25,26,34	26-31	!	deel2:p203
B:W23,27,28,31,32,33,36,37,38,39,40,45,48,49:B1,3,7,8,9,10,12,13,14,15,16,19,20,26	20-24	?	deel2:p203
B:W22,27,28,31,32,34,35,36,37,38,41,42,44,45,49:B1,3,6,7,8,12,13,15,16,18,19,20,23,24,26	20-25	?	deel2:p203
B:W15,27,28,31,32,36,37,38,39,40,44,45,47:B4,6,7,8,9,12,14,16,19,25,26,29,35	9-13	?	deel2:p203
W:W15,23,27,28,31,32,36,37,38,40,44,45,47:B4,7,8,11,12,14,16,18,19,25,26,35	28-22	!	deel2:p203
B:W15,27,28,31,32,34,36,37,38,40,44,45,47:B4,6,7,8,12,13,14,16,19,25,26,29,35	13-18	?	deel2:p203
B:W15,27,28,31,32,34,36,37,38,40,44,45,47:B4,6,7,8,12,13,14,16,19,25,26,29,35	19-24	?	deel2:p203
W:WK3,27,32,36,40,44,45:B11,13,16,19,25,26,30,35	27-22	?	deel2:p203
W:W15,23,27,28,31,32,36,37,38,40,44,45,47:B4,7,9,11,12,14,16,18,19,25,26,35	15-10	!	deel2:p203
B:W10,23,27,28,31,32,36,37,38,40,44,45,47:B4,7,8,11,12,14,16,18,19,25,26,35	18x29	!	deel2:p204
B:W23,27,28,31,32,33,35,36,37,38,39,45:B8,9,12,13,14,16,19,24,25,26,30	13-18	?	deel2:p204
W:W25,28,32,33,35,36,38,39,40,43,44,45,48:B3,9,13,14,15,16,17,19,20,21,23,24,29	36-31	?	deel2:p204
W:W25,28,32,33,35,36,38,39,40,43,44,45,48:B3,9,13,14,15,16,17,19,20,21,23,24,29	48-42	!	deel2:p205
W:W22,25,32,33,35,36,37,38,39,40,43,44,45:B8,9,13,14,15,16,19,20,21,23,24,26,29	32-27	!	deel2:p205
W:W27,30,32,33,35,36,38,39,40,43,44,45:B6,8,13,14,15,16,19,20,21,23,24,29	30-25	?	deel2:p205
B:W27,30,33,34,35,36,39,40,43,44,45,48:B3,8,9,10,13,14,16,19,20,23,24,25	8-12	?	deel2:p213
B:W29,30,31,34,35,36,37,39,40,43,44,45,49:B3,4,6,7,8,9,15,17,19,22,25,27,28	7-12	?	deel2:p213
W:W30,31,34,35,36,37,39,40,43,44,45,49:B3,4,6,8,12,15,17,20,22,25,28,32	31-26	!	deel2:p213
B:W16,26,35,44,45,47,49:B3,4,8,15,17,20,22	22-27	!	deel2:p213
W:W30,31,34,35,36,37,39,40,43,44,45,49:B3,4,6,8,12,15,17,20,22,25,28,32	43-38	!	deel2:p214
B:W23,26,30,34,35,39,40,43,44,45,47,49:B3,4,6,7,8,14,15,17,19,22,25,28	28-32	?	deel2:p214
B:W23,24,26,34,35,39,40,43,44,45,47,49:B3,4,6,7,8,14,15,17,19,22,25,32	19x28	?	deel2:p214
W:W16,30,33,34,35,37,38,39,40,41,43,45:B6,7,9,12,14,17,18,19,20,23,24,25	33-28	!	deel2:p214
W:W16,25,30,33,34,35,37,38,40,42,45,47,48:B4,6,7,9,10,11,12,13,14,18,19,24,36	38-32	!	deel2:p215
W:W16,25,28,30,32,34,35,37,40,42,45,47,48:B4,6,7,9,10,12,13,14,17,19,23,24,36	34-29	!	deel2:p215
B:W26,30,31,32,33,34,35,36,39,40,43,44,45:B3,5,8,9,13,15,16,17,19,21,22,24,25	8-12	?	deel2:p216
B:W26,30,31,32,33,34,35,36,39,40,43,44,45:B3,5,8,9,13,15,16,17,19,21,22,24,25	9-14	?	deel2:p217
W:W26,31,33,35,36,40,44,45:B3,5,8,13,14,15,16,17,19,22,23,24,34	40x27	!	deel2:p217
W:W19,24,26,27,32,37,38,41,42,43,45,48:B1,4,6,7,8,9,11,15,16,17,21	43-39	?	deel2:p217
B:W26,27,31,32,33,34,35,36,37,38,39,41,43,45:B3,6,8,9,11,12,13,16,17,19,21,23,24,25	24-30	!	deel2:p217
W:W15,25,26,32,34,35,37,38,42,47,48:B3,4,6,11,13,14,16,17,21,23,27	35-30	?	deel2:p218
W:W15,25,26,30,32,34,37,38,42,47,48:B3,4,6,11,14,16,17,19,21,23,27	34-29	?	deel2:p218
W:W15,25,26,30,32,34,37,38,42,47,48:B3,4,6,11,14,16,17,19,21,23,27	48-43	?	deel2:p218
W:W15,25,26,30,32,34,37,38,42,47,48:B3,4,6,11,14,16,17,19,21,23,27	47-41	?	deel2:p218
W:W26,28,29,31,32,33,34,35,36,37,38,39,40,41,42,43,44,47,49,50:B3,4,5,6,7,8,10,11,12,13,14,15,16,17,18,19,20,21,22,25	29-24	?	deel2:p219
B:W20,30,31,33,34,35,36,38,39,43,44,45,48:B3,4,7,8,9,12,13,14,16,19,22,25,28	16-21	?	deel2:p219
B:W30,32,33,34,35,36,37,39,40,41,42,43,45,48:B3,7,8,9,10,11,12,13,14,19,22,24,25,26	12-18	?	deel2:p221
B:W27,30,31,32,33,34,35,37,38,39,40,41,43,44,45,46,47:B2,3,6,8,9,11,12,13,16,17,18,19,21,23,24,25,26	24-29	!?	deel2:p221
W:W27,30,31,34,35,37,38,39,40,41,43,44,45,46,47:B2,6,8,11,12,13,14,16,17,18,21,25,26,28	34-29	!	deel2:p221
W:W24,27,30,31,32,34,35,37,38,39,40,41,43,44,45,46,47:B2,3,6,8,11,12,13,14,16,17,18,19,21,23,25,26	47-42	?	deel2:p221
B:W23,26,27,28,30,31,32,34,35,36,37,38,41,45:B6,7,8,11,12,13,14,16,17,19,21,25	17-22	!	deel2:p224
B:W24,28,30,32,34,35,37,38,40,41,42,43,44,45:B1,2,9,10,12,13,14,15,18,19,21,23,25	2-7	?	deel2:p224
W:W17,21,30,34,35,37,38,39,40,42,43,45:B8,9,10,12,13,14,15,19,20,25,26	30-24	!	deel2:p224
W:W30,33,34,35,38,41,43,44,45,47,48,49:B3,5,8,9,10,15,18,19,21,24,25,26,36	34-29	!	deel2:p224
B:W27,30,31,34,35,36,38,40,41,42,43,45,48:B3,10,11,12,13,14,15,16,18,19,20,24,25	3-8	?	deel2:p225
W:W26,28,30,34,35,39,40,45,48:B4,9,12,13,14,17,19,20,24,25,27,43	28-23	!	deel2:p226
W:W26,40,45,48:B9,12,13,15,17,20,23,27,28,34	40x7	!	deel2:p226
W:W27,32,35,37,41,42,43:B3,11,12,13,16,21,25,26	32-28	!	deel2:p228
W:W22,27,32,34,36,37,38,41,42,43,45:B2,8,12,13,14,16,18,20,21,23,26	34-29	?	deel2:p236
B:W22,27,30,32,36,37,38,41,42,43,45:B2,8,12,13,14,16,18,20,21,23,26	20-25	?	deel2:p236
B:W25,26,27,31,32,33,36,37,38,41,43,44:B2,6,8,11,12,14,16,17,18,20,21,23	2-7	?	deel2:p236
W:WK5,25,26,31,36,41,44:B6,7,8,11,12,16,18,22,24	26-21	?	deel2:p236
B:WK2,25,36,41,44:B6,7,11,12,24,33	24-29	?	deel2:p236
B:WK2,25,36,41,44:B6,7,11,12,24,33	11-16	!	deel2:p237
B:W15,27,32,33,37,38,41,42,43:B6,11,14,16,18,21,24,26,29	29-34	?	deel2:p237
B:W17,27,31,32,34,37,39,41,42,43:B8,12,13,14,16,20,21,25,26	20-24	?	deel2:p238
B:W24,25,27,32,33,36,37,39,40,41,42,44,48:B4,7,9,11,12,13,14,16,17,18,21,26,35	17-22	?	deel2:p238
W:WK5,K15,41,46,48:B7,11,12,13,16,17,27,45	41-37	?	deel2:p238
W:WK4,31,37,41,42,46,48:B7,11,12,13,14,16,17,18,22,23,26,32,35	37x8	?	deel2:p238
B:WK38,10,42,46,48:B7,11,12,13,16,17,18,44	16-21	!!	deel2:p238
W:WK4,K16,42,46,48:BK49,7,11,12,13,18,21	16x43	!!	deel2:p238
B:W25,27,28,32,33,36,37,38,39,41,43,45:B8,12,13,14,16,17,18,19,21,24,26,29	29-34	?	deel2:p238
W:W25,27,28,32,33,36,37,38,41,43,45:B8,12,13,14,16,17,18,19,21,26,35	33-29	!	deel2:p238
B:W25,27,32,33,35,36,37,38,39,40,41,42,45,46,48:B6,7,8,11,12,13,14,16,18,19,20,21,23,24,26	23-29	?	deel2:p239
W:W15,25,27,29,32,36,37,41,42,45,46,48:B6,7,8,11,12,13,14,16,18,21,23,26	32-28	!	deel2:p239
B:W15,25,27,29,32,36,37,41,42,45,46,48:B6,7,8,11,12,13,14,16,18,19,21,26	12-17	?	deel2:p239
B:W15,25,27,29,32,36,37,41,42,45,46,48:B6,7,8,11,12,13,14,16,18,19,21,26	11-17	?	deel2:p239
B:W25,27,32,33,35,36,37,38,39,40,41,42,45,46,48:B6,7,8,11,12,13,14,16,18,19,20,21,23,24,26	12-17	?	deel2:p240
W:W15,35,41,42,45,46,48:B6,8,12,13,16,18,22,25,34	48-43	!	deel2:p240
B:W25,27,29,32,34,35,36,37,40,41,42,45,46,48:B6,8,11,12,13,14,16,17,18,19,20,21,23,26	19-24	?	deel2:p240
W:W25,27,29,32,34,35,36,37,40,41,42,45,46,48:B6,8,11,12,13,14,16,17,18,20,21,23,24,26	32-28	!	deel2:p240
B:W25,27,32,33,37,39,41,42,45,47:B6,7,8,10,12,16,17,18,21,23	10-14	?	deel2:p240
B:W25,27,32,33,37,39,41,42,45,47:B6,7,8,10,12,16,17,18,21,23	17-22	?	deel2:p241
B:W25,27,32,33,37,39,41,42,45,47:B6,7,8,10,12,16,17,18,21,23	8-13	?	deel2:p241
B:W25,27,32,33,37,39,41,42,45,47:B6,7,8,10,12,16,17,18,21,23	6-11	?	deel2:p241
B:W25,27,32,33,37,38,39,41,45,47:B6,7,8,10,12,16,17,18,23,26	17-22	?	deel2:p241
B:W15,27,32,33,37,39,42,45:B6,14,16,18,19,21,23,26	14-20	!	deel2:p241
W:W20,27,32,33,37,38,39,41,45,47:B6,7,10,12,13,16,18,21,23,26	32-28	!	deel2:p241
W:W25,28,30,33,34,35,38,42,43:B7,8,9,10,13,14,18,19,24	42-37	?	deel2:p241
W:W25,26,30,32,33,34,35,37,38,39,42,45,47:B1,3,8,9,10,13,14,16,17,19,22,24,36	32-27	?	deel2:p242
B:W17,25,28,29,33,35,37,38,39,42,45,47:B1,3,8,9,10,13,14,16,31,36	8-12	!	deel2:p242
W:W17,25,30,33,35,37,38,39:B6,8,9,10,14,19,24,27	39-34	?	deel2:p242
B:W22,25,28,30,32,33,35,37,38,43,44:B8,9,10,13,14,16,19,23,24,26,29	10-15	?	deel2:p243
B:W22,25,28,30,32,33,35,37,38,43,44:B8,9,10,13,14,16,19,23,24,26,29	16-21	?	deel2:p243
W:W15,29,33,35,38,43,44:BK46,14,16,31	38-32	!	deel2:p244
W:W16,25,26,28,30,31,33,35,38,39,43,45:B3,6,7,9,10,14,17,19,20,22,24,34	31-27	?	deel2:p245
W:W25,27,29,30,33,35,39,40,41,42,43,45:B5,7,8,10,11,12,14,15,17,19,20,24	41-37	?	deel2:p245
W:W25,31,34,35,37,38,39,43,49:B2,9,10,14,16,19,20,23,29	34-30	?	deel2:p246
W:W25,26,27,30,34,35,37,38,39,40,47:B9,10,12,14,15,16,18,19,24,28,36	39-33	?	deel2:p247
B:W26,28,31,32,35,37,38,41,43,45,48:B1,3,10,13,15,16,17,18,21,24,34	3-9	?	deel2:p247
W:W22,27,32,33,36,37,38,40,41,43,45:B1,11,12,13,16,20,21,24,26,29,34	32-28	?	deel2:p249
W:W26,27,29,30,32,34,35,37,39,41,42:B6,8,9,13,16,17,18,19,21,23,25	29-24	!	deel2:p253
W:W26,27,29,30,32,34,35,37,39,41,42:B6,8,9,13,16,17,18,19,21,23,25	30-24	?	deel2:p253
B:W24,26,27,29,32,34,37,39,41,42:B6,8,9,13,16,17,18,21,23,25	25-30	!	deel2:p253
B:W26,27,29,32,34,35,37,39,41,42:B6,8,9,13,16,17,18,21,23	17-22	!	deel2:p253
W:W26,27,29,30,32,34,35,37,39,41,42:B6,8,9,13,16,17,18,19,21,23,25	42-38	?	deel2:p253
W:W26,27,29,30,32,34,35,37,39,41,42:B6,8,9,13,16,17,18,19,21,23,25	32-28	?	deel2:p253
B:W13,27,32,34,35,37,39,41,42,44:B8,12,15,16,18,20,21,22,25,26	22x31	?	deel2:p254
B:W19,27,32,34,35,37,38,39,44:B8,15,16,17,18,20,21,25,26	8-12	?	deel2:p255
W:W19,27,32,34,35,37,38,39,44:B12,15,16,17,18,20,21,25,26	19-14	!	deel2:p255
W:W25,30,31,33,34,35,39,41,44:B6,8,9,10,14,16,17,19,24,32	34-29	?	deel2:p256
B:W25,29,30,33,35,36,39,40,41:B6,8,9,10,14,16,17,19,24,32	32-37	!	deel2:p256
B:WK26,6,35,45:BK46,1,16,24,25	16-21	!	deel2:p258
B:W27,32,33,34,37,41,42,43,44,45,47:B8,9,11,13,14,15,16,17,18,21,26	17-22	?	deel2:p258
B:W22,27,32,33,34,35,36,37,41,42,43,50:B8,9,11,13,14,15,16,18,19,21,23,26	8-12	?	deel2:p259
W:W22,33,35,36,37,41,42,50:B9,11,12,13,14,15,16,18,19,23,26,43	35-30	!	deel2:p259
B:W6,33,36,41,50:B9,14,15,16,26,27,30	30-34	!	deel2:p259
W:W6,33,36,37,50:B9,15,16,19,26,27,34	33-29	?	deel2:p260
W:W6,33,36,41,50:B9,14,15,16,26,27,34	6-1	?	deel2:p260
B:W15,27,31,32,35,37,41,42,43,45,46,48:B8,9,11,12,13,14,16,18,19,21,26,34	18-23	!	deel2:p261
B:W20,27,32,33,34,37,39,41,42,44,45,47:B3,4,8,9,11,13,16,17,18,21,26,35	17-22	?	deel2:p261
W:W6,20,33,37,39,47:B3,4,13,17,19,21,23,26	6-1	!	deel2:p263
W:WK1,20,37,39,47:B3,4,13,17,21,26,30	20-14	!	deel2:p263
W:WK29,14,37,39,47:B3,4,13,17,26,27,35	29-42	!	deel2:p263
W:W17,25,30,32,33,35,36,37,38,39,40,47:B3,6,8,10,13,14,16,19,23,24,26,29	32-27	?	deel2:p263
W:W25,30,32,33,34,35,36,37,38,40,42,48:B3,8,9,10,12,14,16,18,19,21,24,26	34-29	?	deel2:p263
W:W25,26,30,32,33,34,35,37,38,40,42,43,47,48:B3,6,7,9,10,12,13,14,16,17,18,19,21,24	34-29	?	deel2:p264
W:W25,26,32,33,35,37,38,42,43,47,48:B3,6,7,10,12,16,17,21,45	43-39	!	deel2:p264
B:W25,26,27,30,32,33,34,38,42,48:B3,6,14,16,17,21,23,45	23-29	!	deel2:p265
B:W27,31,32,33,34,35,36,37,38,41,43,46:B6,7,8,11,12,16,18,21,22,24,25,26	8-13	?	deel2:p265
B:W15,29,35,40,43:B14,32,41	14-20	!	deel2:p266
B:W19,24,27,29,32,34,37,38,39,41,42,43,44,49:B4,6,7,8,9,12,13,15,16,18,21,25,26	18-22	?	deel2:p275
B:W19,24,27,29,32,34,37,39,40,41,42,43,44,45,47,49:B1,2,3,4,7,8,9,12,13,15,16,18,21,25,26	18-22	?	deel2:p283
B:W24,29,32,34,36,37,38,39,42,43,46,48,49:B2,4,6,7,8,9,13,15,16,17,20,21,25	9-14	?	deel2:p286
B:WK3,33,38,40,42,45,47:B9,10,14,15,16,22,23,26,29	16-21	!	deel2:p286
B:W19,24,27,29,32,34,37,38,39,40,41,42,43,45,47,49:B2,4,7,8,9,10,12,13,15,16,17,18,20,25,26	18-22	?	deel2:p287
B:W24,27,28,29,32,34,37,38,39,40,41,42,43,45,47,49:B2,4,6,7,8,9,11,12,13,15,16,18,20,23,25,26	11-17	?	deel2:p287
B:WK6,27,35,39,41,42,45,47,49:B3,4,7,9,12,14,15,18,23,26	26-31	!	deel2:p287
W:W37,39,40,41,42,43,44,45,47,49:B2,3,7,8,9,10,11,12,15,18,24,25,26,28,38	42x4	!	deel2:p287
B:WK6,35,37,39,41,42,45,47,49:B2,3,4,8,9,14,15,18,23,26	4-10	!	deel2:p288
B:W19,24,27,29,32,33,34,35,37,38,41,42,43,44,45,47:B2,3,7,8,9,10,12,13,15,16,18,20,21,25,26	12-17	?	deel2:p288
B:W24,28,29,33,34,35,37,38,39,41,42,44,45,47:B2,3,8,9,10,12,13,14,15,16,20,21,25,26	14-19	?	deel2:p288
B:W24,28,29,33,34,35,37,38,39,40,41,42,45,47:B2,3,8,9,10,13,14,15,16,18,20,21,25,26	2-7	?	deel2:p288
B:W18,24,34,35,36,37,38,39,40,42,45,47:B3,7,8,9,10,13,15,16,22,25,26,27	22-28	?	deel2:p288
B:W24,28,29,34,36,37,39,42,43,45,47,48,49:B1,2,3,7,8,9,13,15,16,17,20,25,26	17-22	?	deel2:p289
B:W24,28,29,32,34,38,39,47,48:B1,7,12,13,15,20,21,25,27	7-11	!	deel2:p290
W:W24,28,29,32,34,39,40,41,42,43,45,47,48,49:B1,2,3,4,8,9,13,15,16,17,18,20,25,26	34-30	!	deel2:p290
W:W24,29,32,34,36,37,38,39,40,42,43,45,46,47,49:B2,3,4,6,7,8,9,13,14,15,16,17,20,25,26	34-30	?	deel2:p290
B:WK1,36,37,39,40,42,45,46,47,49:B2,3,4,6,8,9,13,14,15,23,26	13-18	!	deel2:p290
B:W19,24,27,29,32,34,37,38,39,40,41,42,43,44,45,47,49:B2,3,4,7,8,9,11,12,13,15,16,17,18,20,25,26	4-10	?	deel2:p290
B:W19,24,26,29,32,34,38,39,40,41,42,43,44,45,47,49:B2,3,4,7,8,9,11,12,13,15,16,17,20,21,25	13-18	!	deel2:p291
W:W14,24,26,29,32,34,38,39,40,41,42,43,44,45,47,49:B2,3,4,7,8,11,12,13,15,16,17,18,20,21,25	14-10	?	deel2:p291
B:W19,24,27,29,32,34,37,38,39,40,41,42,43,44,45,47,49:B2,3,4,7,8,9,11,12,13,15,16,17,18,20,21,25	18-22	?	deel2:p291
B:W24,28,29,32,34,36,39,42,43,47,48,49,50:B2,4,6,7,8,9,13,15,16,17,20,21,25	21-26	?	deel2:p293
B:W24,28,29,31,32,34,39,40,43,44,45,47,48,49:B1,2,3,4,8,9,13,14,15,16,17,20,21,25	21-26	?	deel2:p294
B:W24,27,29,32,33,34,37,41,43,45,48,49:B2,4,6,8,10,13,15,16,17,20,25,26	13-18	?	deel2:p294
B:W24,27,28,29,32,34,35,37,38,40,41,42,43,45,47,48,49:B1,2,3,4,8,9,11,12,13,15,16,17,18,20,23,25,26	1-7	?	deel2:p295
B:W24,29,32,34,39,40,42,43,44,45,47:B3,6,8,9,13,14,15,16,20,22,25	8-12	?	deel2:p295
W:W19,24,27,29,32,34,35,37,38,39,42,43,45,47,49:B3,4,7,8,12,13,15,16,17,18,20,25,26	49-44	!	deel2:p296
W:W27,32,34,35,37,38,39,42,43,44,45,47:B3,4,7,8,9,12,13,16,18,22,25,26,33	39x17	!	deel2:p296
W:W23,25,28,29,32,33,35,37,38,39,40,44:B1,9,10,12,13,14,16,19,20,21,24,26,27	35-30	!	deel2:p297
W:W24,29,32,34,36,37,39,40,42,43,44,45,47,48,49:B1,2,3,4,7,8,9,13,14,15,16,17,20,25,26	34-30	?	deel2:p301
W:W24,29,32,33,34,35,37,39,42,43,44,47,48:B2,3,4,7,8,9,13,14,15,16,21,25,26	34-30	?	deel2:p302
W:W19,30,37,42,43,44,47,48:B2,4,7,8,9,15,16,17	19-14	!	deel2:p303
B:W24,29,32,33,34,36,37,38,39,40,43,44,45,47,49:B2,3,6,9,10,11,12,13,14,15,16,18,20,25,26	12-17	?	deel2:p303
B:W24,28,29,32,34,39,40,41,42,43,45,47,48,49:B1,2,3,4,8,9,13,15,16,17,18,20,25,26	1-7	?	deel2:p303
B:W19,23,24,27,32,34,35,37,38,39,40,45,47,48,49:B1,7,8,9,10,12,13,15,16,18,20,21,25,26	20x29	?	deel2:p303
B:W19,24,27,29,32,34,35,36,37,39,42,44,45,47,48,49:B1,2,7,8,9,10,13,15,16,17,18,20,21,25,26	7-12	?	deel2:p303
W:W19,24,27,29,32,34,35,36,37,39,40,42,44,47,48,49:B1,2,8,9,10,12,13,15,16,18,20,21,22,25,26	36-31	!	deel2:p304
B:W17,19,23,31,34,35,39,40,42,43,44,47,48:B1,7,8,10,12,13,14,15,16,18,25,26,29,41	12x21	!	deel2:p304
W:W19,24,27,29,32,34,35,36,37,38,39,44,45,47,48,49:B2,7,8,9,10,11,13,15,16,17,18,20,21,25,26	27-22	!	deel2:p304
B:WK5,24,29,30,34,42,44,45,48,49:B2,8,12,13,15,16,17,18,20,25,28,43	28-32	!	deel2:p305
W:W25,26,30,31,33,34,35,36,38,39,40,42,43,44,47,48,49:B2,3,6,7,8,9,10,12,13,14,15,16,17,19,22,24,27,32	33-29	?	deel2:p313
W:W25,26,30,31,35,36,38,39,41,42,43,47,49:B2,5,6,7,8,12,14,17,19,20,22,23,27	39-33	?	deel2:p314
W:W26,30,31,34,35,36,38,39,40,41,42,45,47:B3,6,8,9,11,12,13,15,17,20,22,23,27	41-37	?	deel2:p314
W:W26,30,31,34,35,36,38,39,40,41,42,45,47:B3,6,8,9,11,12,13,15,17,20,22,23,27	30-24	?	deel2:p314
W:W26,30,31,33,34,35,36,38,39,40,42,43,44,47,48,49:B2,4,6,7,8,9,10,11,12,13,14,17,19,22,24,27,32	47-41	?	deel2:p314
W:W24,25,26,30,35,36,39,40,43,44,47,48,49:B2,4,6,7,8,9,11,12,13,14,15,19,28,41,42	48x46	!	deel2:p314
W:W25,26,31,33,34,35,36,38,39,40,42,43,44,46,48,49:B2,4,6,7,8,9,11,12,13,14,15,17,19,22,24,27,32	33-29	?	deel2:p314
W:W25,26,31,33,34,35,36,38,39,40,42,43,44,47,48,49:B2,4,6,7,8,9,11,12,13,14,15,17,19,22,24,27,32	47-41	?	deel2:p315
W:W25,26,31,33,34,35,36,38,39,40,42,43,44,47,48,49:B2,4,6,7,8,9,11,12,13,14,15,17,19,22,24,27,32	34-29	?	deel2:p315
W:W26,31,33,34,35,36,38,39,40,41,42,43,44,45,47:B2,4,5,6,7,8,10,11,12,17,19,22,24,25,27,32	33-29	?	deel2:p315
W:W26,31,33,34,35,36,38,39,40,41,42,43,44,45,47:B2,4,5,6,7,8,10,11,12,17,19,22,24,25,27,32	34-29	?	deel2:p315
W:W25,26,31,35,36,38,42,43,44,45,48,49:B1,2,4,8,9,12,13,15,17,19,22,27,34	42-37	?	deel2:p315
B:W17,25,32,33,36,39,48,49:BK45,1,2,4,9,15	9-13	!	deel2:p315
W:W26,31,35,36,38,41,42,43,44,45:B2,7,8,12,14,15,17,18,22,27,34	38-33	?	deel2:p316
B:W26,31,33,34,35,36,41,42,44,45:B2,7,8,12,14,15,17,18,22,27	22-28	!	deel2:p316
W:W25,26,30,31,34,35,36,37,38,41,42,43,44,49:B2,4,6,7,8,9,14,16,17,18,19,22,24,27	38-33	?	deel2:p316
W:W25,26,30,31,34,35,36,37,38,41,42,43,44,49:B2,4,6,7,8,9,14,16,17,18,19,22,24,27	37-32	?	deel2:p316
B:W25,26,30,31,32,34,35,36,38,41,42,43,44,49:B2,4,6,7,8,9,14,16,17,18,19,22,24,27	22-28	!!	deel2:p316
B:W25,26,30,31,35,36,37,38,40,42,43,44,45:B2,7,8,9,10,12,13,14,15,17,19,22,27	17-21	?	deel2:p316
B:W25,26,30,31,35,36,37,38,40,43,44,45:B2,8,9,10,12,13,14,15,17,19,22,27	15-20	!	deel2:p317
B:W25,26,30,31,32,35,36,38,40,43,44,45:B2,8,9,10,12,13,14,17,19,20,22,27	20-24	!	deel2:p317
B:W21,25,26,30,31,35,36,38,40,43,44,45:B2,8,9,10,12,13,14,17,19,22,24	19-23	!	deel2:p317
B:W24,25,26,31,32,36,38,40,42,43,44,45:B2,8,9,10,11,12,14,15,17,18,22,27	9-13	!	deel2:p317
W:W26,31,35,36,38,41,42,43,44,45:B2,7,8,12,14,15,17,18,22,27,34	44-40	?	deel2:p317
B:W26,31,35,36,38,40,41,42,43,45:B2,7,8,12,14,15,17,18,22,27,34	17-21	!	deel2:p317
W:W26,31,35,36,38,41,42,43,44,45:B2,7,8,12,14,15,17,18,22,27,34	41-37	?	deel2:p317
W:W26,30,31,33,34,35,36,38,39,47,48,49:B6,8,12,13,15,17,18,19,20,22,23,27	30-25	?	deel2:p322
W:W25,26,31,35,36,38,40,42,43,45,47,49:B4,5,7,8,10,12,14,17,20,22,23,27	42-37	?	deel2:p322
W:W24,25,26,29,31,36,37,39,41,42,44:B6,9,11,13,14,16,17,18,22,27,28	39-34	?	deel2:p327
W:W26,30,31,32,33,34,35,36,39,43,44,45,47,48,49:B3,4,6,8,9,10,11,13,14,16,17,19,21,23,24	32-28	?	deel2:p327
W:W25,26,28,31,33,35,36,38,39,40,42,43,44,50:B2,8,9,12,13,14,15,17,18,19,20,22,24,27	50-45	?	deel2:p327
W:W25,26,28,31,33,35,36,38,39,40,42,43,44,50:B2,8,9,12,13,14,15,17,18,19,20,22,24,27	42-37	!	deel2:p327
W:W26,31,33,34,35,36,38,39,43,47,48:B2,6,8,10,12,17,19,20,22,23,27	47-42	?	deel2:p328
B:W24,27,33,34,35,36,39,42,43,48:B2,6,8,15,20	20x47	?	deel2:p328
B:W25,27,30,36,39,43,48:BK23,2,6,8,15	15-20	?	deel2:p328
W:W22,25,29,30,33,34,35,36,39,40,46,48:B6,7,8,9,11,12,13,14,15,19,43	29-24	?	deel2:p329
B:W22,24,25,30,33,34,35,36,39,40,46,48:B6,7,8,9,11,12,13,14,15,19,43	12-18	?	deel2:p329
W:W22,25,29,30,33,34,35,36,39,40,46,48:B6,7,8,9,11,12,13,14,15,19,43	22-18	!	deel2:p329
W:W25,29,30,33,34,35,36,39,40,46,48:B6,7,8,9,11,12,14,15,19,22,43	29-24	!	deel2:p329
W:W25,26,30,31,35,36,38,40,41,43,44,45,47,48,49:B3,4,5,7,8,9,10,12,13,14,17,19,20,22,27	41-37	?	deel2:p329
B:W22,32,35,36,40,43,44,45,47,48,49:B3,4,5,8,9,11,12,13,19,41	12-17	?	deel2:p329
B:W25,26,30,31,33,35,36,38,41,42,49,50:B2,3,4,8,10,12,14,17,18,20,22,27	27-32	!	deel2:p329
B:W27,28,30,32,34,36,37,38,39,40,42,43,44,45,46,47,48:B3,4,6,8,9,10,11,12,13,14,15,16,18,21,23,25,26	13-19	?	deel2:p332
W:W25,27,31,34,35,36,40,42,43,44,47,48,49:B2,3,6,7,8,9,10,12,13,15,16,41	25-20	!	deel2:p332
B:W25,26,31,34,35,36,37,38,40,42,43,44,46,48,49:B2,4,6,7,8,9,11,12,13,14,15,17,19,22,27	17-21	?	deel2:p338
W:W25,26,30,31,33,34,35,36,41,42,43,44,45,48,49:B4,6,7,8,9,11,12,13,14,15,17,19,22,24,27,32	42-37	?	deel2:p339
W:W24,25,26,30,34,35,36,40,41,42,43,45:B8,9,10,11,12,13,14,17,19,21,32,33	41-37	!	deel2:p339
B:W20,26,33,35,39,41:B4,17,18,22,28,32	32-38	?	deel2:p340
W:W20,26,35,41,42:B4,17,18,33	42-38	!	deel2:p340
W:W20,22,35,36,39:B4,11,23,38	20-15	!	deel2:p340
W:W15,22,35,36,39:B4,11,23,42	35-30	!	deel2:p340
W:W25,26,30,31,33,35,36,38,42,43,47,49,50:B2,3,4,6,8,12,14,17,19,22,23,24,27	50-44	?	deel2:p341
W:W21,26,27,31,36,37,39,49,50:B8,10,12,14,16,17,19,20,25,35,38	27-22	!	deel2:p347
W:W24,29,31,36,37,39,40,42,46,47,48,50:B6,7,8,9,10,13,15,18,19,22,26,27	37-32	!	deel2:p348
B:W21,25,26,27,30,31,33,34,35,36,38,39,48,49:B3,5,6,8,9,10,12,14,16,17,18,19,20,24	18-23	?	deel2:p353
B:W21,26,27,28,31,32,34,35,36,37,38,39,45:B3,8,11,12,13,15,16,17,18,19,23,24,25	24-30	!	deel2:p353
W:W21,26,27,31,32,34,36,37,38,39,45:B3,8,11,12,15,16,17,18,24,25,30	39-33	!?	deel2:p353
W:W21,26,27,31,36,37,38,45:B3,8,11,12,15,16,17,24,25,29	27-22	!	deel2:p353
B:WK2,26,36,45:B3,11,12,15,17,24,25	17-21	!	deel2:p354
B:W21,26,27,28,31,32,36,37,38,43,44,45,49:B1,3,7,12,13,16,17,19,23,24,25,29,30	3-8	?	deel2:p355
B:W21,26,27,31,35,36,37,38,39,40,42,45,47,48:B1,3,7,9,11,12,13,15,16,17,23,24,28,29	13-19	?	deel2:p358
W:W21,22,27,34,35,37,38,39,45:B8,13,15,16,20,23,24,25,30	21-17	?	deel2:p358
B:W17,22,27,34,35,37,38,39,45:B8,13,15,16,20,23,24,25,30	23-29	!	deel2:p358
B:W17,22,23,27,35,37,38,39,45:B8,13,15,16,20,24,25,30	24-29	!	deel2:p358
W:W21,26,27,28,34,35,38,39,44,45,48,50:B1,3,12,13,15,16,19,20,23,24,25,30	38-32	?	deel2:p358
W:W27,32,34,35,39,41,42,44,45,48,49:B3,12,13,15,16,18,20,21,24,25,30	49-43	?	deel2:p358
W:W22,23,27,28,34,35,36,39,40,41,43,44:B6,7,12,13,14,15,16,19,20,24,25,30	41-37	?	deel2:p358
W:W22,28,32,34,35,36,37,38,39,42,44:B6,11,12,13,15,17,20,24,25,26,30	36-31	?	deel2:p359
B:W22,28,31,32,34,35,37,38,39,42,44:B6,11,12,13,15,17,20,24,25,26,30	24-29	!	deel2:p359
B:W22,28,31,32,33,34,37,38,39,42,44:B6,11,12,13,15,17,20,25,26	12-18	!	deel2:p359
B:W21,24,26,27,34,36:B9,12,16,17,23,25	23-28	?	deel2:p359
W:W19,21,26,27,34,36:B9,12,16,17,25,33	27-22	!	deel2:p359
W:W26,27,28,31,32,34,36,37,39,40,42,43,45,48:B3,6,8,11,12,13,15,16,17,18,21,24,25,30	40-35	?	deel2:p359
B:W22,25,27,30,31,34,36,37,39,40,41,43,45,46,47,48,49:B2,3,4,5,7,8,9,10,11,12,13,14,15,16,18,23,26	12-17	?	deel2:p360
B:W22,25,27,30,31,33,35,36,37,41,43,45,46,47,48,49:B2,3,4,5,7,8,9,11,12,13,14,15,16,18,19,26,34	34-40	!	deel2:p360
B:W13,16,23,30,33,36,37,41,43,44,45,46,47,48,49:B2,3,4,5,7,8,9,11,12,15,26	8x50	!	deel2:p360
W:W22,25,28,30,31,34,35,36,37,41,43,46,47,48,49:B2,3,5,7,8,9,10,11,13,14,15,17,18,19,26,27	25-20	!	deel2:p360
B:W18,23,31,35,36,37,38,39,40,41,42,46,48:B3,6,7,9,11,13,14,15,17,22,25,26,27	25-30	?	deel2:p360
W:W36,38,40,41,46:B6,7,11,14,15,17,22,27,29,37	41x1	!	deel2:p360
W:WK34,17,27,35,40,45,46,47,49:B3,4,5,6,8,9,13,15,16,24,33	27-22	?	deel2:p361
B:WK34,17,22,35,40,45,46,47,49:B3,4,5,6,8,9,13,15,16,24,33	13-19	?	deel2:p361
B:WK48,17,22,35,40,45,46,47,49:B3,4,5,6,8,9,15,16,19,24,33	8-12	?	deel2:p361
W:WK48,22,35,40,45,46,47,49:B4,5,6,9,12,15,16,19,24,33	47-42	!	deel2:p361
B:WK34,17,22,35,40,45,46,47,49:B3,4,5,6,8,9,13,15,16,24,33	15-20	!	deel2:p361
B:WK1,17,25,27,35,40,45,46,47,49:B3,4,5,6,8,9,10,13,14,15,16,33	33-39	!	deel2:p361
B:WK7,17,25,27,34,35,45,46,47,49:B3,4,5,6,8,9,10,13,14,15,16,44	13-18	!	deel2:p361
W:WK1,17,25,27,35,40,45,46,47,49:B3,4,5,6,8,9,10,13,14,15,16,39	40-34	?	deel2:p362
B:W15,25,29,31,34,35,36,37,38,46,47,48:B3,4,8,9,11,14,16,17,18,22,26,27	14-19	?	deel2:p362
B:W24,29,31,32,33,34,35,36,37,38,39,40,42,45,46,47,48,49:B2,3,5,6,7,8,9,10,13,14,15,16,18,20,21,22,25,26	21-27	?	deel2:p362
W:W24,29,31,33,34,35,36,37,38,39,40,42,45,46,47,48,49:B2,3,5,6,7,8,9,10,13,14,15,18,20,22,25,26,27	37-32	!	deel2:p362
W:WK34,33,36,38,39,40,42,45,46,47,48,49:B2,3,5,6,8,9,10,13,15,22,24,25,27	42-37	?	deel2:p362
W:W21,33,36,38,39,40,45,46,47,48,49:B2,3,5,8,9,13,16,19,22,24	46-41	?	deel2:p362
W:W21,33,36,38,39,40,45,46,47,48,49:B2,3,5,8,9,13,16,19,22,24	39-34	!	deel2:p362
W:W33,34,36,38,40,45,46,47,48,49:B2,3,5,8,9,13,19,22,24,27	47-42	!	deel2:p362
B:W33,36,37,38,39,40,45,47,48,49:B2,3,5,8,9,13,19,22,24,27	13-18	?	deel2:p363
B:W29,31,33,35,36,37,38,39,46,48:B3,4,6,9,10,11,19,22,26,27	11-17	?	deel2:p363
W:W29,31,33,35,36,37,38,39,46,48:B3,4,6,9,10,17,19,22,26,27	37-32	!	deel2:p363
W:W29,33,35,36,38,39,46,48:B3,4,6,9,10,17,19,22,27,28	29-23	!	deel2:p363
W:W24,25,29,32,35,36,38,40,41,42,43:B5,11,12,13,14,15,17,18,20,22,26	40-34	?	deel2:p363
B:W24,25,29,32,34,35,36,38,41,42,43:B5,11,12,13,14,15,17,18,20,22,26	14-19	!	deel2:p363
B:W11,27,29,32,34,35,36,37,38,39,40,42,43,44,45,47,48:B2,3,4,6,7,8,9,10,13,14,16,20,21,24,25,26	6x17	?	deel2:p373
W:W16,24,31,32,35,36,37,39,42,43,44,46:B1,3,12,13,14,15,17,18,23,26,28,33	46-41	?	deel2:p374
W:W30,31,32,36,38,39,40,43,44,45,48:B3,12,13,14,15,16,19,20,21,23,29	40-35	?	deel2:p374
B:W22,31,32,36,37,38,39,41,42,44,45,46,48,49,50:B2,6,7,8,9,10,11,12,13,14,16,17,18,20,26	17x28	?	deel2:p374
W:W25,31,32,33,35,36,37,38,42,43,45,48,49:B2,3,4,6,8,11,12,13,14,16,18,19,24	33-29	?	deel2:p374
B:W14,15,26,31,36,41,42,45,49:B2,3,4,6,8,12,17,22,27,39	17-21	!	deel2:p374
W:W25,27,29,31,32,35,37,38,39,41,42,43,44:B3,4,6,9,11,13,14,15,16,17,18,19,26	29-23	?	deel2:p376
B:W22,26,28,29,32,33,34,36,38,39,40,44,48:B2,6,8,11,13,14,15,17,20,21,24,25,35	8-12	!?	deel2:p377
W:W22,26,28,29,32,33,34,36,38,39,40,44,48:B2,6,11,12,13,14,15,17,20,21,24,25,35	28-23	!	deel2:p377
B:W8,29,32,33,34,36,38,39,40,44,48:B2,6,11,13,14,15,19,20,24,25,35	13-18	!	deel2:p377
W:W8,29,32,33,34,36,38,39,40,44,48:B2,6,11,14,15,18,19,20,24,25,35	32-28	!	deel2:p377
W:W17,22,25,27,48,50:B13,14,16,29,30,34	17-12	!	deel2:p378
B:W19,25,27,32,33,34,36,38,39,42,43,45,48,49:B1,3,6,8,9,10,11,12,13,14,16,21,30	13x24	?	deel2:p378
B:W27,28,32,33,34,36,37,38,40,42,43,45,48:B3,6,12,13,15,16,18,19,20,21,23,24,26	20-25	?	deel2:p378
B:W18,31,34,35,37,38,39,41,42,45,46,48,49,50:B3,4,5,6,9,10,11,14,15,16,17,19,25,26	15-20	?!	deel2:p378
W:W18,31,34,35,37,38,39,41,42,45,46,48,49,50:B3,4,5,6,9,10,11,14,16,17,19,20,25,26	37-32	?	deel2:p378
B:WK2,38,41,42,45,46,48,49,50:B3,4,5,6,9,10,11,14,16,20,25	10-15	!	deel2:p378
B:W29,32,33,34,35,36,39,40,41,43,44,45,49:B1,2,4,8,10,13,14,18,20,23,24,25,26	13-19	?	deel2:p379
B:W15,29,34,38,39,40,43,44,45:B1,2,4,8,10,14,25,28,35	1-7	?	deel2:p379
W:W15,29,33,34,39,40,43,44,45:B2,4,7,8,10,14,25,32,35	34-30	!	deel2:p379
B:W15,29,34,38,39,40,43,44,45:B1,2,4,8,10,14,25,28,35	14-19	!	deel2:p379
B:W24,29,31,33,34,35,36,39,40,41,43,44,45,47:B1,2,3,4,7,9,12,13,14,16,17,22,25,28	16-21	?	deel2:p379
B:W23,26,29,33,34,35,37,38,40,42,43,45,49:B2,4,6,8,11,12,15,16,18,20,22,24,27	16-21	!	deel2:p380
B:W14,27,28,34,35,37,40,43,45,49:BK47,2,4,6,8,11,12,15,25	47-20	!	deel2:p380
W:W19,26,29,33,34,36,37,38,39,40,41,46,47:B6,7,8,11,12,15,17,18,20,22,25,27	29-23	?	deel2:p380
W:W19,26,29,33,34,36,37,38,39,40,41,46,47:B6,7,8,11,12,15,17,18,20,22,25,27	29-24	?	deel2:p380
W:W19,26,29,33,34,36,37,38,39,40,41,46,47:B6,7,8,11,12,15,17,18,20,22,25,27	38-32	?	deel2:p380
B:W24,29,31,33,34,36,37,38,39,40,42,43,45,46,47,48:B1,2,3,4,6,7,8,12,13,14,15,16,18,20,22,25	16-21	?	deel2:p381
B:W24,29,32,34,36,39,40,41,42,43,44,45:B3,5,9,11,12,13,15,16,18,20,23,25	9-14	?	deel2:p381
W:W25,28,33,34,35,36,38,39,40,42,43,44,45,46,48:B3,5,6,8,9,10,12,14,15,17,18,19,22,24,27	34-30	?	deel2:p381
B:W26,27,29,32,34,35,36,39,40,42,44,45,48:B6,8,9,11,14,15,16,17,18,19,20,21,25	19-24	?	deel2:p381
W:W26,27,29,32,34,35,36,39,40,42,44,45,48:B6,8,9,11,14,15,16,17,18,20,21,24,25	35-30	!	deel2:p381
B:W23,27,29,32,34,35,36,37,39,41,42,44,47,48:B2,3,6,8,9,11,12,13,14,15,16,21,25,26	14-19	?	deel2:p382
W:W27,28,32,33,34,36,37,38,39,40,42,43,44,47,48:B2,4,6,7,8,12,13,14,15,16,17,18,21,24,26	37-31	?	deel2:p383
W:W16,21,25,26,29,40,42,43:B7,12,14,17,18,19,32	40-35	?	deel2:p383
W:W21,27,28,35,40,44,45,48:B1,12,13,14,18,19,24,29	28-22	?	deel2:p383
W:W25,26,27,33,35,39,40,42,44:B8,10,12,13,15,16,18,19,23	35-30	?	deel2:p383
W:W22,26,31,32,38,39,40,43,45,48:B1,3,7,9,13,15,20,23,25,35	38-33	?	deel2:p383
W:W22,26,31,32,38,39,40,43,45,48:B1,3,7,9,13,15,20,23,25,35	40-34	?	deel2:p383
W:W23,24,26,32,40,42,43:B6,12,13,15,16,17,21	32-28	!	deel2:p384
B:W27,28,30,32,33,35,36,37,39,40,42,43,44,46,47,48,49,50:B2,3,5,6,7,8,9,11,12,13,15,16,18,19,20,21,23,26	20-25	?	deel2:p384
B:W24,25,27,32,33,34,35,37,40,41,42,45,46,47,48:B2,4,6,8,9,10,11,13,14,16,17,18,21,23,26	14-19	?	deel2:p384
W:W25,27,35,40,41,45,46,47:B2,4,6,8,9,10,11,16,17,18,21,24,28,37	41x5	!	deel2:p384
W:W27,29,32,34,35,36,37,38,39,40,42,43,44,45,47,48:B2,3,4,7,8,9,10,13,14,16,17,20,21,24,25,26	37-31	!	deel2:p384
B:W25,27,28,30,32,33,35,36,37,38,40,41,42,43,45,46,47,48,49:B1,3,4,6,7,8,9,11,12,13,14,15,16,18,19,20,23,24,26	24-29	!	deel2:p385
W:W25,27,28,30,32,35,36,37,38,40,41,42,43,45,46,47,48,49:B1,3,4,6,7,8,9,11,12,13,14,15,16,18,19,23,26,29	40-34	?	deel2:p385
W:W15,26,31,35,36,38,39,40,41,42,43,45,50:B2,4,8,11,12,13,14,17,18,19,22,24,27	39-33	?	deel2:p392
W:W24,25,31,34,35,36,37,38,44:B3,11,12,13,14,17,18,21,22	31-26	?	deel2:p393
W:W26,27,31,32,34,35,36,37,38,40,42,44,45,47,48,49:B3,5,6,7,8,11,12,13,16,17,18,20,22,23,24,29	34-30	?	deel2:p393
W:W26,32,35,37,38,39,41,42,45,46,47,49:B4,6,7,8,11,13,15,16,17,21,27,29	45-40	?	deel2:p393
B:W21,26,27,28,30,34,35,39,40,41,43,44,45,48,49:B2,6,8,9,10,12,13,14,15,17,18,19,20,24,25	18-23	?	deel2:p393
W:W26,27,28,30,32,33,34,35,38,39,40,44,45,48:B4,5,6,9,11,12,13,16,17,19,20,23,24,25	27-21	?	deel2:p393
B:W16,21,26,33,35,42,44,45:B4,5,6,9,13,17,19,20,24	9-14	!	deel2:p393
W:W26,27,28,30,32,33,34,35,38,39,40,45,47,48,50:B1,9,10,11,12,13,14,16,17,19,20,23,24,25,36	27-21	?	deel2:p393
W:W26,29,31,33,35,36,38,39,41,42,43,44,45,47,48,50:B3,4,6,7,8,9,11,12,13,15,16,18,19,20,22,24	41-37	?	deel2:p393
B:W25,27,29,32,33,34,36,37,39,40,41,42,44,48:B4,7,9,11,12,13,14,16,17,18,20,21,26,35	17-22	?	deel2:p394
W:W25,27,29,32,33,34,36,37,39,40,41,42,44,48:B4,7,9,11,12,13,14,16,18,20,21,22,26,35	32-28	!	deel2:p394
W:W25,29,33,34,36,37,39,40,41,42,44,48:B4,7,9,11,12,13,14,16,18,20,22,23,26,35	34-30	!	deel2:p394
W:W25,30,33,36,37,39,41,42,44,48:B4,7,9,11,12,13,14,16,18,20,22,26,35,45	48-43	!	deel2:p394
B:W24,28,29,31,33,34,35,37,38,39,40,42,45,47,48:B3,6,7,8,9,10,11,13,14,15,16,20,21,25,26	21-27	?	deel2:p394
B:W24,31,33,34,35,36,37,38,41,42,45,46,48,49,50:B2,4,6,8,9,10,11,14,16,18,22,23,25,26,27	23-28	?	deel2:p394
W:W31,35,36,37,38,41,42,43,45,46,48,50:B2,4,6,8,9,10,11,16,18,22,25,26,27,34,39	38-33	!	deel2:p395
W:W31,35,36,37,41,42,43,45,46,48,50:B2,4,6,8,9,10,11,16,18,22,25,26,27,28,34	37-32	!	deel2:p395
W:W21,26,27,31,35,36,38,39,43,47,50:B8,9,10,12,16,17,19,20,25,28,29	27-22	!	deel2:p395
W:W21,25,26,27,31,35,36,45,47,48,49,50:B7,8,9,10,11,12,14,16,17,19,20,38	27-22	!	deel2:p395
W:W21,23,25,26,27,31,32,35,38,41,45:B7,8,9,10,12,14,16,17,18,20,24	41-36	!	deel2:p395
B:W21,26,27,28,32,33,35,37,38,39,50:B3,8,9,12,13,16,17,19,23,24,25	24-30	?	deel2:p395
B:W25,29,31,36,37,38,46,47,48:B8,9,10,15,18,19,21,22,26	21-27	?	deel2:p395
B:W23,29,32,33,34,35,36,38,39,40,42,43,45,49:B3,4,6,8,11,12,13,15,16,22,24	22-28	?	deel2:p396
B:W23,29,32,33,34,35,36,38,39,40,42,43,45,49:B3,4,6,8,11,12,13,15,16,22,24	24-30	?	deel2:p396
W:W24,29,31,36,37,39,42,47,48,49,50:B7,8,9,10,13,15,18,19,22,26,27	37-32	!	deel2:p396
W:W24,29,36,39,42,47,48,49,50:B7,8,9,10,13,15,18,19,22,27,28	48-43	!	deel2:p396
W:W24,28,29,33,34,36,38,39,40,42,43,45,47,48,49:B2,4,7,8,9,10,12,13,14,15,16,18,20,22,25,27,37	42x31	!	deel2:p406
W:W24,26,28,29,31,33,34,36,38,39,42,43,44,45,47,48,49:B2,4,7,8,9,10,11,12,13,14,15,17,18,20,22,25,27	26-21	?	deel2:p406
W:W24,28,29,33,34,36,38,39,40,42,43,45,47,48,49:B2,4,7,8,9,10,12,13,14,15,16,18,20,22,25,27,37	28x17	?	deel2:p406
W:WK6,36,37,39,40,43,45,48,49:B2,9,10,12,13,14,15,23,25,26,27	6-33	?	deel2:p407
B:WK2,35,38,41,48:BK50,8,13,14,23,27	23-28	!	deel3:p29
W:W27,32,33,34,35,37,38,39:B13,16,18,19,21,23,24,25,26	35-30	!	deel3:p30
W:W25,27,28,32,37,38,39:B13,16,18,19,21,23,26,40	39-34	!	deel3:p30
W:W10,27,28,32,37:B13,16,18,19,21,26,45	28-22	!	deel3:p30
W:WK3,27,32,37,38,39:B16,18,21,25,26,35,45	27-22	!	deel3:p30
W:WK6,28,30,32:BK50,26,36,44	32-27	!	deel3:p31
W:WK3,27,32,37,38:BK50,16,18,21,25,26,39	38-33	?	deel3:p31
W:WK3,27,32,37,38:BK50,16,18,21,25,26,39	27-22	!	deel3:p31
W:W27,28,31,32,34,35,38,42,45,48:B6,9,12,13,14,16,17,19,23,29	42-37	!	deel3:p33
B:W25,26,27,28,32,35,38,42,45:B6,13,14,16,17,18,19,24,29	17-22	!	deel3:p34
W:W16,24,25,26,28,32,42,45:B6,13,14,17,18,39	32-27	!	deel3:p34
W:W22,27,31,32,34,35,37,38,45,48:B6,12,13,14,16,18,19,21,23,24	34-29	!	deel3:p34
B:W19,32,35,45,48:B2,6,14,16,22,23	2-7	!	deel3:p34
B:W17,32,35,45,48:B6,7,14,16	7-11	!	deel3:p34
W:W17,27,32,34,35,37,38,39,45:B6,13,16,18,19,20,23,28,29	17-12	!	deel3:p35
B:W16,22,30,32,35,36,37,38,40,42,43,45,48:B6,7,8,11,12,13,14,19,20,23,24,26	12-18	?	deel3:p37
B:W22,25,27,28,32,35,37,40,42,45,48:B11,12,13,14,18,19,20,23,24,26	12-17	!	deel3:p38
W:W25,27,28,31,32,33,35,36,37,38,42,43,45,48:B3,6,7,8,9,11,12,13,15,16,18,19,26,34	35-30	?	deel3:p39
B:W25,27,28,30,31,32,33,34,36,37,38,42,43,48:B3,6,7,8,9,11,12,13,15,16,18,19,26	19-23	!	deel3:p39
W:W27,28,30,31,32,33,36,37,38,42,43,48:B3,6,7,8,9,11,12,13,16,26,40	27-21	!	deel3:p39
W:W22,25,27,31,32,33,35,36,37,38,42,43,45,48:B3,6,7,8,9,11,12,13,15,16,18,24,26,34	25-20	?	deel3:p40
B:W20,22,27,31,32,33,35,36,37,38,42,43,45,48:B3,6,7,8,9,11,12,13,15,16,18,24,26,34	34-40	!	deel3:p40
W:W27,29,30,32,33,34,35,37,38,39,42,44,49,50:B2,3,4,8,9,13,15,16,17,20,22,23,25,26	29x18	?	deel3:p45
B:W27,30,33,34,35,37,38,39,42,44,49,50:B2,3,4,8,9,13,15,16,17,20,25,26	13-18	!	deel3:p45
B:W25,26,30,31,35,36,37,38,40,41,42,43,44,48,49:B3,5,6,8,9,10,11,12,13,14,15,17,19,22,27	19-23	!	deel3:p47
W:W25,26,30,31,35,36,37,38,40,41,42,43,44,48,49:B3,5,6,8,9,10,11,12,13,14,15,17,22,23,27	37-32	?	deel3:p47
B:W25,26,30,31,32,35,36,38,40,41,42,43,44,48,49:B3,5,6,8,9,10,11,12,13,14,15,17,22,23,27	22-28	!	deel3:p47
B:W25,26,28,30,31,33,35,36,38,39,40,42,43,44,47,48,49:B3,5,6,8,9,10,11,12,13,14,15,17,18,19,22,24,27	18-23	?	deel3:p47
W:W25,26,28,30,31,33,35,36,38,39,40,42,43,44,47,48,49:B3,5,6,8,9,10,12,13,14,15,16,17,18,19,22,24,27	42-37	?	deel3:p48
W:W25,26,28,30,31,33,35,36,38,39,40,42,43,44,47,48,49:B3,5,6,8,9,10,11,12,13,14,15,17,18,19,22,24,27	39-34	?	deel3:p48
B:W25,26,28,30,31,33,35,36,38,39,41,42,43,44,49:B3,5,8,9,10,13,14,16,17,18,19,21,22,24,27	27-32	!	deel3:p49
W:W16,30,34,35,39:B13,19,23,24,42	16-11	?	deel3:p51
W:W21,22,27,30,34,35,43,45,49:B8,9,11,13,15,19,23,24,25	21-16	?	deel3:p55
W:W17,22,33,34,35,49:B6,8,19,23,24,25	34-29	!	deel3:p56
W:W25,33,35,39:B6,8,24	35-30	!	deel3:p57
W:WK2,25,35,39:B13,19,24,32	39-33	!	deel3:p57
W:W17,22,33,35,49:B6,8,13,15,28	35-30	!	deel3:p59
W:W17,22,30,49:B6,8,13,15,39	30-24	!	deel3:p59
B:W17,22,24,49:B6,8,13,15,39	6-11	!	deel3:p59
B:W6,22,24,49:B8,13,15,39	8-12	!	deel3:p59
W:W25,28,29,33,35,36:B9,11,12,17,18,22	29-24	!	deel3:p64
W:W24,25,28,29,30,33,35,36:B3,9,11,12,13,15,17,27	24-20	?	deel3:p64
B:W8,25,28,29,33,35,36:B3,9,11,12,17,27	27-31	!	deel3:p64
W:W24,25,28,29,30,33,35,36:B3,9,11,12,13,15,17,22	24-19	?	deel3:p64
B:W19,25,28,33,35,36:B3,9,11,12,17,27	9-13	!	deel3:p64
B:W23,24,25,29,30,33,35,36:B3,9,11,12,13,15,17,27	27-32	?	deel3:p64
W:WK27,23,29,33,35:B3,12,16,41	27-31	!	deel3:p65
W:WK31,23,29,33,35:B3,12,21,41	31-42	!	deel3:p65
W:WK38,23,29,33,35:BK47,3,11,12,17	38-42	!	deel3:p65
W:WK10,24,35,42:BK50,11,12	10-41	!	deel3:p65
W:W20,23,25,30,40,47:B4,8,9,14,26,32	40-34	?	deel3:p67
W:WK2,35,47:B10,15,24,30,32,36	47-42	!	deel3:p69
W:W12,40,49:BK25,13,23,24	40-34	!	deel3:p72
W:W22,23:BK21,26,35	23-19	!	deel3:p73
B:W26,30,32,44:B21,22,23,29,42	23-28	!	deel3:p74
W:WK31,30:BK46,15,19,43	30-24	!	deel3:p77
W:W19,29,32,33,35,37,42,43,45,46,47,48,49:B2,6,8,10,13,15,16,17,18,20,26,36	47-41	!	deel3:p82
B:W19,29,32,33,35,37,42,43,45,46,47,48,49:B2,6,8,9,10,15,16,17,18,20,26,36	17-21	?	deel3:p83
B:W26,27,32,33,34,35,36,39,42,43,44:B2,6,9,12,13,16,18,19,23,24,25	25-30	?	deel3:p84
W:W24,32,33,36,37,44:B6,11,13,16,17,25	32-27	!	deel3:p89
B:W22,28,32,33,34,36,37,39,40:B6,9,11,12,16,17,19,25,30	30-35	?	deel3:p90
W:W22,28,32,33,34,36,37,39,40:B6,9,11,12,16,17,19,25,35	33-29	!	deel3:p90
W:W22,28,32,33,34,36,37,39,40:B6,11,12,13,16,17,19,25,30	22-18	!	deel3:p90
W:W22,28,32,33,36,37,39,40:B6,11,12,13,14,16,17,30	22-18	!	deel3:p90
B:W19,32,33,36,37,39:B6,11,17,18,21,22	18-23	!	deel3:p91
B:W22,28,29,32,34,36,37,39,40:B6,9,11,12,17,19,21,25,30	19-23	!	deel3:p91
W:W22,28,32,33,34,36,37,39,40:B6,9,11,12,16,17,19,25,30	22-18	!	deel3:p91
B:W18,28,32,34,36,37,39,40:B6,9,11,17,19,21,25,30	19-24	!	deel3:p93
W:W18,23,31,34,37,39,44:B6,9,11,25,26,29,30	37-32	!	deel3:p93
B:W18,26,32,34,39,44:B9,16,17,24,25,35	24-30	!	deel3:p93
B:W18,28,32,34,36,37,39,40:B6,9,11,16,19,21,25,30	19-24	!	deel3:p93
B:W12,22,34,37,39,40:B6,23,25,29,30,36	30-35	?	deel3:p94
W:W15,27,29,32,33,34,36,39,40,42,43,45,46,47,48:B1,2,3,4,6,9,10,11,12,13,14,16,18,23,25	46-41	?	deel3:p97
B:W15,27,29,32,33,34,36,39,40,41,42,43,45,47,48:B1,2,3,4,6,9,10,11,12,13,14,16,18,23,25	14-20	!	deel3:p97
B:W18,22,27,32,33,34,36,39,40,41,42,43,45,47,48:B1,2,3,4,6,9,10,11,16,17,25	17x46	!	deel3:p97
B:W22,25,27,28,29,31,32,34,35,36,37,38,42:B6,7,8,11,12,13,14,16,18,19,20,23,26	19-24	!	deel3:p97
B:W22,25,27,29,30,31,32,34,35,36,37,38,42:B6,7,8,11,12,13,14,16,18,20,26	18-23	!	deel3:p97
B:W15,16,27,29,31,33,34,36,38,39,40,43,45,48:B4,6,7,8,9,11,13,14,17,18,19,22,23,25	17-21	!	deel3:p98
W:W15,27,29,31,33,34,35,36,39,42,43,45:B1,4,6,9,12,13,14,18,19,22,23,25	35-30	?	deel3:p98
B:W15,29,30,33,34,36,37,38,39,40,42:B4,7,9,11,13,14,17,18,19,23,25	23-28	!	deel3:p98
B:W15,29,30,33,34,36,37,38,39,40:B4,9,11,12,13,14,19,22,25,27	12-18	!	deel3:p98
B:W15,29,30,31,33,34,36,38,39,40:B4,9,11,13,14,18,19,22,25,27	19-23	!	deel3:p98
B:W15,29,30,31,34,36,39,40,42:B4,9,11,13,14,18,22,23,25	23-28	!	deel3:p98
B:W25,28,29,30,32,33,35,36,38,40,45,46,48,49:B1,3,6,8,9,10,12,13,14,16,17,18,19,24	10-15	?!	deel3:p100
W:W25,28,30,32,33,35,36,38,40,45,46,48,49:B1,3,6,8,9,12,13,14,16,17,18,19,24	28-23	!	deel3:p100
B:W23,25,30,32,33,35,36,38,40,45,46,48,49:B1,3,6,8,9,12,13,14,16,17,18,19,24	19x39	!	deel3:p101
B:WK5,25,32,35,36,38,40,45,46,48,49:B1,3,6,8,9,12,13,16,17,18,44	18-22	!	deel3:p101
W:WK5,25,32,35,36,38,40,45,46,48,49:B1,3,6,8,9,12,13,16,17,22,44	40-34	!	deel3:p101
W:WK5,25,32,34,35,36,38,45,46,48,49:BK50,1,3,6,8,9,12,13,16,17,22	38-33	!	deel3:p101
W:W25,34,35,36,45,46,48,49:B3,6,8,9,12,13,16,17	25-20	!	deel3:p101
W:W25,28,30,33,35,38,41:B3,7,14,15,17,18,19,29,31	33x2	!	deel3:p104
W:W25,28,29,30,32,33,35,36,37,38:B3,9,11,13,14,15,17,20,22,26	29-23	?	deel3:p104
B:W23,25,28,30,31,32,33,35,37,38:B3,9,11,14,15,17,19,20,22,26	3-8	!	deel3:p104
B:W23,25,27,28,30,31,33,35,37,38:B3,9,13,14,15,16,17,20,22,26	3-8	!	deel3:p105
W:W25,27,28,29,30,32,35,37:B3,13,14,15,16,20,21,26	27-22	?	deel3:p105
B:W22,25,28,29,30,32,35,37:B3,13,14,15,16,20,21,26	13-18	!	deel3:p105
W:W23,25,27,37,40,41,43:B7,11,12,14,16,21,26	23-19	!	deel3:p117
B:W24,25,28,30,32,33,40,45,47,48:B2,3,8,9,11,15,16,17,21,22	22-27	?	deel3:p124
W:WK4,27,28,32,38:B16,17,19,21,26,40	28-22	!	deel3:p124
W:WK13:B16,19,26,37,40,43	13x46	!	deel3:p124
W:W24,29,32,34,36,37,39,40,41,45,47,48:B2,3,8,9,12,13,15,17,18,23,25,26	32-28	?	deel3:p126
B:W24,28,29,34,36,39,40,41,45,47,48:B2,3,8,9,12,13,15,17,18,25,26	18-22	!	deel3:p126
B:W24,28,29,33,34,36,40,41,45,47,48:B2,3,8,9,12,13,15,17,22,25,26	13-19	!	deel3:p126
B:W26,27,29,32,33,34,35,36,38,39,40,42,43,44,45,46,48,49:B1,3,6,7,8,9,11,12,13,15,16,17,18,19,20,23,24,25	23-28	!	deel3:p126
B:W27,28,31,34,38,39,42,50:B6,7,9,15,16,17,19,25	17-21	?	deel3:p134
W:W22,25,27,31,32,35,36,37,38,39,41,42,43,45,49:B3,4,6,7,8,9,11,13,14,15,16,23,24,26,29	49-44	?	deel3:p134
B:W22,25,27,31,32,35,36,37,38,39,41,42,43,44,45:B3,4,6,7,8,9,11,13,14,15,16,23,24,26,29	23-28	!	deel3:p134
W:W25,26,28,31,32,33,34,36,39,43,45,49:B3,6,8,9,11,13,14,16,17,22,24,30	34-29	?	deel3:p134
B:W25,29,30,32,33,34,35,36,37,38,41,42,43,48:B3,6,9,13,14,15,16,17,18,19,20,21,23,26	20-24	?	deel3:p136
W:W25,30,32,33,34,35,36,37,38,41,42,43,48:B3,6,9,13,14,16,17,18,19,21,23,24,26	32-28	!	deel3:p136
W:W15,27,29,33,34,36,37,39,40,41,42,43,45,46,47,48:B1,2,3,4,6,8,9,10,11,13,14,16,18,23,25,26	42-38	?	deel3:p136
W:W15,27,29,32,33,34,36,38,39,40,42,43,45,46,48:B2,4,6,7,8,9,10,11,12,13,14,16,18,23,25	46-41	?	deel3:p136
B:W27,28,30,32,33,35,38,39,41,48:B8,10,11,12,14,16,18,19,23,24	11-17	?	deel3:p140
B:W22,28,32,33,34,36,37,39,44:B6,9,11,12,16,17,19,24,25	9-13	?	deel3:p140
W:W22,28,32,33,34,36,37,39,44:B6,11,12,13,16,17,19,24,25	34-30	!	deel3:p140
B:W22,28,31,32,33,34,37,39,44:B6,11,12,14,16,17,19,24,25	14-20	?	deel3:p140
W:W31,35,37,38,39,42,43,44,45,46,47,48,49:B2,3,4,5,6,7,9,12,15,16,19,25,26,28	37-32	!	deel4:p3
B:W22,31,35,36,37,39,41,45,46,48:B2,3,10,11,12,13,16,19,20,26	12-17	?	deel4:p9
B:W18,34,36,37,38,41,43,44,45,46,48,50:B2,3,4,5,6,7,8,9,16,20,26,28,35	5-10	?	deel4:p9
B:W27,30,33,35,36,37,38,41,42,44,45,46,48:B2,3,4,6,7,10,11,12,14,17,20,23,26	14-19	?	deel4:p9
B:W27,30,33,35,36,37,41,42,43,44,45,46,48:B2,3,6,8,9,10,12,13,16,17,18,19,26	18-23	?	deel4:p9
B:W25,26,30,31,35,36,38,39,40,41,43,44,46,47,48,49,50:B1,2,3,4,5,7,9,11,12,13,14,16,17,18,19,24,28	5-10	?	deel4:p9
B:W22,30,34,35,36,37,38,39,40,41,42,45,46,48:B2,3,4,6,8,9,10,11,12,13,14,16,19,26	12-17	?	deel4:p9
W:W25,28,32,34,35,36,38,39,40,42,43,45,46,47,48,49:B2,3,4,5,6,8,9,10,11,13,14,15,17,18,21,24	46-41	?	deel4:p10
W:W26,28,29,32,33,34,36,38,39,41,42,44,48,49,50:B2,3,5,6,7,8,9,10,12,15,16,17,20,22,25	29-23	?	deel4:p10
B:W27,30,33,35,36,37,39,41,42,43,44,45,46,48,49,50:B2,3,4,5,6,8,9,12,13,15,16,17,19,20,23,26	5-10	?	deel4:p16
B:W24,28,29,30,34,36,37,38,39,41,43,44,45,46,48:B2,3,4,9,10,11,13,15,17,19,20,21,25,26,27	2-8	?	deel4:p16
B:W18,25,28,37,39,40,41,42,43,44,45,46,48:B2,3,4,8,9,10,14,15,16,17,19,26,35	8-13	?	deel4:p16
B:W22,25,30,32,35,36,37,38,40,41,42,43,45,46,48,50:B2,3,4,6,8,10,11,12,13,14,15,16,19,23,26,29	12-17	?	deel4:p16
B:W25,26,29,31,33,36,37,39,40,41,43,44,45,46,48,49:B2,4,6,7,10,11,12,13,14,15,17,18,19,22,27,28	4-9	?	deel4:p17
B:W25,27,33,35,37,38,39,40,41,42,43,44,45,46,47,48,49:B1,2,3,6,7,8,9,10,12,14,15,16,17,19,23,24,26	8-13	?	deel4:p17
B:W25,28,30,33,34,35,36,38,41,42,43,45,46,48,49,50:B1,2,3,6,8,9,10,11,12,13,14,15,16,19,24,26	11-17	?	deel4:p17
B:W25,27,30,33,35,36,37,40,41,42,43,46,47,48,49,50:B1,2,3,4,7,8,9,10,13,15,16,17,18,19,24,26	18-23	?	deel4:p17
B:W25,27,30,33,35,36,37,40,41,42,43,46,47,48,49,50:B1,2,3,4,7,8,9,10,13,15,16,17,18,19,24,26	7-12	?	deel4:p17
B:W27,30,31,33,36,37,38,39,40,41,42,43,45,46,48,49:B2,3,5,6,7,8,9,11,12,13,15,16,17,19,23,26	5-10	?	deel4:p18
W:W25,28,34,35,37,38,39,40,41,42,43,44,45:B3,5,8,9,10,11,13,14,15,16,18,21,24	37-32	?	deel4:p18
B:W6,33,35,38,40,42,43,44,45:BK46,3,5,8,9,13,15,16,21	21-27	?	deel4:p18
W:W25,26,27,33,34,37,38,39,40,41,42,43,45,47,49:B3,5,6,8,9,10,12,13,14,15,16,17,19,24,36	37-32	?	deel4:p19
W:W26,27,28,31,32,36,41,43,44,45,50:B2,4,5,6,7,8,9,13,17,18,29,34	28-23	?	deel4:p19
B:W23,26,27,31,32,36,41,43,44,45,50:B2,4,5,6,7,8,9,13,17,18,29,34	17-21	!	deel4:p19
W:W24,27,28,29,32,33,34,36,37,38,39,40,41,42,44,45,49:B2,3,4,5,6,8,9,10,12,13,15,16,18,20,21,25,26	28-23	?	deel4:p19
W:W23,24,27,29,32,33,34,36,38,39,40,43,45,46,48,49:B2,3,4,5,7,8,9,10,12,13,14,15,16,18,25,26	46-41	?	deel4:p19
W:W28,29,32,33,34,35,36,38,39,41,42,45,48,49:B2,3,4,5,6,8,11,13,15,17,18,20,21,24	28-23	?	deel4:p20
W:W25,27,32,33,34,35,36,37,38,39,42,45,47,48,49:B2,3,5,6,8,9,10,13,15,16,17,18,21,23,26	47-41	?	deel4:p20
W:W25,28,31,32,34,35,40,41,42,43,45,48,49:B2,3,5,8,9,10,14,15,16,17,18,21,24	31-27	?	deel4:p20
W:W25,27,28,32,34,36,38,39,42,43,44,46,47,48,49:B2,3,5,6,7,8,9,10,11,12,14,15,16,18,24	46-41	?	deel4:p20
B:W24,28,33,34,36,38,39,40,41,43,45,46,47,48,49:B1,2,3,4,7,8,9,10,12,13,14,16,17,25,26	14-19	?	deel4:p22
W:W24,28,33,34,36,38,39,40,41,43,45,46,47,48,49:B1,2,3,4,7,8,9,10,12,13,16,17,19,25,26	33-29	!	deel4:p22
B:W28,31,35,37,38,39,42,43,44,45,46,47,48,49:B2,3,4,5,6,7,9,12,15,16,17,19,25,26	5-10	?	deel4:p29
W:W23,25,26,30,33,35,39,40,41,42,43,45,47,48,49:B3,4,5,6,8,9,11,12,13,14,15,16,17,20,32	39-34	?	deel4:p29
B:W23,25,26,30,33,34,35,40,41,42,43,45,47,48,49:B3,4,5,6,8,9,11,12,13,14,15,16,17,20,32	32-38	!	deel4:p29
W:W23,25,26,30,33,35,39,40,41,42,43,45,47,48,49:B3,4,5,6,8,9,11,12,13,14,15,16,17,20,32	42-37	?	deel4:p29
W:W23,25,26,30,33,35,39,40,41,42,43,45,47,48,49:B3,4,5,6,8,9,11,12,13,14,15,16,17,20,32	33-28	?	deel4:p29
W:W23,27,32,34,35,37,39,40,41,42,43,44,45,47,48,50:B1,2,3,4,5,7,8,9,13,14,15,16,17,20,25,26	42-38	?	deel4:p29
W:W23,27,32,34,35,37,39,40,41,42,43,44,45,47,48,50:B1,2,3,4,5,7,8,9,13,14,15,16,17,20,25,26	39-33	?	deel4:p29
B:W23,27,32,33,34,35,37,40,41,42,43,44,45,47,48,50:B1,2,3,4,5,7,8,9,13,14,15,16,17,20,25,26	26-31	!	deel4:p29
B:W23,26,27,32,33,34,35,40,41,42,43,44,45,47,48,50:B1,2,3,4,5,7,8,9,13,14,15,16,17,20,25	14-19	!	deel4:p29
W:W23,27,32,34,35,37,39,40,41,42,43,44,45,47,48,50:B1,2,3,4,5,7,8,9,13,14,15,16,17,20,25,26	34-29	?	deel4:p29
B:W28,29,31,33,35,36,37,38,39,41,42,43,44,46,47,48,49,50:B1,2,3,4,6,7,8,9,10,12,13,14,16,17,18,19,24,26	14-20	?	deel4:p34
W:W28,31,33,35,36,37,38,39,41,42,43,44,46,47,48,49,50:B1,2,3,4,6,7,8,9,10,12,13,16,17,19,20,24,26,29	38-32	!	deel4:p34
B:W22,28,32,33,34,35,36,38,39,40,41,42,43,44,45,46,48,49:B2,3,4,5,6,7,8,9,11,13,15,16,17,19,20,21,24,26	5-10	?	deel4:p34
W:W22,33,34,35,36,38,39,40,41,42,43,44,45,46,48,49:B2,3,4,6,7,8,9,10,11,13,15,16,17,19,20,23,24,26	33-28	?	deel4:p34
W:W25,27,32,35,37,40,41,42,45,46,47,48:B2,4,6,8,9,10,11,16,17,18,21,24,26,39	37-31	!	deel4:p35
W:W15,28,31,32,33,34,36,37,38,39,41,42,43,44,45,46,48:B3,4,6,7,8,9,10,11,13,16,17,18,19,21,22,25,26	28-23	!	deel4:p35
W:W15,31,32,33,36,37,38,39,41,42,43,45,46,48:BK49,3,4,6,7,8,9,10,11,13,16,17,19,21,22,25,26	33-28	!	deel4:p35
B:W25,28,30,31,32,33,34,35,36,37,39,40,41,42,43,45,46,47,48:B3,4,6,7,8,9,10,11,12,13,14,15,16,17,19,21,23,24,26	23-29	?	deel4:p37
B:W24,25,26,31,33,34,36,38,39,40,41,43,44,45,46,48,49,50:B2,3,4,6,7,8,9,10,11,12,13,14,15,17,22,23,27,28	14-19	?	deel4:p38
W:W24,25,26,31,33,34,36,38,39,40,41,43,44,45,46,48,49,50:B2,3,4,6,7,8,9,10,11,12,13,15,17,19,22,23,27,28	38-32	?	deel4:p38
B:W21,25,28,30,33,35,36,37,38,40,41,42,45,46,48:B1,3,4,8,9,10,11,12,13,14,17,18,19,24,26	18-23	?	deel4:p38
B:W25,28,30,33,34,35,36,38,41,42,43,46,48,49:B2,3,4,6,9,10,11,13,14,18,19,21,24,26	11-17	?	deel4:p39
W:W25,26,32,34,35,36,37,38,39,40,41,42,43,44,45,47,48,49:B2,3,4,5,6,8,9,10,12,14,15,16,17,18,19,22,23,29	37-31	?	deel4:p40
W:W30,31,35,36,38,39,40,42,43,44,45,47,48,49:BK46,2,3,4,5,6,8,9,12,15,16,22	47-41	?	deel4:p41
W:W25,26,27,31,32,33,34,36,37,38,39,41,43,44,49:B3,5,6,9,10,11,13,14,15,16,17,19,21,23,30	27-22	!	deel4:p42
W:W25,26,27,31,32,33,34,36,37,38,39,41,43,44,49:B3,5,6,9,10,11,13,14,15,16,17,19,21,23,30	33-29	?	deel4:p42
B:W25,26,27,29,31,32,34,36,37,38,39,41,43,44,49:B3,5,6,9,10,11,13,14,15,16,17,19,21,23,30	17-22	!	deel4:p42
W:W23,24,26,29,32,33,34,35,36,37,38,39,41,44,45,47,48,49:B2,3,5,6,7,9,10,12,14,15,16,17,18,20,21,22,25,27	37-31	?	deel4:p42
B:W23,24,25,26,29,31,32,33,35,36,38,39,41,44,45,47,48,49:B2,3,5,6,7,9,10,12,14,15,16,17,18,20,21,22,27	14-19	!	deel4:p42
B:W26,29,31,32,33,35,36,39,43,44,45,47,49:BK46,2,5,6,9,11,12,15,16,17,21,22,27	46x34	!	deel4:p42
W:W25,27,32,33,34,35,37,38,39,41,42,44,45,47,48,49,50:B2,3,4,5,8,9,10,12,13,14,15,16,17,18,23,24,26	33-28	?	deel4:p42
B:W14,29,45:BK44,15	44-28	!	deel4:p45
B:W23,32:BK42	42-47	!	deel4:p45
W:W29,33,34,42,47,50:B7,15,16,18,20,38	29-24	!	deel4:p54
W:W33,42,47,50:B7,15,16,18,38,40	50-45	!	deel4:p54
B:W15,25,26,27,31,36,38,39,43,44,45,48:B4,7,10,11,13,14,16,17,18,23,35	23-29	?	deel4:p57
W:WK20,15,25,36,39,48:B4,10,14,16,19,37,40	20x9	!	deel4:p58
B:W26,29,32,33,34,35,37,39,41,42,44,47,48,49,50:B1,2,3,4,6,8,10,11,14,15,16,17,18,20,24	1-7	?	deel4:p58
B:W26,28,29,32,33,34,35,36,38,39,42,44,46,47,48,49,50:B2,3,4,6,7,8,9,10,12,15,16,17,18,20,21,22,24	21-27	?	deel4:p59
W:W24,26,28,29,33,36,38,39,41,42,43,44,45,47,48,49,50:B2,3,4,5,6,7,8,9,12,13,15,17,18,20,22,25,27	41-37	?	deel4:p62
B:W18,24,26,33,36,39,42,43,44,45,48,49,50:B2,3,4,5,6,7,8,9,13,15,20,25	20x47	!	deel4:p62
W:W24,26,28,29,33,36,38,39,41,42,43,44,45,47,48,49,50:B2,3,4,5,6,7,8,9,12,13,15,17,18,20,22,25,27	42-37	?	deel4:p62
B:W19,26,30,32,36,37,41,44,45,47,48,49,50:B2,3,4,5,6,7,8,9,13,15,17,25	13x35	!	deel4:p62
W:W24,26,33,36,38,39,41,42,43,44,45,47,48,49,50:B2,3,4,5,6,7,8,9,13,15,17,20,22,25,27,32	33-28	!	deel4:p63
W:W24,26,28,29,33,36,38,39,40,41,42,43,44,47,48,49,50:B2,3,4,5,6,7,8,9,12,13,15,17,20,22,23,25,27	28x19	?	deel4:p63
B:W21,24,32,37,39,47,48,49,50:B3,6,7,13,14,15,18,25,45	3-8	!	deel4:p63
W:W24,26,28,29,33,34,36,38,40,41,42,43,44,47,48,49,50:B2,3,4,6,7,8,9,12,13,14,15,17,18,20,22,25,27	38-32	?	deel4:p63
W:W24,26,28,29,33,34,36,38,40,41,42,43,44,47,48,49,50:B2,3,4,6,7,8,9,12,13,14,15,17,18,20,22,25,27	41-37	?	deel4:p63
W:W22,33,34,35,36,37,38,44,45,48:B6,7,8,9,12,13,15,21,24,25	48-42	?	deel4:p75
W:W24,25,30,31,33,35,36,38,39,44,45,46,47,49:B1,2,3,4,7,9,10,13,15,16,17,19,22,23	39-34	?	deel4:p75
W:W28,29,31,33,34,35,36,37,39,40,43,44,45,47,48,49:B2,3,6,7,8,12,13,14,15,16,18,19,20,21,24,25	43-38	?	deel4:p75
B:W11,22,25,29,33,36,37,44,45,47,48,49:B3,6,14,15,16,20	6x50	!	deel4:p75
B:W14,22,25,27,34,35,46,48:B5,6,12,16,23,26,36,37	36-41	?	deel4:p92
B:W22,24,30,33,34,35,46,48:B4,12,23,25,36,37	36-41	?	deel4:p92
B:W24,27,29,33,34,36,37,39,40,41,42,45,46,47,48:B2,3,6,8,9,10,12,13,14,15,16,17,20,25,26	14-19	?	deel4:p92
B:W27,28,30,31,35,37,40,42,43,45,46,47,48:B3,9,10,12,13,14,16,17,18,19,20,24,26	20-25	?	deel4:p92
B:W25,27,35,36,37,38,40,41,43,45,46,48,49,50:B2,3,5,8,9,11,12,13,14,17,18,19,23,26	5-10	?	deel4:p92
B:WK4,22,33,35,36,37,38,40,42,43,44,45,47,48,49:B3,6,7,8,9,13,16,20,23,24,26	13-19	!	deel4:p92
B:W22,28,29,33,37,39,41,46,48,50:B6,8,10,11,13,17,19,21,25,26	25-30	?	deel4:p93
B:WK4,16,21:B7,32	32-37	?	deel6:p17
B:WK4,16,21:B7,32	32-38	?	deel6:p17
W:WK4,16,21:B7,38	4-27	!	deel6:p17
W:WK27,16,21:B7,42	16-11	!	deel6:p17
W:WK18:B27,42	18x48	!	deel6:p17
W:W15,29,34,36,37,38,39,43,47,49:B2,4,6,8,13,17,18,19,25,27	29-23	!	deel6:p18
B:W25,26,30,31,34,35,36,37,38,39,43,45,49:B8,9,11,12,13,14,15,18,19,22,23,24,27	12-17	!	deel6:p18
B:W25,30,32,34,35,38,39,40,43,49:B9,12,13,14,15,18,19,23,24,27	18-22	!	deel6:p19
B:W21,25,30,34,35,38,39,40,43,49:B9,12,13,14,15,19,22,23,24	13-18	!	deel6:p19
W:W21,25,30,34,35,38,39,40,43,49:B9,12,14,15,18,19,22,23,24	49-44	?	deel6:p19
W:W31,32,33,34,38,39:B3,13,17,24,25,35	32-28	?	deel6:p22
B:W28,31,33,34,38,39:B3,13,17,24,25,35	13-18	!!	deel6:p22
B:W14,18,26,28,29,33,39:BK50,3,15,17	3-9	!	deel6:p23
W:W14,26,27,28,29,38,39:BK50,3,15,17,18	28-22	!	deel6:p23
W:W16,32,33,35,39,40,42:B8,9,13,14,17,18,31	32-27	!	deel6:p26
W:W16,33,35,39,40,42:B8,9,13,14,17,18,22	42-37	!	deel6:p26
B:W16,25,28,32,33,35,37:B8,13,17,18,19,24,36	8-12	!	deel6:p26
B:W25,27,28,30,32,35,37,38,39,47,48:B6,8,11,12,13,14,15,19,23,26,29	14-20	!	deel6:p28
W:W25,27,28,30,32,33,35,37,47,48:B6,8,11,12,13,14,19,20,23,26	37-31	!	deel6:p28
W:W25,27,28,32,33,34,35,37:B8,11,14,16,19,23,24,26	37-31	!	deel6:p28
W:W25,33,34,35,41:B8,11,14,16,19,21,24	34-29	!	deel6:p28
B:W24,25,26,30,34,35,37:B13,14,15,18,19,27,28	28-33	?	deel6:p30
W:W24,25,26,30,34,35,37:B13,14,15,18,19,27,33	24-20	!	deel6:p30
W:W25,26,30,34,35,37:B13,14,18,19,24,27,33	37-32	!	deel6:p30
W:W25,26,30,34,35:B13,14,18,19,24,33,38	34-29	!	deel6:p30
W:W25,26,30,35:B4,18,19,38,39	30-24	!	deel6:p30
B:W25,31,32,33,35,36,37,38,39,40,41,43,44,45,46,47,48,49:B1,2,3,4,6,7,8,9,11,12,13,14,15,16,17,18,19,23	14-20	?	deel6:p34
B:W28,30,31,32,33,34,36,38,39,40,43,45,48,49:B2,3,6,7,8,13,14,15,16,17,19,20,22,23	20-25	?	deel6:p35
B:W28,30,31,32,33,34,36,38,39,40,43,45,48,49:B2,3,6,7,8,13,14,15,16,17,19,20,22,23	20-24	?	deel6:p35
B:W26,27,30,31,33,34,36,38,42:B7,8,11,12,16,19,25	16-21	!	deel6:p35
W:W24,27,28,29,32,37,38:B7,12,14,16,17,18,21	29-23	!	deel6:p36
W:W27,28,32,37,38:B7,12,14,16,17,20,21	27-22	!	deel6:p36
W:W24,28,29,32,37,38:B7,11,14,16,17,21,27	29-23	!	deel6:p36
B:W24,27,28,31,33,36,38,42:B6,7,12,13,14,16,17,22	13-19	!	deel6:p36
B:W8,31,33,36:B6,7,16,17,20,32	16-21	!	deel6:p36
B:W20,27,28,31,33,36,38,42:B6,7,13,16,17,18,19,22	16-21	!	deel6:p36
W:W24,32,33,34,36,39,43,44,47:B4,7,8,12,13,19,22,25,26	44-40	?	deel6:p37
B:W32,33,34,35,36,39,43,47:B4,7,8,12,13,22,25,26,30	22-28	!!	deel6:p37
W:W26,27,28,31,32,35,37,38,40,41,42,43,44,45,46,49,50:B1,3,5,6,7,8,11,12,13,15,16,17,18,19,21,23,29	40-34	!	deel6:p38
W:W19,24,29,33,34,35,38,39,42,45,47,49:B2,3,4,8,10,13,15,18,25,26,27,36	45-40	?	deel6:p41
W:W19,24,27,29,32,34,37,38,39,40,42,43,44,45,47,49:B2,3,4,6,8,9,10,13,15,16,17,18,21,25,26	29-23	?	deel6:p41
B:W10,34,37,38,39,40,42,43,44,45,47,49:B2,3,4,6,8,9,13,15,16,21,24,25,26	25-30	!	deel6:p41
B:W10,25,37,38,39,40,42,43,44,45,47,49:B2,3,4,6,8,9,13,15,16,21,24,26	15-20	!	deel6:p41
W:W23,25,29,30,32,34,35,37,42,47,49:B2,3,4,8,13,14,15,22,26,31,36	23-18	?	deel6:p43
W:W23,25,29,30,32,34,35,37,42,47,49:B2,3,4,8,13,14,15,22,26,31,36	29-24	?	deel6:p43
B:W16,31,32,34,35,36,39,41,42,43,44,45,46,47,48,49,50:B1,2,3,4,6,7,8,9,10,11,12,13,14,15,17,24,25	24-29	!	deel6:p46
B:W6,24,33,36,41,46:B2,4,9,13,16,21,27	2-7	!	deel6:p46
B:W26,27,28,32,33,34,35,38,39,43,45:B1,8,12,13,16,17,19,20,23,24,25	1-6	?	deel6:p47
B:W26,27,28,32,33,34,35,38,39,43,45:B1,8,12,13,16,17,19,20,23,24,25	1-7	?	deel6:p47
B:W16,26,28,32,33,35,38,39,40,45,48:B1,8,12,13,15,17,19,20,23,24	12-18	!	deel6:p47
W:W31,32,33,34,35,39,45:B11,19,20,22,23,24,25	45-40	!	deel6:p48
B:W16,26,33,34,35,38,39,45:B11,18,19,20,22,23,24,25	22-28	!	deel6:p48
B:W26,27,33,34,35,38,45:B7,10,17,18,23,24	10-14	!	deel6:p48
B:W24,28,29,33,34,36,37,39,40,42,45,47,48,49:B2,3,6,7,8,10,13,14,15,16,20,21,25,26	14-19	?	deel6:p55
B:W27,28,30,32,34,38,48:B12,16,17,18,20,21,25	18-23	!	deel6:p55
B:W19,27,30,32,34,38,48:B12,16,17,20,21,25	12-18	!	deel6:p55
W:W19,27,30,32,34,38,48:B12,16,17,21,24,25	32-28	!	deel6:p55
B:W22,27,32,33,35,37,38,45:B12,15,16,18,21,25,26,34	34-39	!	deel6:p55
B:W27,28,31,32,33,34,35,36,37,38,39,40,42,43,45,48:B2,3,6,7,8,9,11,12,13,15,16,19,21,23,24,25	13-18	?	deel6:p56
B:W22,27,31,32,33,34,35,36,37,38,39,40,42,43,45,48:B2,3,6,7,8,9,11,12,13,15,16,19,23,24,25,26	11-17	?	deel6:p56
B:W22,27,31,32,33,34,35,36,37,38,39,40,42,43,45,48:B2,3,6,7,8,9,11,12,13,15,16,19,23,24,25,26	12-18	?	deel6:p56
B:W22,27,31,32,33,34,35,36,37,38,39,40,42,43,45,48:B2,3,6,7,8,9,11,12,13,15,16,19,23,24,25,26	12-17	?	deel6:p56
W:W27,31,32,33,36,38,39,40,42,44,45,47,48:B3,6,7,8,9,13,14,15,16,18,19,21,23	31-26	?	deel6:p57
B:W26,27,32,33,36,38,39,40,42,44,45,47,48:B3,6,7,8,9,13,14,15,16,18,19,21,23	23-28	!	deel6:p57
B:WK23,26,29,33,36,42,44,45,47,48:B3,6,8,9,14,15,16,19	19x50	!	deel6:p57
W:W27,28,31,32,33,34,39,40,45,47,48:B3,8,9,13,15,16,17,18,19,23,24	27-21	!	deel6:p58
B:W17,33,45,47,48:B8,9,13,15,30,32	8-12	!	deel6:p60
W:W21,26,39,40,45,47,48:B3,8,9,13,15,19,24,32	21-17	?	deel6:p60
W:W21,26,39,40,42,45,48:B3,9,12,13,15,19,30,32	21-17	?	deel6:p60
B:W21,26,35,39,42,45,48:B3,9,12,13,15,19,30,32	19-24	!	deel6:p60
W:W21,26,35,39,42,45,48:B3,9,12,13,15,24,30,32	21-17	?	deel6:p60
B:W21,26,39,42,45,47:B3,8,9,13,15,30,38	30-34	!	deel6:p60
W:W16,26,34,39,42,45,47:B3,8,13,14,15,23,32,35	16-11	?	deel6:p60
B:W11,26,30,39,42,45,47:B3,9,12,13,15,23,32,40	12-17	!	deel6:p61
W:W28,30,31,32,33,36,38,42:B6,7,12,13,14,16,17,22	31-27	?	deel6:p68
B:W29,30,31,33,34,35,36,37,39,40,41,42,43,45,49:B6,8,9,10,13,14,15,16,17,18,19,22,23,25,26	23-28	!	deel6:p68
B:W24,28,29,32,34,39,40,42,43,45,47,49:B6,8,9,10,13,15,16,18,20,23,25,26,31	31-37	?	deel6:p68
W:W29,30,31,33,34,35,36,37,39,40,42,43,45,47,49:B6,8,9,10,13,14,15,16,17,18,19,21,22,23,25	30-24	!	deel6:p68
B:W24,29,31,33,34,36,37,39,40,42,43,45,47,49:B6,8,9,10,13,14,15,16,17,18,22,23,25,27	14-19	?	deel6:p68
W:W26,29,33,34,36,37,39,40,42,43,45,47,49:B6,8,9,10,13,15,16,17,18,22,23,25,27,30	33-28	!	deel6:p68
W:WK5,22,33,36,42,45,47,49:BK50,6,13,15,25,34,40	22-18	!	deel6:p68
W:W24,29,31,33,34,36,37,39,40,42,43,45,47,49:B6,8,9,10,13,15,16,17,18,20,22,23,25,27	34-30	!	deel6:p68
B:W20,31,33,34,36,37,39,40,42,43,45,47,49:B6,9,10,12,13,14,16,17,18,22,23,25,27	25-30	!	deel6:p69
B:W20,25,31,33,36,37,39,40,42,43,45,47,49:B6,9,10,12,13,14,16,17,18,22,23,27	23-29	!	deel6:p69
W:W27,30,32,33,34,35,36,37,39,41,42,43,44,45,46,47,48,49:B2,3,4,5,6,7,8,11,12,13,15,16,17,18,19,20,23,26	30-25	?	deel6:p71
B:W25,27,32,33,34,35,36,37,39,41,42,43,44,45,46,47,48,49:B2,3,4,5,6,7,8,11,12,13,15,16,17,18,19,20,23,26	19-24	!	deel6:p71
B:W16,21,25,32,35,36,38,39,42,44,45,46,47,48:B6,7,8,9,11,12,13,14,15,17,19,23,24,26	13-18	?	deel6:p73
W:W16,21,25,35,36,38,39,42,44,45,46,47,48:B6,7,8,9,11,12,13,14,15,17,24,26,28	42-37	!	deel6:p73
B:W16,21,25,31,35,37,38,39,42,44,45,46,47,48:B6,7,8,9,11,12,13,14,15,17,19,23,24,26	23-28	?	deel6:p73
W:W16,21,25,31,35,37,38,39,42,44,45,46,47,48:B6,7,8,9,11,12,13,14,15,17,19,24,26,28	25-20	!	deel6:p73
W:W16,21,31,35,37,38,39,42,44,45,46,47,48:B6,7,8,9,11,12,13,15,17,19,24,25,26,28	37-32	!	deel6:p73
B:W16,21,25,31,35,37,38,39,42,44,45,46,47,48:B6,7,8,9,11,12,13,14,15,17,19,23,24,26	13-18	?	deel6:p73
B:W16,21,25,27,30,35,37,38,39,40,42,46,47,48:B6,7,8,11,12,13,14,15,17,19,24,26,28,29	15-20	?	deel6:p74
B:W10,14,16,18,29,35,40,46,47,48:B6,7,8,11,12,26,37	12x45	!	deel6:p74
B:W16,21,25,31,34,35,36,37,38,42,46,48:B6,7,11,12,13,14,17,18,19,22,24,26	24-30	?	deel6:p78
W:W16,21,25,31,35,36,37,38,39,42,46,48:B6,7,11,12,13,14,17,18,19,22,24,26	39-34	?	deel6:p78
B:W16,21,25,31,35,36,37,38,39,42,46,48:B6,7,11,12,13,14,17,18,19,22,24,26	18-23	?	deel6:p78
W:W16,21,25,31,35,36,37,38,39,42,46,48:B6,7,11,12,13,14,17,19,22,23,24,26	31-27	!	deel6:p78
W:W16,21,25,32,35,38,39,41,42,43:B6,7,11,12,14,18,19,23,24,26,31	21-17	!	deel6:p78
W:W16,21,25,31,35,36,37,38,39,42,46,48:B6,7,11,12,13,14,17,18,19,22,24,26	31-27	!	deel6:p79
W:W16,25,27,32,35,38,39,42,48:B6,7,11,12,14,18,19,21,23,24	27-22	?	deel6:p79
B:W16,28,29,30,32,33,34,37,38,41,42,43,45,47,49:B2,4,6,7,8,11,12,13,14,15,17,18,19,22,26	22-27	?	deel6:p81
W:W16,21,29,30,33,34,37,38,41,42,43,45,47,49:B2,4,6,7,8,12,13,14,15,18,19,22,26	29-24	!	deel6:p81
B:W16,21,30,33,35,36,37,38,40,43,44,45,47:B4,6,7,8,9,11,12,15,17,19,20,24,26	20-25	?	deel6:p81
W:W16,21,30,33,35,36,37,38,40,43,44,45,47:B4,6,7,8,9,11,12,15,17,19,24,25,26	33-28	!	deel6:p81
W:W24,29,32,34,36,37,39,40,42,43,47,48,49:B1,2,3,7,8,13,14,15,16,17,20,25,26	32-28	?	deel6:p84
B:W24,28,29,34,36,37,39,42,43,47,48,49:B1,2,3,7,8,13,15,16,17,20,25,26	13-18	!	deel6:p84
W:W24,28,29,34,36,37,39,42,43,47,48,49:B1,2,3,7,8,15,16,17,18,20,25,26	24-19	?	deel6:p84
B:W24,28,29,34,36,37,39,42,43,47,48,49:B1,2,3,7,8,13,15,16,17,20,25,26	17-22	?	deel6:p84
W:W17,24,29,34,36,37,39,42,43,47,48,49:B1,2,3,7,8,15,16,18,20,25,26	17-12	!	deel6:p84
W:W24,29,34,36,37,39,42,43,47,48,49:B1,2,3,7,15,16,17,18,20,25,26	24-19	!	deel6:p84
B:W19,29,32,34,36,39,42,43,47,48,49:B1,3,7,8,15,16,17,18,20,25,26	3-9	?	deel6:p85
B:W19,29,32,34,36,39,40,42,43,47,48:B1,7,8,9,15,16,18,20,22,25,26	7-12	?	deel6:p85
B:W19,29,32,34,36,37,38,39,42,47,48,49:B1,2,3,7,8,15,16,17,18,20,25,26	3-9	?	deel6:p85
W:W19,29,32,34,36,37,38,39,42,47,48,49:B1,2,7,8,9,15,16,17,18,20,25,26	29-24	!	deel6:p85
W:W19,36,42,47,48,49:B1,2,7,8,9,15,16,17,18,25,27,37	42x4	!	deel6:p85
B:W19,29,32,34,36,37,38,39,40,42,47,48:B1,2,7,8,9,15,16,18,20,22,25,26	26-31	!	deel6:p86
B:W24,29,31,32,33,34,36,39,40,41,42,43,44,45,46,47,49:B1,2,4,6,7,8,9,10,12,13,14,15,16,18,20,22,25	16-21	!	deel6:p89
W:W24,29,31,32,33,34,36,39,40,41,42,43,44,45,46,47,49:B1,2,4,6,7,8,9,10,12,13,14,15,18,20,21,22,25	31-26	?	deel6:p90
B:W24,26,29,32,33,34,36,39,40,41,42,43,44,45,46,47,49:B1,2,4,6,7,8,9,10,12,13,14,15,18,20,21,22,25	21-27	!	deel6:p90
B:W24,29,31,32,34,36,39,42,43,46,47,49:B1,2,4,6,7,8,12,13,15,16,20,25	12-18	!	deel6:p90
W:W26,31,33,34,35,36,42,43,44,45:B3,4,5,7,9,12,17,20,22,32	44-39	?	deel6:p91
B:W19,29,31,32,33,34,35,36,37,38,40,42,43,45,48:B3,6,7,8,9,11,12,15,16,17,18,20,22,25,26	9-13	?	deel6:p91
B:W19,28,29,31,32,34,39,40,42,45,47,48,49:B2,3,4,8,9,11,12,15,16,18,20,21,25	9-13	?	deel6:p92
B:W26,31,33,34,35,36,39,43,47:B13,14,15,16,17,18,22,28,32	17-21	!	deel6:p92
B:W22,34,35,36,39,43,47:B11,13,14,15,16,32	32-37	!	deel6:p92
B:W26,31,33,34,35,36,39,42,43:B14,15,16,17,18,19,22,28,32	19-23	!	deel6:p92
B:W26,27,31,33,34,35,36,39,43:B15,16,17,18,20,22,23,28	20-24	!	deel6:p92
B:W18,26,31,33,34,36,39,43:B9,15,16,17,25,37	37-42	!	deel6:p92
W:W24,26,31,33,36,39,41,43,45,48,49:B11,12,13,14,15,16,17,18,22,28,32	33-29	?	deel6:p93
B:W24,26,29,31,36,39,41,43,45,48,49:B11,12,13,14,15,16,17,18,22,28,32	32-38	!	deel6:p93
B:W26,29,31,34,36,45,48,49:BK46,11,12,14,15,16	11-17	?	deel6:p93
B:W19,23,28,29,33,34,35,36,37,38,39,42,48:B3,7,8,9,12,15,17,20,22,25,26,27,31	27-32	?	deel6:p93
W:W18,23,29,33,34,35,39,42,48:B3,4,7,8,20,25,26,41	33-28	!	deel6:p93
B:W19,28,29,34,35,37,39,40,45,47,48:B2,3,10,11,12,15,18,20,21,25,26	11-17	?!	deel6:p93
B:WK4,33,40,45,47:B2,3,10,12,15,20,21,25	25-30	!	deel6:p93
W:W24,29,32,33,34,37,38,44,47:B3,11,15,17,18,20,21,25,36	24-19	!	deel6:p94
B:W25,26,31,33,34,36,42,44,48:B11,14,17,22,23,27,45	27-32	?	deel6:p94
W:W26,29,30,31,34,36,39,40,43,48:B9,11,14,15,17,18,22,23,28,32	48-42	?	deel6:p96
W:W25,26,31,34,35,36,38,43,44,48,49,50:B4,5,8,9,10,12,13,14,17,22,23,27	34-29	!	deel6:p96
W:W26,29,30,31,33,34,35,36,43,48,49,50:B3,4,8,10,12,13,17,18,19,22,25,32	48-42	?	deel6:p97
W:W26,29,31,33,34,35,39,40,41,43,45,47,48,49:B2,4,8,10,12,13,15,16,17,18,20,22,28,32	41-36	!	deel6:p97
B:W15,25,26,29,31,33,36,39,41,43,48,49:B4,5,6,11,13,14,16,17,18,22,27,28	27-32	?	deel6:p97
W:W15,24,26,31,36,41,43,48,49:B4,5,6,11,13,16,17,22,28,32,34	15-10	!!	deel6:p97
W:W19,29,34,35,36,37,39,40,41,42,43,45,47,49:B1,2,3,4,7,8,15,16,18,20,21,22,25,26	43-38	?	deel6:p98
B:W11,25,26,32,33,35,36,40,42,44,45:B2,8,10,12,13,14,18,24	24-29	!	deel6:p98
W:W26,31,33,34,35,36,43,44,48,49,50:B2,3,4,12,14,15,17,19,22,27,28	43-38	!	deel6:p98
W:W26,34,36,38,39,41,44,45,50:B1,5,10,11,13,15,20,24,25,28	38-33	?	deel6:p99
B:W19,29,33,34,36,38,39,40,42,48:B7,8,9,12,15,17,20,22,25,26	9-13	?	deel6:p100
B:W14,19,24,42,44,48:B3,7,8,15,21,32	7-12	?	deel6:p100
B:W25,26,31,33,34,36,42,45,48,49:B2,6,12,14,15,17,18,22,23,27	27-32	?	deel6:p101
B:W25,26,31,33,34,36,38,45,48,49:B2,11,12,14,15,17,18,22,23,27	14-19	?	deel6:p101
W:W15,25,26,36,45,48,49:BK47,2,11,12,17,34	25-20	!	deel6:p101
W:W19,23,32,33,34,35,36,38:B8,9,15,20,21,22,25,26	34-30	?	deel6:p102
B:W15,29,31,33,35,36,39,41,43,46,48,49:B2,4,7,9,12,13,14,16,18,22,28,32	13-19	?	deel6:p103
W:W15,29,31,33,35,36,39,41,43,46,48,49:B2,4,7,9,12,14,16,18,19,22,28,32	15-10	!	deel6:p103
W:W26,30,31,33,36,38,43,48,49,50:B2,8,12,14,15,17,19,22,23,27	30-24	!	deel6:p104
B:W26,31,34,35,36,38,41,43,44,48,49,50:B2,3,5,8,9,12,13,15,17,22,23,27	13-19	?	deel6:p104
W:W24,27,29,32,34,36,37,39,40,43,47,49:B2,3,4,12,15,16,17,18,20,21,25,26	24-19	?	deel6:p104
B:W19,27,29,32,34,37,39,40,42,43,49:B2,3,4,12,15,16,18,20,21,25,26	26-31	!	deel6:p104
W:W19,23,28,29,32,33,34,35,39,43,45,47,48:B3,5,8,9,10,15,16,17,20,22,25,26,36	34-30	?	deel6:p105
W:W25,28,32,33,39,40,42,47,48:B4,12,13,18,19,21,24,26,36	42-38	!	deel6:p107
W:W25,33,37,38,39,40,43,47:B4,12,19,22,23,24,26,36	37-32	!	deel6:p107
W:W25,32,33,38,39,40,43,47:B4,18,19,22,23,24,26,36	39-34	!	deel6:p107
B:W25,28,32,33,35,39,42,47,48:B4,12,13,18,19,21,24,26,36	21-27	!	deel6:p107
B:W25,28,33,35,37,39,47,48:B4,12,13,17,18,19,24,36	18-22	!	deel6:p107
B:W6,24,28,29,35,37,40,42,43,44,47,48:B1,2,4,5,7,10,14,18,21,25,26,36	18-23	!	deel6:p109
B:W6,14,34,35,37,40,41,42,47,48:B1,3,5,12,16,24,26,28,31,36	28-32	!	deel6:p109
B:W27,30,33,37,38,40,42,45,47,48,49:B1,3,9,12,13,14,15,19,23,26,36	13-18	?	deel6:p109
B:W27,28,33,34,35,37,38,39,40,43,45,47,48:B4,6,8,9,10,11,12,14,20,24,25,26,36	11-16	?	deel6:p109
B:W6,29,30,33,35,38,47:B1,13,15,20,24,27,36	13-19	!	deel6:p110
W:W6,29,33,34,35,37,38,39,47:B1,3,8,15,18,20,24,27,36	29-23	!	deel6:p110
W:W6,28,33,35,37,38,39,41,42,43,44,45,47,48,49:B1,3,4,7,8,9,10,12,13,14,18,19,24,26,36	39-34	?	deel6:p110
W:W28,32,33,34,35,37,38,39,40,42,43,44,45,47:B7,8,9,10,12,13,15,18,19,20,21,24,26,36	28-22	!	deel6:p111
B:W32,33,34,35,37,38,39,40,42,43,44,45,47:B3,7,8,9,12,13,15,20,21,24,26,27,36	12-18	?	deel6:p111
B:W6,17,29,33,34,39,40,41,43,44,45,47,48,49:B1,4,5,7,8,9,15,18,19,20,25,26,36	7-11	?	deel6:p112
B:W6,32,33,34,35,37,43,47,48:B1,7,9,13,15,17,18,25,36	13-19	?	deel6:p112
B:W6,29,32,35,37,39,42,44,45,47,48:B1,7,8,9,12,13,15,18,20,26,36	13-19	?	deel6:p113
W:W6,24,29,35,37,39,40,42,43,45,47,48,49:B1,3,4,7,8,9,12,13,14,15,25,26,36	39-33	?	deel6:p113
W:W6,27,30,33,35,37,42,43,44,45,47:B1,2,3,7,9,13,14,20,23,26,36	42-38	?	deel6:p113
B:W32,33,34,35,37,38,40,42,43,44,45,47,48,49,50:B1,3,4,5,8,9,13,15,18,19,21,23,24,26,36	5-10	?	deel6:p113
W:W32,33,34,35,37,38,40,42,43,44,45,47,48,49,50:B1,3,4,8,9,10,13,15,18,19,21,23,24,26,36	47-41	!	deel6:p113
B:W6,25,28,33,34,35,37,38,39,41,43,44,45,47,48,49:B1,2,3,4,5,10,13,14,15,17,18,19,21,24,26,36	18-22	?	deel6:p114
W:W6,25,28,33,34,35,37,38,39,41,43,44,45,47,48,49:B1,2,3,4,5,10,13,14,15,17,19,21,22,24,26,36	37-31	!	deel6:p114
W:W6,27,30,32,33,34,35,37,38,42,44,47,48,49:B1,2,3,4,7,9,13,14,18,19,23,24,26,36	49-43	?	deel6:p114
B:W6,27,30,32,33,34,35,37,38,42,43,44,47,48:B1,2,3,4,7,9,13,14,18,19,23,24,26,36	7-11	!	deel6:p114
B:W23,24,32,34,37,42,43,47,48,49,50:B1,2,8,9,12,13,15,25,26,31,36	9-14	?	deel6:p114
W:W29,32,33,35,37,38,39,42,43,44,45,47,48,49:B3,4,5,7,9,12,13,18,19,20,21,24,26,36	29-23	!	deel6:p124
W:W26,27,28,32,33,36,38,39,44,48:B6,8,9,11,13,14,16,18,21,22,35	28x17	!	deel6:p125
W:W26,28,32,33,36,38,39,44,48:B6,8,9,11,14,16,17,21,22,35	48-43	!	deel6:p125
B:W27,28,29,32,33,36,37,38,39,42,44,48:B3,6,9,11,12,13,16,18,19,21,24,26	12-17	!	deel6:p126
W:W27,28,32,33,34,36,37,38,39,42,44,48:B3,6,9,11,12,13,14,16,18,21,24,26	37-31	!	deel6:p126
B:W14,24,28,34,36,38,39,41,44,48:B3,6,9,11,13,21	9x49	!	deel6:p126
W:W26,32,33,36,38,39,44,48:B6,8,11,15,16,17,21,22	33-29	!	deel6:p127
W:W16,21,25,35,36,37,38,39,42,44,45,46,47,48:B6,7,8,9,11,12,13,14,15,17,19,23,26,29	25-20	!	deel6:p133
B:W27,28,30,31,32,34,35,36,37,38,42,49:B6,9,11,12,13,15,16,18,19,23,24,26	12-17	?	deel6:p135
W:W27,30,31,32,33,34,35,36,37,38,42,49:B6,11,12,13,14,15,16,18,19,23,24,26	27-22	!	deel6:p135
W:W27,28,30,31,32,36,37,38,42,43,44:B6,9,11,12,13,16,18,19,20,23,26	27-22	!	deel6:p135
B:W27,30,33,34,35,37,38,42,49:B6,9,13,15,16,18,19,23,24,26	24-29	!	deel6:p135
B:W27,30,33,34,35,37,38,42,49:B6,9,13,15,16,18,19,23,24,26	9-14	?	deel6:p135
B:W27,30,33,34,35,37,38,42,49:B6,9,13,15,16,18,19,23,24,26	6-11	?	deel6:p135
B:W24,27,28,30,32,34,35,42,49:B13,14,15,16,17,18,19,23,26	14-20	?	deel6:p136
W:W25,27,28,32,37,43,44:B13,16,17,18,19,23,26,29	37-31	!	deel6:p136
B:W24,27,28,30,32,34,35,42,49:B13,14,15,16,17,18,19,23,26	26-31	!	deel6:p136
W:W26,28,32,43,44,48:B7,12,15,19,20,23	32-27	!	deel6:p137
B:W29,30,31,32,34,35,36,37,38,39,40,41,42,43,44,47,48,49,50:B1,2,4,6,7,8,9,10,11,12,13,14,15,16,17,18,19,23,25	23-28	!	deel6:p138
W:W26,29,30,34,35,36,37,38,39,40,41,42,43,44,45,47,48,49:B1,2,4,6,7,8,9,10,11,12,13,14,15,17,18,25,27,28	38-33	?	deel6:p138
B:W26,29,30,33,34,35,36,37,39,40,41,42,43,44,45,47,48,49:B1,2,4,6,7,8,9,10,11,12,13,14,15,17,18,25,27,28	27-32	!	deel6:p138
W:W26,29,30,34,35,36,37,38,39,40,41,42,43,44,45,47,48,49:B1,2,4,6,7,8,9,10,11,12,13,14,15,17,18,25,27,28	37-31	?	deel6:p138
B:W24,26,29,34,35,36,37,38,39,40,41,42,43,44,45,47,48,49:B1,2,4,6,7,8,9,10,11,12,13,14,15,17,18,25,27,28	28-33	!	deel6:p138
B:W24,26,28,29,34,35,36,37,38,40,41,42,43,44,45,47,48,49:B1,2,4,6,7,8,9,10,11,12,13,14,15,17,18,25,27	15-20	?	deel6:p138
W:W15,35,36,37,38,43,44,45,47,48,49:B1,2,4,8,9,10,12,13,18,25,27	37-32	!	deel6:p138
W:W26,29,30,31,33,34,36,37,38,39,40,41,42,43,44,45,47,48,49:B2,3,4,6,7,8,9,11,12,13,14,15,16,17,18,20,22,23,25	30-24	?	deel6:p139
W:W24,26,31,35,36,37,38,39,40,41,42,43,44,45,47,48,49:B2,3,4,6,7,8,9,10,11,12,13,15,16,17,18,22,28,34	39x30	?	deel6:p140
B:W24,26,30,31,35,36,37,38,40,41,42,43,44,45,47,48,49:B2,3,4,6,7,8,9,10,11,12,13,15,16,17,18,22,28	22-27	!	deel6:p140
B:W24,26,31,33,34,35,36,37,38,39,40,41,43,44,45,47,48,49:B2,3,4,6,7,8,9,11,12,13,14,15,16,17,18,22,25,28	13-19	?	deel6:p141
B:WK29,26,28,30,31,34,36,39,40,41,42,45,47,49:B2,4,6,9,13,14,15,17,22,25	22x33	!	deel6:p143
B:W33,35,36,37,38,40,42,43,45,47:B2,4,6,11,12,13,16,17,18,20,34	20-25	!	deel6:p144
B:W24,26,29,30,31,33,34,36,37,38,39,40,41,42,43,44,47,49:B2,4,6,7,8,9,11,12,13,14,15,17,18,20,22,25,27,28	11-16	?	deel6:p144
W:W26,29,30,31,33,34,36,37,38,39,40,41,42,43,44,47,49:B2,4,6,7,9,11,12,14,15,17,18,19,20,22,25,27,28	30-24	!	deel6:p144
W:W24,26,29,30,31,33,34,36,37,38,39,40,41,42,43,44,47,49:B2,6,7,8,9,10,11,12,13,14,15,17,18,20,22,25,27,28	26-21	!	deel6:p144
W:W21,26,31,36,37,38,39,41,42,43,44,47,49:BK50,2,4,6,7,8,9,12,14,15,22	21-17	!	deel6:p145
W:W24,26,29,31,33,35,36,37,38,39,40,41,42,43,44,47,49:B2,3,6,7,8,9,10,11,12,13,15,17,18,20,22,27,28	26-21	!	deel6:p145
B:W21,24,29,31,33,35,36,37,38,39,40,41,42,43,45,47,49:B2,3,6,7,8,9,10,11,12,13,15,17,18,20,22,27,28	27x16	?	deel6:p146
W:WK4,35,36,37,38,40,41,42,43,45,47,49:B2,3,6,7,8,10,11,12,15,16,17,20,31,44	36x27	!	deel6:p146
W:W24,26,29,31,33,35,36,37,38,39,41,42,43,44,45,47,49:B2,3,4,6,7,8,9,11,12,13,15,17,18,20,22,27,28	44-40	?	deel6:p146
W:W24,26,29,31,33,35,36,37,38,39,40,41,42,43,45,47,49:B2,3,6,7,8,9,10,11,12,13,15,17,18,20,22,27,28	26-21	!	deel6:p146
B:WK4,27,35,37,38,40,41,42,43,45,47,49:B2,3,6,7,8,10,11,12,15,16,17,20,44	16-21	?	deel6:p147
B:W24,26,29,31,33,35,36,37,38,39,40,41,42,43,45,47,49:B2,3,6,7,8,9,10,11,12,13,15,17,18,20,22,27,28	27-32	!	deel6:p147
W:W24,26,29,30,31,33,34,36,37,38,39,40,41,43,44,47,48,49:B2,4,6,7,8,9,11,12,13,14,15,17,18,20,22,25,27,28	24-19	!	deel6:p149
B:W13,26,29,30,31,33,34,36,37,38,39,40,41,43,44,47,48,49:B2,3,4,6,7,8,11,12,14,15,17,18,20,22,25,27,28	8x19	?	deel6:p149
W:W26,29,30,31,33,34,36,37,38,39,40,41,43,44,47,48,49:B2,3,4,6,7,11,12,14,15,17,18,19,20,22,25,27,28	48-42	!	deel6:p149
B:W20,26,31,33,35,36,37,38,39,40,41,43,44,45,47,48,49:B2,3,4,6,7,8,9,11,12,13,14,17,18,22,25,27,28	17-21	?	deel6:p150
W:W18,26,31,33,36,37,38,39,41,43,44,45,47,48,49:B2,3,4,6,7,8,9,11,12,13,17,22,25,27,28	39-34	!!	deel6:p150
B:W15,26,29,31,34,35,36,37,38,39,41,43,44,45,47,48,49:B2,3,4,6,7,8,9,11,12,17,18,19,22,23,25,27,28	28-33	!	deel6:p150
B:W15,24,26,27,34,35,41,43,44,45,47,48,49:B2,3,4,6,7,8,9,11,17,23,25	4-10	!	deel6:p150
B:W13,24,26,27,34,35,41,43,44,45,47,48,49:B2,3,6,7,8,11,17,23,25	8x50	!	deel6:p150
W:W15,26,29,31,33,35,36,37,38,39,41,43,45,47,48,49:B2,3,4,6,7,8,9,12,16,17,18,22,23,25,27,28	39-34	!	deel6:p151
W:W24,26,29,31,33,34,36,37,38,39,40,41,42,43,47,49:B3,6,7,8,9,11,12,13,15,16,17,18,22,25,27,28	26-21	!	deel6:p151
W:W15,26,31,33,34,36,37,38,39,41,43,44,47,48,49:B2,3,4,6,7,8,9,12,13,17,22,23,27,28,35	33-29	?	deel6:p153
B:W13,24,28,34,36,37,38,41,43,44,48,49:B2,3,4,6,7,8,35	8x50	!	deel6:p153
W:W23,24,28,29,34,35,36,39,43,44,47,48:B2,3,4,8,12,13,15,18,20,25,27,31	47-42	?	deel6:p163
B:W20,23,27,28,34,35,39,42,43,44,48:B2,3,4,8,12,15,18,25	18x47	!	deel6:p163
B:W23,24,28,29,30,35,36,43,47,48:B2,3,4,8,12,13,15,18,27,31	31-37	!	deel6:p163
W:W23,24,28,29,30,35,36,43,47,48:B2,3,4,8,12,13,15,18,27,37	47-42	?	deel6:p163
W:W23,26,27,36,40:B12,16,17,24,25	40-35	!	deel6:p164
B:W32,33,34,35,37,38,39,40,42,43,44,45,47:B3,7,8,9,12,13,15,20,21,24,26,27,36	24-29	?	deel6:p165
B:W25,28,29,30,32,33,35,36,37,38,39,45:B3,9,13,14,15,16,17,19,20,21,24,26,27	17-22	?	deel6:p166
B:W25,28,29,30,32,33,35,36,37,38,39,45:B3,9,13,14,15,16,17,19,20,21,24,26,27	26-31	!	deel6:p166
B:W28,30,33,34,35,37,38,39,43,45,47,49:B1,3,5,9,11,14,15,19,22,24,26,36	22-27	?	deel6:p169
W:W27,30,32,33,34,35,37,38,39,43,45,47,49:B1,3,5,9,11,13,15,18,19,20,24,26,36	27-21	!	deel6:p169
B:W16,25,29,32,33,37,43,44,47:B7,12,13,14,18,19,24,26,36	26-31	!	deel6:p173
W:W6,28,33,35,37,38,39,42,43,44,45,47,48:B1,3,7,8,9,12,13,14,19,23,24,26,36	28-22	?	deel6:p173
W:W16,26,29,33,35,37,38,43,45,47,48,49:B1,3,7,8,9,11,12,13,14,15,17,36	33-28	?	deel6:p173
B:W16,25,26,28,29,32,33,37,38,41,45,47:B3,6,7,8,11,12,13,14,17,18,19,36	3-9	?	deel6:p174
W:WK3,16,26,29,37,40,41,47:B6,7,8,11,12,19,22,25,36	37-32	?	deel6:p174
B:W27,30,33,34,35,37,38,42,49:B6,9,13,15,16,18,19,23,24,26	16-21	!!	deel6:p174
W:W27,30,32,33,35,38,40,45:B14,16,17,18,19,20,23,24	40-34	?	deel6:p175
B:W30,32,33,34,35,38,45:B14,18,19,20,23,24	18-22	!	deel6:p175
W:W27,30,32,33,35,38,40,45:B14,16,17,18,19,20,23,24	27-21	!	deel6:p175
B:W21,30,33,35,38,40,45:B14,18,19,20,22,23,24	23-28	?	deel6:p175
B:W16,21,25,31,35,36,37,38,39,42,46,48:B6,7,11,12,13,14,17,18,19,22,24,26	22-27	!	deel6:p175
B:W16,25,31,32,35,36,37,38,39,42,46,48:B6,7,11,12,13,14,17,18,19,24,26	18-22	!	deel6:p175
B:W7,30,35,38,40,45:B14,18,19,20,24,27,39	27-32	?	deel6:p175
B:W25,33,34,35,37,38,39,40,42,45,47,48:B5,9,13,14,15,18,19,20,21,23,27,36	18-22	?	deel6:p176
W:W28,32,33,34,35,37,38,39,40,44,45,47,49:B3,4,7,9,12,14,15,18,19,20,21,24,36	28-23	?	deel6:p176
B:W22,32,35,37,38,39,40,44,45,47,49:B3,4,7,9,12,14,15,20,21,24,36	12-17	!	deel6:p176
B:W16,21,26,28,33,34,38,39,41,42,43,44,47:B1,3,7,9,11,12,13,17,19,24,25,30,36	30-35	?	deel6:p177
W:W16,21,26,34,37,38,44,47:B1,7,11,12,17,23,24,25	47-42	?	deel6:p178
B:W16,21,26,34,35,37,38,44,47:B1,7,11,12,14,17,23,24,25	12-18	!	deel6:p178
B:W16,21,25,26,30,33,35,37,40,42,43,45,47,48,49,50:B1,3,7,8,9,11,12,13,14,15,17,18,19,20,23,36	23-28	?	deel6:p179
W:W16,21,25,26,30,35,37,40,42,43,45,47,48,49,50:B1,3,7,8,9,11,12,13,14,15,18,19,20,28,36	30-24	!	deel6:p179
W:W16,26,32,34,35,37,39,40,42,43,44,47,48,49,50:B1,5,7,9,11,12,13,15,17,18,19,20,23,24,36	32-28	!	deel6:p179
W:W27,30,32,34,35,38:B8,16,17,41	30-24	!	deel6:p179
W:W24,27,29,32,35,38:BK46,8,16,21	32-28	!	deel6:p179
B:W27,28,29,32,33,35,37,40,45,47,48:B8,10,11,12,13,14,15,18,24,26,36	15-20	?	deel6:p180
W:W27,28,29,32,33,35,37,40,45,47,48:B8,10,11,12,13,14,18,20,24,26,36	47-41	!	deel6:p180
B:W27,28,32,33,34,35,37,45,47,48:B8,10,11,12,13,18,19,24,26,36	18-23	?	deel6:p180
W:W27,28,32,33,34,35,37,45,47,48:B8,10,11,12,13,19,23,24,26,36	47-41	!	deel6:p180
W:W34,35,40,41,48:BK29,8,10,11,12,13,19,21,24	34x5	!	deel6:p180
W:W25,26,27,32,33,35,38,41,43,44,45,47,48,49:B3,4,7,9,11,12,13,14,15,17,18,19,34,36	48-42	?	deel6:p180
W:W22,27,33,34,35,37,38,39,40,45,47,48,49,50:B2,4,8,9,10,12,13,14,15,16,20,23,26,36	38-32	?	deel6:p181
W:W22,27,33,34,35,37,38,39,40,45,47,48,49,50:B2,4,8,9,10,12,13,14,15,16,20,23,26,36	50-44	!	deel6:p181
B:W27,28,30,32,33,35,37,38,39,47,48:B2,8,9,10,13,14,16,19,24,26,36	14-20	?	deel6:p182
B:W27,28,30,32,33,35,37,38,39,47,48:B2,8,9,10,13,14,16,19,24,26,36	2-7	?	deel6:p182
B:W25,27,30,32,33,35,37,38,39,47:B3,7,12,13,14,19,23,24,26,36	12-18	?	deel6:p182
B:W25,27,28,32,34,37,40,43,47,48:B3,7,8,9,14,19,23,24,26,36	24-30	?	deel6:p183
B:W24,27,29,34,37,38,39,40,42,44,45,47,48,49:B2,4,5,7,9,12,13,14,15,18,20,23,26,36	5-10	?	deel6:p183
W:W24,27,29,34,37,38,39,40,42,44,45,47,48,49:B2,4,7,9,10,12,13,14,15,18,20,23,26,36	47-41	!	deel6:p183
B:W26,27,28,30,32,33,35,38,40,41,42,43,44,45,47,49:B4,7,8,9,12,13,14,15,16,17,18,19,20,23,24,36	20-25	?	deel6:p184
B:W21,25,26,35,37,38,39,41,43,44,45,47,48:B4,6,8,11,12,13,14,17,18,19,20,29,36	20-24	?	deel6:p184
W:W21,25,26,35,37,38,39,41,43,44,45,47,48:B4,6,8,11,12,13,14,17,18,19,24,29,36	21-16	!	deel6:p184
B:W28,32,33,34,35,37,39,43,44,47:B6,13,14,17,18,19,22,24,25,36	18-23	?	deel6:p185
B:W16,26,30,32,35,37,40,42,43,44,47:B7,9,10,11,12,14,17,19,29,33,36	9-13	?	deel6:p185
B:W26,27,30,33,34,35,37,38,39,40,41,43,45,47,48,49:B4,7,8,9,10,11,12,13,14,17,18,19,20,23,25,36	20-24	?	deel6:p185
W:W26,27,33,35,37,38,41,43,45,47,48,49:B4,7,8,9,10,11,12,13,17,18,19,34,36	27-22	!	deel6:p185
W:W16,26,30,32,33,35,37,39,42,43,45,47,48,49:B1,7,8,11,13,14,15,17,18,19,22,23,24,36	43-38	?	deel6:p186
B:W16,26,30,32,33,35,39,42,43,45,47,48,49:B1,7,8,11,13,14,15,17,18,19,23,24,31,36	23-29	?	deel6:p186
B:W16,26,27,32,39,40,43,45,47,49:B7,12,14,17,18,19,24,25,29,36	24-30	?	deel6:p186
B:W16,25,26,30,32,37,38,39,40,43,45,47,48,49,50:B3,4,7,9,12,13,14,15,17,18,19,22,23,29,36	22-28	?	deel6:p186
W:W16,26,30,32,37,38,39,40,43,45,47,48,49,50:B3,4,7,12,13,15,17,18,19,20,22,23,29,36	30-24	?	deel6:p186
B:W16,26,30,35,37,38,39,40,42,43,44,45,46,47,48,49:B1,2,3,4,5,7,9,11,12,13,14,15,17,19,20,36	19-23	?	deel6:p187
W:W16,31,35,39,40,43,44,45,46,48,49:BK33,1,2,3,4,5,7,9,11,12,13,14,15,23,29	39x6	!	deel6:p187
B:W29,30,32,35,37,38,40,41,42,43,45,47,49:B1,3,4,9,10,12,15,17,18,19,20,22,36	1-7	?	deel6:p187
W:W21,22,26,27,32,33,38,39,43,44,45,48,50:B2,4,6,8,12,13,15,16,18,19,24,25,35	21-17	!	deel6:p190
B:W17,22,27,32,33,38,39,43,44,45,48,50:B2,4,6,8,13,15,16,18,19,24,25,35	2-7	?	deel6:p190
W:WK1,31,36,39,40,44,47,48,49,50:B2,3,4,6,8,9,13,15,19,20,25,26	40-35	!	deel6:p191
B:WK45,35,36,39,44,47,48,49,50:B2,3,4,6,8,9,13,15,19,20,25,37	8-12	!	deel6:p191
B:WK1,33,35,36,44,47,48,49,50:B2,3,4,6,9,13,15,19,20,25,41	9-14	!	deel6:p191
W:W25,26,27,31,33,34,35,36,39,41,42,45,46,47,48,49,50:B2,3,4,5,6,7,8,9,11,12,13,15,16,17,18,22,28	42-37	!	deel6:p193
B:W25,26,27,30,31,33,35,36,38,39,41,43,44,45,46,47,49:B2,3,4,6,7,8,9,10,11,12,15,16,17,18,22,23,28	28-32	?	deel6:p194
B:W25,30,31,33,35,36,38,39,40,41,43,44,45,46,47:B2,3,4,6,7,8,9,11,14,15,16,18,22,23,28,32	23-29	!	deel6:p194
B:W24,25,30,31,35,36,38,39,40,41,43,44,45,46,47:B2,3,4,6,7,8,9,11,14,15,16,18,22,28,32	8-13	!	deel6:p194
B:W16,24,25,30,31,35,36,39,40,41,43,44,45,46,47:B2,3,4,6,7,9,11,13,14,15,18,22,28	22-27	!	deel6:p194
B:W25,27,30,35,36,39,41,43,44,45,46,49:B2,3,4,7,8,9,10,15,16,17,18,23	23-28	!	deel6:p194
B:W25,27,29,30,31,34,35,36,37,38,39,40,43,46:B2,3,9,12,13,14,15,16,17,18,22,23,26,28	14-20	!	deel6:p196
B:W20,27,31,32,33,34,35,36,37,38,39,45,46:B2,3,8,15,16,18,21,22,23,26,28	15x24	!	deel6:p196
B:W20,27,31,32,34,36,37,38,39,45,46:B2,3,12,13,16,18,21,22,23,26,28,35	3-9	?	deel6:p196
W:W27,31,32,34,36,37,38,39,45,46:B2,12,13,16,18,20,21,22,23,26,28,35	34-29	!	deel6:p196
B:W25,27,29,30,31,32,34,35,36,37,38,39,45,46:B2,3,9,12,13,14,15,16,18,21,22,23,26,28	14-20	!	deel6:p196
B:W16,25,26,30,32,37,38,39,40,43,45,47,48,49,50:B3,4,7,9,12,13,14,15,17,18,19,22,23,29,36	14-20	!	deel6:p198
B:W24,27,29,30,31,32,33,34,36,37,39,40,46:B3,12,13,15,16,17,18,20,21,22,23,26,28	20-25	!	deel6:p198
B:W24,27,29,30,31,32,33,34,35,36,37,39,41:B9,12,13,15,16,17,18,21,22,23,25,26,28	15-20	!	deel6:p198
W:W27,32,33,34,36,37,38,39,40,42,43,45,46,47,48,49:B1,3,4,6,7,8,9,11,13,14,15,16,17,18,19,23	33-28	?	deel6:p209
B:W27,28,32,34,36,37,38,39,40,42,43,45,46,47,48,49:B1,3,4,6,7,8,9,11,13,14,15,16,17,18,19,23	16-21	!	deel6:p209
B:W16,25,26,28,32,34,35,38,39,43:B6,12,13,14,17,18,19,23,24	6-11	!	deel6:p211
B:W25,26,28,30,32,33,35,39:B7,13,14,17,19,23,24	23-29	?	deel6:p211
W:WK5,25,26,27,35,38,39,43:BK46,11,12,13,16,17,18,29	26-21	!	deel6:p213
W:WK5,25,27,35,38,39,43:BK46,11,12,13,16,18,26,29	25-20	!	deel6:p213
B:W20,26,27,35,38:B3,11,16,41	41-46	?	deel6:p213
W:W26:BK21,3,11,16	26x6	!	deel6:p213
B:W24,26,29,32,36,37,39,40,41,42,43,44,45,46,47,48,49:B2,3,4,5,6,8,9,10,11,12,13,14,15,17,18,21,22	14-19	?	deel6:p214
W:W26,27,28,31,32,35,36,38,39,42,43,44,45,48:B2,6,8,9,12,13,14,15,16,17,21,24,29,30	44-40	?	deel6:p215
B:W26,27,28,31,32,35,36,38,39,40,42,43,45,48:B2,6,8,9,12,13,14,15,16,17,21,24,29,30	29-33	!	deel6:p215
B:W24,26,27,28,31,32,36,39,40,42,43,45,48:B2,6,8,9,12,13,15,16,17,21,25	17-22	!	deel6:p215
W:W19,31,32,34,35,36,37,39,48:B8,15,16,18,20,21,24,25,30	39-33	!	deel6:p217
W:WK3,27,28,32,37:B15,16,26,44	37-31	!	deel6:p219
W:W26,27,31,32,34,35,36,37,38,39,48:B2,8,12,15,16,17,20,21,24,25,30	27-22	!	deel6:p220
W:W21,26,27,29,35,36,37,38,40:B6,9,11,12,13,15,16,25,33	40-34	!	deel6:p221
W:W21,26,27,29,35,36,37,40:B6,11,12,14,15,16,25,28	36-31	!	deel6:p221
W:W27,32,33,34,35,37,38,39,40,47,48,49:B2,3,8,12,15,16,20,21,23,25,29,30	35x24	?	deel6:p222
B:W22,31,34,35,38,39,45:B8,15,20,23,24,25,30	23-29	!	deel6:p224
W:W17,19,27,32,34,35,38,39,40,41,43,44:B8,9,10,13,15,16,18,20,24,25,26,30	38-33	?	deel6:p224
W:W27,28,31,32,34,35,37,38,39,40,44,49:B7,9,12,13,15,16,17,18,20,24,25,30	38-33	?	deel6:p225
W:W22,34,35,39,40,44:B15,19,20,24,25,30	22-18	!	deel6:p225
W:W27,29,32,33,34,35,36,37,38,39,40,43:B2,3,8,12,15,16,18,20,24,25,26,30	29-23	?	deel6:p226
B:W10,16,27,36,39,43,45:B3,7,9,18,23,24,25,35	18-22	!	deel6:p227
B:W25,26,31,33,36,39,42,43,45,47:B7,8,9,11,12,13,17,18,24,27	17-22	?	deel6:p228
W:W25,26,30,33,35,36,38,39:B11,12,13,14,19,20,24,27	33-28	!	deel6:p228
W:W21,26,27,28,31,36,38,39,40,44:B11,12,15,16,17,18,19,20,24,29	28-23	?	deel6:p229
B:W13,26,34,36,38:B11,12,15,17,20,24,28	24-29	!	deel6:p229
W:W21,26,27,28,31,33,35,36,39,44,45:B6,8,10,12,13,14,16,17,19,24,25	28-23	?	deel6:p230
B:W21,26,27,28,31,36,45:B8,12,16,17,20,24,30	24-29	?	deel6:p231
B:W21,23,26,27,31,36,45:B8,12,16,17,20,24,35	24-29	!	deel6:p231
B:W21,26,27,29,31,34,35,36,37,39,42,44,45:B2,11,12,15,16,17,18,19,20,22,23,25,28	2-8	?	deel6:p231
W:W21,26,34,35,36,38,43,48,50:B6,7,8,9,10,12,15,16,28,31	26x37	!	deel6:p231
B:W21,26,27,30,31,35,36,40,42,43,44,45,48:B3,7,8,9,11,12,13,14,15,16,17,23,29	23-28	!	deel6:p232
B:W23,29,35,36,37,39,41,42,43,44,45:B1,3,6,7,8,9,11,15,20,25,30	30-34	?	deel6:p232
W:W16,28,32,34,35,37,38,39,40,42,43,44:B1,6,7,8,9,15,18,20,24,25,26,30	32-27	?	deel6:p233
W:W16,28,32,34,35,37,38,39,40,42,43,44:B1,6,7,8,9,15,18,20,24,25,26,30	38-33	?	deel6:p233
B:W16,23,27,34,35,37,38,39,42,43,44:B1,6,7,12,13,15,20,24,25,26,30	13-18	?	deel6:p233
W:W16,23,27,32,34,35,37,39,42,43,44:B1,6,7,13,15,20,21,24,25,26,30	27-22	?	deel6:p233
B:W16,22,23,32,34,35,37,39,42,43,44:B1,6,7,13,15,20,21,24,25,26,30	6-11	!	deel6:p233
W:W16,23,27,32,34,35,37,39,42,43,44:B1,6,7,13,15,20,21,24,25,26,30	23-18	!	deel6:p233
B:W16,27,32,34,35,38,39,42,43,44:B1,6,13,15,18,20,24,25,26,30	18-23	?	deel6:p234
W:W16,27,32,34,35,38,39,42,43,44:B6,7,13,15,18,20,24,25,26,30	32-28	?	deel6:p234
W:W16,27,32,34,35,38,39,42,43,44:B1,6,13,15,18,20,24,25,26,30	38-33	?	deel6:p234
B:W16,19,32,35,37,39,42,43,44:B1,6,7,12,13,24,25,26,30	30-34	!	deel6:p234
W:W27,28,34,35,36,38,39,40,41,44:B6,11,13,15,17,18,20,24,25,30	28-23	!	deel6:p235
W:W21,27,35,36,38,41:B6,11,15,34	38-33	!	deel6:p235
W:W21,25,26,27,31,33,35,36,38,39,40,48:B6,8,12,13,14,15,16,17,19,20,24,29	33-28	!	deel6:p236
B:W21,25,26,27,28,31,35,36,48,49:B6,8,12,13,14,15,16,17,19,20	13-18	?	deel6:p236
B:W21,25,26,27,28,31,35,36,48,49:B6,8,12,13,14,15,16,17,19,20	6-11	?	deel6:p236
W:W21,25,26,27,28,31,35,36,48,49:B6,8,12,13,14,15,16,17,20,24	28-23	!!	deel6:p236
W:W21,26,27,30,31,33,34,35,36,39,40,42,43,45,48,49,50:B1,2,3,8,10,12,13,14,15,16,17,18,19,20,24,25,37	33-28	!	deel6:p237
B:W21,26,27,28,30,31,34,35,36,39,40,42,43,45,48,49,50:B1,2,3,8,10,12,13,14,15,16,17,18,19,20,24,25,37	37-41	!	deel6:p237
B:W21,26,27,28,30,31,34,35,37,38,40,43,45,47,48,49,50:B1,2,8,9,10,12,13,14,15,16,17,18,19,20,24,25	2-7	?	deel6:p237
W:W24,28,33,34,36,37,38,39,40:B8,12,13,15,18,20,25,26,27	28-22	!	deel6:p239
B:W23,28,33,34,35,36,37,38,39,40:B8,12,13,15,20,24,25,26,27,30	27-32	!	deel6:p239
B:W23,27,28,32,33,34,35,38,39,40:B8,13,15,17,20,24,25,26,30	24-29	?	deel6:p240
W:W19,27,28,32,33,34,35,38,39,40:B8,15,17,18,20,24,25,26,30	28-22	!	deel6:p240
W:W21,25,26,27,31,35,36,38,39,40,44,45,50:B3,7,8,9,11,12,13,14,15,16,17,24,29	39-33	!	deel6:p240
B:W21,25,26,27,31,34,35,36,38,40,44,45,50:B3,7,8,9,11,12,13,14,15,16,17,24,29	13-19	!	deel6:p241
B:W21,25,26,27,31,33,36,39,40,45:B3,9,11,12,13,14,15,16,17,28	28-32	?	deel6:p242
W:W22,25,26,36,38,39,40,45:B3,9,11,13,14,15,18	22-17	!	deel6:p242
B:W21,25,26,27,30,31,35,36,38,42,43:B8,11,12,13,14,16,18,19,23,28,29	14-20	?	deel6:p243
W:W20,22,26,31,36,38,39,43:BK48,8,10,11,12,13,18,23,27	38-32	!	deel6:p243
W:W21,25,26,27,30,31,36,38,42,43:B8,11,12,13,14,16,18,23,29,32	30-24	!	deel6:p243
W:W26,31,36,38,42:B8,11,12,13,18,23,27,28,29	31x24	!	deel6:p243
B:W21,26,30,31,34,35,36,38:B9,11,12,13,17,23,25,28	28-32	!	deel6:p245
B:W21,26,30,31,35,36,38,39:B9,11,12,13,17,20,23,28	28-32	!	deel6:p245
W:W21,24,26,27,29,31,35,36:B12,13,14,16,17,25,28	27-22	!	deel6:p245
W:W15,21,26,30,33,34,36,37,39,49:B4,7,11,12,14,17,19,22,23,28	30-24	!	deel6:p246
W:W15,21,26,27,30,31,34,36,39,49:B4,7,12,13,14,16,17,19,23	49-43	?	deel6:p246
W:W28,32,33,35,36,37,38,42,43,45,47,48:B6,7,12,14,15,16,19,20,21,24,26,27	43-39	!	deel6:p248
W:W28,34,35,36,38,39,40,42,48:B8,15,16,17,18,24,25,26,30	28-23	!	deel6:p249
B:W21,25,26,27,31,33,36,39,48:B2,12,13,14,16,18,19,20,22	20-24	!	deel6:p250
W:W22,33,34,35,39,40,46,48:B9,11,12,13,21,24,25,30	33-28	?	deel6:p251
W:W10,46,48:B16,18,21,25,27,35	10-4	?	deel6:p251
B:WK4,46,48:B16,18,21,25,27,35	27-32	!	deel6:p251
B:W21,26,27,29,31,32,33,34,36,38,39,43,44:B1,7,8,11,12,13,14,15,16,17,20,24,25	13-18	?	deel6:p252
W:W21,24,25,26,27,31,34,35,36,38,43,47:B1,8,9,11,12,13,15,16,17,18,28,32	24-19	!	deel6:p253
W:W21,26,27,28,30,31,34,35,36,39,40,43,44,45:B4,7,8,9,11,12,13,14,15,16,17,18,19,20,25	28-22	!	deel6:p254
B:W26,34,36,38,39,41,44,45,50:B1,5,10,11,13,15,20,24,25,28	24-29	!	deel6:p257
B:W23,33,35,36,38,39,40:B3,15,20,24,25,27,30	30-34	!	deel6:p257
W:W23,34,35,39,44:B13,15,20,24,25,30	23-19	!	deel6:p258
W:W19,34,35,39,44:B15,18,20,24,25,30	44-40	!	deel6:p258
W:W28,29,33,34,35,39:B9,13,15,20,24,25,30	28-23	!	deel6:p259
W:W19,32,34,35,36,37,39,49:B8,15,16,18,20,24,25,26,30	39-33	!	deel6:p259
W:W22,23,34,35,39,46:B12,13,15,20,24,25,30	23-19	?	deel6:p259
B:W19,22,34,35,39,46:B12,13,15,20,24,25,30	13-18	!	deel6:p259
B:W22,27,34,35,36,39,43,47,48:B11,13,15,18,20,23,24,25,30	24-29	!	deel6:p260
B:W22,32,34,35,39,43,48:B12,15,20,23,24,25,30	23-29	!	deel6:p261
B:W22,23,32,35,39,43,48:B12,15,20,24,25,30	30-34	!	deel6:p261
W:W26,32,34,35,39,40,47:B15,16,20,23,24,25,30	32-28	!	deel6:p265
W:W26,32,34,35,39,40,47:B15,16,20,23,24,25,30	47-42	?	deel6:p265
B:W15,21,26,27,29,35,36,37,38,40,48:B1,2,6,7,11,12,13,14,16,25,28	28-33	?	deel6:p265
B:W21,24,26,27,30,31,32,36,38,39,42,43,45,48,49:B1,2,5,7,9,10,11,12,13,14,15,16,17,18,19	19-23	?	deel6:p265
W:W21,24,26,27,30,31,32,36,38,39,42,43,45,48,49:B1,2,5,7,9,10,11,12,13,14,15,16,17,18,23	24-19	!	deel6:p265
B:W21,24,26,27,30,31,32,36,38,39,42,43,45,48,49:B1,2,5,7,9,10,11,12,13,14,15,16,17,18,19	14-20	?	deel6:p265
B:W6,22,31,34,35,38,39,45,48:B1,3,15,20,23,24,25,30	23-29	!	deel6:p265
W:W28,32,33,34,35,36,37,39,40,41:B7,8,9,11,15,17,20,24,25,30	36-31	?	deel6:p265
B:W22,26,28,31,32,33,34,35,37,39,40,41:B1,5,8,9,11,13,15,17,20,24,25,30	1-7	?!	deel6:p265
W:W22,26,28,31,32,33,34,35,37,39,40,41:B5,7,8,9,11,13,15,17,20,24,25,30	22-18	?	deel6:p265
B:W24,31,32,33,34,37,39,40,41:B5,13,15,20,25,26	20x47	!	deel6:p265
W:W22,23,32,34,35,37,39,49:B8,11,13,15,20,24,25,26,30	23-19	!	deel6:p266
W:W21,24,25,26,27,31,36,38,39,42,44,46,49,50:B1,2,3,6,8,9,10,11,12,13,16,18,23,32	21-17	!	deel6:p266
W:W17,24,25,26,27,31,36,42,44,46,49,50:B1,2,3,6,8,9,10,11,12,13,16,18,23,34	44-40	!	deel6:p266
W:W21,26,27,30,31,32,33,36,38,42,43,44,50:B1,7,9,10,12,14,16,17,19,23,24,35	32-28	!	deel6:p266
W:W22,23,26,34,35,39,42,46:B12,13,15,16,20,24,25,30,36	23-19	?	deel6:p268
B:W19,22,26,34,35,39,42,46:B12,13,15,16,20,24,25,30,36	13-18	!	deel6:p268
W:W22,23,26,34,35,39,42,46:B12,13,15,16,20,24,25,30,36	42-38	?	deel6:p268
W:W26,27,28,30,32,40,41:B13,16,17,18,19,20,29	30-25	?	deel6:p277
W:W24,25,28,33,38,39,40,43,45,46,47,48,49:B1,2,3,7,8,9,10,13,15,17,18,19,21	28-23	!	deel6:p281
W:W24,25,28,32,33,39,40,43,45,46,47,48,49:B1,2,3,7,8,9,10,13,15,17,18,19,21	28-22	!	deel6:p281
W:W24,25,28,32,33,34,37,40,43,45,47,48,49:B2,3,7,8,9,10,12,13,15,17,18,19,26	24-20	!	deel6:p281
W:W24,25,28,32,33,34,37,39,40,45,47,48,49:B2,3,7,8,9,10,13,15,17,18,19,21,26	33-29	!	deel6:p281
B:WK5,34,37,39,40,45,47,48,49:B2,3,7,8,9,13,15,17,19,21,26	7-11	!	deel6:p281
W:W14,25,28,30,32,35,43,47:B3,9,12,13,15,17,21,29	25-20	!	deel6:p282
W:W27,28,31,32,33,34,35,36,37,38,40,42,43,45,48:B3,6,8,9,11,12,13,15,16,18,19,23,24,25,26	27-22	?	deel6:p284
B:W22,27,28,32,34,35,38,39,40,42,47:B9,11,13,15,16,18,20,24,25,26,30	11-17	?	deel6:p284
B:W25,27,28,30,31,32,35,38,42,43:B3,6,11,13,14,17,18,19,23,29	17-22	!	deel6:p288
W:W25,27,30,31,32,35,38,39,42:B3,6,13,14,18,19,22,23,34	39-33	?	deel6:p288
W:W25,27,28,30,31,32,35,37:B6,9,11,12,14,17,18,19,43	25-20	!	deel6:p288
W:WK3,27,31,35,37:BK49,6,11,12,18,34	3x21	!	deel6:p288
W:W18,31,35,37:BK16,6,11,34	35-30	!	deel6:p288
B:W23,25,28,30,31,32,33,35,37,42:B3,6,11,13,14,17,19,22,24	13-18	!	deel6:p289
B:W12,25,26,28,30,35:B3,6,14,19,24,29,43	14-20	!	deel6:p290
B:WK7,25:BK50,3,6,16	50-45	!!	deel6:p293
B:W16,17,22,25,30,32,35:B6,13,14,19,23,24,29,33	33-38	!	deel6:p294
B:WK5,25,27,35,38:B3,11,16,17,26,29,44	44-49	?	deel6:p295
W:WK5,25,27,35,38:BK49,3,11,16,17,26,29	27-21	!	deel6:p295
B:WK43,25,27,35:BK45,3,11,16,17,26	17-21	?	deel6:p296
B:W7,13,14,19,38,39:BK1,3	1x16	!	deel6:p297
W:W7,16,25,30,32,33,35,38:BK46,3,6,14,19,23,24,29	25-20	!	deel6:p297
W:W29,32,33,34,35,36,38,39,40,41,42,43,44,45:B2,3,6,8,9,10,15,16,19,20,21,22,24,25	32-28	?	deel6:p311
B:W25,27,28,30,31,32,33,34,35,37,38:B3,13,14,16,17,18,19,21,23,24,26	3-9	!	deel6:p312
B:W25,27,28,31,32,33,35,37,38,39:B9,13,14,16,17,18,19,21,24,26	24-29	!	deel6:p312
W:W25,28,32,35:B8,16,19,21,29	35-30	!	deel6:p312
W:W17,25,33,34,35,36,37,38,39,43,44,45,47,48,49:B2,3,4,6,8,9,11,13,14,15,19,20,23,27	36-31	!	deel6:p313
B:W17,27,31,34,35,41,43,44,45:B6,9,13,14,16,18,19,23	23-28	!	deel6:p314
B:W27,31,34,35,39,41,43,45:B6,7,9,13,14,16,19,28	19-23	?	deel6:p314
W:W17,27,33,34,35,39,42,43,44,45,47:B2,6,9,13,14,16,18,19,23,24	34-30	!!	deel6:p314
W:W15,24,33,34,36,37,38,41,44:B4,7,9,13,14,18,21,22,26	37-32	?	deel6:p314
B:W15,24,32,33,34,36,38,41,44:B4,7,9,13,14,18,21,22,26	13-19	!	deel6:p314
B:W17,22,26,27,30,34,35,42,43:B2,3,6,11,13,19,23,24,25	24-29	?	deel6:p314
W:W17,22,26,27,30,34,35,42,43:B2,3,6,11,13,19,23,25,29	17-12	?	deel6:p314
W:W17,22,26,27,30,34,35,42,43:B2,3,6,11,13,19,23,25,29	22-18	!	deel6:p314
W:W28,29,33,35,36,42,45:B3,14,15,17,19,26,27	29-24	?	deel6:p318
B:W25,27,28,32,33,35,37,38:B16,17,18,19,24,26,29	16-21	?	deel6:p318
B:W25,27,28,32,33,35,37,38:B16,17,18,19,24,26,29	19-23	!	deel6:p318
B:W25,27,28,30,32,33,35,37,38,39,40,45,48:B7,8,9,10,13,14,16,18,19,21,23,24,26	7-12	?	deel6:p318
W:W20,25,30,33,35,41,45,48:B8,9,10,12,13,14,16,18,19,32	20-15	!	deel6:p318
B:W29,33,34,35,36,38,39,40,43,44,47,48,49:B2,3,5,8,9,10,13,15,18,20,24,25,26	10-14	?	deel6:p318
W:W25,33,38,40,42:B9,11,22,23,24	38-32	?	deel6:p318
B:W27,28,30,31,32,33,35,36,37,38,39,40,42,43,45,46,47,48,49:B2,3,5,6,7,8,9,11,12,13,14,15,16,18,19,20,21,23,24	20-25	?	deel6:p318
W:W25,31,34,35,36,37,40:B3,8,9,14,20,33	35-30	!	deel6:p319
W:W25,30,31,34,35,36,37:B3,8,14,19,20,33	34-29	!	deel6:p319
B:W24,26,27,31,33,36,38,40,42,45,48:B3,6,10,11,12,13,15,16,17,18,22	3-9	?	deel6:p319
B:W29,30,31,34,35,36,37,38,39,42,43,44,47,48,49,50:B2,3,6,7,8,9,12,13,14,15,18,19,22,23,25,27	6-11	?	deel6:p319
W:W29,30,31,34,35,36,37,38,39,42,43,44,47,48,49,50:B2,3,7,8,9,11,12,13,14,15,18,19,22,23,25,27	30-24	!	deel6:p319
B:W25,27,28,30,32,33,35,37,39,40,42,45,48:B3,6,7,8,9,13,14,15,16,19,23,24,26	24-29	?	deel6:p319
W:W27,28,30,32,35,37,39,40,42,45,48:B3,6,7,8,13,15,16,19,23,26,29	39-34	!	deel6:p319
B:W25,27,28,32,34,35,37,38,39,41,42,43,45,48,49:B3,6,7,9,10,12,13,14,16,18,19,20,21,23,24	23-29	?	deel6:p319
W:W25,27,28,32,35,37,38,39,41,42,43,45,48,49:B3,6,7,9,10,12,13,14,16,19,20,21,24,29	39-34	?	deel6:p319
B:W27,32,35,36,37,38,39,42,43,44,48,49:B2,3,8,9,13,15,16,17,18,20,21,26	13-19	?	deel6:p320
W:W25,28,31,32,33,34,35,40,41,45,49:B3,4,6,7,9,14,15,17,19,23,24	41-37	?	deel6:p320
W:W25,27,28,31,32,33,35,36,38,39,40,43,45,48:B3,6,7,8,9,12,13,14,15,16,18,19,23,24	39-34	?	deel6:p320
W:W23,28,29,36,43,45,48:B4,12,14,16,19,21,27	43-39	?	deel6:p321
B:W23,28,29,36,39,45,48:B4,12,14,16,19,21,27	14-20	!	deel6:p321
B:W16,26,33,35,38,40,45:B11,12,17,19,23,24,25	23-28	!	deel6:p322
W:W16,26,40,45:B13,17,19,22,32,33,34	40x9	!	deel6:p322
W:W27,28,32,36,37,48:BK47,8,11,16,21	48-42	!	deel7:p22
W:W23,28,32,38:BK47,8,9,10,17,31	28-22	!	deel7:p22
W:W32:BK27,8,9,10,17,31	32x5	!	deel7:p22
W:W17,27,29,33,34,45:BK48,7,18,40	29-24	!	deel7:p39
W:W31,32,38,41,43:BK50,8,17,22	43-39	!	deel7:p39
W:W30,34,38,40,43,48:BK46,2,17,26,27,39	38-32	!	deel7:p39
W:W24,32,34,38,39,40,43,45,48:BK46,2,3,4,6,7,9,18	38-33	!	deel7:p40
W:W30,32,33,34,39,40,43,45,48:BK46,2,4,6,8,9,10,18	30-24	!	deel7:p40
W:WK2,22,28,29,38:BK49	2-19	!	deel7:p41
W:W16,32:BK49,6	32-27	!	deel7:p71
W:W15,31,33,38,41:BK49,25	33-29	!	deel7:p72
B:W16,22,30,33,40:BK47,6	47x44	?	deel7:p72
B:W16,18:BK49,6	49-27	!	deel7:p72
W:W24,25,29,38,40,43:BK46,9,15	38-32	!	deel7:p72
W:W18,19,28,33,38,39,50:BK47,2,17,27	38-32	!	deel7:p73
W:W29,30,32,38,41,44:B9,10,18,21,36	29-24	!	deel7:p81
W:W24,30,32,38,44:BK47,9,10,18,21	24-20	!	deel7:p81
W:W22,38,39:BK49,7,13,25,29	39-34	!	deel7:p81
W:W23,30,34,35,38,44,49:BK47,3,8,9,10,14,20,25	49-43	!	deel7:p82
W:W28,30,35,38,39,43,44:BK47,3,7,8,9,10,17,18,20	39-34	!	deel7:p82
W:W15,31,35,41,42,43,44:B7,8,14,17,19,28,40	43-38	!	deel7:p82
W:WK3,22,32,39:BK49,2,4,7,13,19	3-14	!	deel7:p82
W:W23,41,48:BK14,8,9,10,17,27,38	48-43	!	deel7:p83
W:W11:BK30,7,8,19,25	11x35	!	deel7:p84
W:W27,28,32,36,37,48:BK47,12,13,16,21	48-42	!	deel7:p87
W:W23,27,29,33,36,37,42,48:B3,7,12,13,14,16,20,21	29-24	!	deel7:p92
W:W25,27,28,32,33,36,37,42,48:B2,12,13,14,16,19,21,24,29	25-20	!	deel7:p92
W:W27,29,32,35,37,44,45:B1,2,3,6,17,18,19	29-23	!	deel7:p92
B:W25,27,28,30,32,33,35,36,37,39,42,43,45,48,49:B1,3,6,9,11,12,13,14,15,16,18,19,21,23,24	24-29	?	deel7:p93
B:W27,28,32,33,34,35,36,37,39,42,48,49:B3,8,11,12,13,14,15,16,18,20,21,25	25-30	?	deel7:p93
B:W25,27,28,30,32,33,35,36,37,39,42,43,48,49,50:B2,3,4,7,9,12,13,14,15,16,18,19,21,23,24	24-29	?	deel7:p93
B:W27,28,32,34,36,37,38,40,42,45,48,49:B2,3,8,10,12,13,16,19,21,23,24,25	24-29	?	deel7:p93
B:W27,28,30,32,33,35,36,37,42,43,48,49:B2,4,6,8,11,13,15,16,18,19,21,24	15-20	!?	deel7:p94
W:W27,28,30,32,33,35,36,37,42,43,48,49:B2,4,6,8,11,13,16,18,19,20,21,24	30-25	!	deel7:p94
B:W25,27,28,32,33,35,36,37,42,43,48,49:B2,4,6,8,11,13,16,18,19,20,21,24	19-23	!!	deel7:p94
W:W27,28,32,38,39,43,44,46,47,49:BK48,6,11,13,14,16,19,23,24	47-42	!	deel7:p95
W:W27,28,32,36,37,38,39,40,42,43,44,45,47,49:B1,2,3,4,11,12,13,14,16,19,21,23,24,26	37-31	!	deel7:p98
W:W27,28,32,34,35,37,38,39,42,44,47,48:B3,8,11,12,13,14,15,19,20,23,24,26	34-30	!	deel7:p98
B:W27,28,30,32,35,37,38,39,42,44,47,48:B3,8,11,12,13,14,15,19,20,23,24,26	20-25	?	deel7:p98
B:W25,27,28,30,31,32,35,38,39,44,47,48:B3,6,8,12,13,14,15,16,19,21,23,24	21-26	?	deel7:p98
B:W27,28,31,32,33,38,39,42,44,47,48:B2,3,11,12,13,14,16,19,21,23,24	21-26	?	deel7:p98
W:W27,28,31,32,33,38,39,42,44,47,48:B2,3,11,12,13,14,16,19,23,24,26	33-29	!	deel7:p98
W:W22,23,30,35,38:BK48,7,8,9,14,17,19	22x24	!	deel7:p115
W:WK5,35:B8,13,34	5-14	!!	deel7:p118
W:WK2:BK46,10,13	2x5	!	deel7:p118
W:W22,23,32,34,40:BK15,4,5,7,8,13,14,21,45	34-29	!	deel7:p127
W:WK1:B6,19	1-40	!	deel7:p129
W:WK17,35,40:BK50,25	17-6	?	deel7:p138
W:W15,28,32,37,43:B5,7,8,13,14,17,18,22,23,24,27,35	32x3	!	deel7:p141
W:W25,34,39,43,45:BK24,10,15,19	25-20	!	deel7:p141
W:W23,25,34,40,44,47,50:B7,13,17,30,32,35,37	47-42	!	deel7:p151
W:W21,27,28,32,33,35,37,38,39,40,42,43:B7,12,13,14,15,17,18,19,24,25,26,30	39-34	!	deel7:p164
B:WK5,25,46:B4,9,12,14,19,22	14-20	!	deel7:p167
W:WK4,35,36,39,45,48:B1,2,3,6,8,11,12,13,14,19,32	4x49	!	deel7:p171
W:W26,29,30,34,36,38,39,41,42,43,44:B1,8,11,13,14,15,17,18,19,27,28	36-31	!	deel7:p173
W:W21,22,24,32,37,42,49,50:B3,9,10,13,33,34,39,40	49-43	!	deel7:p176
W:W21,22,24,32,37,42,50:BK48,3,9,10,13,33,34,40	50-44	!	deel7:p176
W:W21,22,24,32,37,42:BK48,K49,3,9,10,13,33,34	42-38	!	deel7:p176
W:W32:BK19,K28,3,9,10,13	32x5	!	deel7:p176
W:W21,22,25,30,32,37,41,42,48,49:B9,10,12,14,19,24,33,39,40	25-20	!	deel7:p178
W:W21,30,31,34,40,44,46:B13,14,16,19,23,33	44-39	!	deel7:p182
W:W21,31,34,46:B13,14,16,19,23,24	34-29	!	deel7:p182
W:W31,33,34,38,41,42:BK49,13,14,19,21,23,24	34-29	!	deel7:p182
W:W22,31,33,46:B13,14,18,19,23,24	33-29	!	deel7:p183
W:W22,31,40:B8,9,20,24,29,30,36	40-34	!	deel7:p183
W:W34:B8,9,18,20,24,29,30	34x34	!	deel7:p183
B:W26,30,31,33,36,38,39,40,42,47,48,49:B6,11,12,13,15,16,17,18,20,22,23,27	20-25	?	deel7:p184
W:W26,30,31,33,36,38,39,40,42,47,48,49:B6,11,12,13,15,16,17,18,22,23,25,27	26-21	!	deel7:p184
W:W36,40,42,47,48,49:B6,11,15,16,18,23,27,37	42x13	!	deel7:p184
W:W29,33,34,38,44:BK14,1,6,8,9,10,20,25	29-23	!	deel7:p191
W:W23,27,28,29,33,34,37,39,44:B3,7,8,9,12,16,17,18,26	29-24	!	deel8:p17
W:W23,24,33,37,39:BK21,3,7,8,9,12,16,17,26	37-32	!	deel8:p17
W:W21,28,32,33,35,37,39,40,43,45,48,49:BK47,2,4,6,7,8,9,10,13,15,19,20,25	28-22	!	deel8:p18
W:W21,22,32,35,37,39,40,43,45,48,49:BK29,2,4,6,7,8,9,10,13,15,19,20,25	39-33	!	deel8:p18
W:W21,26,27,29,31,32,37,39,41,50:B2,7,8,9,13,16,19,20,25,30	27-22	!	deel8:p19
W:W22,24,27,32,33,37,39,48:B7,8,9,13,19,29,30,35	48-42	!	deel8:p19
W:W15,20,24,29,31,33,37,39,42:B2,3,4,6,7,9,11,13,22	37-32	?!	deel8:p19
W:W20,21,22,29,32,37,49,50:BK47,2,4,7,8,9,13,19,39	50-44	!	deel8:p22
W:WK1,49:B12,45	1x40	!	deel8:p23
W:W11,12,24,29,33,39,48:B2,6,21,32,37	11-7	!	deel8:p25
B:W23,29,33,34,43,44,46:B3,10,12,17,20,21,31	31-37	?	deel8:p26
W:W26,28,29,31,33,34,38,41,44:B9,10,12,13,17,18,20,22,27	26-21	!	deel8:p33
W:W29,33,34,38,44:BK14,9,10,18,20,27	29-23	!	deel8:p33
W:W29,31,33,34,35,38,41,44:B7,9,10,17,18,20,24,26	35-30	!	deel8:p33
W:W11,16,17:B1,6,31	11-7	!	deel8:p34
W:W16,17,29,33,34,38,44:BK19,1,6,7,8,9,10,20,26	17-11	?	deel8:p34
W:WK4:B1,6,7,9,21,22,25	4x2	!	deel8:p35
W:W24,28,33,39,40,43:BK46,8,9,10,18	39-34	!	deel8:p37
W:W24,28,33,34,40,43:BK46,2,4,8,9,10,18	28-23	!	deel8:p47
B:W25,27,28,32,33,37,38,39,40,41,42,44,45,47,48,49:B3,4,6,8,9,10,11,12,13,16,17,18,19,21,23,24	21-26	?!	deel8:p47
W:W25,27,28,32,33,37,38,39,40,41,42,44,45,47,48,49:B3,4,6,8,9,10,11,12,13,16,17,18,19,23,24,26	27-22	!?	deel8:p47
B:WK5,33,37,41,42,44,45,47,48,49:B3,4,6,8,11,12,13,17,19,26,27	13-18	!!	deel8:p47
B:WK22,33,37,41,42,44,45,47,48,49:B3,4,6,12,17,26	17x50	!	deel8:p47
W:W24,29,33,34,40,43,48:BK46,8,9,10,15,18,20,21,25	29-23	!	deel8:p47
W:W24,27,29,31,33,34,37,41,43,44:B3,7,13,16,18,21,22,23,25,26	44-40	!	deel8:p48
W:W8,24,29,33,34,40,43:BK46,3,7,16,18,22,25	29-23	!	deel8:p48
W:W23,25,29,30,31,33,38,39,44,46,47:B4,9,11,12,13,14,16,18,22,26	29-24	!	deel8:p48
W:W25,29,30,38,39,44,47:BK46,4,9,11,12,13,14,16,20,22	47-41	!	deel8:p48
W:W25,27,28,30,32,33,34,35,38,39,40,42,43,45,46,47,48:B2,3,5,6,7,8,9,10,11,13,14,15,18,19,23,24,26	46-41	!	deel8:p50
B:W25,27,28,30,32,33,34,35,38,39,40,41,42,43,45,47,48:B2,3,5,6,7,8,9,10,11,13,14,15,18,19,23,24,26	14-20	?	deel8:p50
W:W24,25,32,34,38,39,40,43,45,47,48:BK46,2,3,5,6,7,10,18	38-33	!	deel8:p50
W:W25,34,39,45,47,48:BK29,2,3,5,6,7,10,18	34x1	!	deel8:p50
W:WK3:B1,6,9,11,25,27,28	3x2	!	deel8:p51
B:W17,29,32,33,34,45:B18,40,42	42-48	?	deel8:p58
W:W17,29,32,33,34,45:BK48,18,40	29-24	!	deel8:p58
W:W30,34,38,40,43,48:BK46,8,9,10,16,17,27,39	38-32	!	deel8:p63
W:W30,34,36,38,40,43,48:BK46,2,4,8,9,10,11,13,16,17,27,39	38-32	!	deel8:p63
W:W25,29,34,38,39,44:BK14,4,8,9,10,13,18,30	29-23	!	deel8:p63
W:W17,27,29,33,34,45:BK48,2,3,4,7,18,40	29-24	!	deel8:p63
W:W17,27,29,33,34,45:BK48,4,5,7,15,18,40	29-24	!	deel8:p63
W:W30,34,36,38,40,43,47,48:BK46,4,6,8,9,10,11,17,22,27,39	38-32	!	deel8:p64
W:W34,36,47,48:BK38,4,6,8,9,10,11,17,22,27,39	34x5	!	deel8:p64
W:W24,34,37,38,40,41,43:B13,17,18,27,28,39	37-32	!	deel8:p64
W:W19,25,33,34,36,38,39,42,43,44,46:B6,8,9,10,17,18,27,30,31,37	33-29	!	deel8:p65
W:W21,27,37,39,43,44,50:BK45,7,9,10,12,13,16,17,20,25,28	39-34	!	deel8:p69
W:W31,32,37,38,41,42,43,44,47,48:B1,7,8,9,10,11,14,16,20,21,23,24,26,29	32-27	!	deel8:p69
W:W30,38,42,43,44,47,48:BK46,1,7,8,9,10,11,14,16,20,29	38-32	!	deel8:p69
W:W17,19,29,42,45,50:BK49,6,35	42-38	!	deel8:p70
W:WK4,24,26,32,40,43:BK46,6,11,12,17	4-18	!	deel8:p74
W:WK1,17,24,32,38:BK35,14	38-33	!	deel8:p74
B:W7,25,30,35:B13,14,19,22,24,44	14-20	!	deel8:p75
B:WK6,25,30,35:BK45,13,14,19,22,24	45-1	!	deel8:p75
B:WK18,25,30,35:BK1,19	1x29	!	deel8:p75
B:W16,21,25,30,35,39:B6,13,14,19,24,42	14-20	!	deel8:p75
W:WK1,32,36,37,38,39,45,47,49:B2,8,9,15,16,17,21,24,25,26,27	1-6	?	deel8:p75
W:WK2,K4,28,29,38:B8,13,44	4x22	!	deel8:p85
W:WK2,K22,28,29,38:BK49,8	2x19	!!	deel8:p85
W:WK3,18,27,28,37:BK48,17	3x21	!!	deel8:p91
B:WK2,22,29,33,43,44:BK47,11,21	47-38	!	deel8:p91
W:WK2,22,29,33,43,44:BK38,11,21	2x32	!!	deel8:p91
W:WK2,K7,28,29,39,40:BK46,1,8	2x24	!!	deel8:p91
W:W13,21,27,32,37:BK48,16	32-28	!	deel8:p92
W:WK1,K3,27,28,38:B7,12,41	3x17	!	deel8:p93
W:WK1,K17,27,28,38:BK47,7	1x23	!	deel8:p93
W:WK3,K5,29,30,39:B10,14,45	3x20	!	deel8:p93
W:WK5,K20,29,30,39:BK50,10	5x23	!	deel8:p93
W:W13,14,18,19,29:BK47,27,32	13-8	!	deel8:p93
W:WK2,K5,18,29,39:B14,19,42	2x24	!	deel8:p93
W:WK5,K24,18,29,39:BK48,14	5x28	!	deel8:p93
W:WK5,30,33,34,44:BK49,19	5x23	!	deel8:p93
B:WK2,20,28,29,39:B9,13,19,42	9-14	?	deel8:p93
W:WK2,18,28,29,39:BK48,19	2x24	!	deel8:p93
W:WK3,36:B9,11,17,18,21,22,24	3x27	!!	deel8:p94
W:WK3,49:B12,18,22,24,40,43	3x13	!	deel8:p99
W:WK5,45,50:BK33,7,8,12,14,29,35,38,39	5x18	!	deel8:p100
W:WK8,13,48:BK2,17,24,28,31,33,34	8x39	!	deel8:p100
B:WK3,49:B14,19,24,30,33	19-23	!	deel8:p101
W:WK10,48:B7,12,13,18,19,21,34,38	10x30	!	deel8:p102
B:WK30,48:B7,12,13,18,21	18-22	!	deel8:p102
W:WK4,26,28,38:BK47,7,8,16,17,34,37	26-21	!	deel8:p102
B:WK5,22,28:BK46,11,13,17,21,42	46x19	!!	deel8:p102
W:WK2,15,33,45:B4,11,12,14,17,18,21,34,40	2x22	!	deel8:p103
W:W9,18,22,23,31,36,42:B27,29,30,32,33,34,44	18-12	!	deel8:p108
B:WK5,12,23,29,35,39:B3,8,11,17,21,45	45-50	?	deel8:p111
B:WK5,12,23,29,33,35:BK50,3,8,11,17,21	50x19	!	deel8:p111
W:W19,23,24,32,33,34,38,42,43,44,50:B3,4,8,11,12,13,17,21,31,45	19-14	!	deel8:p111
B:W14,23,24,32,33,34,38,42,43,44,50:B3,4,8,11,12,13,17,21,31,45	31-37	!?	deel8:p111
W:WK19,15,30,34,40,43,48:BK46,4,6,27,39	19-32	!!	deel8:p113
W:W15,16,23,24,30,34,40,43,48:B4,6,8,17,20,27,36,39	15-10	?	deel8:p113
B:W23,30,34,38,40,43,48:B2,17,26,27,39,41	41-46	?	deel8:p117
W:W23,30,34,38,40,43,48:BK46,2,17,26,27,39	38-32	!	deel8:p117
B:W23,30,34,38,40,43,48:B8,17,27,39,41	41-46	?	deel8:p132
W:W45:BK29,2,3,4,7,18,40	45x1	!	deel8:p132
B:W11,15,28,29,38,44:B2,4,10,13,14,35	4-9	!	deel8:p135
W:WK2,K4,28,29,38,44:B9,13,14,40	2x10	!	deel8:p135
W:WK4,K10,28,29,38:BK49,9	4x22	!!	deel8:p135
W:WK4,33,37,38,48:BK50,36	4-27	!!	deel8:p136
W:WK10,37,38,48:BK6,23,36	10x32	!	deel8:p136
W:WK2,50:B13,17,18,33,34,38	2x29	!!	deel8:p136
W:W18,23,30,34,36,38,40,49:BK46,3,7,9,11,13,15,17,22,27,29	38-33	!	deel8:p149
W:W24,30,32,34,38,39,44,48:BK47,4,8,11,12,13,19,21,25	32-27	!	deel8:p150
W:W14,23,28,30,33,40:BK46,3,5,7,8,9,10,17	28-22	!	deel8:p150
W:W21,26,27,31,32,35,38,40,41:BK17,2,5,8,10,11,12,13,14,16,20,25,29	27-22	!	deel8:p152
W:W17,27,40,44,45,50:BK35,2,7,8,9,10,13,20,30	40-34	!	deel8:p153
W:W22,28,30,38,39,44:BK46,7,8,9,10,13,29	39-34	!	deel8:p153
W:W22:B6,16	22-17	!	deel8:p156
W:WK3:B10,11,13,14,21,26,34	3x19	!	deel8:p160
W:WK2:B5,9,10,13,20,32,44	2x27	!	deel8:p162
B:W23,27,33,47,49,50:B1,2,6,12,16,35,36,45	12-18	!	deel8:p165
B:W12,27,33,47,49,50:B1,2,6,16,35,36,45	16-21	!	deel8:p165
B:W12,16,33,47,49,50:B1,2,6,36,40,45	2-7	?	deel8:p165
B:W24,27,31,33,35,36,37,38,39,40,47:B6,8,9,11,12,13,14,15,16,18,23	11-17	?!	deel8:p166
W:W24,27,31,33,35,36,37,38,39,40,47:B6,8,9,12,13,14,15,16,17,18,23	24-19	?	deel8:p166
B:WK4,40,45:B6,7,13,17,30	30-35	!	deel8:p168
W:WK2:B6,35	2-7	!	deel8:p168
W:W16,20,22,26,27,28,32,39:B6,9,12,13,15,19,23,29	16-11	!	deel8:p168
W:W8,43:B9,13,19,24,28	8-3	!	deel8:p168
B:WK1,38:B2,9,24,28	9-13	?	deel8:p169
W:W10,25,35,36,38:BK19,4,7,9,12,13,14,22,27	10-5	!	deel9:p11
B:W24,25,26,31,33,34,35,36,38,39,40,44,47,48:B3,4,6,7,8,9,12,13,14,15,17,18,22,27	18-23	!!	deel9:p12
B:WK2,24,26,35,36,40,44,47,48:B3,4,6,8,9,12,13,15,23,32,33	13-18	!	deel9:p12
W:WK1,33,34,36,43,49:B4,12,18,19,23,24,27	33-29	?	deel9:p12
B:W25,27,28,32,37,38,39,42,43,44,47:B6,8,13,14,15,16,19,21,23,24,26	8-12	?	deel9:p12
W:WK5,37,45:B3,7,12,13,15,18,20,21,23	5x35	!	deel9:p12
B:WK4,28,29,31,33,35,37,39,40,44,45,47:BK49,2,3,5,8,9,11,12,13,15,20,26	12-18	?	deel9:p13
W:WK6,40,44,45,47:B2,3,5,8,15,26,38	6-22	!	deel9:p13
W:WK4,28,29,31,33,35,37,39,40,44,45,47:BK49,2,3,5,8,9,11,13,15,18,20,26	28-23	?	deel9:p13
B:WK4,23,29,31,33,35,37,39,40,44,45,47:BK49,2,3,5,8,9,11,13,15,18,20,26	9-14	!	deel9:p13
W:WK1,22,27,29,32,33,37:BK49,9,13,16,21,26	29-24	!	deel9:p13
W:W25,27,28,30,32,35,36,37,38,39,42,48:B1,3,6,12,13,14,16,18,19,21,23,24	38-33	?!	deel9:p14
W:W24,25,27,32,34,35,36,41,42,46,48:B3,6,9,10,11,12,13,15,16,17,18,19	27-22	?	deel9:p14
B:W27,28,32,35,37,38,39,42,44,45,47:B2,4,8,9,11,14,16,19,23,24,26	8-12	?	deel9:p14
W:W27,28,33,37,39,44,47:B11,12,13,14,18,30,36	47-41	!	deel9:p22
B:W19,28,32,37,39,44:B3,16,21,35,36	21-27	?	deel9:p23
W:W19,28,37,39,44:B3,27,35,36	28-22	!	deel9:p23
W:WK39,K50,6:BK49,19,35	50-44	!	deel9:p25
B:WK3,23,24,29,33,34,35,39,47:BK48,2,4,15,21,25,26	26-31	?	deel9:p33
W:WK3,23,24,29,33,34,35,39,47:BK48,2,4,15,21,25,31	3x42	!	deel9:p33
B:WK3,23,24,29,33,34,35,39,47:BK48,2,4,15,21,25,26	21-27	?	deel9:p33
W:WK3,23,24,29,33,34,35,39,47:BK48,2,4,15,25,26,27	24-20	!	deel9:p33
B:WK3,23,24,25,29,33,35,39,47:BK48,2,4,15,21,26	48x37	!	deel9:p33
B:W23,24,28,29,34,35,39,47:BK48,4,12,15,25,26	12-18	?	deel9:p34
W:W25,29,35,47:BK33,4,15,26	29x38	!!	deel9:p34
B:W23,24,28,29,34,35,39,47:BK48,4,12,15,25,26	4-10	?	deel9:p34
W:WK16,23,24,29,47:B14,15,25,36,37	23-18	!	deel9:p34
B:W23,24,27,33,37,40,44,45:B7,8,9,13,15,26,34,35	34-39	?	deel9:p36
W:W26,27,28,30,32,33,34,35,37,38,39,40,41,42,43,45,48:B2,3,6,8,9,10,11,14,15,16,17,18,19,21,23,24,25	28-22	!	deel9:p39
W:WK1,26,34,35,38,39,43,44:BK37,2,6,15,20,24,25,30	38-32	!!	deel9:p42
W:WK1,26,35,39:BK38,2,6,15,20,24,25,30	39-33	!	deel9:p42
W:W21,26,32,34,35,38,39,42,43,44:B2,6,12,15,17,20,23,24,25,30	32-28	!	deel9:p44
W:W16,21,35,38,39,42,44:B6,12,15,20,25,28,30,33	38x29	!	deel9:p44
W:W27,28,31,32,33,35,37,43,45:B8,9,13,16,18,19,23,24,26	43-39	!	deel9:p46
B:W7,32,35,37,38,43,45:B8,9,13,19,22,23,26,29,36	29-33	!	deel9:p47
W:W11,26,32,35,38,43,45:B8,9,13,18,19,23,29,41	11-6	?	deel9:p47
B:W6,26,32,35,38,43,45:B8,9,13,18,19,23,29,41	41-47	?	deel9:p48
W:WK1,16,43,45:B8,9,12,18,20,23,36	1-6	?	deel9:p48
B:WK6,16,43,45:B8,9,12,18,20,23,36	12-17	!!	deel9:p48
B:W25,26,27,30,31,33,35,36,37,38,39,43,47,48:B3,4,6,8,9,10,11,12,13,18,22,23,24,28	13-19	?!	deel9:p53
W:W25,26,27,30,31,33,35,36,37,38,39,43,47,48:B3,4,6,8,9,10,11,12,18,19,22,23,24,28	25-20	?	deel9:p53
B:W25,26,27,31,33,35,36,37,38,39,40,42,45:B3,4,6,8,9,11,12,13,18,22,23,24,28	13-19	?!	deel9:p53
W:W25,26,27,31,33,35,36,37,38,39,40,42,45:B3,4,6,8,9,11,12,18,19,22,23,24,28	25-20	?	deel9:p53
W:W28,29,33,37,38,39,41,43,49:B5,11,12,13,15,17,21,22,30	39-34	!	deel9:p53
B:W13,15,27,33,35,39,42,43:BK50,4,6,24,25,30	24-29	?	deel9:p55
W:WK3,K5,35,38:BK50,4,6,24,25,30	5-23	??	deel9:p55
B:WK3,K23,35,38:BK50,4,6,24,25,30	24-29	!	deel9:p55
W:W27,29,30,31,32,34,35,36,39,42,43:B7,8,9,12,13,14,16,18,19,22,23	30-24	!	deel9:p55
B:W11,16,32,36,39:B7,8,9,29,30	29-34	?	deel9:p56
W:W6,16,36,37,39:B8,9,12,29,30	39-33	!	deel9:p56
B:W6,32,33,37,42,49:B14,23,26,45	14-20	?	deel9:p56
W:WK15,26,49:BK48	15-10	!	deel9:p56
B:W22,28,32,33,34,35,37,38,39,42,43,45:B7,8,9,11,12,13,16,17,19,23,24,25	24-30	?	deel9:p58
B:W22,28,32,33,34,35,37,38,39,42,43,45:B7,8,9,11,12,13,16,17,19,23,24,25	12-18	?	deel9:p58
W:W22,28,32,33,34,35,37,38,39,42,43,45:B7,8,9,11,12,13,16,17,19,23,24,25	34-29	!	deel9:p58
W:W22,28,32,33,35,37,38,42,43,45:B7,8,9,11,12,13,16,17,19,24,34	45-40	!	deel9:p58
B:WK1,35,37,38,43,45:B8,9,12,13,15,22,26,28	13-19	!	deel9:p61
B:WK1,36,40,45:B10,18,22,24,26,28	28-32	!	deel9:p62
B:WK1,33,36,44,45:B10,18,22,24,26,39	39x28	!!	deel9:p62
W:W6,36,40,45:B10,18,22,24,26,28	36-31	!	deel9:p62
W:W6,40,45:B10,18,22,24,28,37	6-1	!	deel9:p62
W:W27,28,29,33,41:B7,18,20,40	28-22	!	deel9:p62
B:W13,27,29,33,41:B7,20,44	44-50	?	deel9:p62
W:WK2:BK24,7,20	2x30	!	deel9:p62
B:W27,28,33,35,38,39,40,41,43,44,45,48:B4,6,8,9,13,15,16,19,20,24,29,30	8-12	?	deel9:p63
W:W27,28,33,35,38,39,40,41,43,44,45,48:B4,6,9,12,13,15,16,19,20,24,29,30	39-34	!	deel9:p63
W:W27,28,31,33,34,35,38,39,43,45,46:B6,8,9,10,11,12,13,15,16,24,25	46-41	?!	deel9:p63
B:W27,28,31,33,34,35,38,39,41,43,45:B6,8,9,10,11,12,13,15,16,24,25	25-30	!?	deel9:p63
W:W24,25,31,35,38,41,43,45:B6,8,9,10,15,44	45-40	!	deel9:p63
B:W19,24,25,30,31,35,37,41,42,45:B3,6,8,13,15,16,26,43	43-48	!	deel9:p65
W:W19,24,25,30,31,35,37,41,42,45:BK48,3,6,8,13,15,16,26	19-14	?	deel9:p65
B:W14,24,25,30,31,35,37,41,42,45:BK48,3,6,8,13,15,16,26	3-9	!	deel9:p65
B:W12,13,14,30,31,35,37,41,42,45:BK48,6,16,26	48x7	!	deel9:p65
B:W23,25,30,31,35,37,41,42,45:BK48,3,6,8,16,24,26	16-21	!	deel9:p65
W:W25,27,28,31,32,33,39,40,41,42,43,44,45,46,48:B1,2,3,4,5,6,9,12,14,15,16,18,19,23,24	43-38	?	deel9:p66
B:W16,22,25,28,31,32,38,39,40,41,42,44,45,46,48:B1,2,3,4,5,6,9,12,14,15,23	12-18	!	deel9:p66
W:W10,16,25,32,38,39,40,42,44,45,46,48:BK47,1,2,3,4,5,6,9,15	40-34	?	deel9:p66
W:W25,27,28,31,32,33,39,40,41,42,43,44,45,46,48:B1,2,3,4,5,6,9,12,14,15,16,18,19,23,24	42-38	?	deel9:p66
B:WK4,11,36,37,42:B2,7,14,15,16,20,21,25	2-8	?	deel9:p67
W:W15,27,35,37,39,40,43,45,48,50:B3,4,5,7,11,13,14,19,25,28	43-38	?	deel9:p68
B:W15,27,35,37,38,39,40,45,48,50:B3,4,5,7,11,13,14,19,25,28	4-10	!	deel9:p68
B:WK4,27,35,37,38,39,40,45,48,50:B3,5,7,11,13,14,19,25,28	11-17	!	deel9:p68
W:W10,28,37,38,48:B7,12,13,17,18,19	10-4	?	deel9:p69
B:W29,30,32,33,34,38,41,43,45:B3,9,15,16,17,19,20,31	31-36	?	deel9:p69
B:W15,25,27,28,31,32,33,37,38,39,42,44,48:B4,8,9,10,13,14,16,17,18,19,21,24,26	18-22	?	deel9:p70
W:W15,23,29,31,33,37,38,39,42,44,48:B4,10,12,13,14,16,17,21,22,26	39-34	!	deel9:p70
W:W15,26,27,34,39,44,48:B4,8,9,10,16,17,43	48-42	!	deel9:p71
W:W15,26,27,34,39,42,44:BK48,4,8,9,10,16,17	26-21	!	deel9:p71
W:W15,26,27,34,39,42,44:BK49,4,8,9,10,16,17	26-21	!	deel9:p71
B:W15,26,27,34,38,39,42,43,44:B4,8,9,10,16,17,41	41-46	?	deel9:p71
W:W15,26,27,34,38,39,42,43,44:BK46,4,8,9,10,16,17	27-22	!	deel9:p71
B:W15,26,27,34,38,39,42,44,48:B4,8,9,10,16,17,41	17-22	!	deel9:p71
W:W15,26,27,37,39,48:BK49,4,8,9,10,16,17	26-21	!	deel9:p71
W:W23,24,29,35,37,38,43,46,47:B4,7,12,13,14,17,25,27,36	43-39	?	deel9:p72
B:WK2,23,29,35,37,38,39,46,47:B12,25,31,36	31x24	!	deel9:p72
B:WK2,23,29,35,37,38,39,46,47:B12,25,31,36	31x44	?	deel9:p72
W:WK1,22,43:BK49,6,13,14,16,19	1-18	!?	deel9:p73
B:WK18,22,43:BK49,6,13,14,16,19	49x27	!	deel9:p73
W:W23,28,29,33,35,36,38,42:B9,11,12,13,15,17,22,27	23-19	!	deel9:p73
W:W28,33,35,36,38,42:B9,11,12,17,22,24,27	28-23	!	deel9:p73
B:W23,33,35,36,38,42:B9,11,12,17,22,24,27	22-28	!	deel9:p73
B:W19,28,29,30,33,36,38,42:B9,11,12,15,17,18,22,27	9-13	?	deel9:p74
W:W13,28,29,30,33,38,42:B9,11,12,15,18,21,31	13x22	?	deel9:p75
W:WK27,28,29,30,33,38,42:B11,12,15,17,41	42-37	!	deel9:p75
B:WK23,28,32:B20,21,35	21-26	!	deel9:p75
B:W22,28,29,30,33,38,42:B11,12,14,15,17,31	14-19	!	deel9:p75
B:WK4,25,26,28,32:BK46,7,24	7-12	!	deel9:p76
B:W14,22,28,30,33,38,42:B11,12,15,17,36	15-20	!	deel9:p76
B:W13,28,29,30,33,38,42:B9,11,12,15,17,18,31	15-20	!	deel9:p76
B:WK4,28,29,30,33,38,42:B11,12,17,18,20,31	31-37	!	deel9:p76
W:WK27,33,38:B11,12,17,20,25	27-16	!	deel9:p76
W:W13,28,29,30,33,38,42:B9,11,12,17,18,20,31	13x22	!	deel9:p76
B:W27,28,29,31,33,34,37,38,39,40,43,44:B3,6,7,12,13,14,15,16,19,20,24,25	25-30	!	deel9:p77
W:W28,34,35:B6,8,16,21,24	28-23	!	deel9:p77
W:W19,26,27,32,34,39,40,43,44:BK41,3,6,7,15,16	40-35	!	deel9:p77
W:W22,28,30,32,33,35,36,37,38,42,43,45,48:B3,6,9,12,13,14,15,16,19,21,23,24,26	45-40	?	deel9:p80
B:W22,28,30,32,33,35,36,37,38,40,42,43,48:B3,6,9,12,13,14,15,16,19,21,23,24,26	13-18	!!	deel9:p80
B:WK4,28,30,32,33,35,36,37,38,40,42,43,48:B3,6,12,14,15,16,19,21,23,24,26	3-9	!	deel9:p80
B:W24,26,27,29,33,34,36,38,39,40,42,43,45,47,48,49:B3,5,6,7,8,9,11,12,13,14,15,16,17,18,23,25	23-28	?	deel9:p80
W:W25,30,33,35,36,37,38,39,41,42,43,44,45,47,48,49:B2,3,5,6,8,9,10,11,12,13,14,15,16,18,21,23	37-31	!	deel9:p80
B:W25,30,31,33,35,36,38,39,41,42,43,44,45,47,48,49:B2,3,5,6,8,9,10,11,12,13,14,15,16,18,21,23	21-26	?	deel9:p80
W:W27,28,32,36,37,39,42,44,48,50:B1,3,12,13,16,18,21,25,29,30	39-33	!	deel9:p81
W:W27,28,29,32,34,35,36,37,39,42,44,48,49:B3,5,7,8,9,12,13,16,18,19,20,23,26	39-33	?	deel9:p81
W:W15,27,28,32,35,36,37,44,48,49:BK29,3,5,7,8,9,12,16,26	48-42	!	deel9:p81
B:W30,32,33,35,37,38,39,40,42,48:B3,9,12,13,14,15,19,23,24,26	12-18	?	deel9:p82
B:W24,27,32,34,37,38,39,42,43,45,47,48,49:B2,3,6,7,8,9,13,14,15,16,18,23,26	7-12	?	deel9:p82
W:W25,27,28,32,33,35,37,38,39,42,45:B3,9,14,15,16,18,19,21,23,24,26	37-31	!?	deel9:p83
B:WK4,25,27,32,33,35,38,45:B3,14,15,16,19,21,23,24,34	14-20	?	deel9:p83
W:WK4,27,32,33,35,38,45:B3,10,15,16,21,23,24,34	32-28	!	deel9:p83
B:WK4,25,27,32,33,35,38,45:B3,14,15,16,19,21,23,24,34	3-8	?	deel9:p83
W:WK4,25,27,32,33,35,38,45:B3,14,15,16,19,21,23,24,34	4-9	?	deel9:p83
W:WK4,25,27,32,33,35,38,45:B3,14,15,16,19,21,23,24,34	33-28	?	deel9:p83
B:W22,28,30,32,33,35,36,38,39,40,43,48,49:B2,3,6,7,9,13,14,15,16,19,21,23,24	13-18	!?	deel9:p84
W:W19,30,32,33,36,38,39,43,44,48:BK45,2,6,7,15,16,21	19-14	!	deel9:p85
W:W25,30,33,35,36,37,38,39,41,42,43,44,45,46,48,49,50:B2,3,4,6,7,8,9,10,11,12,13,14,16,18,19,24,26,32	38x27	?	deel9:p86
B:W25,27,30,33,35,36,37,39,41,42,43,44,45,46,48,49,50:B2,3,4,6,7,8,9,10,11,12,13,14,16,18,19,24,26	19-23	!	deel9:p86
W:W29,32,33,34,35,36,37,38,39,40,41,42,43,45,48,50:B2,3,6,7,8,9,10,13,14,15,16,18,19,21,23,25	29-24	!	deel9:p86
B:W24,32,33,34,36,37,38,39,40,41,42,43,45,48,50:B2,3,6,7,8,9,10,13,14,15,16,18,21,23,25	14-19	?	deel9:p86
W:W24,32,33,34,36,37,38,39,40,41,42,43,45,48,50:B2,3,6,7,8,9,10,13,15,16,18,19,21,23,25	33-28	!	deel9:p86
B:W24,32,33,34,36,37,38,39,40,41,42,43,45,48,50:B2,3,6,7,8,9,10,13,14,15,16,18,21,23,25	14-20	?	deel9:p86
B:W24,32,33,34,36,37,38,39,40,41,42,43,45,48,50:B2,3,6,7,8,9,10,13,14,15,16,18,21,23,25	7-12	?	deel9:p86
W:W25,27,28,30,32,33,35,36,37,38,39,42,48:B3,9,13,14,15,16,17,18,19,21,23,24,26	39-34	?	deel9:p89
W:WK5,25,35,36:B6,24,33	25-20	!	deel9:p90
W:WK32,27,30:B17,20,39	32-49	!	deel9:p90
W:WK5,25,35,36:B6,24,33	5-10	!	deel9:p90
W:W25,27,28,30,35,38:B14,16,19,21,29	38-33	!	deel9:p90
W:W27,30,31,32,33,35,39,45,48,49:B2,3,9,14,15,17,18,19,23,24	27-21	!	deel9:p91
W:W25,27,28,30,32,33,35,36,38,39,49:B3,6,9,11,13,14,15,19,23,24,26	27-22	?	deel9:p91
W:W25,27,28,30,32,35,36,37,38,39,42,45,46,48:B3,6,8,9,11,12,13,16,18,19,21,23,24,26	25-20	!	deel9:p92
B:W25,28,30,31,32,33,35,38,39,48:B3,7,9,13,14,15,19,21,23,24	24-29	?	deel9:p93
W:W28,30,31,32,35,38,39,48:B3,7,13,15,19,21,23,29	48-43	!	deel9:p93
B:W25,28,30,31,32,33,35,38,39,48:B3,7,9,13,14,15,19,21,23,24	13-18	?	deel9:p93
W:W25,27,28,30,32,33,35,38,39,48:B3,7,9,14,15,18,19,23,24,26	27-21	!	deel9:p93
B:W23,24,28,29,33,34,36,38,43,47,49:B1,2,3,4,11,12,13,14,15,20,26	12-18	?	deel9:p94
W:W23,28,29,30,33,36,38,39,40,43,47,49:B1,2,3,4,8,10,11,12,14,19,20,26	30-24	!	deel9:p95
B:W23,28,29,33,35,36,38,39,43,47,49:B1,2,3,4,8,10,11,12,14,20,26,30	10-15	!?	deel9:p95
B:W23,24,28,29,33,36,38,39,43,47,49:B1,2,3,4,8,11,12,14,15,20,26	8-13	!?	deel9:p95
W:W27,28,31,32,38,39,40,42,43,44,45,46,47:B2,3,6,7,8,9,13,14,15,17,18,25,29	28-23	?	deel9:p96
B:W23,27,31,32,38,39,40,42,43,44,45,46,47:B2,3,6,7,8,9,13,14,15,17,18,25,29	17-21	!	deel9:p96
W:W25,26,27,30,31,33,35,36,38,39,43,46,48:B3,6,8,9,10,11,12,18,19,22,23,24,28	25-20	!	deel9:p96
W:W25,28,29,33,37,38,39,43,45,47,48:B3,6,9,11,13,14,15,16,18,19,26	38-32	?	deel9:p97
B:W25,28,29,32,33,37,39,43,45,47,48:B3,6,9,11,13,14,15,16,18,19,26	14-20	!	deel9:p97
B:W28,31,32,33,34,36,38,39,48,50:B6,7,8,10,11,12,13,14,18,19	11-17	?	deel9:p97
W:WK16,34,39,48,50:B6,8,10,12,14,18,22	16-2	?	deel9:p97
B:WK2,34,39,48,50:B6,8,10,12,14,18,22	18-23	!	deel9:p97
B:W28,29,32,33,34,35,37,39,40,41,43,44,45,48:B2,3,6,9,13,14,15,16,17,19,20,24,25,26	17-22	!	deel9:p98
B:W17,28,29,39,40,41,44,45,48:BK49,3,7,9,14,15,25	49-38	?	deel9:p99
W:W17,28,29,39,40,41,44,45,48:BK38,3,7,9,14,15,25	39-33	!	deel9:p99
W:W7,22,33,34,35,39:B19,24,25,30,37	34-29	?	deel9:p100
B:W7,22,24,33,39:B42	42-48	?	deel9:p100
W:W7,22,24,33,39:BK48	24-19	!	deel9:p100
W:W7,22,24,33,39,50:BK48,16,26,45	24-19	!	deel9:p101
W:W10,26,34,36,39:B2,11,12,17,18,19	10-4	?	deel9:p101
B:WK4,26,34,36,39:B2,11,12,17,18,19	17-21	!	deel9:p101
W:W24,27,31,32,34,35,36,37,38,39,40,42,43,45,49:B2,4,5,6,8,9,11,12,13,14,15,16,18,21,25	38-33	?	deel9:p102
B:W24,27,31,32,33,34,35,36,37,39,40,42,43,45,49:B2,4,5,6,8,9,11,12,13,14,15,16,18,21,25	18-22	!	deel9:p102
B:W23,24,26,29,31,33,34,35,36,38,39,40,42,43,44,45,46,48:B2,3,6,8,9,10,11,12,13,14,15,16,17,18,20,22,25,27	27-32	!	deel9:p103
B:W23,24,26,29,31,33,34,35,36,38,39,40,42,43,44,45,46,48:B2,3,6,8,9,10,11,12,13,14,15,16,17,18,20,22,25,27	16-21	?	deel9:p103
W:W23,24,26,29,30,33,37,38,40,43,45,47:B2,4,5,8,11,12,15,17,18,21,22,25	40-34	?	deel9:p103
B:W23,24,26,29,30,33,34,37,38,43,45,47:B2,4,5,8,11,12,15,17,18,21,22,25	15-20	!	deel9:p103
B:W25,26,29,30,32,33,35,37,38,40,42,43,47,48:B3,6,7,9,10,12,13,14,16,17,18,19,21,24	19-23	!	deel9:p104
B:W25,26,27,30,32,33,34,38,42,48:B3,6,14,16,17,21,23,45	45-50	?	deel9:p104
W:W15,25,27,28,32,33,36,37,38,40,48,50:B4,6,13,14,16,17,18,19,21,23,24,26	50-44	?!	deel9:p104
B:W15,25,27,28,32,33,36,37,38,40,44,48:B4,6,13,14,16,17,18,19,21,23,24,26	24-30	?	deel9:p104
W:W6,36,38,40,45,48:B3,4,8,9,13,18,24	6-1	?	deel9:p105
W:WK35,27,32,38,42,48:B11,16,18,26,45	35-44	?	deel9:p105
W:WK24,23,27,37,38,48:BK50,11,16,26	24-33	!	deel9:p106
W:WK13,26,27,32,38,48:BK44,11,16,23	13-22	!	deel9:p106
W:WK2,26,38,48:BK46,11,23,27	2x5	!	deel9:p106
W:WK13,26,27,32,38,48:BK45,11,16,23	13-22	!	deel9:p106
W:WK6,26,27,32,48:BK47,16,23	6-22	!	deel9:p106
B:W25,27,28,32,35,37,38,39,40,42,45,47,48,49:B1,2,3,9,11,13,14,15,16,17,18,19,23,24	1-6	?	deel9:p106
W:W15,25,29,30,34,35,36,37,38,41,42,43,47,49:B2,3,4,9,12,13,14,16,19,21,22,26,27,33	37-32	!	deel9:p108
B:WK5,25,30,34,35,36,37,38,41,42,47,49:BK48,2,3,4,9,12,13,14,16,19,21,22,26,27	14-20	?	deel9:p108
B:WK5,25,30,34,35,36,37,38,41,42,47,49:BK48,2,3,4,9,12,13,14,16,19,21,22,26,27	13-18	!	deel9:p108
W:WK3,30,35,36,37,38,41,42,43,47:B2,4,12,16,18,21,26,31	3x17	?	deel9:p108
W:WK5,28,46,49:B7,8,17,18,26	5-19	?	deel9:p109
B:WK19,28,46,49:B7,8,17,18,26	8-13	!	deel9:p109
B:W25,27,28,32,33,37,43,45:B2,4,18,19,26,41	41-47	?	deel9:p109
B:W16,22,28,32,34,35,38,40,45,47:B3,7,11,13,15,17,20,24,25,26,36	26-31	?	deel9:p110
W:WK2,31,34,38,45,49:B12,13,14,15,16,19,22,23	38-33	?	deel9:p110
B:WK2,31,33,34,45,49:B12,13,14,15,16,19,22,23	13-18	!	deel9:p110
W:W16,19,27,29,38,39:BK50,6,12,25,30	38-33	!	deel9:p111
B:W19,22,28,33,38:B25,34,44	44-49	!	deel9:p111
W:W19,22,28,33,38:BK49,25,34	33-29	!!	deel9:p111
W:W14,26,33,34,35,38,39,43,44,48:B2,5,6,11,13,15,41	34-29	!	deel9:p112
B:W14,26,29,33,35,38,39,43,44,48:B2,5,6,11,13,15,41	41-46	?	deel9:p112
W:W34,39,40,47:B15,18,25	40-35	!	deel9:p112
B:W22,23,34,36,38,39,40,42:B3,6,8,9,10,11,20,21	21-26	?	deel9:p115
W:W22,23,34,36,38,39,40,42:B3,6,8,9,10,11,20,26	36-31	!	deel9:p115
W:W22,23,34,38,39,40:BK48,3,6,8,9,10,11,20	39-33	!	deel9:p115
W:W11,22,23,33,38,40:BK30,8,9,10,12,20,25	11-7	!	deel9:p116
W:W12,22,25,30,33,35:B14,16,19,24,26,41	12-7	!	deel9:p116
W:W26,28,29,32,33,34,37,39,42,43,44:B1,7,8,13,15,18,19,20,24,25,36	26-21	!	deel9:p117
W:WK3,29,33,34,37,38,39,42,44:B1,13,15,20,25,26,30,36	38-32	!	deel9:p117
W:WK3,26,29,32,33,34,39,42,44:B1,13,15,20,25,30,41	32-28	!	deel9:p117
W:WK17,26,29,33,34,38,39,42,44:B1,13,15,20,25,30,41	17-22	?	deel9:p118
W:WK36,26,33,34,38,42,44:BK47,15,16,24,25,35	44-40	!	deel9:p118
B:WK1,25,30,33,35,36,40:B3,9,10,13,14,19,24,26,27,42	13-18	!	deel9:p118
B:W12,14,27,32,33,37,41,42,50:BK48,3,4,16,21,26	26-31	?	deel9:p119
W:WK2,27,30,35,36,44:BK47,9,10,16,18,19,24	2-7	!	deel9:p119
W:W16,26,34,35,38,39,40,43,45:B6,9,19,22,23,24,25,28,29	38-32	!	deel9:p119
B:W21,26,27,34,35,38,39,40,43,45:B6,9,12,13,19,23,24,25,28,29	13-18	?	deel9:p119
B:WK1,25,30,33,35,45:B3,9,10,13,14,19,24,32	13-18	!	deel9:p120
W:WK2,45,49:BK16,5,15,20,25	2-19	?	deel9:p121
W:W22,25,27,33,34,35,38:BK47,12,14,16	33-28	!	deel9:p122
B:W17,22,25,27,28,32,33,34,36,38,42,43:BK50,1,3,4,6,11,13,16,35	50-39	!	deel9:p124
B:W22,25,26,27,28,32,33,34,36,38,42,43:BK50,1,3,4,6,11,13,16,17,35	50-45	?	deel9:p124
W:W22,25,26,27,28,32,33,34,36,38,42,43:BK45,1,3,4,6,11,13,16,17,35	27-21	!	deel9:p124
B:WK1,24,29,33,38,39,40,43,48:B3,4,8,12,14,15,18,26,41	41-46	?	deel9:p124
B:W25,27,30,32,33,35,37,38,40,41,42,43,45,48,49:B3,4,6,7,9,12,13,14,15,16,17,19,23,24,29	12-18	?	deel9:p125
B:W25,27,30,32,33,35,37,38,40,41,42,43,45,48,49:B3,4,6,7,9,12,13,14,15,16,17,19,23,24,29	4-10	?	deel9:p125
W:W32,37,38,41,42,43,45,48:B3,6,7,9,10,12,13,16,19,25,28	32x5	!	deel9:p125
B:W25,27,30,32,33,35,37,38,40,41,42,43,45,48,49:B3,4,6,7,9,12,13,14,15,16,17,19,23,24,29	13-18	?	deel9:p125
W:WK2,27,32,37,38,41,42,43,45,48,49:BK50,3,4,6,9,12,15,16,23,34	38-33	!	deel9:p125
B:WK26,37,43,45,48,49:B3,4,6,9,15,16,23,34	15-20	?	deel9:p125
W:W25,27,28,32,33,35,36,37,38,39,40,42,45,48:B6,8,9,11,13,14,15,16,18,19,21,23,24,26	37-31	!	deel9:p126
W:W25,27,28,32,33,35,36,37,38,39,40,42,45,48:B6,8,9,10,11,13,14,16,18,19,21,23,24,26	37-31	!	deel9:p126
W:W25,27,28,32,33,35,36,38,39,40,42,45,48:B6,8,9,10,11,13,14,16,18,19,21,23,24,37	32x41	!	deel9:p126
B:W15,25,33,35,36,41,42,45,48:B6,8,9,10,11,13,14,16,18,19,32	18-22	!	deel9:p126
B:WK15,25,35,36,40,41,42,48:B6,8,9,11,13,14,18,19,21,29	21-27	!	deel9:p127
W:W20,27,30,43:B9,28,29	20-15	!	deel9:p128
W:W20,27,30,43:B10,28,29	20-15	!	deel9:p128
W:W24,25,27,43:B9,23,33	25-20	!	deel9:p128
W:W24,26,30,31,32,33,34,36,38,39,40,42,43,44,45,46,48:B3,4,6,7,8,9,10,11,13,14,15,17,21,22,23,25,27	40-35	!	deel9:p129
B:W24,26,30,31,32,33,34,35,36,38,39,42,43,44,45,46,48:B3,4,6,7,8,9,10,11,13,14,15,17,21,22,23,25,27	23-29	?	deel9:p129
W:W22,23,24,26,30,32,35,36,38,42,43,45,46,48:BK50,3,4,6,7,8,9,10,11,13,14,15,17,21	42-37	!	deel9:p129
B:WK5,35,36,37,39,45,46:B3,4,6,7,8,9,15,18,22	7-12	!	deel9:p129
W:W26,28,32,33,34,35,36,37,38,39,40,41,42,43,44,45,47,49:B2,3,6,8,9,10,11,12,13,14,15,17,18,19,20,21,22,25	37-31	?!	deel9:p130
B:W26,28,31,32,33,34,35,36,38,39,40,41,42,43,44,45,47,49:B2,3,6,8,9,10,11,12,13,14,15,17,18,19,20,21,22,25	25-30	?	deel9:p130
W:W25,27,28,30,31,32,38,42,43,45:B8,11,12,14,15,17,18,19,23,29	31-26	?	deel9:p131
W:W21,26,50:B8,12,15,18,24	21-17	!	deel9:p132
W:W15,33,36,41,42:BK50,2,8,19,21	33-28	?	deel9:p132
B:W10,36,41,42:BK22,2,8,19,21	22-4	!	deel9:p132
B:WK5,36,41,42:BK4,2,8,19,21	2-7	!	deel9:p132
B:WK5,29,36,41,42:BK4,2,8,19,21	2-7	!	deel9:p132
B:WK40,36,41,42:BK17,2,8,21,39	39-43	?	deel9:p132
B:WK22,36,42:BK46,2,8,24,26	8-12	?	deel9:p132
B:WK22,36,42:BK46,2,8,24,26	24-29	?	deel9:p132
B:WK5,26,31,36,38,40:B8,11,13,22,24,27,35,44	44-50	?	deel9:p134
B:WK5,26,31,36,38,40:B8,11,13,22,24,27,35,44	44-49	?	deel9:p134
B:WK5,26,31,36,38,40:B8,11,13,22,24,27,35,44	13-19	!	deel9:p134
W:W7,36,38:B13,20,22,30,45	38-32	?	deel9:p135
W:W7,25,35,45:B15,18,27,32,41	25-20	!	deel9:p136
W:W7,10,39:B13,24,29,30,35,45	39-33	!?	deel9:p138
B:WK4,7:B13,24,30,35,38,45	30-34	!	deel9:p138
B:WK11,36,37,48:B1,3,6,8,13,17,24	3-9	!	deel9:p138
B:W21,26,32,34,35,36,37,39,40,42,43,45:B9,11,12,13,17,18,19,20,23,24,25,29	29-33	!?	deel9:p140
B:W21,26,28,32,34,35,36,37,40,42,43,45:B9,11,12,13,17,18,19,20,23,24,25	11-16	!	deel9:p140
W:W21,26,28,32,34,35,36,37,40,42,43,45:B9,12,13,16,17,18,19,20,23,24,25	43-39	!	deel9:p140
W:W26,31,34,35,36,40,45:BK29,9,12,13,17,18,19,20,24,25,32	34x3	!	deel9:p140
W:WK3,36,45:B12,18,19,20,25,32,37,44	3x15	!	deel9:p140
W:WK3,36:B12,29,32,37,44	3x23	!	deel9:p140
B:W14,19,27,32,33,35,36,37,38:B12,13,15,16,17,21,24,26,45	45-50	!	deel9:p140
B:W8,14,27,32,33,35,36,37,38:BK50,12,15,16,17,21,24,26	50x42	!	deel9:p140
W:W27,29,32,33,36,37,38,41,46:BK50,1,6,11,12,16,20,21	29-24	!	deel9:p141
B:W24,27,32,33,36,37,38,41,46:BK50,1,6,11,12,16,20,21	50x42	!	deel9:p141
B:WK1,15,22,25,30,35,47:B4,13,14,16,19,24,38,43	43-48	?	deel9:p141
W:WK1,15,25,30,35:BK18,4,13,14,16,19,24,38	1x9	!	deel9:p141
W:W25,27,28,31,32,33,47,48,50:B7,9,13,16,17,18,19,24,29	27-21	!	deel9:p142
B:WK7,25,28,47,48,50:B13,14,16,18,19,24,36	36-41	!	deel9:p142
W:WK7,25,28,47,48,50:B13,14,16,18,19,24,41	7x9	!	deel9:p142
W:WK2,14,36,41:BK49,17,21,23,33,34,35	2-16	?	deel9:p142
B:WK16,14,36,41:BK49,17,21,23,33,34,35	49-40	!	deel9:p142
W:WK16,14,36,41:BK40,17,21,23,33,34,35	16x12	!	deel9:p142
B:WK45,25,35,38:BK47,13,14,16,24,37	47x29	!	deel9:p142
W:W6,24,25,33,41,46:B5,13,14,15,18,31,32	24-20	!	deel9:p142
W:WK1,25,33,41,46:B5,13,14,18,24,32,36	1x9	!	deel9:p142
B:W15,27,32,33,35,36,37,38:B2,4,9,12,16,24,26,45	4-10	!	deel9:p143
W:W6,33,34,35,38,39,44,45,47:B9,10,13,15,16,18,20,25,42	33-29	?	deel9:p143
B:W6,28,35,44,45,47:B9,10,13,15,16,18,20,25	9-14	?	deel9:p143
B:WK1,28,35,44,45,47:B9,10,13,15,16,18,20,25	16-21	!	deel9:p143
W:W17,22,33,34,37,38,39,41,42,44:B4,6,8,11,14,19,24,25,26,28	34-30	!	deel9:p145
W:WK3,37,41,42:BK17,4,6,11,14,19,24,26,32	3x8	!!	deel9:p145
B:WK5,32,34,36,48,49:B11,12,23,24,27,28,42	28x37	?	deel9:p147
B:WK23,34,36,48,49:BK47,24,37	24-29	!	deel9:p147
B:W32,36,40:B2,13	13-18	!	deel9:p149
W:WK16,21,36,43,45,46,48:BK33,8,9,12,13,18,23	43-38	!	deel9:p150
W:W22,32,34,35,38,44:BK47,7,8,13,19,20,24	35-30	!	deel9:p152
W:W22,30,32:BK49,7,8,13,19,20,24	30-25	!	deel9:p152
W:W16,29,32,34,38,44:BK47,6,9,15,19,22	29-23	!	deel10:p19
B:W6,32,34,39,42,43:B12,13,24,45	45-50	?	deel10:p20
B:W6,32,34,39,42,43:B12,13,24,45	12-17	?	deel10:p20
W:WK1,34,43:BK48,13,17,24	34-29	!	deel10:p20
W:WK9:B19,28	9-4	!	deel10:p20
B:W21,26,31,34,38,43,44:B9,12,14,18,22,23,41	41-47	?	deel10:p21
W:WK1,15,31,33,38,41:BK49,6,8,14,19	1-29	!	deel10:p21
W:W15,16,25,30,31,32,35,37,38,41,42,50:B3,6,7,8,9,12,13,14,18,19,23,28	50-44	?!	deel10:p23
B:W15,16,25,30,31,32,35,37,38,41,42,44:B3,6,7,8,9,12,13,14,18,19,23,28	23-29	?	deel10:p23
B:W21,24,26,32,43,48,50:B4,14,15,22,23,40,45	40-44	?	deel10:p23
W:W18,19,20,33,38,41,50:B5,7,10,17,27,36,45	50-44	!	deel10:p24
W:W18,19,20,33,38,44:BK47,5,7,10,17,27,45	38-32	!	deel10:p24
W:W18,19,33,44,46:BK47,7,17,27,37,45	46-41	!	deel10:p24
B:W14,27,30,32,44:B11,12,13,17,41	41-46	?	deel10:p25
B:W15,22,31,33,41:BK49,14	14-20	!	deel10:p29
B:W9,24,35,42,47:B11,12,15,21,22,26,43	43-48	?	deel10:p36
W:W9,24,35,42,43,47,49:B11,12,15,21,22,26,45	49-44	!	deel10:p37
W:WK38,24,35:BK47	38-29	!	deel10:p37
W:W12,21,31,32,43:B9,13,17,19,24	12-8	!	deel10:p38
B:WK3,43:B9,13,19,24,28	13-18	!	deel10:p38
B:WK44,41,46,48:B14,18,23,24,29	29-33	!	deel10:p99
W:W25,40,50:B43	50-44	!	deel10:p103
B:W7,9,15,35,42,46:B1,12,24,28,29,32,39	12-18	?	deel10:p104
W:W6,20,26,31,36,46:B7,15,17,22,28,38,43	26-21	!	deel10:p112
W:W6,15,20,31,36,46:B4,7,22,26,28,38,43	15-10	!	deel10:p112
B:WK1,12,16,17,43:B2,31,32,41,44	44-49	?	deel10:p119
W:WK34,22,25,41:B9,13,15,42	34-29	!	deel10:p119
W:WK29,22,25,41:BK48,9,13,15	29-34	!	deel10:p119
B:WK4,45,46,50:B3,5,19,20,23,30,35,43	3-9	?	deel10:p122
B:W8,12,15,37,39:B1,22,23,28,36,45	45-50	?	deel10:p123
B:WK3,35,40,45:B2,18,19,22,29	2-8	?	deel10:p123
W:W6,12,31,32,43:B1,9,13,19,24,26	12-8	!	deel10:p124
W:W12,21,31,43:B9,13,17,19,24	12-8	!	deel10:p124
B:WK3,43:B9,13,19,24,37	13-18	!	deel10:p124
B:WK2,15,30,35:B5,9,22,23,29,32	9-13	?	deel10:p124
W:WK3,15,30:B5,41	3-14	!	deel10:p125
W:WK14,15,30:BK47,5	14-10	!	deel10:p125
B:W8,31,35,40,47:B1,6,7,17,18,19,21,25,28,43	43-48	?	deel10:p125
W:W24,25:B3,8	24-20	!	deel10:p125
W:W7,15,18,20,29,31,46:B4,12,32,39,42	15-10	!	deel10:p125
B:W6,12,18,31,44,46:B1,32,33,42,45	45-50	?	deel10:p125
B:W6,14,23,31,36,44:B5,32,33,42,45	45-50	?	deel10:p126
B:W6,21,26,44:B18,32,33,42,45	45-50	?	deel10:p126
W:W6,21,26,44:BK47,18,32,33,45	21-17	!	deel10:p126
B:WK1,6,31:B2,9,10,13,19,24,30,35	13-18	?	deel10:p127
W:WK4,K32,33:BK50	4-10	!	deel10:p130
W:W16,23,29,33,34,38,44,46:B1,8,9,10,17,20,25,37	16-11	!	deel10:p153
W:W28,30,31,32,34,36,38,39,40,43,47,48:B2,4,8,9,10,11,13,16,17,18,19,26	32-27	!	deel10:p154
W:WK1,24,28,39,40:B15,18,26,37	1x29	!	deel10:p155
W:WK29,24,28,39,40:B15,26,41	29-47	!	deel10:p155
W:WK47,24,28,39,40:BK46,15,26	47-29	!	deel10:p155
W:WK29:BK33,15,26	29x42	!	deel10:p155
W:W20,24,28,30,33,38:BK49,7,8,17,29	28-22	!	deel10:p157
B:W15,19,20,23,24,34,44:B7,17,27,36,37,38,45	45-50	?	deel10:p157
W:WK2,15:B41	2-19	!	deel10:p157
W:W31,32,35,38,41,44,50:B4,8,9,10,17,22,40	35-30	!	deel10:p158
B:W25,28,29,34,38,39,44:B2,4,7,13,18,30,41	41-46	?	deel10:p158
W:W30,34,38,40,43,47,48:B8,9,10,17,27,37,39	47-41	!	deel10:p159
B:W17,18,21,31,32,38,50:B6,8,9,20,30,40,43	43-48	?	deel10:p159
B:W26,30,38,42,43,44,47:B10,13,20,27,29,36,41	41-46	?	deel10:p159
W:W26,30,38,42,43,44,47:BK46,10,13,20,27,29,36	26-21	!	deel10:p159
W:W26,30,38,42,43,44,47:BK46,10,13,20,27,29,36	38-32	?	deel10:p159
B:W24,28,32,33,34,40,43:B2,8,9,10,15,18,41	41-46	?	deel10:p159
W:W22,27,28,32,35,36,37,47,48,49,50:B2,3,11,13,15,16,19,20,21,24,30	47-42	?!	deel10:p160
B:W22,27,28,32,35,36,37,42,48,49,50:B2,3,11,13,15,16,19,20,21,24,30	24-29	?	deel10:p160
W:W32,36,37,49,50:BK31,2,3,11,15,16,21	37x6	!	deel10:p160
B:W22,27,32,35,36,37,39,41,42,44,45,46,48,49,50:B1,4,9,10,12,13,14,15,16,18,20,21,24,29,30	29-33	?	deel10:p160
B:W26,30,31,33,35,36,37,38,39,40:B3,4,12,14,15,17,18,19,23,24	4-9	?!	deel10:p160
W:W25,27,28,32,33,35,36,37,39,42,43,46,48,49,50:B1,2,3,4,9,10,11,12,13,14,16,19,21,23,24	39-34	?!	deel10:p160
B:W25,27,28,32,33,34,35,36,37,42,43,46,48,49,50:B1,2,3,4,9,10,11,12,13,14,16,19,21,23,24	23-29	!?	deel10:p160
W:W25,32,36,37,43,46,49,50:BK31,1,2,3,4,10,11,14,16,21	37x6	!	deel10:p160
W:WK5,26,34,37,42:B17,18,23,27,38	5x12	!	deel10:p161
W:WK12,26,34,37:BK47,18	12x29	!	deel10:p161
W:WK3,36:BK18,K22,9,11,17,21,24	3x27	!!	deel10:p166
W:WK23,36,47:B11,17,18,21,22	23x27	!	deel10:p174
W:WK25,36:BK22,11,17,18,21,30	25x27	!	deel10:p174
W:WK45,36:BK22,11,17,18,21	45x27	!	deel10:p174
W:WK5,36:BK22,11,17,18,19,21	5x27	!	deel10:p175
W:WK3,46,50:BK32,9,21,27,28,30,31,45	3x37	!	deel10:p178
W:WK8,15:BK20,3,12,28,32,34,44	8x23	!	deel10:p187
W:W45:BK29,7,18,40	45x1	!	deel10:p191
W:WK1,50:B11,22,33,35	1-40	!	deel10:p193
W:W24,29,34,38,39,40:B8,13,14,15,20,27	29-23	!	deel10:p199
W:W28,29,31,33,34,41,43,44,45:B2,8,10,18,20,26	44-40	!	deel10:p203
B:WK3,45:B2,10,20	10-14	!!	deel10:p203
B:W12,17,26,32,34,39,42,49:B1,9,10,19,20,25,45	45-50	?	deel10:p209
W:WK2,17,26,49:BK30,1,9,10,19,20,25	2x13	!	deel10:p209
W:W32,33,37,38,39,41,42,44,47,50:B8,11,18,20,21,23,24,26,30,36	37-31	!	deel10:p210
B:WK2,38,45:BK47,11,20,21,23,24,30	47x29	!	deel10:p210
W:WK2,45:BK29,11,20,21,23,24,30	2x34	!!	deel10:p210
W:W15,31,41:B26	15-10	!	deel10:p216
B:WK1,28,29,36,37:BK49,21,26	49-32	?	deel10:p217
W:WK1,22,29,36:BK46,21,26	29-23	!	deel10:p217
W:WK1,22,36:BK5,21,26	36-31	!!	deel10:p217
W:W23,25,36:BK48,K49,15,22	36-31	!	deel10:p218
W:WK1,25,36:BK47,K49,14,26	1-23	?	deel10:p219
W:W21,22,32,37,38,39,47:BK46,10,19,36	47-41	!	deel10:p222
W:W16,21,27,31,32,33,40:B7,8,9,20,24,30,36	16-11	!	deel10:p235
W:W21,27,31,32,33,40:B8,9,16,20,24,30,36	27-22	!	deel10:p235
W:W34:B8,9,18,20,24,29,30	34x34	!!	deel10:p235
W:W24,28,32,33,34,40,43:BK46,2,8,9,10,15,18	28-23	!	deel10:p238
W:W17,29,31,33,34,42,45:B2,3,4,7,18,37,40	31-27	!	deel10:p239
W:WK3,18,27,28,37:BK48,17	3x21	!	deel10:p240
W:W12,13,19,22,31,41,50:B3,4,15,25,26,30,40	50-44	!	deel10:p240
W:W8,11,12,21,31,36,46:B3,6,22,28,29,38,43	12-7	!	deel10:p242
W:W25,34,39,40,45,50:BK49,5,10,23	34-29	!	deel11:p14
W:W6,7:B40	7-1	!	deel11:p24
W:W12,25,35,45,50:BK47,K48,K49,2,9,15	12-7	!	deel11:p43
W:WK26,15:B13,41	26-37	!	deel11:p44
W:W15:B13,32	15-10	!	deel11:p44
W:W15,16,26,32,36,42,46,49:B5,6,12,13,23,28,40	15-10	!	deel11:p55
W:WK2,14,38:B41	2-8	!	deel11:p56
B:W14,15,46:B26,31	31-36	?	deel11:p57
W:W14,15,46:B26,37	46-41	!	deel11:p57
W:W14,15:BK46,26	15-10	!	deel11:p57
B:W10,14:BK46,26	46-19	!	deel11:p57
W:WK2,25,35,45,50:BK48,K49,14,15,31	25-20	!	deel11:p65
W:WK2,35,45,50:BK48,K49,15,25,31	2-19	!	deel11:p65
W:W15,24,25:B4,7,11	25-20	?	deel11:p75
W:W15,19,25:B4,6,18	19-14	?	deel11:p75
B:W6,16,26,33,36,41,46:BK48,K49,12,40,45	45-50	?	deel11:p78
W:WK4:B23,32	4-15	!	deel11:p78
W:WK20,15:B13,43	20-38	!	deel11:p78
W:W14,15,47:BK46,36	15-10	!	deel11:p98
W:WK1,50:B26,35,43	1-40	!	deel11:p98
B:WK2,K3,19,36,43,44:B10,15,18,25,35	18-23	!	deel11:p100
W:W22,28,39,43:BK50,40	39-34	!	deel11:p100
W:W15,24,25,47:B9,18,28,37	15-10	?	deel11:p105
W:WK27,15,24,47:BK39,37	24-19	?	deel11:p105
B:WK2,K3,K4,23,29,45,47,50:B1,6,16,26,36	1-7	!	deel11:p110
W:W7,24,35:B15,25,26,27	7-2	!	deel11:p113
W:WK24,15,35:B26,30,32	15-10	!	deel11:p113
B:WK1,K2,K3,22,28,36,47:B5,15,25,31,35,45	5-10	!	deel11:p117
B:WK2,K3,K4,19,29,33,47:B1,6,16,26,36,37	37-42	!	deel11:p118
W:W19,29,33,38:B36,37	19-14	!	deel11:p118
W:W24,25,30,34,35,43,47:B7,8,9,11,13,36,39	25-20	!	deel11:p124
W:W19,24,30,34,35,47:BK48,7,8,9,11,13,36	24-20	!	deel11:p124
W:W25,32,35,39,42,47,49:B7,8,9,15,23,28,36	49-43	!	deel11:p125
W:W25,35,36,45,48,49,50:B3,9,15,19,27,37,38	49-43	!	deel11:p125
W:WK4,25,36:B3,15,32	36-31	!	deel11:p125
W:WK4,25,36:B3,15,32	4-31	?	deel11:p125
W:W8,35,45,48,49,50:B5,9,19,24,37,38,39	8-3	!	deel11:p126
W:W26,36,37,39,40,43,44,47,50:B2,4,12,13,14,15,16,29,30	39-34	!	deel11:p128
W:W23,25,27,28,29,32,35,37,38,43,45,47,48,50:B3,7,8,9,12,14,15,16,17,18,19,20,26,36	27-22	!	deel11:p129
W:WK1,46:B10,15,22,23	1x34	!	deel11:p129
W:W25,35,37,38,43,45,46,47,48,50:B7,8,9,10,15,18,22,26,27,36	25-20	!	deel11:p130
W:W15,25,30,33,35,38,39,40,42,43,47,50:B4,5,7,9,11,12,13,22,23,28,31,36	15-10	!	deel11:p130
W:W6,25,27,30,32,34,35,37,40,42,45,47,48,49:B1,2,4,7,9,12,13,14,18,22,23,26,36,44	48-43	!	deel11:p130
W:W6,25,35,37,40,42,45,47,49:B1,2,7,9,15,18,26,36	37-31	!	deel11:p130
W:WK36,15,25,34,35,38,42,45:BK46,K47,2,3,26,28	42-37	!	deel11:p132
W:W25,30,34,35,38,45:BK47,K48,7,14,17,18,19,23,24	25-20	!!	deel11:p133
W:W25,30,32,34,35,38,47,48,50:B7,14,17,18,19,23,24,28,36	50-45	!	deel11:p133
B:W25,26,31,36,37,38,46,47,48,49,50:B11,12,14,19,22,23,24,27,28,39,40	12-17	?	deel11:p134
W:W25,26,31,36,37,38,46,47,50:BK48,K49,11,14,17,19,22,23,24,27,28	26-21	!	deel11:p134
B:W16,20,21,26,27,29,30,32,36,48:BK49,K50,3,9,12,13,17,18,19	19-23	?	deel11:p134
W:W16,20,21,26,27,29,30,32,36,48:BK49,K50,3,9,12,13,17,18,23	32-28	!	deel11:p134
W:W16,21,26,27,28,36,48:BK49,K50,3,9,12,13,14,17,18	16-11	!	deel11:p134
W:W15,20,23,24,25,35,36,41,42,47:B2,4,7,8,9,13,14,26,32	42-37	!	deel11:p134
W:W15,20,23,24,25,35,36:BK46,K47,2,4,7,8,9,13,14	15-10	!	deel11:p134
B:W15,23,25,29,35,36,41,42,47:B2,4,7,8,9,14,26,32	32-37	!	deel11:p134
W:W15,20,23,24,25,35,36:BK46,K47,4,7,8,9,13,14	15-10	!	deel11:p135
W:W15,20,23,24,25,35,36:BK46,K47,2,4,6,7,8,9,13,14	15-10	!	deel11:p135
B:W25,30,34,35,38,45,48:B9,18,19,23,24,37,41	41-47	?	deel11:p135
W:W20,30,35,45:BK40,K48,9,18,19,23,24	45x34	!	deel11:p135
W:W16,25,30,33,34,35,45:BK47,K48,7,12,14,15,17,18,19,23,24	25-20	!	deel11:p136
W:W25,30,34,35,48:B7,12,17,18,19,23,24,37	25-20	!	deel11:p137
W:W6,15,30,31,35,39,42,43,50:B5,7,8,18,19,23,24,26	15-10	!	deel11:p137
W:W35:BK30,1,6,7,17,18,19,25	35x2	!	deel11:p138
W:W15,20,24,25,33,42:BK46,K47,4,7,9,12,13,14,18,22,35	15-10	!	deel11:p138
W:W20,25:BK29,K30,4,7,9,18,35	25x1	!	deel11:p138
W:W30,34,38,40,41,43:B7,8,9,15,28,36	38-33	!	deel11:p139
W:W29,30,34,35,36,37,42,47:B5,7,10,15,17,18,26,27	36-31	!	deel11:p140
W:W29,30,34,35,37,41,42,46,47:B4,5,7,10,15,17,18,28,36	37-32	!	deel11:p140
W:W34,36,37,38,40,41,45,47:B3,8,9,10,20,25,27,28	36-31	!	deel11:p140
W:W25,30,34,35,37,38,42,45,47:B7,14,17,18,19,23,24,28,36	47-41	!	deel11:p140
W:W25,30,34,35,37,38,42,45:BK47,7,14,17,18,19,23,24,28	37-32	!	deel11:p140
W:WK3,25,31,36,46,47:BK41,K48,6,14,17,19,22,23,24,27,28	3x32	!!	deel11:p147
W:W14,36:B37	36-31	!	deel11:p150
W:WK2,K3,26,36,41,45,50:BK48,K49,10,11,15,16,25,35	41-37	?	deel11:p151
W:W21,26,27,28,32,35,38,40,45,48,49,50:B1,7,9,12,13,15,17,18,19,23,25,29	28-22	!	deel11:p173
W:W21,26,27,35,40,45,48,49,50:B1,7,9,12,13,15,18,19,23,25,37,38	49-43	!	deel11:p173
W:W21,26,27,35,40,45,48,50:BK49,1,7,9,12,13,15,18,19,23,25,37	48-42	!	deel11:p173
W:W21,25,26,31,32,35,38,40,45,48,49:B7,9,11,12,13,14,18,19,23,28,29	31-27	!	deel11:p173
B:WK4,20,25,26,36:BK48,6,14,16,43	43-49	!	deel11:p174
W:WK2,15,21,25,28,29,35,43:BK46,K47,3,4,9,10	2-7	!!	deel11:p175
W:WK30,15,21,25,33,34,35,38:BK46,K47,3,4,9	30-8	!!	deel11:p176
W:WK2,15,21,25,33,34,35,38:BK46,K47,3,4,9,10	38-32	!	deel11:p176
W:W47:B42,43	47x49	!	deel11:p211
W:W44,46:B5,38,39	44x42	!	deel11:p214
W:W14:B2,6,18,19	14x12	!	deel11:p214
W:W15,20,21,26,27,49:BK11,6,9,18,19,38	20-14	?	deel11:p227
B:W21,22,26,27,49:BK11,6,38	11x39	!	deel11:p227
W:W28,31,32,33,34,35,36,38,39,40,42,43,44,45,48:B3,4,6,7,8,9,12,13,15,16,19,20,21,23,24	34-29	!	deel12:p9
W:W28,31,32,33,35,36,38,39,42,43,44,45,48:B3,4,6,7,8,9,12,13,14,15,16,19,21	35-30	!	deel12:p9
W:W25,28,31,32,33,34,36,37,38,40,43,45,48:B3,6,7,8,9,10,13,14,16,18,19,24,26	34-29	!	deel12:p9
B:W24,27,29,32,33,34,36,37,38,40,42,43,44,45,46,48:B2,4,7,8,9,10,12,13,15,16,17,18,20,23,25,26	17-21	?	deel12:p12
W:W27,29,32,33,34,36,37,38,39,40,42,43,45,46,48:B2,4,7,8,9,10,15,16,17,18,20,21,23,24,25,26	34-30	!	deel12:p13
B:W24,27,29,32,33,34,36,37,38,39,40,42,43,45,46,48:B2,4,7,8,9,10,12,13,15,16,18,20,21,23,25,26	9-14	?	deel12:p13
W:W23,24,28,29,33,34,35,36,37,38,40,42,48:B4,8,9,10,11,12,13,15,16,17,20,22,25	37-31	!	deel12:p13
W:W27,28,29,30,32,34,36,37,48:B12,13,16,17,18,19,23,25,26	37-31	!	deel12:p14
W:W23,24,27,29,30,33,34,35,37,39:B4,8,12,13,15,16,18,20,25,26	24-19	!	deel12:p14
W:W23,24,27,29,30,33,34,35,37,39:B8,9,12,13,14,15,16,18,25,26	24-19	!	deel12:p14
W:W23,24,27,28,29,33,34,37:B12,13,14,15,16,18,25,26	27-22	!	deel12:p14
W:WK1,23,27,28,33,34:BK47,16,25,26	23-18	!	deel12:p15
W:WK1,18,27,28:BK45,16,25,26	28-22	!	deel12:p15
W:WK1,22,27:BK12,16,25,26	1x34	!	deel12:p15
W:WK34,16,22:B25,31	34-48	!	deel12:p16
W:WK48,16,22:B25,36	48-37	!	deel12:p16
W:WK37,16,22:B30,36	16-11	!	deel12:p16
W:WK37,11,22:B34,36	11-6	!	deel12:p16
W:WK37,6,22:B36,40	6-1	!	deel12:p16
W:WK1,K37,22:B36,44	37-31	!	deel12:p16
W:WK46,6,22:B39	46-32	!	deel12:p16
W:WK37,6,22:B36,39	37-31	!!	deel12:p16
W:WK23,17,27:B16,26,35	17-11	!	deel12:p16
W:WK23,16,17:B30,31	16-11	!	deel12:p16
W:WK23,11,17:B31,34	23x40	!	deel12:p16
W:WK23,6,17:B35,36	23-28	!	deel12:p16
W:WK28,6,17:B36,40	6-1	!	deel12:p16
W:WK1,K50,17:B41	17-12	!	deel12:p16
B:W22,28,30,32,33,35,36,38,39,40,41,42,43,44,45,46,47,48,50:B2,3,4,5,6,7,8,9,11,12,13,14,15,16,17,19,20,23,24	20-25	?	deel12:p20
W:W22,28,30,32,33,35,36,38,39,40,41,42,43,44,45,46,47,48,50:B2,3,4,5,6,7,8,9,11,12,13,14,15,16,17,19,23,24,25	22-18	!	deel12:p20
B:W11,25,28,32,33,35,36,38,39,40,42,43,44,45,46,47,48,50:B2,3,4,5,6,7,8,9,13,14,15,16,19,20,23,24,26	6x17	?	deel12:p20
B:W22,25,28,32,33,35,36,38,39,40,42,43,44,45,46,47,48,50:B2,3,4,5,6,7,8,9,11,13,14,15,17,19,20,23,24,26	7-12	?	deel12:p20
B:W22,25,28,32,33,35,36,38,39,40,42,43,44,45,46,47,48,50:B2,3,4,5,6,7,8,9,11,13,14,15,17,19,20,23,24,26	17-21	?!	deel12:p20
B:W25,28,31,32,33,35,37,38,39,40,43,44,45,46,47,48,50:B2,3,4,5,7,9,12,13,14,15,16,17,19,20,23,24,26	24-29	!	deel12:p21
W:W25,28,31,32,33,35,37,38,39,40,43,44,45,46,47,48,50:B2,3,4,5,7,9,12,13,14,15,16,19,20,21,23,24,26	39-34	!	deel12:p21
W:W25,28,31,32,33,34,35,37,38,39,40,43,45,46,47,48,50:B2,3,4,5,7,12,13,14,15,16,18,19,20,21,23,24,26	34-29	!	deel12:p21
W:W25,27,28,29,32,33,35,37,38,39,40,42,48,50:B5,9,11,13,14,15,16,17,18,19,20,21,24,26	29-23	!!	deel12:p22
W:W29,30,32,33,34,36,37,38,39,40,42,43,44,45,48,49:B2,3,4,6,7,8,9,10,12,13,14,15,18,22,25,26	29-23	!	deel12:p24
W:W23,32,33,36,37,38,39,40,42,43,44,45,48,49:B2,3,4,6,7,8,9,10,12,13,14,15,22,26,34	40x29	!	deel12:p24
B:W24,28,36,38,39,42,43,49:B2,9,10,11,12,14,17,18	18-23	!	deel12:p25
W:W28,29,30,33,36,37,38,39:B4,9,13,14,16,17,18,21	29-23	!	deel12:p25
B:W24,28,30,31,32,33,37:B10,13,14,16,17,19,26	17-22	!!	deel12:p26
B:W17,24,30,31,32,33,37:B10,13,14,16,19,26	16-21	!	deel12:p26
B:W11,24,30,31,32,33,37:B10,13,14,19,21,26	13-18	!	deel12:p26
B:W24,27,28,30,32,37:B10,12,13,14,19,26	12-18	!	deel12:p26
W:WK1,12,32,37:B13,15,26,29,35	1-6	!	deel12:p26
W:W16,24,28,29,30,32,37:B13,15,17,19,25,26	16-11	!	deel12:p27
B:W28,29,32,33,34,35,36,37,38,39,40,44,45,49:B6,8,9,12,13,14,15,16,17,18,19,20,24,25	16-21	!	deel12:p34
B:W22,27,28,29,33,34,35,38,39,40,43,44,45:B9,11,12,13,14,15,17,18,19,20,24,25,26	11-16	?	deel12:p37
W:W27,28,29,33,34,35,38,39,40,43,44,45:B7,9,12,13,14,15,18,19,20,24,25,26	27-22	!	deel12:p37
W:W28,34,35,40,45:B8,13,15,18,19,24,25,29,37	34x3	!	deel12:p38
W:W28,31,32,33,35,37,38,40,45:B8,12,13,17,19,21,22,24,25	33-29	!	deel12:p38
B:W29,31,33,34,35,37,40:B15,16,20,24,25,26	16-21	!	deel12:p39
B:W28,29,32,33,35,36,37,38,45:B8,12,13,15,16,18,19,20,21	20-24	!	deel12:p39
B:W28,31,32,33,35,37,38,40:B8,12,13,16,19,21,23,24	12-17	!	deel12:p39
W:W28,31,32,33,35,37,38,40:B8,13,16,17,19,21,23,24	31-27	?	deel12:p39
B:W24,32,33,34,39,40,43,44,45,47:B6,8,9,14,15,20,25,26	20x49	!	deel12:p41
B:W28,29,35,36,38,42,43,44,45:B6,8,9,12,13,14,15,17,20	20-24	!	deel12:p42
B:W27,28,32,33,35,38,40:B12,16,17,19,23,24,26	16-21	!	deel12:p43
W:W28,34,36,38,40,45:B8,12,13,15,18,25,27	28-22	!	deel12:p44
W:W10,33,38,45:BK46,13,17,27,30	10-5	!	deel12:p45
B:W28,32,33,34,35,36,37,38,40,45:B8,12,13,15,16,18,19,20,21,25	19-23	!	deel12:p47
W:W27,28,31,32,33,35,38,45:B8,13,16,17,18,19,24,26	28-23	!	deel12:p48
W:W27,28,32,33,34,35,37:B13,16,17,19,23,24,26	35-30	!	deel12:p48
B:W17,27,29,33,35,38,40,45:B8,15,16,18,20,24,25,37	37-41	?	deel12:p50
W:W17,27,29,33,35,38,40,45:B8,15,16,18,20,24,25,41	27-21	!	deel12:p50
W:W11,29,33,35,38,40,45:B13,15,18,20,24,25,31,37	38-32	!	deel12:p50
W:W6,16,29,45:BK28,13,15,18,20,25	16-11	!	deel12:p50
W:W18,33,35,36,38,40,45:B8,15,20,24,25,27,29	18-13	!	deel12:p50
B:W27,28,29,33,34,35,36,38,45:B12,15,16,17,18,20,24,25,26	26-31	?	deel12:p51
B:W28,30,34,36,38,40,42,43,44,45:B6,8,9,12,14,15,17,18,20,25	14-19	?	deel12:p51
B:W21,26,28,30,33,34,35,38,39,40,42,43,44,45,47,49:B1,2,4,6,7,8,9,11,12,13,14,15,17,18,19,25	18-23	!	deel12:p79
B:W21,26,28,30,32,33,34,35,39,40,42,43,44,45,47,49:B1,2,4,6,7,8,9,11,12,13,14,15,17,19,23,25	11-16	!	deel12:p79
B:W21,26,27,30,33,34,35,39,40,43,44,45,47,49:B1,2,4,6,7,8,9,12,13,14,15,17,19,25	14-20	!	deel12:p79
W:W23,29,33,35,37,38,39,42,43,44,45,47,49:B1,2,4,6,7,8,9,12,13,14,15,22,36	39-34	!	deel12:p79
B:W23,29,33,34,35,37,38,42,43,44,45,47,49:B1,2,4,6,7,8,9,12,13,14,15,22,36	13-19	?	deel12:p79
W:W24,29,33,37,39,42,43,44,47,49:B1,2,4,6,13,14,15,18,22,36	39-34	!	deel12:p80
W:W24,25,32,33,38,42,47,49:B2,6,13,14,15,18,22,36	24-19	!	deel12:p80
W:W25,28,30,32,33,35,36,37,38,39,40,41,42,43,45,46,48,50:B1,3,5,8,9,10,12,13,14,15,16,17,18,19,21,23,24,26	40-34	!	deel12:p83
B:W25,28,30,32,33,34,35,36,37,38,39,41,42,43,45,46,48,50:B1,3,5,8,9,10,12,13,14,15,16,17,18,19,21,23,24,26	1-7	?	deel12:p83
W:W25,28,30,32,33,34,35,36,37,38,39,41,42,43,44,45,46,48:B1,3,5,8,9,10,13,14,15,16,17,18,19,21,22,23,24,26	44-40	?	deel12:p83
W:W25,28,30,32,33,34,35,36,37,38,39,41,42,43,44,45,46,48:B1,3,5,8,9,10,13,14,15,16,17,18,19,21,22,23,24,26	34-29	!	deel12:p83
W:W25,28,30,32,33,35,36,37,38,39,40,41,42,43,44,45,46,48:B3,5,7,8,9,10,12,13,14,15,16,17,18,19,21,23,24,26	36-31	?	deel12:p83
W:W25,30,33,35,36,38,40,41,42,43,45:B9,10,13,14,16,18,19,21,24,26,27	40-34	?	deel12:p85
B:W25,30,33,34,35,36,37,38,40,42,43,45:B5,9,13,14,15,16,18,19,22,24,26,27	24-29	!	deel12:p85
B:W25,29,30,35,36,37,42,45:B5,9,13,14,15,16,19,22,26	13-18	!	deel12:p85
B:W24,25,32,35,40:BK31,5,14,15,23	31-13	!	deel12:p85
W:W22,25,27,28,30,32,34,35,37,40,41,43,44,45,48:B3,5,8,9,10,11,13,14,15,16,19,21,23,26,29	44-39	?	deel13:p4
W:W33,35,36,39,40,41,42,43,44,45,46,48,49:B2,3,4,5,6,7,8,9,10,13,15,17,18,20,22,28,37	41x1	!	deel13:p4
W:W22,25,26,27,30,34,35,36,40:B8,11,13,14,16,17,19,24	34-29	!	deel13:p12
W:W25,26,27,30,32,33,35,36,38,39,40:B6,8,12,13,14,16,18,19,23,24,29	26-21	!	deel13:p12
B:W24,27,28,32,33,36,37,39,42,43,44,48:B2,7,9,11,13,15,16,18,21,26,35	7-12	?	deel13:p13
B:W26,28,29,32,33,34,35,36,38,39,41,42,43,44,47,48,49,50:B2,3,4,6,7,8,9,10,12,13,15,16,17,18,19,20,21,22	21-27	?	deel13:p13
W:W26,28,29,33,34,35,36,38,39,41,42,43,44,47,48,49,50:B2,3,4,6,7,8,9,10,12,13,15,17,18,19,20,22,27	29-23	!	deel13:p13
B:W33,39,40,47:B2,24,25,27	27-32	!	deel13:p15
W:W37,39:B13,14,29	37-32	!	deel13:p15
W:W12,25,30,33,35,38,39,42,43,48,50:B3,4,6,9,13,14,16,19,24,26,41	12-7	?	deel13:p15
W:W6,15,25,32,33,36,38,39,40,42,47,48:B1,3,4,8,12,13,14,16,19,21,23,26	40-35	?	deel13:p16
B:W6,15,25,32,33,35,36,38,39,42,47,48:B1,3,4,8,12,13,14,16,19,21,23,26	23-28	!	deel13:p16
B:W23,24,26,29,33,36,38,42,44,47,48:B6,8,11,12,13,14,17,18,22,25,27	13-19	!	deel13:p16
B:WK32,23,26,29,33,36,38,42,44,47,48:B6,12,17,18,19,22,25	19x50	!	deel13:p16
W:WK32,26,29,36,38,42,47,48:BK50,6,12,17,18,22,25	42-37	!	deel13:p16
W:W22,25,31,32,35,38,39,40,45,46,48:B1,3,7,9,13,14,15,19,23,26,29	32-27	!	deel13:p19
W:W28,29,33,35,37,38,39,41,42,43,44,48:B3,6,8,9,11,12,15,20,21,24,25,26	35-30	!	deel13:p21
B:W21,28,32,34,37,38,39,43,44,45,47,48:B3,6,8,9,12,15,17,18,19,25,26,35	19-23	!!	deel13:p21
B:W9,29,32,33,37,38,43,44,45,47,48:B3,6,8,12,13,17,18,20,22,25,35	3x14	!	deel13:p21
B:W29,33,34,36,37,39,44:B18,22,23,25,27,30,35	27-31	!	deel13:p22
W:W23,33,35,42,43,44,45,46,48,49:B2,3,4,6,8,10,12,14,16,24	43-38	?	deel13:p24
W:W19,26,29,31,34,37,40:B6,15,16,17,18,20,25,28	26-21	!	deel13:p24
W:WK14:BK12,15,17,38	14-28	!	deel13:p30
B:W19,23,41,44,45:B9,11,15,27,28	27-31	!	deel13:p30
B:W29,31,32,33,36,37,38,39,42,45,46,48:B2,6,8,9,12,13,15,16,18,20,22,24	22-28	!	deel13:p31
B:W23,29,31,33,36,37,38,39,42,45,46,48:B2,6,8,9,12,13,15,16,18,20,24	9-14	!	deel13:p31
W:W28,29,33,36,38,39,42,43,45:B8,9,11,13,15,16,20,24,27	29-23	!	deel13:p32
B:W26,27,28,39,44:B16,17,18,24	16-21	!	deel13:p33
B:W28,31,32,34,36,39,43,44,49:B8,12,13,18,19,21,25,30,35	19-23	!	deel13:p34
B:W28,31,32,33,34,35,37,38,39,40,41,42,43,44,45,46,48,50:B2,3,4,5,6,7,8,10,11,12,14,16,17,18,19,20,23,24	16-21	?	deel13:p35
W:W28,31,32,33,34,35,37,38,39,40,41,42,43,44,45,46,48,50:B2,3,4,5,6,7,8,10,11,12,14,17,18,19,20,21,23,24	31-27	!	deel13:p35
B:W24,27,28,29,32,37,38,39,40,42,44,45,46,48:B2,3,4,9,10,11,12,13,14,15,16,18,25,26	14-19	?	deel13:p35
W:W21,25,26,35,38,42,45:B6,11,14,18,19,24,28,40	45x34	?	deel13:p36
B:W21,25,26,34,35,38,42:B6,11,14,18,19,24,28	11-17	!	deel13:p36
B:W17,21,27,40,43,45,48:B1,12,13,14,18,19,24	1-7	?	deel13:p41
W:W21,27,40,43,45,48:B2,7,14,18,19,24	21-17	!	deel13:p41
W:W26,34,35,36,37,38,39,40,41,42,43,45,47,48,49:B1,2,3,4,6,8,9,11,12,13,14,15,19,23,24,27	35-30	!	deel13:p43
W:W26,29,31,35,36,37,38,45,49:B4,8,9,12,13,19,20,22,27	37-32	!	deel13:p43
W:W28,29,33,34,35,36,38,43,48:B2,15,16,17,18,19,20,22,25	38-32	?	deel13:p44
B:W28,29,32,33,34,35,36,43,48:B2,15,16,17,18,19,20,22,25	25-30	!	deel13:p44
B:W24,26,29,32,34,36,39,40,44,48:B1,8,9,10,11,13,17,18,22,23	22-28	?	deel13:p44
W:W24,26,29,32,34,36,39,40,44,48:B1,8,9,10,11,13,17,18,23,28	34-30	!	deel13:p44
B:W27,28,32,33,37,38,39,45,48,49:B2,8,13,16,18,19,20,21,25,30	20-24	?	deel13:p44
W:W29,33,34,36,37,38,48:B8,13,15,20,22,26,27,35	34-30	!	deel13:p45
W:WK41,47:B1,11,16,29	47-42	!	deel13:p51
W:W28,35,38,45:B29,39	45-40	!	deel13:p52
W:W26,34,36,38,44,47,49:B6,11,13,15,20,25,28	26-21	!	deel13:p54
W:W26,34,36,37,43,44,47,49:B6,7,11,13,15,20,25,27	36-31	!!	deel13:p54
W:W26,30,31,32,34,36,37,38,39,40,42,43,44,45:B2,4,6,9,11,12,14,15,17,21,22,23,25,27	30-24	!	deel13:p56
W:W27,28,30,32,33,34,35,37,38,40,43,45,49:B1,8,9,12,13,15,16,18,19,20,21,24,25	27-22	!	deel14:p11
B:W21,32,35,37,38,44,50:B8,11,13,20,22,23,24	8-12	?	deel14:p11
W:W21,32,35,37,38,44,50:B11,12,13,20,22,23,24	32-27	!	deel14:p11
W:W27,28,31,32,33,34,35,39:B8,15,16,19,20,23,24,26	34-30	!	deel14:p13
W:W27,28,31,32,33,34,35,39:B8,15,16,19,20,23,24,26	27-22	?	deel14:p13
W:W22,33,34,35,39,41:B8,15,16,19,20,24,32	22-18	!?	deel14:p13
B:W18,33,34,35,39,41:B8,15,16,19,20,24,32	32-38	!	deel14:p13
B:W24,25,32,33,34,36,37,38,39:B4,9,10,16,17,21,23,26,27	17-22	?	deel14:p13
W:W23,28,29,31,38,43,47,48,50:B2,5,6,12,14,15,19,20,21	31-27	?	deel14:p14
B:W23,27,28,29,43,47,48,50:B2,5,6,12,14,15,19,20	12-18	!	deel14:p14
B:W23,27,28,29,43,47,48,50:B2,5,6,12,14,15,19,20	2-8	?	deel14:p14
B:W23,33,37,38,48,50:B5,8,14,15,20,27	20-24	?	deel14:p14
B:W25,26,27,31,33,34,35,36,38,39,43:B3,5,6,9,11,12,18,19,22,23,24	9-13	!	deel14:p15
B:W25,26,27,30,31,33,35,36,38,43:B3,5,6,11,12,13,18,19,22,24	3-8	!	deel14:p15
W:W6,25,39:B12,13,14,41	6-1	?	deel14:p15
B:WK1,25,39:B12,13,14,41	12-18	!	deel14:p15
W:W6,25,39:BK46,12,13,14	39-34	?	deel14:p15
B:W6,25,34:BK46,12,13,14	14-20	!	deel14:p15
B:W6,25,33:BK46,12,13,14	46-23	?	deel14:p16
B:W27,30,32,33,34,35,37,38,40,41,42,43,45,48:B1,3,5,7,8,13,14,15,16,18,19,21,23,29	7-12	!	deel14:p17
W:W25,37,38,39,40,41,45:B3,5,6,8,12,14,16,28	40-34	?	deel14:p18
W:W22,25,32,39,40,41,45:B3,5,11,12,13,14,21	41-37	!	deel14:p18
B:W23,24,36,37,42,48:B9,10,14,15,16,21,26	14-20	!	deel14:p18
W:WK1,36,37,42,48:B9,10,15,16,21,26,45	1-12	!	deel14:p18
W:W19,25,27,28,31,32,35,37:B10,14,16,17,18,21,26,43	28-23	!	deel14:p19
W:W25,27,28,30,32,35,36,37,38,43:B4,14,16,17,18,19,21,23,26,29	27-22	?	deel14:p19
B:W25,30,33,36,37,38:B4,12,14,19,26,27,34	19-24	!	deel14:p19
B:W25,28,31,32,33,37,40,47,48,49:B1,6,7,8,9,14,19,21,23,24	21-27	!	deel14:p20
B:WK5,31,35,36,42,44,47,48,49:B2,4,6,7,8,12,13,16,17,25,29	29-34	?	deel14:p20
W:W16,21,22,26,33,38,44,45:B6,7,8,13,15,19,20,25	33-28	!	deel14:p21
B:W27,29,30,32,35,42:B8,11,15,16,18,19	19-23	!	deel14:p21
W:W26,27,30,32,34,35,37,38,42,43:B3,4,11,13,16,17,18,19,20,23	34-29	!	deel14:p32
B:W27,32,33,34,35,37,41,42,44,49:B3,10,16,17,18,20,21,23,25,26	10-15	!	deel14:p34
W:W22,32,35,37,39,40,41,42,44,49:B3,10,12,13,15,16,21,25,26,29	39-34	?	deel14:p34
W:W27,31,32,33,34,35,36,37,38,39,40,42,43,44,45,47,48,49:B1,2,3,4,6,7,11,12,13,14,15,16,18,19,20,23,25,26	33-28	?	deel14:p37
B:W27,28,31,32,34,35,36,37,38,39,40,42,43,44,45,47,48,49:B1,2,3,4,6,7,11,12,13,14,15,16,18,19,20,23,25,26	12-17	!	deel14:p37
B:W25,26,27,31,33,34,35,38,40,42,43,45:B3,6,9,11,13,14,16,17,19,20,23,29	17-21	?	deel14:p38
W:W27,28,32,33,34,38:B16,17,18,19,23,24	34-29	!	deel14:p38
B:W25,27,28,32,34,35,38,40,42,43,47,48,49,50:B2,3,4,8,9,10,13,14,15,16,17,18,21,23	14-19	?	deel14:p39
W:W25,30,33,35,37,47,48:B9,10,12,15,22,26,27	37-32	!	deel14:p41
W:W25,29,35,38,42,47,48:B4,9,12,15,21,22,26	29-23	!	deel14:p42
W:W27,28,32,34,37,38,39,40,45:B2,4,12,13,18,19,24,25,26	28-22	!	deel14:p43
W:W15,25,26,30,32,36,37,38,44,47,49,50:B2,3,4,5,11,12,13,17,18,22,23,45	32-27	!!	deel14:p48
W:W15,25,26,30,36,44,47,49,50:B2,3,4,5,11,12,13,17,18,23,33,45	26-21	!	deel14:p48
B:W15,20,25,26,35,36,37,38,44,47,48,50:B2,4,11,12,13,17,18,19,22,23,29,45	22-27	?	deel14:p53
W:W24,25,26,29,33,34,35,36,44,46,48,50:B2,7,9,10,11,12,13,14,17,18,32,45	33-28	!	deel14:p53
W:W25,35,41,44,50:BK30,2,7,9,11,12,14,19,22,45	35x4	!	deel14:p53
B:W15,20,25,27,29,34,35,36,42,44,46,48,50:B2,3,4,5,7,9,11,12,13,18,23,26,45	26-31	?	deel14:p53
W:W23,27,28,29,31,32,33,34,36,37,40,42,48:B2,7,8,11,14,15,16,17,19,20,21,25,26	23-18	?	deel14:p54
B:W15,25,27,30,31,32,33,36,37,44,50:B2,4,9,11,12,14,17,18,19,22,45	19-23	?	deel14:p54
W:W26,27,29,31,32,33,37,39,45,46,47,48:B3,6,8,11,15,16,17,18,19,21,25,35	33-28	?	deel14:p55
B:W26,27,28,29,31,32,37,39,45,46,47,48:B3,6,8,11,15,16,17,18,19,21,25,35	18-22	!	deel14:p55
B:W24,25,26,27,30,31,32,34,36,37:B12,13,15,16,17,18,19,22,23,28	28-33	?	deel14:p55
B:W15,25,30,31,32,33,36,37,42,44,49,50:B3,4,6,9,10,11,13,17,18,23,26,45	17-22	?	deel14:p55
W:W14,20,30,35,37,38,46:B3,11,12,13,23,26,31,36	14-9	!	deel14:p56
W:W35,37,38,46:B11,12,13,23,26,31,34,36	35-30	!	deel14:p56
B:W20,21,25,26,30,31,35,36,38,43,46,50:B5,6,8,9,13,17,18,19,22,23,29,45	29-33	?	deel14:p56
B:W21,25,30,33,34,38,40,41,44,46,48:B6,7,9,12,13,14,17,18,22,23,26	26-31	?	deel14:p56
W:W25,30,31,33,34,37,40,44,46,48:B6,7,9,12,13,14,18,22,23,42	34-29	!	deel14:p57
B:W15,20,25,27,29,34,35,36,44,46,48,50:B1,2,4,7,9,12,13,14,18,23,26,45	26-31	?	deel14:p57
W:W20,25,26,29,34,35,36,37,44,46,48,50:B2,7,9,10,12,13,14,17,18,23,27,45	37-32	!	deel14:p57
B:W25,26,27,32,36,41,42,43,44,48,50:B4,6,7,8,9,11,12,15,16,17,24,33	9-14	?	deel14:p63
B:W20,26,27,32,36,41,42,44,48,50:B4,6,7,9,11,12,13,16,17,30	4-10	?	deel14:p64
B:WK22,26,27,32,33,36,41,42,48,50:B6,7,11,12,16,17	17x46	!	deel14:p64
B:WK4,26,27,32,33,36,41,42,48,50:B6,7,9,11,12,13,16,17	13-18	?	deel14:p64
B:W15,26,27,32,36,41,42,44,48,50:B4,6,7,9,11,12,16,17,18,30	16-21	!	deel14:p64
B:W20,26,27,32,36,38,39,41,44,50:B4,6,7,11,12,16,17,18,19,30	4-10	!	deel14:p65
B:W20,26,27,32,33,36,41,43,44,50:B4,6,7,11,12,16,17,18,19,30	19-23	!	deel14:p65
B:W24,29,32,34,39,41,42,43,44,46,47,48:B2,6,7,8,9,13,14,15,16,17,20,25	14-19	!	deel14:p67
W:W24,29,32,34,39,41,42,43,44,46,47,48:B2,6,7,8,9,13,15,16,17,19,20,25	29-23	!	deel14:p67
B:W24,28,29,34,39,41,42,43,46,47,48,49:B2,6,7,8,9,13,14,15,16,17,20,25	17-22	!	deel14:p67
B:W17,24,29,34,39,41,42,43,46,47,48,49:B2,6,7,8,9,13,14,15,16,20,25	13-18	!	deel14:p67
B:W24,27,29,32,33,34,37,38,39,43,46,47,48,49:B2,6,7,8,9,12,13,15,16,17,18,20,23,25	16-21	!	deel14:p67
B:W16,24,29,32,33,34,37,38,39,43,46,47,48,49:B2,6,7,8,9,12,13,15,17,18,20,23,25	18-22	!	deel14:p67
W:W24,28,29,34,39,41,42,43,46,47,48,49:B2,7,8,10,11,13,14,15,16,17,20,25	42-38	!	deel14:p67
B:W24,28,29,34,38,39,41,43,46,47,48,49:B2,7,8,10,11,13,14,15,16,17,20,25	14-19	?	deel14:p68
W:W24,28,29,34,38,39,41,43,46,47,48,49:B2,7,8,10,11,13,15,16,17,19,20,25	34-30	!	deel14:p68
W:W41,43,46,47,48,49:B2,7,8,10,11,13,15,16,20,30,39	43x5	!	deel14:p68
W:W29,34,38,39,41,43,46,47,48,49:B2,10,11,12,14,15,16,17,20,25,28	41-37	!	deel14:p68
B:W19,24,27,29,32,34,39,40,41,42,43,46,47,48,49:B2,7,8,9,10,11,12,13,15,16,17,18,20,25	10-14	!	deel14:p68
B:W15,39,43,46,47,48:B4,8,11,14,19,21	19-24	!	deel14:p69
W:W15,28,30,32,33,46,47,48:B4,11,13,14,17,19,21,27	15-10	!	deel14:p69
B:WK5,7,34,46,48:BK50,10,14,16,19,21,33	14-20	!	deel14:p69
W:W15,30,32,33,41,42,48:B4,12,13,14,16,19,26	32-27	!	deel14:p72
W:W22,32,33,34,35,36,37,38,39,41,43,45:B1,4,9,11,12,13,15,16,19,24,25,26	34-30	?	deel14:p73
B:W22,30,32,33,35,36,37,38,41,43,45:B1,4,9,11,12,13,15,16,19,24,26	15-20	!	deel14:p73
W:W22,30,32,33,35,36,37,38,41,43,45:B1,4,9,11,12,13,16,19,20,24,26	30-25	?	deel14:p73
W:W22,28,33,35,36,37,38,39,41,43,45:B4,6,9,11,13,16,19,21,24,25,26	36-31	?	deel14:p74
W:W22,28,33,35,36,37,38,39,41,43,45:B4,6,9,11,13,16,19,21,24,25,26	38-32	?	deel14:p74
W:W22,28,32,34,35,37,40,43:BK29,6,9,10,11,13,16,19,24,25,26	34x3	?	deel14:p75
W:W24,26,28,29,32,33,34,36,38,39,40,43,44,45:B2,4,8,9,11,12,13,15,17,18,20,21,22,25	36-31	?	deel14:p80
W:W23,24,29,30,33,35,36,37,38,43,44,45:B2,8,10,12,13,14,15,16,18,20,21,22	44-39	?	deel14:p81
B:W29,35,36,37,40,42:B2,13,14,15,22,26	22-28	!	deel14:p82
B:W29,30,36,37,38,40:B2,13,15,20,26,28	28-33	?	deel14:p82
B:WK6,19:BK50,12,20	20-24	!	deel14:p83
W:W25,26,28,31,33,35,36,37,38,39,40,42,43,44,45,48:B3,6,7,9,11,13,14,15,16,17,18,19,20,22,24,29	28-23	!	deel14:p85
W:W25,26,31,33,35,36,38,39,40,42,43,44,45,48:B3,6,7,9,11,13,14,15,16,17,18,20,22,24,29,37	26-21	!	deel14:p85
B:W22,25,33,35,37,38,39,40,43,44,45,48:B3,6,9,11,13,14,15,19,20,23,24,29	23-28	?	deel14:p86
W:W24,25,26,34,42:B6,14,15,32,33	24-20	!	deel14:p90
B:W24,25,26,34,42:B6,9,15,32,33	32-38	?	deel14:p90
W:W19,25,26,31,34:B6,9,15,42	19-14	?	deel14:p90
B:W26,27,28,30,32,33,35,37,38,39,40,42,43,44,45,47,49:B3,4,6,7,8,9,10,11,13,15,16,17,18,19,21,23,24	24-29	!	deel15:p7
B:W24,26,27,28,30,32,35,37,38,39,40,42,43,44,45,47,49:B3,4,6,7,8,9,10,11,13,15,16,17,18,19,21,23	17-22	!	deel15:p7
W:W25,27,28,32,33,35,37,38,41,44,49:B2,4,6,11,12,13,18,19,23,24,26	28-22	?	deel15:p7
W:W26,29,30,31,32,34,35,38,39,40,42,43,44,47,48,49,50:B1,3,7,8,9,10,12,13,14,15,16,17,18,19,20,21,25	31-27	?	deel15:p7
W:W28,29,31,32,33,34,35,37,39,43,44:B8,10,13,15,16,17,18,20,22,24,26	28-23	?	deel15:p8
B:W25,27,28,32,34,36,37,38,40,42,43,44,45:B2,3,4,7,9,12,14,15,16,19,23,26,35	12-18	?!	deel15:p10
W:W25,27,28,32,34,36,37,38,40,42,43,44,45:B2,3,4,7,9,14,15,16,18,19,23,26,35	28-22	!?	deel15:p10
B:W22,28,30,31,32,33,35,38,40,42,43,45,48:B3,6,8,9,11,12,13,15,17,19,20,23,24	12-18	?	deel15:p10
W:W25,26,35,38,40,45,48:B3,6,7,11,15,23,29	35-30	!	deel15:p10
B:W22,28,30,31,32,33,35,38,40,42,43,45,48:B3,6,8,9,11,12,13,15,17,19,20,23,24	9-14	?	deel15:p10
W:W22,30,31,33,35,38,40,42,43,45,48:B3,6,8,11,12,13,14,15,17,19,20,21,24	31-27	!	deel15:p10
B:W22,28,30,31,32,33,35,38,40,42,43,45,48:B3,6,8,9,11,12,13,15,17,19,20,23,24	23-29	!	deel15:p11
W:WK5,26,36,37,38:BK50,12,13,16,22	26-21	!	deel15:p11
B:W27,28,33,35,36,38,39,41,45:B6,8,11,13,15,16,19,24,25	19-23	!	deel15:p11
W:W27,28,30,31,32,33,35,36,38,43,45:B6,8,11,13,15,16,19,20,21,23,24	30-25	?	deel15:p12
W:W27,28,30,31,32,33,35,36,38,43,45:B6,8,11,13,15,16,19,20,21,23,24	28-22	?	deel15:p12
W:W29,30,36,37,39,42,43,45,47,48:B3,12,13,14,15,16,18,21,22,26	45-40	?!	deel15:p12
B:W29,30,36,37,39,40,42,43,47,48:B3,12,13,14,15,16,18,21,22,26	18-23	?	deel15:p12
W:W20,33,37,47:B4,23,26,27	20-14	!	deel15:p13
W:W14,33,37,47:B4,23,26,31	33-28	!	deel15:p13
B:W28,29,31,32,33,35,36,37,38,39,40,41,42,43,45,47,48:B1,2,4,5,6,8,11,12,15,16,17,18,20,22,24,25,26	17-21	!	deel15:p14
B:W27,28,29,32,33,35,37,38,39,40,41,42,43,45,47,48:B1,2,4,5,6,8,11,12,15,16,17,18,20,24,25,26	8-13	!	deel15:p14
W:W29,36,37,38,40,41,42,43,45,47,48:B1,2,4,5,6,15,16,20,21,25,26,28	29-24	!!	deel15:p15
W:W36,37,38,40,41,42,43,45,47,48:B1,2,4,5,6,14,15,16,21,26,28	38-32	?	deel15:p15
B:W23,26,28,33,35,36,37,38,39,40,41,45,46,50:B2,6,8,10,11,12,13,14,16,17,21,24,25,27	12-18	!	deel15:p15
W:W23,26,28,33,35,36,38,39,40,41,42,45,46,50:B2,6,8,10,11,12,13,14,16,17,21,24,25,27	23-18	!	deel15:p15
W:W22,27,28,32,35,36,37,38,39,42,44,45,47,48,49:B2,3,6,7,8,9,10,11,13,15,16,17,20,24,25	27-21	?	deel15:p16
W:W27,31,35,37,38,39,40:B2,8,17,18,20,24,28	31-26	?	deel15:p16
W:W28,32,33,36,37,38,39,40,42,48:B6,8,9,11,13,16,21,25,26,27,30	28-22	!	deel15:p16
B:W24,25,29,32,33,35,36,37,43:B3,7,9,11,14,15,18,21,22	21-27	!	deel15:p17
W:W25,28,30,32,33,35,37,38,39,41,42,43,44,45,47,48,49:B3,4,6,7,8,9,12,13,14,15,16,17,19,21,23,24,26,27	37-31	!	deel15:p17
W:W23,24,26,28,29,33,34,37,38,40,42,43,45,47,48,49:B2,3,6,7,11,12,13,14,15,16,17,18,20,21,25,36	28-22	!	deel15:p18
W:W22,25,28,38,39:B24,45	25-20	!	deel15:p20
W:W22,25,28,34,38:BK50,24	22-17	!	deel15:p20
B:W22,27,28,34,36,39,40,43,45,47,49:B6,8,9,10,11,13,14,15,16,17,25	17-21	?	deel15:p20
B:W25,26,30,31,33,35,36,37,38,48,49:B2,6,8,11,13,14,18,19,22,24,27	18-23	?	deel15:p21
W:W25,26,36,48,49:B2,6,7,8,11,13,14,16,19,22,31	36x20	!	deel15:p21
B:W16,26,28,32,33,38,39,40,44,45,48:B3,6,7,9,13,17,19,23,24,25,35	9-14	?	deel15:p23
B:W16,26,28,32,33,38,39,40,44,45,48:B3,6,7,9,13,17,19,23,24,25,35	13-18	?	deel15:p23
W:W23,24,26,28,29,33,34,38,39,40,42,43,44,45,47,49:B2,4,6,8,9,10,12,13,14,15,16,18,20,25,27,36	40-35	!	deel15:p23
W:W23,24,26,29,33,34,36,38,39,40,41,42,44,45,47,48,49:B2,4,6,8,9,10,12,13,14,15,16,17,18,20,22,25,27	33-28	!	deel15:p23
W:W28,35,36,37,39,40,44,46,48:BK49,3,4,6,11,12,17,26	28-22	?	deel15:p24
W:W35,36,37,39,40,44,46,48:BK49,3,4,6,11,12,26,28	35-30	!	deel15:p24
W:W21,24,28,29,32,36,37,38,39,40,42,43,44,45,48,49:B2,4,6,7,8,9,10,12,13,14,15,16,17,18,25,26	39-33	?	deel15:p25
B:W21,24,28,29,33,36,37,38,40,42,43,44,45,48,49:B2,4,6,7,8,9,10,12,13,14,15,17,18,25,26	17-22	!	deel15:p25
W:W15,26,35,37,42,43,45,46,47,48,49:B2,4,6,7,8,9,11,12,13,19,27,28,34	37-31	!	deel15:p25
W:W23,28,33,36,38,40,42,46,48:B2,4,10,12,15,16,21,24,27	46-41	?	deel15:p26
W:W25,27,28,32,33,36,38,42,43:B2,8,12,14,17,18,19,30,34	43-39	?	deel15:p26
B:W22,23,24,29,32,40,42,44,49:B2,4,11,12,13,15,20,25,26	25-30	!	deel15:p27
B:W22,25,29,32,35,40,42,44,49:B2,4,11,12,15,26	15-20	!	deel15:p27
B:W26,27,29,33,34,35,39,40,41,43,44,45,49:B3,8,9,10,11,13,14,15,16,18,20,24,25	8-12	?	deel15:p28
B:W26,27,29,33,34,35,39,40,41,43,44,45,49:B3,8,9,10,11,13,14,15,16,18,20,24,25	11-17	?	deel15:p28
B:W21,25,27,28,30,32,35,36,38,42,49:B6,8,11,13,14,15,16,18,19,23,29	14-20	!	deel15:p29
W:W16,25,26,28,30,31,32,35,36,38,43:B6,12,13,14,15,17,19,22,23,29	26-21	!	deel15:p29
W:W16,21,25,30,31,32,35,36,43:B6,12,13,14,15,17,19,23,29,42	25-20	!	deel15:p29
B:W26,28,29,31,33,34,35,38,39,40,44,45:B9,12,13,14,15,17,19,20,21,22,24,25	21-27	?	deel15:p29
B:W26,28,29,31,32,33,34,35,39,40,44,45:B9,13,14,15,17,18,19,20,21,22,24,25	18-23	!	deel15:p29
W:W23,24,28,29,31,34,37,38,39,41,44,47,50:B2,5,6,8,10,12,13,15,16,17,20,21,25	47-42	!	deel15:p31
W:W23,24,28,29,31,34,37,38,39,41,44,47,50:B2,5,6,8,10,12,13,15,16,17,20,21,25	37-32	?	deel15:p31
W:W23,24,28,29,31,34,37,38,39,41,44,47,50:B2,5,6,8,10,12,13,15,16,17,20,21,25	39-33	?	deel15:p31
B:W23,24,28,29,31,33,34,37,38,41,44,47,50:B2,5,6,8,10,12,13,15,16,17,20,21,25	17-22	!	deel15:p31
W:W23,26,31,37,41,44,47,50:B2,5,6,12,13,14,15,16	41-36	!	deel15:p31
W:W23,26,27,31,33,36,39,50:B11,12,14,16,17,18,24,25	33-28	?	deel15:p31
W:W23,26,27,31,33,36,39,50:B11,12,14,16,17,18,24,25	33-29	!	deel15:p31
W:W27,28,31,32,33,34,35,36,38,39,40,43,45,48:B2,3,6,9,12,13,14,15,16,17,18,19,24,25	27-22	!	deel15:p32
B:W11,28,32,33,34,35,36,38,39,40,43,45,48:B2,3,6,9,12,13,14,15,16,19,24,25	6x17	?	deel15:p32
B:W27,28,30,32,35,36,37,38,39,40,41,42,43,45,46,47,48,49,50:B1,2,3,4,5,6,7,8,9,11,12,13,15,16,18,19,20,23,26	5-10	?	deel15:p32
W:W27,28,30,32,35,36,37,38,39,40,41,42,43,45,46,47,48,49,50:B1,2,3,4,6,7,8,9,10,11,12,13,15,16,18,19,20,23,26	30-24	!	deel15:p32
B:W26,27,28,31,32,33,34,35,36,38,40,42,45,48:B1,3,8,11,12,13,15,16,17,18,19,23,24,25	24-30	?	deel15:p33
W:W31,33,34,37,38:B15,22,24,26,27	33-28	!	deel15:p35
W:W24,25,30,35,36,37,38,42,43:B3,13,14,15,17,19,21,22,23	37-32	?	deel15:p55
B:W24,25,30,32,35,36,38,42,43:B3,13,14,15,17,19,21,22,23	21-27	!	deel15:p55
W:W25,26,28,33,34,35,36,37,38,39,40,41,42,43,44,45,46,47,48,50:B2,3,4,5,6,7,8,9,10,11,12,14,15,16,17,18,19,20,22,27	34-29	?	deel15:p55
W:W24,25,33,34,35,36,37,38,42,43,45:B3,6,7,9,11,13,14,15,18,26,27	34-30	?	deel15:p55
B:W27,30,32,33,34,35,37,38,40,41,42,43,45,48:B6,9,11,13,14,15,16,17,18,19,20,23,24,25	24-29	!	deel15:p55
W:W24,25,31,32,33,35,36,37,38,39,42,48:B4,6,7,9,12,13,14,15,16,17,22,26	32-28	?	deel15:p55
W:W24,31,32,34,36,37,38,39,40,41,42,43,44,45,46,47,48,49:B1,2,3,4,5,6,7,8,9,11,12,13,15,16,17,20,23,25	39-33	?	deel15:p55
B:W13,24,34,36,37,38,40,41,42,43,44,45,46,47,48,49:B1,2,3,4,5,6,7,8,9,11,15,25	8x50	!	deel15:p55
W:W23,24,29,30,33,35,36,38,43,45:B2,3,4,12,13,15,16,20,22,26	30-25	?	deel15:p55
B:W26,31,33,34,35,36,37,39,40,41,42,43,45,47,49:B2,6,7,8,9,11,12,13,15,18,19,22,23,25,27	9-14	?	deel15:p55
W:W27,28,29,32,33,35,37,38,39,44,47:B6,8,9,11,13,15,16,19,20,25,26	29-24	?	deel15:p56
B:W27,32,33,39,40,44,47,48,49:B1,10,12,14,16,19,25,30	12-18	?	deel15:p56
B:W19,29,37,38,39,42,43,45,46,47,48,49,50:B1,2,6,7,8,9,10,11,12,15,16,36	12-18	?	deel15:p56
B:W15,24,27,32,35,36,37,38,41,42,43,44,45,48,50:B2,3,4,7,8,11,12,13,14,16,21,23,25,26	25-30	?	deel15:p56
B:W24,27,29,34,35,37,39,41,42,43,44,45,47,49:B2,6,8,10,11,12,13,15,16,18,20,23,25,26	12-17	?	deel15:p57
W:W29,32,33,34,36,37,39,41,44,45,48:B3,6,11,13,16,17,18,19,20,23,24	48-43	?	deel15:p57
B:W26,27,31,36,37,38,39,44:B6,9,11,13,16,17,23,30	23-29	?	deel15:p57
B:W27,29,30,31,33,34,35,36,39,40,41,42,44,45,48:B2,3,7,9,10,12,13,14,15,16,17,18,22,25,28	17-21	?	deel15:p57
W:W21,31,33,35,36,37,38,39,40,41,42,43,45,48,50:B1,2,3,4,6,8,9,10,11,12,13,14,18,19,24,32	37x28	?	deel15:p57
W:W26,28,31,33,34,36,38,40,42,44,48,49,50:B1,2,3,4,8,12,17,18,19,22,24,25,27	33-29	?	deel15:p57
B:W26,27,31,33,35,36,37,38,39,40,42,43,44,45,46,48,49,50:B1,2,3,4,5,6,9,10,11,12,13,14,15,16,17,18,22,24	1-7	?	deel15:p57
B:W26,28,29,31,32,33,36,38,39,42,45,48,49:B3,6,7,9,11,12,13,16,17,19,22,25,35	9-14	?	deel15:p57
B:W26,28,29,31,32,33,36,38,39,42,45,48,49:B3,6,7,9,11,12,13,16,17,19,22,25,35	19-24	?	deel15:p57
B:W26,27,30,31,35,36,38,39,40,41,42,43,44,45,47,48,49,50:B2,3,4,5,6,7,8,9,10,11,12,13,14,15,16,17,19,20	12-18	?	deel15:p57
B:W23,32,36,38,39,40,41,42,44,45,48,50:B1,2,6,8,9,12,13,15,16,24,26	9-14	?	deel15:p57
W:W25,29,31,35,37,42,44,45,46:B3,4,9,14,16,17,18,20,26	46-41	?	deel15:p57
B:W25,26,29,30,31,33,35,36,38,39,41,43,44,45,47,48,49:B2,3,4,6,7,8,9,12,13,14,15,17,18,20,22,27,28	18-23	?	deel15:p58
B:W27,28,30,32,34,41,48,49:B9,15,16,17,18,19,23	15-20	?	deel15:p58
W:W27,28,30,32,34,41,48,49:B9,16,17,18,19,20,23	27-21	!	deel15:p58
W:W28,29,33,34,35,38,40,41,45,48:B3,10,14,15,17,18,20,24,25,27	28-23	?	deel15:p58
W:W17,22,27,31,32,35,38,39,40,45:B2,6,8,11,13,15,23,24,25,29	39-34	?	deel15:p58
W:W22,27,30,31,32,33,35,36,37,38,41,42,43:B3,6,7,8,10,12,13,16,19,20,21,24,26	30-25	?	deel15:p58
B:W22,23,27,31,32,33,35,36,37,38,41,42,43:B3,6,7,8,12,13,15,16,21,24,26	24-30	!	deel15:p58
B:W15,26,27,32,33,36,37,38,40,44,48,50:B2,4,6,7,8,12,13,14,16,19,23,35	19-24	?	deel15:p58
B:W27,29,31,32,33,36,37,38,39,40,43,45,47,48,49:B2,3,6,8,9,10,13,15,16,18,20,21,24,25,26	8-12	?	deel15:p59
W:W27,29,31,32,33,36,37,38,39,40,43,45,47,48,49:B2,3,6,9,10,12,13,15,16,18,20,21,24,25,26	32-28	!	deel15:p59
B:W17,31,33,36,37,38,40,43,45,47,48,49:B2,3,6,9,10,15,16,18,20,25,26	16-21	?	deel15:p59
W:W26,27,29,30,34,38,39,41,42,43,44,48:B2,3,6,8,10,11,17,18,19,20,23,25	44-40	?	deel15:p59
B:W15,26,34,36,41,43,47,48,49:B4,7,12,16,17,21,23,27,28	12-18	?	deel15:p59
W:W26,30,31,33,36,37,39,42,43,44,47,49:B4,6,10,11,12,13,15,16,17,22,23,27	44-40	?	deel15:p59
W:W27,28,32,33,34,35,36,37,38,39,40,42,45,48:B2,6,7,9,12,13,14,15,16,17,18,19,24,25	48-43	?	deel15:p59
W:W25,33,34,35,36,37,38,39,43,44:B3,7,9,12,13,14,15,20,26,27	37-32	?	deel15:p59
W:W16,21,25,26,30,33,34,35,36,38,43,48,49:B2,3,4,7,9,10,12,13,14,17,18,19,24	48-42	?	deel15:p59
W:W21,25,26,28,31,36,38,39,40,43:B6,8,9,12,13,14,17,19,24,29	31-27	?	deel15:p60
W:W25,28,31,32,33,36,37,38,39,40,41,42,43,45,47,48,49:B2,3,4,6,7,8,9,11,13,14,15,16,19,20,21,23,26	31-27	?	deel15:p60
W:W25,26,29,31,33,34,35,36,38,39,40,41,43,45,46,47,49:B2,3,4,6,7,8,9,11,12,13,14,17,18,20,22,23,27	34-30	!	deel15:p60
B:W25,26,30,31,32,36,37,39,40,42,43,44,45,47,48,49,50:B1,2,3,4,6,8,9,11,13,14,15,16,17,18,20,23,28	13-19	?	deel15:p60
W:W25,28,31,32,33,34,35,36,37,38,39,40,42,43,45,47,48,49:B2,3,4,5,6,8,9,10,11,12,13,14,15,16,18,21,24,26	31-27	?	deel15:p60
B:W15,27,28,32,34,36,37,38,39,40:B5,8,9,12,13,16,18,19,23,24,26	9-14	!	deel15:p61
W:W15,27,28,32,34,36,37,38,39,40:B5,8,12,13,14,16,18,19,23,24,26	15-10	?	deel15:p61
B:W10,27,28,32,34,36,37,38,39,40:B5,8,12,13,14,16,18,19,23,24,26	24-30	!	deel15:p61
W:W26,28,31,33,34,35,36,37,38,39,42,43,44,45,47,48,49,50:B2,3,4,5,6,7,8,9,10,11,12,14,17,18,19,22,24,27	37-32	!	deel15:p61
W:W24,25,29,33,34,36,37,38,39,40,43,45,48:B3,5,6,9,10,13,14,15,18,20,22,26,27	34-30	?	deel15:p61
B:W24,29,31,36,37,38,39,41,43,45,46,48,49:B2,3,7,8,10,13,15,16,17,18,22,26,27	10-14	?	deel15:p61
W:W24,29,31,36,37,38,39,41,43,45,46,48,49:B2,3,7,8,13,14,15,16,17,18,22,26,27	37-32	!	deel15:p61
W:W26,27,28,32,33,35,39,40,43,45:B9,11,12,13,16,17,18,19,24,30	40-34	?	deel15:p61
W:W27,28,31,32,34,35,36,38,39,40,41,42,45,46,48,49:B2,6,7,8,9,10,12,13,14,15,16,18,19,21,23,29	41-37	?	deel15:p62
B:W25,26,30,33,35,37,40,41,42,45,47:B3,4,6,8,9,11,12,14,15,16,19	19-23	?	deel15:p62
B:W15,29,34,36,37,38,39,43,47,49:B2,4,6,8,11,13,18,19,25,27	11-17	?	deel15:p62
W:W22,26,27,33,35,36,37,38,40,43,45,48:B1,3,4,6,11,12,14,16,20,24,25,29	43-39	?	deel15:p62
B:W16,26,28,29,35,37,38,43,45,47,48,49:B1,3,7,8,9,11,12,13,14,15,17,36	17-21	!	deel15:p62
W:W19,27,29,32,33,34,42,43,44,45,47,48,49:B2,3,4,6,8,9,15,16,17,18,25,26,35	47-41	?	deel15:p63
B:W22,26,27,31,34,36,38,39,40,41,42,43,44,45,48,50:B2,6,7,8,10,11,12,13,14,15,16,18,19,20,23,29	12-17	?	deel15:p63
B:W15,25,29,30,32,33,34,37,41,42,47,48,49:B3,4,7,9,12,13,14,18,19,22,23,26,36	22-27	?	deel15:p63
W:W15,25,29,30,33,34,37,41,42,47,48,49:B3,4,7,9,12,13,14,17,18,19,23,36	30-24	!	deel15:p63
B:W22,23,28,32,33,34,37,39,43,45,48:B3,9,12,13,15,16,20,21,25,26,30	21-27	?	deel15:p63
W:W27,30,32,33,34,35,37,38,40,41,42,43,45,48:B6,9,11,13,14,15,16,17,18,19,20,23,24,25	43-39	?	deel15:p64
W:W6,15,28,29,30,37,42,47,48:B1,4,7,13,14,18,26,31,36	37-32	?	deel15:p64
W:W27,32,33,35,37,38,40,41,42,45,47,48,49:B2,3,4,6,8,10,11,12,13,16,18,23,24	49-44	?	deel15:p64
W:W25,28,31,32,33,34,35,36,38,39,42,43,44,45,47,48,49:B1,2,3,4,8,9,11,12,13,14,15,16,17,19,20,21,23	34-29	?	deel15:p64
B:W10,25,30,31,32,33,35,36,38,42,43,44,45,47,48,49:B1,2,3,4,8,9,11,12,13,15,16,17,20,21	21-26	!	deel15:p64
W:W25,27,28,32,33,35,37,38,39,40,41,42,43,44,45,47,48,49,50:B1,2,3,4,5,7,8,9,10,11,13,14,15,16,18,19,20,21,26	27-22	?	deel15:p64
B:W22,28,32,33,35,36,38,40,42,43,45:B8,11,12,13,14,15,16,19,23,24,25	11-17	?	deel15:p65
B:W21,26,28,33,38,43,44,45,48:B4,8,9,11,12,13,19,20,30	12-18	?	deel15:p65
W:W21,26,28,33,38,43,44,45,48:B4,8,9,11,13,18,19,20,30	21-16	!	deel15:p65
W:W21,26,28,33,38,43,44,45,48:B4,8,9,11,12,18,19,20,30	21-17	!	deel15:p65
W:W21,26,28,33,38,43,44,45,48:B4,8,9,11,12,18,19,20,30	28-22	?	deel15:p65
B:W26,28,32,33,34,38,39,40,41,42,48:B3,7,9,10,11,12,13,14,17,18,21	11-16	?	deel15:p65
W:W26,28,32,33,34,38,39,40,41,42,48:B3,7,9,10,12,13,14,16,17,18,21	28-22	!	deel15:p65
B:W25,26,31,32,33,35,36,39,43,45,47,48,49:B3,4,6,7,8,9,13,14,15,16,20,22,23	14-19	?	deel15:p65
B:W25,28,29,33,34,36,38,39,41,42,47,48,49,50:B1,2,3,6,8,9,11,12,14,16,18,19,26,35	9-13	?	deel15:p66
B:W26,27,30,32,33,35,36,38,42,43:B1,3,8,9,13,16,17,19,23,24	13-18	?	deel15:p66
W:W26,35,36,38,42,43:B1,3,8,20,24,25	38-33	!	deel15:p66
B:W15,27,32,34,38,39,42,44,45,48,49:B3,4,6,8,13,14,16,18,19,23,35	8-12	?	deel15:p66
B:W20,31,33,36,37,38,42,43,44,48,50:B3,6,8,9,15,16,22,23,24,26,29	16-21	?	deel15:p66
B:W21,23,28,36,37,38,39,40,43,44,47,48:B2,4,9,10,12,13,14,17,19,25,26,35	19-24	?	deel15:p67
W:W24,25,27,28,31,32,33,35,37,41,46:B6,10,11,12,13,15,16,18,19,21,26	27-22	?	deel15:p67
W:W31,32,35,40,41,42,43,48,49,50:B2,3,4,8,11,13,17,18,23,24	40-34	?	deel15:p67
B:W12,21,31,35,41,42,43,48,49,50:B2,3,4,8,11	8x46	!	deel15:p67
W:W16,31,34,35,36,37,39,41,42,43,44,45,46,47,48,49,50:B1,2,3,4,6,7,8,9,10,11,12,13,14,15,17,24,25	37-32	?	deel15:p67
B:W24,27,28,30,32,37,38,39,40,47:B1,7,9,11,13,14,15,16,19,26	15-20	!	deel15:p69
W:W22,25,27,28,32,33,34,35,37,38,40,45,50:B6,8,9,10,11,13,14,15,16,19,23,24,26	25-20	!	deel15:p69
W:W32,37,38,45,50:B6,8,9,10,11,13,17,26,27,34,35	32x5	!	deel15:p69
W:W24,28,29,32,34,36,37,39,41,42,43,44,45,47:B2,3,6,7,8,10,11,12,13,15,19,20,25,26	29-23	!	deel15:p70
W:W35,37,43,45,48,49:B5,6,7,8,9,13,16,19,21,24,28,34,38	43x1	!!	deel15:p71
B:W25,26,29,31,33,34,35,36,37,38,39,41,43,47,49:B3,4,5,6,9,11,12,13,15,16,17,18,22,23,27	4-10	?	deel15:p71
W:W26,28,32,33,34,35,36,37,38,39,42,43,45:B6,7,8,9,10,11,13,16,17,19,21,23,24,27	36-31	!	deel15:p71
B:WK1,K3,35,37,38,42,45:BK48,6,10,16,36	48-25	?	deel15:p71
W:W25,26,33,34,35,36,37,38,41,42,43,44,45,48,50:B3,4,6,7,9,11,12,14,15,18,19,20,22,23,27	37-31	?	deel15:p72
B:W25,26,30,33,34,36,37,38,41,42,43,44,45,48,50:B3,4,6,7,9,11,12,14,15,18,19,20,22,23,27	20-24	?	deel15:p72
W:W26,31,33,34,35,36,38,39,40,42,43,44,45:B2,11,12,13,14,15,17,18,20,22,23,25,27	26-21	!	deel15:p72
W:W24,25,26,27,31,34,37,41,42,45,48:B2,4,6,8,11,12,14,15,16,17,23	48-43	?	deel15:p73
W:W24,25,26,27,31,34,37,41,42,45,48:B2,4,6,8,11,12,14,15,16,17,23	26-21	!	deel15:p73
W:W25,33,35,37,38,39,40,42,45:B3,12,13,14,15,19,23,24,26,27	33-28	!	deel15:p74
B:W25,31,32,34,35,37,39,40,42,43,45,46,47,48,49:B2,4,6,7,8,9,10,11,13,16,19,23,24,26,28	10-14	?	deel15:p74
W:W31,32,37,42,45,46,47,48:B2,6,7,8,10,11,13,16,19,26,28	32x5	!	deel15:p74
B:W26,27,28,31,32,34,35,37,38,39,40,42,43,44,45,46,47,48,49:B2,3,4,6,7,8,9,10,11,12,14,15,16,17,18,19,21,23,24	15-20	?	deel15:p74
W:W24,26,30,31,35,36,37,38,40,41,42,43,45,47:B2,3,4,6,8,11,12,13,15,17,19,22,23,27	37-32	?	deel15:p74
B:W24,26,30,31,32,35,36,38,40,41,42,43,45,47:B2,3,4,6,8,11,12,13,15,17,19,22,23,27	22-28	!	deel15:p74
B:W22,26,30,32,33,35,36,38,40,41,42,43,45,47:B2,3,4,6,8,11,12,15,17,23	17x46	!	deel15:p74
B:W25,27,28,32,35,36,39,40,42,43,44,45,46,47,48,49,50:B2,3,4,5,6,7,8,10,12,13,14,16,17,18,19,23,24	7-11	?	deel15:p79
B:W25,27,28,32,33,35,37,38,39,44,45,47,48:B6,7,8,12,13,14,15,16,17,18,19,23,24	16-21	?	deel15:p79
B:W24,27,29,31,32,34,37,39,40,43,44,45,49:B4,6,7,8,9,10,13,14,15,18,22,25,26	14-19	?	deel15:p79
W:W25,27,28,32,35,37,38,39,40,41,43,45,47,48,49,50:B3,4,6,7,8,9,12,13,14,15,16,17,18,19,23,29	39-33	?	deel15:p79
B:W21,26,28,30,32,33,35,38,43:B6,7,8,12,13,14,19,23,24	7-11	?	deel15:p79
B:W20,24,26,30,35,36,42,47,48:B8,13,15,16,17,19,22,23,27	8-12	?	deel15:p79
B:W26,31,33,34,36,38,43,45,47,49:B5,6,10,12,13,16,18,19,22,25	19-23	?	deel15:p79
W:W28,33,34,35,36,38,39,40,42,44,48:B2,3,4,8,9,12,13,16,24,25,26	34-29	?	deel15:p79
W:W27,28,30,34,35,38,41,44,45,48:B2,5,8,9,16,17,18,19,24,25	41-37	?	deel15:p79
W:W24,27,28,32,33,34,37,39,44,48:B4,6,9,11,13,14,16,18,21,26	28-22	?	deel15:p80
B:W17,22,24,27,32,33,34,39,44,48:B4,6,9,11,13,14,16,18	16-21	!	deel15:p80
B:W25,27,28,32,33,35,37,38,39,44,45,47,48:B6,7,8,12,13,14,15,16,17,18,19,23,24	7-11	?	deel15:p80
W:W26,29,32,33,37,38,43,45,47,49:B2,3,5,9,12,16,17,18,19,36	33-28	?	deel15:p80
W:W27,29,31,32,33,34,35,36,39,42,43,44,45,49:B3,6,7,8,10,12,13,15,18,19,20,22,24,25	33-28	?	deel15:p80
B:W15,26,29,33,34,35,36,38,39,42,47,48,49:B2,4,6,11,12,13,14,18,19,22,25,27,28	19-23	?	deel15:p80
B:W25,27,28,32,34,35,37,38:B7,8,9,14,19,20,23,26	20-24	?	deel15:p81
W:W16,25,32,33,35,37,38,39,45:B3,7,9,12,13,14,15,17,23	32-27	?	deel15:p81
B:W27,28,30,31,32,33,35,36,38,42,43:B3,6,11,12,13,14,16,18,19,23,24	12-17	?	deel15:p81
B:W28,32,33,34,35,37,38,42,43,47,49:B3,10,11,12,13,17,18,22,24,26,36	24-29	?	deel15:p81
W:W28,32,33,34,35,37,38,42,43,47,49:B3,10,11,12,13,17,18,22,26,29,36	33x24	?	deel15:p81
W:W23,24,26,29,33,34,35,36,40,45:B5,7,8,9,12,15,17,20,25,27	34-30	!	deel15:p81
W:W23,24,26,29,33,35,36,40,45:B5,7,8,9,12,15,17,20,27,34	23-19	!	deel15:p81
W:W24,26,33,35,36,40,45:B5,7,8,9,12,14,15,17,20,27	36-31	!	deel15:p81
W:W26,29,30,31,33,34,35,36,37,38,39,40,43,45,48:B2,8,9,11,12,13,15,16,17,18,19,20,22,23,25	30-24	?	deel15:p82
B:W24,26,29,31,33,34,36,37,38,39,40,43,45,48:B2,8,9,11,12,13,15,16,17,18,20,22,23,25	22-27	!	deel15:p82
B:W25,28,29,30,33,35,37,38,39,40,41,47:B2,3,8,13,14,15,16,17,19,20,22,26	20-24	!	deel15:p83
W:W26,31,32,33,35,36,37,38,43,44,45,46,48,50:B2,4,5,6,11,12,13,14,17,18,19,21,22,27,34	33-28	!	deel15:p83
W:W27,32,33,34,35,37,38,39,40,43,45:B8,9,12,13,15,16,18,19,24,25,26	34-29	!	deel15:p88
W:W32,35,36,37,38,42,48:BK31,2,3,6,11,12,13,16,18,20,21,24,34	37x39	!	deel15:p88
W:W24,26,29,30,33,34,36,37,38,39,40,41,47,49:B2,3,6,7,8,11,12,13,14,15,18,19,20,25	49-43	?	deel15:p88
B:W15,27,28,32,34,35,36,37,38,39:B5,8,12,13,14,16,18,19,23,24,26	23-29	!	deel15:p94
B:W15,27,28,32,34,35,36,37,38,39:B5,8,12,13,14,16,18,19,23,24,26	14-20	?	deel15:p94
B:W22,27,28,32,35,36,37,38,39,42,44,45,47,48,50:B2,3,6,7,8,9,10,11,12,13,15,16,20,24,25	12-17	?!	deel15:p94
W:W22,27,28,32,35,36,37,38,39,42,44,45,47,48,50:B2,3,6,7,8,9,10,11,13,15,16,17,20,24,25	27-21	?	deel15:p94
B:WK30,35,36,37,38,39,42,44,45,47,48,50:B3,6,8,11,13,15,20,25	25x41	!	deel15:p94
W:W23,28,33,36,38,39,41,42,44,49,50:B2,4,11,12,14,15,21,24,25,26,27	41-37	?	deel15:p95
B:W23,28,33,36,37,38,39,42,44,49,50:B2,4,11,12,14,15,21,24,25,26,27	12-18	!	deel15:p95
W:W23,24,28,29,33,40,41,42,43:B2,4,11,12,13,15,20,25,26	28-22	?	deel15:p95
B:W22,23,24,29,33,40,41,42,43:B2,4,11,12,13,15,20,25,26	25-30	!	deel15:p95
B:W22,23,29,33,35,40,41,42,43:B2,4,11,12,13,15,20,26	13-19	!	deel15:p95
W:W25,27,28,32,37,38,39,40,45,48:B12,13,14,15,16,18,19,23,24,26	27-22	!	deel16:p37
W:W25,27,32,34,37,39,40,45,48:B13,14,15,16,18,20,22,26	27-21	!	deel16:p37
W:WK2,25,32,37,38,40,42,48:B14,15,16,18,21,26,31,39	2-11	!	deel16:p38
B:W23,34,37,38,42,48:B11,14,16,21,26,27	11-17	?	deel16:p39
W:W23,33,34,38,48:B14,16,17,21,26,42	48x37	?	deel16:p40
W:WK10,23,33,47,48:B16,17,25,36,41	33-29	!	deel16:p41
W:W28,31,33,34,38,39,40,47:B9,13,15,16,17,20,21,25	28-22	!	deel16:p42
B:W22,27,28,32,34,37,39,40:B9,15,16,21,23,24,25,26	24-30	?	deel16:p43
W:W19,22,27,32,34,37,39,40:B9,15,16,21,25,26,35	37-31	!	deel16:p43
W:W20,26,27,32,37,39,40,41,42,43,44,47,48,49,50:B2,3,6,8,9,10,11,12,13,14,16,17,18,21,25	20-15	?	deel16:p44
B:W15,26,27,32,37,39,40,41,42,43,44,47,48,49,50:B2,3,6,8,9,10,11,12,13,14,16,17,18,21,25	18-23	!	deel16:p44
B:W26,32,39,40,41,42,43,44,47,48,49,50:B2,3,6,8,12,14,16,23,25,28	28x46	!	deel16:p44
W:W20,27,30,32,33,34,35,37,39,40,41,42,47:B1,3,5,9,12,13,14,16,19,21,23,25,26	20-15	?	deel16:p45
W:W20,27,30,32,33,34,35,37,39,40,41,42,47:B1,3,5,9,13,14,16,17,19,21,23,25,26	33-29	?	deel16:p45
B:W20,24,27,30,32,34,35,37,39,40,41,42,47:B1,3,5,9,12,13,14,16,19,21,25,26	5-10	!!	deel16:p45
W:W20,24,27,30,32,34,35,37,39,40,41,42,47:B1,3,9,10,12,13,14,16,19,21,25,26	20-15	?	deel16:p45
B:W20,24,27,30,32,33,34,35,37,40,41,42,47:B1,3,9,10,12,13,14,16,19,21,25,26	10-15	?	deel16:p45
B:W15,33,35,36,37,42,44,45:B6,8,9,10,11,13,14,16,17,19,25	13-18	!	deel16:p48
B:WK2,33,35,36,37,42,44,45:B6,11,14,16,17,18,19,25	25-30	!	deel16:p48
B:WK2,33,35,36,37,42,44,45:B6,11,14,16,17,18,19,25	19-24	?	deel16:p48
B:WK3,23,31,32,33:B12,22,24,25	24-29	!	deel16:p48
B:W13,26,32:B12,14,22	22-27	!	deel16:p49
B:W20,23,31,33,38,40:B4,9,12,14,22,25	4-10	?	deel16:p49
B:W20,27,32,33,37,38,40,41,42,43,48:B1,6,8,9,10,12,13,14,16,23,25	23-29	!	deel16:p49
W:W20,24,27,32,37,38,39,40,41,42,43,44,45,47,49:B2,3,5,6,9,10,11,12,13,14,16,17,21,25,31	37x26	?	deel16:p50
B:W20,24,26,27,32,38,39,40,41,42,43,44,45,47,49:B2,3,5,6,9,10,11,12,13,14,16,17,21,25	13-19	!	deel16:p50
W:W20,24,27,32,37,38,39,40,41,42,43,44,45,47,49:B2,3,5,6,9,10,11,12,13,14,16,17,21,25,26	32-28	!	deel16:p50
B:W20,31,32,33,36,38,45,46,48,49:B1,2,4,6,7,8,9,11,12,13,14,21,25	4-10	!	deel16:p51
W:W20,33,35,36,37,38,39,40,41,43,44,47,48,49,50:B1,2,4,6,8,9,12,13,14,16,18,22,25,26,28	38-32	?	deel16:p51
B:W22,26,27,30,31,33,35,42,43,44,47,49:B3,8,11,13,15,16,18,19,20,23,24,36	23-28	?	deel16:p54
W:W22,25,26,27,30,31,35,39,42,43,44,47,49:B3,9,11,12,13,14,15,16,18,19,23,24,36	22-17	!	deel16:p54
B:W15,27,28,31,32,33,35,36,37,38,39,40,42,43,45:B4,6,7,8,9,11,12,13,14,16,20,24,25,26,29	25-30	!	deel16:p57
B:W15,25,27,28,31,32,33,35,36,37,38,39,42,43:B4,6,7,8,9,11,12,13,14,16,20,24,26	12-17	!	deel16:p57
W:W15,27,28,31,32,33,35,36,37,38,39,40,42,43,45:B4,6,7,8,9,11,12,13,14,16,20,24,25,26,29	39-34	?	deel16:p58
B:W15,22,28,31,32,33,35,36,37,38,39,40,42,45:B4,6,7,8,9,11,14,16,17,20,24,25,26,29	4-10	!	deel16:p58
B:W15,22,28,31,32,35,36,37,38,40,42,45:B6,7,11,14,16,21,26,43	21-27	!	deel16:p58
W:W22,25,26,27,32,35,37,39,40,43,44,47,48,49,50:B3,4,5,6,7,9,11,13,14,15,16,19,23,24,36	37-31	?	deel16:p58
B:W22,25,26,27,31,32,35,39,40,43,44,47,48,49,50:B3,4,5,6,7,9,11,13,14,15,16,19,23,24,36	23-28	!	deel16:p58
W:W26,30,31,34,35,36,38,39,43,44,45,48,49:B3,5,6,10,13,18,19,20,22,23,24,25,27	48-42	!	deel16:p59
B:W27,30,33,34,35,39,42,43,44,45,49:B3,5,6,13,15,16,18,19,20,24,25,28	16-21	!	deel16:p59
B:W26,27,30,31,34,35,36,37,39,40,45,49:B3,5,6,13,14,19,20,22,23,24,25,28	28-33	!	deel16:p60
W:W16,30,31,32,34,35,37,39,40,45,49:B7,14,15,18,19,20,22,23,24,25,28	31-26	?	deel16:p60
B:W26,31,32,33,34,36,37,39,40,45,49:B3,5,6,13,14,20,22,23,25,28	22-27	!	deel16:p61
W:W26,27,31,32,33,35,36,38,39:B6,8,10,11,12,16,17,23,24	33-28	?	deel16:p62
B:W26,27,28,31,32,35,36,38,39:B6,8,10,11,12,16,17,23,24	24-30	!	deel16:p62
B:W19,26,27,31,32,35,36,38,39:B6,8,10,11,12,16,17,30	12-18	!	deel16:p62
B:W27,29,33,34,35,38,39,40,42,43,44,45,47,48,49:B2,3,4,6,7,8,10,13,14,16,18,19,20,24,25	4-9	?	deel16:p63
B:W27,28,29,31,32,33,38,42,45,49:B7,9,12,13,15,16,17,18,25,30	18-22	?	deel16:p65
W:WK1,27,32,37,38,49:B16,18,25,26,45	1x40	!	deel16:p67
B:W27,32,37,38,44:B16,25,26,34	34-39	!	deel16:p67
B:W16,28,31,32,35,37,38,44,49:B7,12,13,15,17,18,20,25	18-22	!!	deel16:p68
B:W15,37,43:B7,13,16,27	27-32	?	deel16:p70
W:WK22,28,43:B36	22-31	!	deel16:p70
B:WK4,27,32,37,38:B12,13,16,17,44	13-19	?	deel16:p74
W:WK4,27,32,37,38:B12,16,17,19,44	27-22	!	deel16:p74
W:W25,27,29,32,33,37,39,41,42,43,45,47,48,49,50:B2,3,4,6,7,8,9,13,14,16,18,19,21,26,35	25-20	!	deel16:p86
B:W27,29,32,33,34,36,37,39,42,43,45,47,48,49,50:B2,3,6,7,8,9,10,13,16,18,19,20,21,26	7-11	?	deel16:p86
W:W23,25,33,38,39,40,49:B7,9,12,13,14,16,17,18,37	23-19	!	deel16:p95
W:W23,24,25,29,33,37,38,40,43,49:B4,7,12,14,15,16,17,20,21,22	40-34	?	deel16:p95
B:W23,26,31,32,36,41,43,45:B2,3,7,11,12,16,17	12-18	!	deel16:p100
W:W25,26,27,28,29,31,32,33,36,41,43,45:B2,7,11,12,14,16,17,18,20,22,23,24	28x10	?	deel16:p100
B:W25,26,28,32,33,36,37,38,45:B2,7,8,11,12,14,17,20,24	12-18	?	deel16:p101
W:W25,26,32,36,37,45:B2,7,8,11,14,18,20,24,28	32x3	?	deel16:p101
B:WK3,25,26,36,37,45:B2,7,11,14,20,24	24-29	!	deel16:p101
W:W27,28,31,32,33,34,35,39,40,48:B6,8,15,16,18,19,23,24,25,26	27-21	!	deel16:p102
W:W23,25,31,36,42,45,48:B2,4,12,14,15,16,32,33	23-18	!	deel16:p103
W:W24,29,31,32,33,36,38,45,46,48,49:B1,2,4,6,7,8,9,11,12,13,15,19,21,25	24-20	!	deel16:p115
W:W26,27,28,31,32,36,38,43,46,47,49:B6,7,8,11,12,13,14,16,17,19,21,29	38-33	!	deel16:p115
B:W24,26,27,29,32,34,36,39,41,44,46,47:B2,6,8,11,12,13,14,15,16,17,21,25	14-19	?	deel16:p117
B:W24,26,27,29,32,34,36,39,41,44,46,47:B2,6,8,11,12,13,14,15,16,17,21,25	13-19	?	deel16:p117
B:W24,26,27,29,32,34,36,39,41,44,46,47:B2,6,8,11,12,13,14,15,16,17,21,25	13-18	?	deel16:p117
W:W24,26,27,29,32,34,36,39,41,44,46,47:B2,6,8,11,12,14,15,16,17,18,21,25	32-28	!	deel16:p117
B:WK31,26,32,36,37,39,41,46:BK50,6,8,11,12,16,17,21,40	50x28	?	deel16:p118
B:W16,46,47:B6,8,17,29	29-33	!	deel16:p119
W:W24,26,29,31,32,34,36,38,39,40,41,43:B2,4,6,8,9,11,12,13,14,15,16,17,18,21,23,25	31-27	?	deel16:p128
B:W22,24,29,34,36,39,40,43,45,46:B2,6,8,9,13,15,16,21,25	9-14	!	deel16:p130
W:W22,24,29,34,36,39,40,43,45,46:B2,6,8,13,14,15,16,21,25	43-38	?	deel16:p130
W:W26,27,28,29,32,33,39,42:B6,13,14,16,17,18,19,35	42-37	?	deel16:p134
B:W26,27,28,29,32,33,37,39:B6,13,14,16,17,18,19,35	17-22	!	deel16:p134
B:W8,16,26,27:BK23,14	23-18	!	deel16:p141
B:WK3,16,21,26:BK22,14	14-20	!	deel16:p141
B:WK5,16,23,26,33:B12,17,32,44	12-18	!	deel16:p141
W:W24,25,26,27,30,31,32,35,36,37,40,41,47:B3,6,8,11,12,13,15,16,17,18,19,22,23	27-21	!	deel16:p144
W:W24,25,26,30,31,35,36,37,40,41:BK47,3,6,8,11,12,13,15,17,18,19,22,23	37-32	!	deel16:p144
B:W27,28,29,32,36,37,38,40:B3,13,14,16,18,19,21,26	3-9	!?	deel16:p146
W:W27,28,29,32,36,37,38,40:B9,13,14,16,18,19,21,26	27-22	!	deel16:p146
W:W28,29,32,36,37,38,40:B9,13,14,16,19,21,26,27	29-23	!	deel16:p146
W:W25,28,29,33,34,37,38,39:B3,11,12,14,17,19,22,35	28-23	!	deel16:p148
B:W23,33,34,37,42,48:B14,16,17,21,26,27	27-32	!	deel16:p149
W:W26,31,34,36,37,40,42,44,47:B3,8,11,13,17,23,25,35	42-38	!	deel16:p150
B:W26,33,36,38,42,43,45,48,49:B2,7,9,13,14,15,20,22,27,34	34-39	!	deel16:p151
W:W23,29,34,35,36,37,39,42,43,45,48:B1,2,4,8,10,12,13,14,21,25,26	43-38	?	deel16:p154
W:W23,29,34,35,36,37,39,42,45,48,49:B4,6,8,10,11,12,13,14,21,25,26	49-43	?!	deel16:p155
B:W23,29,34,35,36,37,39,42,43,45,48:B4,6,8,10,11,12,13,14,21,25,26	12-18	!?	deel16:p155
B:W25,26,27,31,32,33,35,36,38,39:B6,8,11,12,14,16,17,19,23,24	14-20	?!	deel16:p155
B:W25,27,28,31,32,36,38,40,42,43,45,48:B3,8,9,11,13,14,16,18,19,21,23,29	29-34	!	deel16:p156
W:W25,27,28,31,32,36,38,42,43,45,48:B3,8,9,11,13,14,16,18,19,21,34	28-22	!?	deel16:p156
B:W22,25,27,31,32,36,38,42,43,45,48:B3,8,9,11,13,14,16,18,19,21,34	14-20	!	deel16:p156
W:W20,25,28,29,32,33,38,41,43:B4,9,12,13,14,16,17,21,31	41-36	?	deel16:p157
W:W20,25,28,29,33,36,38,39:B4,9,12,13,14,17,27,37	38-32	?	deel16:p157
B:W20,25,28,29,31,36,39:B4,9,12,13,14,17	17-22	!	deel16:p157
W:W24,28,29,31,37,40,45,48:B4,9,12,13,14,15,18,26	31-27	!	deel16:p157
B:W24,27,28,29,37,40,45,48:B4,9,12,13,14,15,18,26	12-17	?	deel16:p157
W:W24,27,28,29,37,40,45,48:B4,9,13,14,15,17,18,26	29-23	!	deel16:p157
W:W23,28,37,40,45,48:B4,13,14,15,24,26	40-35	?	deel16:p157
W:W23,28,37,40,45,48:B4,13,14,15,24,26	28-22	!	deel16:p157
B:W24,35,36,38,47,48:B6,9,12,14,17,27	6-11	!	deel16:p157
W:W24,35,36,38,47,48:B9,11,12,14,17,27	38-33	?	deel16:p157
B:W30,31,34,36,37,38,39,42,43,44,47,48,49:B3,6,7,8,9,11,12,14,15,16,17,18,20,22,25,27	27-32	!	deel16:p168
W:W23,26,27,29,30,31,34,36,37,39,40,42,43,47,48,49:B3,6,7,9,11,12,14,15,16,17,18,19,20,22,25	40-35	!	deel16:p168
W:W26,29,30,31,34,35,36,37,42,43,47,48,49:B3,6,7,9,11,12,14,15,17,18,20,22,25,27,39	29-24	!	deel16:p168
B:W23,24,29,31,34,36,38,39,42,44,47,48,49:B3,6,7,8,12,13,14,15,16,18,20,25,33	13-19	!	deel16:p169
B:W17,23,24,26,29,31,34,36,38,42,43,44,47,48,49:B3,6,7,8,11,12,13,14,15,16,18,20,25	12x21	!	deel16:p169
W:WK1,26,36,38,42,47,48,49:BK24,3,6,8,13,15,16,20,22,25	42-37	!	deel16:p170
W:WK45,31,33,36,47,48,49:B3,6,8,13,15,16,22,24,25	45-18	?	deel16:p170
B:WK50,31,33,36,47,48,49:B3,6,8,13,15,16,22,24,25	24-29	!	deel16:p170
B:W24,27,36,42,48,49:B6,15,16,17,18,25	25-30	!	deel16:p170
B:W24,37,38,42,49:B15,16,18,23,25	25-30	!	deel16:p171
B:W35,37,38,42,49:B15,16,18,23	15-20	!!	deel16:p171
B:W25,26,28,29,32,33,36,37,38,39,42,43,48,49,50:B3,4,6,7,8,9,11,12,13,14,16,18,19,21,35	18-23	?	deel16:p176
W:W27,30,32,33,37,38,39,42,43,46,47,48,49,50:B1,2,4,6,7,9,12,13,16,18,19,20,23,26	49-44	?	deel16:p177
B:W27,30,32,33,37,38,39,42,43,44,46,47,48,50:B1,2,4,6,7,9,12,13,16,18,19,20,23,26	20-24	!	deel16:p177
W:W23,28,33,34,35,37,38,39:B9,11,12,14,19,20,24,27	35-30	!	deel16:p178
W:W23,24,29,33,34,36,37,38,39,43,44,47,49:B2,4,11,12,13,15,16,17,18,20,22,25,26	34-30	?	deel16:p178
B:W25,26,27,28,30,32,33,36,38,40,43,44,50:B3,6,8,9,10,11,12,13,14,16,18,19,23	12-17	?	deel16:p179
W:W25,26,27,28,30,32,33,36,38,40,43,44,50:B3,6,8,9,10,11,13,14,16,17,18,19,23	33-29	!	deel16:p179
B:W9,22,32,39:B7,40,45	45-50	?	deel16:p179
W:W9,22,39:B7,45	9-3	!	deel16:p179
W:WK17,22,39:B16,45	17-26	!	deel16:p179
B:W25,27,32,33,35,36,37,39,40,42,45,48:B1,3,8,11,14,15,16,19,21,23,24,26	8-13	?	deel17:p14
W:W26,27,33,35,37,38,40,43,48:B2,9,11,12,18,19,24,29,30	43-39	?	deel17:p14
B:W26,27,33,35,37,38,39,40,48:B2,9,11,12,18,19,24,29,30	29-34	!	deel17:p14
B:W32,35,37,38,39,40,41,42,43,44,45,47:B3,6,7,8,10,12,15,16,20,22,23,29	22-28	?	deel17:p15
W:W32,35,37,38,39,40,41,42,43,44,45,47:B3,6,7,8,10,12,15,16,20,23,28,29	35-30	!	deel17:p15
W:W30,32,37,38,39,40,41,42,43,44,45,47:B3,6,7,8,10,12,15,16,23,25,28,29	32-27	!	deel17:p15
W:W25,27,28,31,32,33,35,39,45,48:B3,4,9,12,13,14,16,17,19,24	45-40	?	deel17:p15
B:W25,28,32,33,35,36,37,38,39,40,42,45,47,48,49:B2,3,4,6,8,9,10,11,12,14,18,19,23,24,26	9-13	?	deel17:p16
B:W22,27,32,34,35,37,38,39,40,42,48,50:B2,7,8,9,13,15,16,18,19,21,26	15-20	?	deel17:p17
W:W24,27,29,32,33,34,35,38,39,40,42,43,45,47,48,49:B2,3,4,7,8,9,10,12,13,15,16,17,18,20,23,25	42-37	?	deel17:p17
B:W25,26,28,30,32,33,35,38,42,43:B8,12,13,14,17,18,19,21,23,24	18-22	??	deel17:p17
W:W25,26,27,31,32,33,36,37,38,43,49:B6,8,10,11,12,14,16,17,20,21,23	27-22	!	deel17:p18
W:W23,27,28,32,33,34,35,36,37,38,39,41,42,43,45,46,47,48,50:B1,2,3,4,5,6,8,9,10,11,12,13,14,16,19,21,24,25,26	45-40	?	deel17:p26
W:W21,26,27,28,30,32,36,38,39,43,44,45:B1,3,8,9,11,12,13,15,17,18,19,23	21-16	?	deel17:p26
B:W25,26,27,30,32,35,38,39,42,43,45,48:B7,9,10,12,13,14,19,20,23,24,29	7-11	?	deel17:p27
W:W28,31,32,34,35,36,37,38,39,40,41,43,44,45,47,48:B2,3,4,6,8,9,11,12,14,15,16,17,18,19,23,24	39-33	?	deel17:p27
W:W26,30,31,33,35,36,38,39,40,42,43,44,45,47,48:B2,3,4,5,6,8,11,12,13,15,17,20,22,23,27	39-34	?	deel17:p27
B:W26,30,31,33,34,35,36,38,40,42,43,44,45,47,48:B2,3,4,5,6,8,11,12,13,15,17,20,22,23,27	17-21	!	deel17:p27
W:W27,31,32,33,34,35,36,37,38:B3,6,7,8,9,19,23,24,26	27-22	?	deel17:p27
B:W23,27,28,29,32,33,34,35,37,38,39,42,43,44,45,48:B3,6,8,9,11,12,13,14,15,16,17,19,20,21,25,26	20-24	?	deel17:p27
W:W25,26,27,28,32,33,36,38,39,42,43,44,48,49:B3,5,6,8,9,13,14,15,16,17,18,19,21,23,35	42-37	?	deel17:p27
W:W21,26,29,33,34,35,36,37,38,39,40,43,44,45:B6,8,9,11,12,13,14,15,17,18,19,20,24,25	21-16	?	deel17:p27
B:W16,26,29,33,34,35,36,37,38,39,40,43,44,45:B6,8,9,11,12,13,14,15,17,18,19,20,24,25	18-22	!	deel17:p27
B:W21,26,27,33,37,38,39,42,43,44,45,48,49,50:B1,2,3,11,12,13,15,17,18,19,20,23,24,28	17-22	?	deel17:p27
W:W22,27,34,36,37,38,39,44,50:B7,11,12,13,14,15,16,23,26	22-17	?	deel17:p27
B:W17,34,36,44,50:B7,14,15,16,26	16-21	!	deel17:p27
W:W25,27,28,32,34,36,37,39,40,44,45,46,48:B2,3,4,6,8,9,10,12,13,14,16,17,30	34-29	?	deel17:p28
W:W25,27,28,32,34,36,37,39,40,44,45,46,48:B2,3,4,6,8,9,10,12,13,14,16,17,30	40-35	?	deel17:p28
W:W27,28,31,32,33,34,35,37,38,40,41,42,43,44,45,47,48,50:B1,3,4,6,8,9,11,12,13,14,15,16,18,19,20,23,25,26	27-21	!	deel17:p28
W:W24,25,27,32,34,37,42,45,46,48:B3,6,9,10,11,13,15,16,18,19,21,26	27-22	!	deel17:p29
B:W25,27,28,31,32,33,35,36,37,38,39,42,43,44,45,48:B3,6,8,9,10,11,12,13,14,15,16,18,19,23,24,26	11-17	?	deel17:p29
B:W23,25,33,36,37,39,43,44,47,49:B3,8,9,11,14,17,21,22,24	8-12	?	deel17:p29
W:W22,27,32,33,34,35,36,37,38,39,42,43,44:B6,7,8,9,11,12,13,14,18,19,24,25,26	34-29	?	deel17:p29
B:W27,28,29,30,32,33,34,35,36,37,38,40,41,42,43,45,48:B3,6,7,8,9,10,11,12,13,15,16,18,19,20,23,25,26	9-14	?	deel17:p29
W:W28,30,33,34,35,36,38,40,41,42,43,45,48:B3,6,7,10,11,14,15,19,20,25,26,27	33-29	?	deel17:p29
B:W27,28,30,31,32,33,34,35,38,40,43,45,48:B6,8,9,10,12,13,14,15,16,19,23,24,25	12-17	?	deel17:p29
B:W25,26,28,29,34,35,38,39,40,41,43,45,47,49:B3,5,8,11,12,13,14,15,17,18,19,20,27,36	11-16	?	deel17:p29
W:W25,26,27,33,37,38,39,40,41,42,44:B4,7,8,11,12,13,14,15,17,18,19	37-32	?	deel17:p29
W:W15,22,25,27,28,32,37,39,42,44,48:B4,6,11,13,14,16,19,21,23,24,26	39-33	?	deel17:p30
W:W15,22,25,27,28,32,37,39,42,44,48:B4,6,11,13,14,16,19,21,23,24,26	48-43	?	deel17:p30
B:W15,19,24,27,32,34,37,39,42,43,44:B4,6,11,16,20,21,26	20x47	!	deel17:p30
W:W15,22,25,27,28,32,37,39,42,44,48:B4,6,11,13,14,16,19,21,23,24,26	42-38	?	deel17:p30
B:W24,28,29,31,32,34,36,39,40,42,44,45,48:B3,4,6,9,11,12,14,15,16,18,20,21,25	9-13	?	deel17:p30
W:W26,27,28,32,33,35,38,39,40,45:B3,11,12,15,17,18,19,23,24,25	27-22	!	deel17:p35
B:W28,29,32,33,35,36,37,38,39,43,45,47,48,49:B2,3,5,6,8,9,11,13,15,16,18,19,25,26	19-23	?	deel17:p35
W:W28,29,31,32,33,34,35,36,37,38,39,40,41,42,43,44,47,48,49,50:B1,2,3,5,6,7,8,9,11,12,13,14,15,16,17,18,19,20,22,24	31-27	?	deel17:p35
B:W23,24,29,32,33,36,37,38,39,40,43,45,47:B2,4,12,13,14,15,16,17,20,21,25,26,27	17-22	?	deel17:p35
B:W17,25,27,32,35,38,39,43:B2,7,14,18,19,23,24,29	14-20	?	deel17:p35
B:W17,25,27,32,35,38,39,43:B2,7,14,18,19,23,24,29	29-34	!	deel17:p35
B:W15,35,37,38,42,43,44,47:B5,9,10,21,23,26,27,36	9-13	!	deel17:p36
B:W30,33,34,35,37,38,39,40,41,42,43,45,48:B3,4,5,6,7,8,9,13,15,18,19,21,25	7-11	?	deel17:p36
B:W27,31,32,34,35,37,38,39,40,41,42,43,44,45,46,47,48,49:B1,2,3,4,6,7,8,9,10,11,12,13,14,15,16,17,20,23	14-19	?	deel17:p36
W:W25,27,32,33,34,38,39,40,41,43,44,47,48,50:B1,2,3,4,7,9,13,14,15,16,17,18,19,23	33-28	?	deel17:p36
B:W17,25,27,32,34,38,39,40,41,43,44,47,48,50:B1,2,3,4,7,9,13,14,15,16,18,19,23	7-11	!	deel17:p36
B:WK1,41,42,48:B8,9,11,13,16,19,21,29	8-12	!	deel17:p36
B:WK1,37,41:B8,9,11,13,16,19,21	21-27	?	deel17:p36
B:W24,26,28,29,32,33,36,38,39,40,42,45,49:B1,2,3,4,6,8,12,13,15,18,20,21,25	1-7	?	deel17:p37
W:W28,29,31,33,36,37,38,39,40,42,43,44,45,47,48:B4,6,7,8,10,11,12,13,17,18,19,20,22,24,27	39-34	?	deel17:p37
B:W22,23,25,28,32,33,36,38,39,43:B6,11,13,14,16,17,19,21,24	13-18	?	deel17:p37
B:W22,23,25,28,32,33,36,38,39,43:B6,11,13,14,16,17,19,21,24	21-26	?	deel17:p37
W:W27,28,31,32,35,36,37,38,39,40,42,43,44,45,48,49:B2,3,4,6,8,9,11,13,15,16,18,19,20,21,23,24	31-26	?	deel17:p38
B:W24,26,29,33,36,38,39,40,43,45,47,48,49:B2,3,4,6,7,8,10,11,14,15,17,18,27	14-20	?	deel17:p38
B:W25,26,27,32,34,35,36,38,40,42,43,45,46:B1,8,9,10,13,14,15,16,17,19,21,23,29	17-22	?	deel17:p38
W:W23,24,32,33,34,36,37,38,39,50:B2,3,8,9,10,12,13,15,20,26	37-31	!	deel17:p40
B:W23,29,30,31,33,36,37,38,39,43,45:B7,9,11,12,14,15,16,20,21,22,26	12-17	?	deel17:p42
B:W23,31,32,33,34,35,36,37,39,40,43,45:B7,9,11,12,14,15,16,20,21,22,25,26	22-27	!	deel17:p42
B:WK21,31,32,33,34,35,36,37,39,40,43,45:B7,11,15,16,20,25,26	16x49	!	deel17:p42
W:W25,28,31,32,33,35,37,38,39,40,48:B3,6,8,9,11,12,13,14,15,18,24,26	31-27	?!	deel17:p43
B:W25,27,28,32,33,35,37,38,39,40,48:B3,6,8,9,11,12,13,14,15,18,24,26	24-29	!?	deel17:p43
W:W24,27,28,29,32,33,38,39,40,43,44,45:B5,8,10,13,14,15,16,17,18,20,21,25	29-23	!?	deel17:p44
B:WK20,27,32,33,38,40,43,44,45:B5,10,15,16,17,18,21,25	25x14	!	deel17:p44
W:W19,27,32,33,40,43,44,45:B5,10,15,16,18,21,22	33-29	!	deel17:p44
W:W19,29,32,40,43,44,45:B5,10,15,16,18,21,31	29-23	!	deel17:p44
W:W24,27,28,31,34,37,38,39,40,41,42,43,44,48:B2,3,6,8,10,11,12,13,14,15,16,17,18,25	34-29	?	deel17:p44
B:W24,27,28,29,31,37,38,39,40,41,42,43,44,48:B2,3,6,8,10,11,12,13,14,15,16,17,18,25	17-22	!	deel17:p44
W:W24,29,31,37,38,39,40,41,42,43,44,48:B2,3,6,8,10,11,13,14,15,16,18,25,32	37x28	?	deel17:p44
B:W25,26,28,31,32,33,36,38,42,43,47,48,49,50:B3,6,8,10,11,12,13,14,17,18,19,21,22,27	19-23	?	deel17:p45
W:W25,26,31,32,33,36,37,38,39,44,47,48,50:B6,8,10,11,12,13,17,18,19,21,22,23,27	33-28	!	deel17:p45
W:W22,27,31,32,36,37,38,39,41,50:B6,8,11,13,14,16,19,21,23,30	39-34	!	deel17:p46
B:W27,28,31,33,34,35,36,37,38,39,40,43,45:B6,7,9,12,14,15,16,17,19,20,22,25,26	19-24	?	deel17:p46
W:WK39,14,26,40:BK36,23	40-35	!	deel17:p51
B:W25,26,28,32,39:B18,19,29	18-23	?	deel17:p52
W:W25,26,32,34:B18,19,22	32-27	?	deel17:p53
W:W36,37,38,39,40,49:B11,21,22,23,24	40-35	?	deel17:p56
W:W36,37,38,39,40,49:B11,21,22,23,24	40-34	!	deel17:p56
W:W33,36,37,38,49:B11,21,22,23,25	33-28	!	deel17:p56
W:W33,34,36,37,39,40:B21,22,24,27,28	34-29	!	deel17:p56
B:W15,23,29,33,37,41,42,47:B13,14,16,22,26,27,36	14-19	!	deel17:p60
B:W23,24,29,30,37,41,42,47:B13,15,16,20,22,26,27,36	20-25	!	deel17:p60
B:WK5,24,33,38,40:BK46,15,21,26	15-20	!	deel17:p61
W:W23,29,40,43:B2,12,14,27	29-24	?	deel17:p63
B:W23,24,40,43:B2,12,14,27	12-18	!	deel17:p63
B:WK2,24,28,29,32:B4,21,41	41-46	?	deel17:p68
B:W27,28,33,35,44:B1,17,18,24,25	18-23	?	deel17:p71
B:W27,28,32,35,44:B1,17,18,24,25	18-23	?	deel17:p71
B:W27,28,35,40:B11,18,24,25,26	26-31	!	deel17:p72
B:W23,24,25,33,34,37,38,47:B2,9,12,14,15,21,22,36	9-13	?	deel17:p78
B:W23,24,25,32,33,34,38,47:B2,9,12,14,15,22,27,36	12-18	!	deel17:p78
B:W23,24,25,29,34,37,38,47:B2,9,12,14,15,22,26,36	12-18	!	deel17:p78
B:W25,26,30,36,38,41,42,43,45,47,48,49:B4,6,7,12,14,15,16,17,22,23,27,28	14-20	!?	deel17:p79
W:W43,45,48,49:BK28,6,7,14,15,18,22,38	43x1	!	deel17:p79
B:W16,29,32,34,40,47:B12,15,17,18,23,36	17-21	!	deel17:p80
W:W16,29,32,34,47:B18,22,23,25,36	29-24	!?	deel17:p80
B:WK2,24,27,34,47:B18,23,25,36,43	23-28	!	deel17:p80
B:WK2,19,27,34,47:B18,25,28,36,43	18-22	!	deel17:p80
W:W15,27,31,33,35,36,37,38,39,41,42,43,45,49:B2,3,4,6,8,11,12,13,14,16,17,18,23,24	37-32	?	deel17:p86
B:W15,27,31,32,33,35,36,38,39,41,42,43,45,49:B2,3,4,6,8,11,12,13,14,16,17,18,23,24	24-30	?	deel17:p86
B:W15,27,31,32,33,35,36,38,39,40,41,42,43,49:B2,3,4,6,8,11,12,13,16,17,18,20,24,29	4-10	!	deel17:p86
B:W15,26,27,33,34,35,36,37,38,40,41,42,43,45:B2,4,6,8,9,11,12,16,17,18,19,23,24,25	24-30	?	deel17:p86
W:W15,26,27,34,36,37,38,40,41,42,45:BK48,2,4,6,8,9,11,12,16,23,25	40-35	?	deel17:p86
B:W15,26,27,33,34,35,36,37,38,40,41,42,43,45:B2,4,6,8,9,11,12,16,17,18,19,23,24,25	17-21	!	deel17:p86
W:W15,26,27,33,35,36,37,38,39,40,41,42,43,45:B2,4,6,8,9,11,12,16,17,18,19,23,24,25	37-32	?	deel17:p86
B:W15,26,27,30,31,33,35,36,37,38,41,43,45:B4,6,8,11,12,13,14,16,17,18,19,23,24	14-20	!!	deel17:p87
W:W29,32,33,35,36,37,38,39,45,49:B2,8,15,16,18,20,21,24,25,26	32-28	?	deel17:p88
W:WK4,26,27:B16,17,19,23,40	27-22	!	deel17:p90
W:WK4,26:B16,19,23,28,40	4-36	!	deel17:p90
W:W28,29,32,33,34,35,37,38,43,45,48:B2,8,10,12,15,17,18,19,20,21,22	45-40	?	deel17:p90
B:W28,29,32,33,34,35,37,38,40,43,48:B2,8,10,12,15,17,18,19,20,21,22	20-24	!	deel17:p90
B:W28,32,33,34,35,37,38,40,42,43:B2,8,10,12,17,18,19,21,22,24	22-27	!	deel17:p90
W:W28,29,32,33,34,35,37,38,43,45,48:B2,8,10,12,15,17,18,19,20,21,22	48-42	!	deel17:p90
W:W28,32,33,35,37,38,42,43,45:B2,8,12,17,18,19,21,22,24	33-29	!	deel17:p90
W:W28,29,32,33,34,35,37,38,43,45,48:B2,8,10,12,15,17,18,19,20,21,22	43-39	?	deel17:p90
W:W21,31,32,33,34,39,43,44:B6,12,13,18,19,24,25,35	21-17	!	deel17:p91
B:W18,19,37,45:B9,16,26,35,43	26-31	!	deel17:p92
W:W6,16,19,25,35,48:BK50,8,12,34	19-13	!	deel17:p95
W:WK14,16,25,35,48:BK45,39	14-28	!	deel17:p95
W:WK14,16,25,35,48:BK50,34	14-23	!	deel17:p95
B:WK1,10,16,25,35,48:BK50,8,17,39	39-43	?	deel17:p96
B:WK34,14,16,19,35,48:BK45,8,15	45x18	!	deel17:p96
B:W22,26,28,29,34,35,36,37,38,39,42,43,44,48,49,50:B2,3,6,7,8,9,10,11,13,14,15,16,17,19,20,25	19-24	?	deel17:p99
W:W22,26,28,29,34,35,36,37,38,39,42,43,44,48,49,50:B2,3,6,7,8,9,10,11,13,14,15,16,17,20,24,25	26-21	!	deel17:p99
W:W22,26,29,32,34,35,36,37,38,39,42,43,44,48,49,50:B2,3,6,7,8,9,10,11,13,14,15,16,17,19,20,25	22-18	!	deel17:p99
W:W22,26,28,29,33,34,36,37,38,39,40,42,48,49,50:B2,3,6,7,8,9,11,12,13,14,15,16,20,25,35	37-32	!	deel17:p100
B:W18,22,26,33,34,36,37,38,39,42,44,48,49,50:B2,3,6,7,8,9,11,14,15,16,19,20,25,30	8-12	?	deel17:p100
W:W18,22,26,27,32,33,34,37,38,39,42,44,49,50:B2,6,7,8,9,11,13,14,15,16,19,25,30,35	49-43	?	deel17:p101
B:W18,22,26,27,32,33,34,37,38,39,42,44,49,50:B2,6,7,8,9,11,13,14,15,16,19,25,30,35	11-17	?	deel17:p101
B:W18,22,26,27,32,33,34,37,38,39,42,44,49,50:B2,6,7,8,9,11,13,14,15,16,19,25,30,35	14-20	?	deel17:p102
W:W18,22,26,27,32,33,34,37,38,39,42,44,49,50:B2,6,7,8,9,11,13,15,16,19,20,25,30,35	18-12	!	deel17:p102
B:W18,22,26,27,32,33,34,37,38,39,42,44,49,50:B2,6,7,8,9,11,13,14,15,16,19,25,30,35	15-20	?	deel17:p102
B:W18,21,22,26,33,34,37,38,39,42,44,49,50:B2,6,7,8,9,11,13,14,15,24,25,30,35	8-12	?	deel17:p102
B:W18,21,22,26,33,34,38,39,42,44,49,50:B2,6,7,8,9,13,14,15,24,25,30,35	8-12	?	deel17:p102
B:W18,21,22,26,33,34,38,39,42,44,49,50:B2,6,7,8,9,13,14,15,24,25,30,35	13-19	?	deel17:p102
W:W18,21,22,26,33,34,38,39,42,44,49,50:B2,6,7,8,9,14,15,19,24,25,30,35	33-28	!	deel17:p102
B:W26,29,31,32,33,34,38,39,42,44,49,50:B2,6,7,9,13,14,15,16,19,25,30,35	7-12	?	deel17:p103
W:W26,29,31,32,33,34,38,39,42,44,49,50:B2,6,9,12,13,14,15,16,19,25,30,35	29-24	!	deel17:p103
B:W26,27,28,29,33,34,38,39,42,44,49,50:B2,6,9,12,13,15,16,19,20,25,30,35	2-8	?	deel17:p103
W:W26,27,28,29,33,34,38,39,42,44,49,50:B6,8,9,12,13,15,16,19,20,25,30,35	44-40	!	deel17:p103
B:W26,27,28,29,33,34,38,39,40,42,50:B6,8,9,12,13,15,16,19,20,25,30	30-35	?	deel17:p103
W:W26,28,33,34,38,39,40,42,50:B6,8,9,12,13,19,24,25,27,30	38-32	!	deel17:p103
W:W26,27,28,33,34,38,39,40,42,50:B6,8,9,12,13,16,19,24,25,30	27-22	!	deel17:p103
W:W22,26,28,33,34,38,39,42,44,49,50:B2,6,9,12,13,16,19,24,25,30,35	22-17	?	deel17:p103
B:W17,28,33,34,38,39,42,44,49,50:B2,6,9,13,16,19,24,25,30,35	13-18	!	deel17:p103
W:W22,26,28,33,34,38,39,42,44,49,50:B2,6,9,12,13,16,19,24,25,30,35	44-40	!	deel17:p103
W:W22,26,28,33,34,38,39,42,44,49,50:B2,6,9,12,13,16,19,24,25,30,35	38-32	?	deel17:p103
B:W22,26,28,32,33,34,39,42,44,49,50:B2,6,9,12,13,16,19,24,25,30,35	24-29	!	deel17:p103
W:W22,26,28,33,34,38,39,42,44,49,50:B6,8,9,12,13,16,19,24,25,30,35	34-29	?	deel17:p103
B:W22,26,28,29,33,38,39,42,44,49,50:B6,8,9,12,13,16,19,24,25,30,35	30-34	!	deel17:p103
W:W22,26,33,40,42,44,49,50:B6,8,9,12,13,16,32,35	22-17	!	deel17:p103
W:W17,37,40,44,49,50:B6,8,9,13,16,29,35	40-34	!	deel17:p103
W:W29,34,39,42,44,49,50:B8,9,13,19,25,27,28,30,35	29-23	!	deel17:p104
B:W22,26,28,29,34,39,42,44,49,50:B6,8,9,12,13,16,19,25,30,35	12-18	?	deel17:p104
W:W24,26,28,34,39,42,44,49,50:B6,8,9,13,16,19,25,27,30,35	28-23	!	deel17:p104
W:W26,28,29,34,39,42,44,49,50:B6,7,8,9,13,19,25,30,35	29-24	!	deel17:p104
B:W16,24,28,34,39,42,44,49,50:B7,9,11,12,13,19,25,30,35	11-17	?	deel17:p105
W:W16,24,28,34,39,42,44,49,50:B7,9,12,13,17,19,25,30,35	28-23	!	deel17:p105
W:W16,42,44,49,50:B7,9,12,13,17,25,28,35,39	44x2	!	deel17:p105
B:W16,24,28,33,34,39,43,44,50:B9,12,13,17,18,19,25,30,35	19-23	!	deel17:p106
B:W16,24,28,33,34,39,43,44,50:B9,12,13,17,18,19,25,30,35	18-23	?	deel17:p106
W:W16,44,48,50:B9,12,17,24,25,28,35,39	44x11	!	deel17:p106
B:W16,25,33,39,43,44,50:B3,9,14,17,18,35	35-40	!	deel17:p106
W:W16,25,33,35,39,43,50:B3,9,14,17,22	33-28	!	deel17:p106
W:WK1,25,35,39,43:B3,9,14,37	25-20	!	deel17:p106
B:W23,34,39,42,44,49,50:B8,9,13,19,25,27,28,30,35	19-24	?	deel17:p107
W:WK2,21,27,39,49,50:B25,29,30,35,38	49-43	!	deel17:p107
W:WK1,39,44,49,50:B9,19,25,31,35	1-29	!	deel17:p108
B:W24,26,28,29,32,44,49,50:B9,13,16,17,19,25,30,35	17-22	!	deel17:p109
B:W19,26,32,44,49,50:B9,11,16,25,30,35	11-17	?	deel17:p109
W:W22,26,28,33,34,38,39,42,44,49,50:B2,6,9,12,13,16,19,24,25,30,35	33-29	!	deel17:p109
W:W22,23,24,28,32,33,37,38,39,40,41,42,43,44,47,48:B1,2,3,4,6,8,9,11,13,14,17,19,25,26,30,35	40-34	?	deel17:p111
B:W22,23,24,28,32,33,34,37,38,39,41,42,43,44,47,48:B1,2,3,4,6,8,9,11,13,14,17,19,25,26,30,35	26-31	!	deel17:p111
W:W23,24,27,28,29,34,36,38,39,45,48,49:B2,4,8,9,10,13,14,15,16,17,25,26	49-43	?	deel17:p112
B:W24,27,29,34,35,38,39,46,48:B3,4,10,11,12,13,18,23,26,28	12-17	?	deel17:p115
B:W16,25,27,32,33,35,36,38,40:B6,9,12,14,18,21,23,24,29	21-26	?	deel17:p115
B:W21,27,31,32,33,34,35:B6,13,18,22,23,24,25	24-29	!	deel17:p115
B:W23,27,28,32,33,34,36,37,42,45:B3,4,6,11,13,16,21,24,35	13-19	!	deel17:p115
B:W22,25,27,28,32,35,37,38,39:B12,13,15,16,19,21,24,26,29	29-33	!	deel17:p116
B:W17,25,27,32,35,36,38,39:B13,15,16,18,19,23,24,26	26-31	?	deel17:p116
B:W25,26,28,31,33,35,36,37,38,39,42,43,44,45,47,48,49,50:B1,3,4,5,6,8,9,11,12,13,14,15,17,18,19,20,21,24	18-22	?	deel17:p117
W:W24,28,31,34,36,37,38,39,40,41,42,43,44,45,46,48,49:B1,2,3,4,6,7,8,9,10,11,13,14,15,17,18,21,26	39-33	?	deel17:p117
B:W24,28,31,33,34,36,37,38,40,41,42,43,44,45,46,48,49:B1,2,3,4,6,7,8,9,10,11,13,14,15,17,18,21,26	15-20	!	deel17:p117
W:W27,28,29,32,33,34,35,37,40,42,43,45:B2,6,9,11,13,16,18,19,20,21,23,26	43-39	!	deel17:p119
B:W27,28,29,32,33,34,35,37,40,42,43,45:B2,6,9,11,13,16,18,19,20,21,23,26	26-31	!	deel17:p119
W:W28,29,30,32,33,34,38,40,42,45:B2,6,9,13,16,18,19,23,25,31	40-35	?	deel17:p119
W:W28,29,30,32,33,34,38,40,42,45:B2,6,9,13,16,18,19,23,25,31	29-24	?	deel17:p119
W:W19,24,30,34,40,45:B8,9,11,25,33,42	19-14	!	deel17:p121
W:W23,40,45:B8,11,33,34,42	40x47	!	deel17:p121
B:W25,26,29,36,37,38,39,41,42,43,44,45,47,48,49:B1,2,3,4,7,11,12,13,14,15,17,18,19,22,27	19-23	?	deel17:p125
B:W21,25,26,27,28,31,36,43,44,45,48:B7,8,9,11,12,13,14,17,19,29,35	13-18	?	deel17:p125
B:W27,32,33,34,36,37,38,39,40,41,42,43,44:B6,7,8,9,10,13,16,18,19,20,21,25,26	20-24	?	deel17:p125
W:W27,32,33,34,36,37,38,39,40,41,42,43,44:B6,7,8,9,10,13,16,18,19,21,24,25,26	27-22	!	deel17:p125
W:W27,34,39,40,43,44:BK29,6,7,8,9,10,13,16,19,24,25,26	34x1	!	deel17:p125
W:W28,34,35,36,37,38,39,42,43,45,48:B3,6,9,15,16,17,18,19,20,25,26	38-32	?	deel17:p125
B:W28,32,34,35,36,37,39,42,43,45,48:B3,6,9,15,16,17,18,19,20,25,26	25-30	!	deel17:p125
B:W25,27,28,32,33,35,37,38,39,44,45:B10,11,12,13,14,16,18,19,23,24,26	11-17	?	deel17:p126
W:W7,25,32,33,35,45:B10,17,19,26,36	32-27	!	deel17:p126
B:WK15,8,25,33,35,45:BK46,14,19,42	19-24	?	deel17:p126
B:WK29,8,25,33,35,45:BK46,14,42	42-47	?	deel17:p126
W:W26,32,33,35,36,37,38,39,40,42,43,44,45,47:B2,3,4,6,9,11,13,14,16,17,19,21,24,27	40-34	?	deel17:p126
B:W23,26,28,30,33,36,37,38,40,41,42,43,44,45,47,48,49,50:B2,3,4,5,6,7,8,9,10,11,12,13,14,15,17,19,22,27	15-20	?	deel17:p126
B:W26,28,31,32,33,34,35,36,38,43,45,47,48,49,50:B3,4,6,7,8,9,11,12,14,15,16,17,18,24,25	24-29	!	deel18:p21
W:W27,31,32,33,34,35,36,37,38,39,40,41,42,43,44,45,47,48,49:B1,2,3,6,7,8,9,10,11,12,13,14,16,17,18,19,20,23,25	34-29	!	deel18:p23
B:W27,28,32,34,36,37,38,39,40,43:B3,6,8,11,12,13,15,16,19,25	15-20	!	deel18:p24
W:W17,26,32,33,34,35,36,38,39,40,42,45,46,47,48:B3,4,5,6,7,9,13,14,15,16,18,19,23,24	32-28	!	deel18:p26
W:W26,27,28,32,33,34,35,36,37,38,39,40,42,45,46,47,48:B2,3,4,5,6,9,11,13,14,15,16,17,18,19,21,23,24	28-22	!	deel18:p26
W:W17,34,35,36,37,38,39,40,45,46,47,48:B3,4,7,9,10,13,15,19,20,23,24,27	17-12	!	deel18:p26
B:W26,33,34,35,36,37,38,39,43,45:B2,4,9,12,13,15,20,23,24,27	13-19	!	deel18:p27
B:W21,26,33,34,35,36,38,39,43,45:B2,4,12,13,15,19,20,23,24	12-17	!	deel18:p27
W:W25,27,28,32,34,37,40:B9,13,14,16,18,24,26	28-23	!	deel18:p30
W:W20,27,28,29,32,37:B12,13,16,24,26	37-31	!	deel18:p30
W:W24,27,28,30,31,32,34,35,38,50:B8,10,13,16,17,18,19,23,26	30-25	!	deel18:p34
B:W7,22,25,30,33,35:B14,16,19,24,26,41	14-20	!	deel18:p35
B:W7,19,22,23,33,35:BK47,16,26	47x28	!	deel18:p35
W:W22,27,30,32,33,34,35,37,38,42,47:B3,4,13,16,18,19,20,21,23,24,26	22-17	?	deel18:p36
B:W7,30,34,35,37,42,47:B3,4,13,16,17,19,20	19-24	!	deel18:p36
W:W19,28,35,36,37,38,43:B2,8,9,15,20,26,27	28-22	!	deel18:p43
B:W24,25,29,33,35,36,37,43:B2,4,13,14,15,18,26,27	4-9	?	deel18:p43
B:W24,25,29,33,35,36,37,43:B2,4,13,14,15,18,26,27	14-19	?	deel18:p43
B:WK2,25,27,35,37:BK50,10,15,26	50-28	?	deel18:p44
B:W25,28,32,33,34,35,36,38,39,40,41,42,43,44,45,48,49:B1,2,3,4,5,6,7,9,13,14,15,16,17,18,19,23,24	17-22	?	deel18:p45
W:W25,28,32,33,34,35,36,38,39,40,41,42,43,44,45,48,49:B1,2,3,4,5,6,7,9,13,14,15,16,18,19,21,23,24	28-22	!	deel18:p46
W:W21,22,28,33,43:B10,12,16	43-38	!	deel18:p46
B:W25,26,29,30,31,33,35,36,37,38,39,42,43,45,48:B4,7,8,9,10,11,12,13,14,15,17,18,19,22,27	19-23	?	deel18:p50
W:W25,26,29,30,31,33,35,36,37,38,39,42,43,45,48:B4,7,8,9,10,11,12,13,14,15,17,18,22,23,27	30-24	!	deel18:p50
B:W24,25,26,30,31,33,35,36,37,38,42,43,45,48:B4,7,8,9,10,11,12,13,14,15,17,18,22,27	14-19	?	deel18:p50
W:W24,25,26,30,31,33,35,36,37,38,42,43,45,48:B4,7,8,9,10,11,12,13,15,17,18,19,22,27	38-32	!	deel18:p50
W:W27,28,32,35,37,38,48,49,50:B2,8,11,13,15,19,25,26,29	27-21	?	deel18:p57
B:W14,35,37,38,48,49,50:B2,8,11,13,15,25,29	15-20	!	deel18:p57
B:W25,26,28,29,30,33,36,38,39,41,42,43,45,48,49:B2,3,4,7,8,9,12,13,14,15,16,17,18,20,22	4-10	!	deel18:p59
B:W28,31,32,34,38,40,42,43,48,49:B2,3,7,9,15,16,18,19,23,24	15-20	!	deel18:p59
W:W26,28,32,33,35,38,42,48:B2,4,16,17,19,22,23,34	26-21	!	deel18:p61
B:W32,35,37,38,48:B4,11,19,26,34	26-31	!!	deel18:p62
B:W27,29,30,31,34,35,36,38,39,40,41,42,43,44,45,46,47,48,49:B1,2,3,4,6,7,9,10,11,12,13,15,16,17,18,19,20,23,25	17-21	?	deel18:p64
B:W27,30,31,33,36,37,38,39,40,41,44,45,47,48,49:B1,3,4,6,7,9,12,13,14,15,16,18,19,22,23	3-8	?	deel18:p64
B:W25,26,27,28,32,33,38,40,42,44,45,49:B8,9,12,13,14,15,16,17,18,19,20,23	23-29	!	deel18:p65
W:W25,27,28,32,33,35,37,38,39,43,44,45,48:B3,4,9,13,14,16,17,18,19,20,21,23,24	44-40	?	deel18:p66
B:W25,27,28,32,33,35,37,38,39,40,43,45,48:B3,4,9,13,14,16,17,18,19,20,21,23,24	24-30	!	deel18:p66
B:W26,27,28,32,33,34,35,38,39,40,42,43,44,45,46,47,48,49,50:B1,2,3,4,5,6,8,9,10,12,13,14,15,16,17,18,19,20,21	2-7	?	deel18:p67
W:W27,28,30,31,32,33,34,35,38,50:B8,10,13,16,17,18,19,23,24,26	34-29	!	deel18:p73
W:W27,28,31,32,33,34,35,38,40,48,50:B8,9,10,13,16,17,18,19,23,24,26	34-29	!	deel18:p73
W:W27,28,32,35,37,38,48,49,50:B2,8,11,13,15,19,25,26,29	27-21	!?	deel18:p75
W:W14,35,37,38,48,49,50:B2,8,11,13,20,25,29	14-10	!	deel18:p75
B:W14,35,37,38,48,49,50:B2,8,11,13,15,25,29	29-33	?	deel18:p75
W:W14,29,35,37,48,49,50:B2,8,11,13,20,25	35-30	!	deel18:p75
W:W25,27,28,32,33,38,40,42,44,45,49:B8,9,13,14,15,16,18,19,21,23,24	49-43	?	deel18:p76
B:W32,35,37,38,48:B4,11,19,26,34	26-31	!	deel18:p77
B:W26,27,28,32,33,34,35,36,37,38,39,40,42,45,46,47,48:B2,3,4,5,6,10,11,13,14,15,16,17,18,19,21,23,24	17-22	?	deel18:p77
B:WK48,27,32,37,49:B1,11,17,18	18-23	!	deel18:p84
B:WK2,47:B8,32,37,38	8-12	?	deel18:p95
W:WK2,47:B12,32,37,38	47-41	!	deel18:p95
W:W7,34:B5,13,19,24	34-29	!	deel18:p96
B:W17,24,29,32,34,36,37,39,40,42,43,47,48,49:B2,6,7,8,9,10,13,14,15,16,20,25,26	14-19	?	deel19:p6
W:W17,24,29,32,34,36,37,39,40,42,43,47,48,49:B2,6,7,8,9,10,13,15,16,19,20,25,26	34-30	!!	deel19:p6
W:W26,28,32,34,35,36,37,38,40,42,43,44,49:B2,5,7,8,10,12,13,15,16,17,21,24,25	36-31	?	deel19:p7
B:W24,25,26,36,38,39,41,43,47,49:B2,8,9,14,15,16,17,22,27,28	9-13	?	deel19:p8
B:W12,24,30,32,35,37,38,42,43,44,47,48,50:B1,2,3,4,8,10,15,16,17,21,23,26,27	2-7	?	deel19:p8
W:W12,24,30,32,35,37,38,42,43,44,47,48,50:B1,3,4,7,8,10,15,16,17,21,23,26,27	37-31	!	deel19:p8
W:W11,24,25,28,30:BK46,8,13,14,15,27	28-22	?	deel19:p18
B:W7,24,25,30:BK46,8,13,14,15,18	8-12	!	deel19:p18
B:W27,28,31,32,34,35,36,37,38,39,40,42,43,45,47,48:B1,3,7,8,9,11,13,14,15,16,18,19,20,23,25,26	8-12	!	deel19:p18
B:W23,24,27,29,32,34,37,39,40,43:B2,8,11,12,14,15,18,20,25,26	11-17	?	deel19:p18
W:W24,25,30,34,36,37,38,43,48,49:B12,13,14,15,16,18,19,22,23,26	48-42	?	deel19:p27
W:W25,26,28,32,33,34,37,38,39,42,43,44,49:B3,4,7,8,9,12,13,14,16,17,21,22,24	44-40	?	deel19:p28
B:W25,26,28,32,33,34,37,38,39,40,42,43,49:B3,4,7,8,9,12,13,14,16,17,21,22,24	21-27	!	deel19:p28
B:W20,25,26,33,37,38,39,40,42,43,49:B3,4,7,8,9,12,14,17,22,27,28	28-32	?	deel19:p28
B:W24,26,29,34,37,39,42:B10,17,18,22,23,25,28,36	22-27	?	deel19:p28
W:WK42,27:BK44,5,26,36	42-37	!	deel19:p29
B:W9,22,39:BK38,5,26,36	36-41	?	deel19:p30
B:WK4,27,34:B5,26,28,36	36-41	?	deel19:p31
W:WK4,27,34:B5,26,28,41	27-21	!	deel19:p31
B:W23,24,25,29,33,36,37,41:B3,12,13,14,17,18,26,32	17-21	!	deel19:p41
W:W23,24,29,36,37,38,41:B3,12,13,18,22,25,26,27	36-31	!	deel19:p41
W:W23,24,29,36,37,38,41:B3,12,13,18,22,25,26,27	23-19	?	deel19:p41
B:W19,29,36,41:B3,18,22,25,27	3-9	!	deel19:p41
B:W25,26,31,33,35,36,37,38,39,42,43,44,48,49,50:B2,3,4,5,6,8,9,11,12,13,15,16,18,24,45	13-19	?	deel19:p41
B:W25,26,31,33,35,36,37,38,39,42,43,44,48,49,50:B2,3,4,5,6,8,9,11,12,13,15,16,18,24,45	4-10	?	deel19:p41
B:W25,26,31,33,35,36,37,38,39,42,43,44,48,49,50:B2,3,4,5,6,8,9,11,12,13,15,16,18,24,45	2-7	?	deel19:p41
W:W26,27,28,31,35,36,38,39,44,50:B2,3,6,8,11,12,15,16,24,45	28-22	?	deel19:p42
W:W27,28,31,32,33,35,36,37,38,39,40,42,43,45,48:B1,3,5,8,11,12,13,14,16,18,19,23,24,25,26	39-34	?	deel19:p43
B:W27,32,44,49:B12,16,17	12-18	!	deel19:p43
W:W29,33,34,36,38,39,40,41,42,43,44,48:B3,5,8,9,10,12,13,15,16,18,26,27	41-37	!	deel19:p52
B:W23,25,33,34,36,37,38,39,40,42,43,44,47,48:B3,8,9,10,13,14,15,16,17,20,21,22,26,27	13-19	?	deel19:p53
B:W23,25,33,36,37,38,39,40,42,43,44,47,48:B3,5,9,12,13,14,15,16,20,21,22,26,27	13-18	?	deel19:p53
B:W25,29,32,33,34,36,37,38,39,40,42,43,44,47,48:B3,5,8,9,13,14,15,16,17,19,20,21,22,26,27	13-18	?	deel19:p53
B:W25,29,32,33,34,36,37,38,39,40,42,43,44,47,48:B3,5,8,9,13,14,15,16,17,19,20,21,22,26,27	8-12	?	deel19:p53
B:W25,29,32,33,34,36,37,38,39,40,42,43,44,47,48:B3,5,8,9,13,14,15,16,17,19,20,21,22,26,27	19-24	?	deel19:p53
W:W25,29,30,32,33,35,36,37,38,39,42,43,44,47,48:B3,5,8,13,14,15,16,17,19,20,21,22,24,26,27	29-23	?	deel19:p53
B:W23,25,33,34,36,37,38,39,40,42,43,44,47,48:B3,8,9,10,13,14,15,16,17,20,21,22,26,27	20-24	?	deel19:p53
W:W30,33,34,35,37,38,40,42,43,45,47,48:B3,6,9,12,13,14,15,16,18,19,22,24	33-29	?	deel19:p54
B:W26,29,30,31,34,35,38,45,47,48:B11,12,13,15,17,18,21,22,23,25	22-28	?	deel19:p55
B:W26,29,30,31,34,35,38,45,47,48:B11,12,13,15,17,18,21,22,25,28	21-27	?	deel19:p56
W:W26,29,30,31,34,35,38,45,47,48:B11,12,13,15,17,18,22,25,27,28	29-24	!	deel19:p56
W:W25,28,30,32,33,34:B14,15,16,19,23,24,26,31,35	33-29	!	deel19:p57
W:W27,32,33,34,35,36,37,38,40,41,43,46,47,48,50:B1,3,4,8,11,13,14,15,16,17,18,19,21,23,26	27-22	!	deel19:p57
B:W27,32,34,35,36,37,38,40,41,42,43,46,47,48,50:B1,2,3,4,8,11,13,14,15,16,17,18,21,23,26	17-22	?	deel19:p57
W:W27,32,34,35,36,37,38,40,41,42,43,46,47,48,50:B1,2,3,4,8,11,13,14,15,16,18,21,22,23,26	32-28	!	deel19:p57
B:W27,32,33,34,35,36,37,40,41,42,43,46,47,48,50:B1,2,3,4,8,11,14,15,16,17,18,19,21,23,26	4-9	?	deel19:p57
B:W27,32,33,34,35,36,37,40,41,42,43,46,47,48,50:B1,2,3,4,8,11,14,15,16,17,18,19,21,23,26	2-7	?	deel19:p57
B:W6,27,30,32,33,35,36,42,43,44,48:B1,3,8,13,14,16,17,18,19,23,24	24-29	!	deel19:p57
B:W6,30,32,33,35,37,39,41,42,43,45,47,48,49:B1,3,7,8,9,10,12,13,14,18,19,20,26,36	18-23	?	deel19:p58
B:W27,28,30,35,37,39,41,43,45,47,48,49:B1,3,9,10,12,13,14,18,19,24,26,36	12-17	?	deel19:p58
W:W22,27,30,32,35,37,38,39,40,47,49:B9,11,13,14,15,17,19,23,26,29,36	27-21	!	deel19:p58
W:W21,30,32,35,37,38,39,40,47,49:B9,11,13,14,15,19,23,26,28,29,36	21-16	!	deel19:p58
W:W16,30,35,38,47,49:B9,13,14,15,17,19,23,28,36,39,40	35x11	!	deel19:p58
W:W27,30,32,34,35,37,42,47:B11,13,18,19,20,23,26,28,36	34-29	?	deel19:p59
B:W12,27,35,37,42,47:B11,13,19,20,25,26,36	11-17	!	deel19:p59
W:W27,30,32,34,35,37,42,47:B11,13,18,19,20,23,26,28,36	27-21	!	deel19:p59
B:W25,27,28,30,32,34,35,38,40,42,43,50:B2,3,7,9,12,13,14,15,17,19,23,24	17-21	?	deel19:p66
W:W16,22,34,35,37,39,43,47:B3,7,8,9,10,13,18,36	22-17	?	deel19:p66
W:W26,27,28,31,32,35,36,37,39,40,41,43,45,46,48,49:B6,8,9,11,12,13,14,15,16,17,19,20,21,24,25,29	28-22	?	deel19:p66
B:W26,28,31,34,35,36,39,40,41,43,45,46,48,49:B6,8,9,11,12,13,14,15,16,19,20,24,25	24-30	!	deel19:p66
W:W26,27,28,31,32,35,36,37,39,40,41,43,45,46,48,49:B6,8,9,11,12,13,14,15,16,17,19,20,21,24,25,29	39-34	?	deel19:p66
B:W26,27,31,32,33,34,36,37,39,40,41,43,45,46,48,49:B6,8,9,10,11,12,13,14,15,16,17,18,21,23,25,30	15-20	?	deel19:p66
W:W26,27,31,32,33,34,36,37,39,40,41,43,45,46,48,49:B6,8,9,10,11,12,13,14,15,16,17,18,21,23,25,30	27-22	!	deel19:p66
W:W25,26,27,30,31,32,35,36,38,39,40,42,44,45,48:B1,3,7,9,11,12,13,14,15,16,18,19,20,24,29	27-22	!	deel19:p67
W:W25,35,36,38,39,40,42,44,45,48:B4,6,7,8,9,11,13,17,18,20,28,29	25x32	!	deel19:p67
B:W25,26,27,30,31,32,33,35,36,38,40,44,45,48:B3,6,9,11,13,14,15,16,17,19,20,23,24,29	17-22	?	deel19:p68
B:W18,25,26,30,31,32,33,35,36,38,40,44,45,48:B3,6,9,11,13,14,15,16,19,20,23,24,29	23x12	?	deel19:p68
W:W22,25,26,30,31,32,34,35,36,38,39,43:B6,11,12,13,14,15,16,19,20,23,24	32-28	!	deel19:p68
B:W26,27,28,31,32,33,34,35,38,39,40,42,43,45,48,50:B3,6,8,10,11,12,13,14,15,16,17,18,19,20,23,25	23-29	!	deel19:p75
W:W26,27,32,40,44,45:B12,15,16,17,19,29,35	40-34	!	deel19:p75
B:W27,33,35,37,39,42,43,44,45,47:B3,8,9,10,11,13,14,17,18,24	17-22	?	deel19:p75
B:WK5,25,27,37,41,42,45,47,48:B3,6,8,12,13,15,16,18,26,34	34-40	!	deel19:p76
B:W22,25,27,30,32,36,37,39,42,45,47:B3,11,12,13,14,16,18,19,23,26	12-17	?	deel19:p77
B:W22,25,27,28,30,36,37,45,46,47:B3,4,11,12,13,14,16,18,29	29-34	!	deel19:p78
W:W25,28,30,32,36,37,45,46,47:B3,4,13,14,16,17,18,29	46-41	!	deel19:p78
W:W25,28,30,32,36,37,41,45,47:B3,4,13,14,16,17,22,29	32-27	!	deel19:p78
W:W24,29,34,35,42,43,47:B2,6,13,18,19,22,25	43-39	?	deel19:p78
B:W24,29,34,39,42,47:B2,6,13,18,22,25	22-28	!	deel19:p78
W:W24,29,30,34,36,37,38:B12,13,18,19,21,22,25	38-33	?	deel19:p79
B:W10,36,37:B12,13,21,27,28,33	12-18	!	deel19:p79
W:WK4,25,26,27:BK50,11,13,18,19,23	25-20	?	deel19:p91
W:W25,27,28,30,31,32,33,35,36,38,39,48,50:B2,3,6,9,10,11,13,14,16,17,19,23,24	31-26	?	deel19:p93
W:W25,27,28,30,31,32,33,35,36,38,39,48,50:B2,3,6,9,10,11,13,14,16,17,19,23,24	39-34	?	deel19:p93
B:W17,25,27,28,32,33,35,36,37,38,39,50:B3,6,9,10,12,13,14,16,19,21,24,26	13-18	?	deel19:p93
B:W17,25,27,28,32,33,35,36,37,38,39,50:B3,6,9,10,12,13,14,16,19,21,24,26	3-8	?	deel19:p93
B:W27,28,33,34,36,44:B16,17,18,24,25,35	17-21	?	deel19:p94
B:WK4,28,40,44:B16,25,35,37	37-42	?	deel19:p94
W:W25,26,27,32,33,35,38,39,40,42,45,48,49,50:B3,6,8,9,13,14,15,16,17,18,19,20,23,24	33-28	?	deel19:p94
B:W24,26,27,30,31,33,36,39,40,41,42,43,47,48,49:B1,4,6,7,8,10,11,13,15,16,17,18,19,22,23	23-29	?	deel19:p95
W:W24,26,27,30,31,33,36,39,40,41,42,43,47,48,49:B1,4,6,7,8,10,11,13,15,16,17,18,19,22,29	27-21	!	deel19:p95
B:W25,26,27,31,32,33,35,36,37,38,47,48,49:B6,7,8,11,12,13,14,16,17,18,19,22,24	24-30	?	deel19:p96
W:W25,26,27,31,32,33,35,36,37,38,47,48,49:B6,7,8,11,12,13,14,16,17,18,19,22,30	35x24	?	deel19:p96
B:W27,28,32,35,37,38,39,40,41,42,45,47,48:B1,3,6,7,11,13,15,18,19,20,23,24,26	3-8	?	deel19:p96
W:W27,28,32,33,35,36,37,39,40,42,45,47,48:B3,6,7,11,12,13,15,18,19,23,24,25,26	42-38	?	deel19:p96
W:W32,35,36,45,47,48,49:B3,6,7,15,18,25,26,34	48-43	!	deel19:p96
B:W26,27,28,32,33,35,36,38,39,40,45,48:B6,8,11,12,13,15,17,18,19,23,24,25	24-30	?	deel19:p96
W:W25,27,28,30,32,35,38,42:B11,12,13,14,18,19,23,24	38-33	?	deel19:p96
B:W26,29,31,36,37,38,39,43,44,45,48:B3,7,8,12,15,17,18,19,20,22,27	3-9	?	deel19:p105
B:W26,31,32,36,38,39,43,44,45:B3,8,12,17,19,22,23,24,27	24-29	!	deel19:p105
B:W26,28,29,30,33,35,36,38,39,42,43,44,47,48,49:B1,3,7,8,9,12,13,15,17,18,19,20,22,24,27	18-23	?	deel19:p105
B:W26,28,33,34,35,36,37,38,39,44,45,47,48,49:B1,3,7,8,9,12,13,14,17,18,19,22,25,27	18-23	?	deel19:p105
W:W26,28,33,34,35,36,37,38,39,44,45,47,48,49:B1,3,7,8,9,12,13,14,17,19,22,23,25,27	26-21	!	deel19:p105
B:W26,28,33,34,35,36,37,38,43,44,45,47,48,49:B1,3,7,8,9,12,13,14,17,18,19,22,25,27	18-23	?	deel19:p105
W:W26,30,33,35,36,38,39,42,43,44,47,48,49:B1,3,7,8,9,13,15,17,19,20,22,24,27,32	30-25	!	deel19:p106
B:W26,28,30,33,35,36,38,40,42,43,47,48,49:B1,3,7,8,9,12,13,17,18,19,22,24,27	18-23	?	deel19:p106
W:W26,28,30,33,35,36,38,40,42,43,47,48,49:B1,3,7,8,9,12,13,17,19,22,23,24,27	40-34	!	deel19:p106
W:W15,26,30,33,35,36,38,43,47,48,49:B1,3,7,8,9,12,13,17,19,22,27,37	15-10	?	deel19:p106
B:W27,28,32,33,34,36,37,38,39,40,42,43,47,48,50:B3,6,9,11,12,13,14,15,16,18,19,21,23,24,26	11-17	?	deel19:p107
B:WK2,37,38,42,44,47,48:B8,9,11,13,14,15,16,19,28,36	16-21	?	deel19:p107
B:W37,38,39,42,47,48:B8,9,13,14,15,28,36	13-18	?	deel19:p107
B:W21,24,28,33,34,36,37,38,39,42,43,44,45,48:B2,3,4,5,8,9,12,13,14,15,17,18,25,26	14-19	?	deel19:p108
W:W21,24,28,33,34,36,37,38,39,42,43,44,45,48:B2,3,4,5,8,9,12,13,15,17,18,19,25,26	21-16	!	deel19:p108
B:W16,24,28,32,33,34,36,38,39,42,43,44,45,48:B3,4,7,8,9,10,12,13,14,15,17,18,25,26	14-19	?	deel19:p108
W:W16,33,36,39,43,44,45,48:B3,4,7,8,9,10,12,13,15,17,18,25,28	33x2	!	deel19:p108
B:W16,24,28,32,33,34,36,38,39,42,43,44,45,48:B3,4,7,8,9,10,12,13,14,15,17,18,25,26	14-20	?	deel19:p108
B:W16,24,28,32,33,34,36,38,39,42,43,44,45,48:B3,4,7,8,9,10,12,13,14,15,17,18,25,26	7-11	!	deel19:p108
B:WK6,16,36,39,43,44,45,48:B3,4,9,10,12,15,17,18,19,25	18-23	!	deel19:p110
W:W6,33,34,36,39,43,44:B3,4,15,19,22,23,25,30	34-29	!	deel19:p111
W:W21,25,28,33,35,36,38,39,41,42,43,45,50:B2,3,4,5,6,9,11,12,14,15,18,19,24	36-31	?	deel19:p111
B:W21,25,28,31,32,33,35,38,39,42,43,44,45:B3,5,6,7,9,11,12,13,14,15,18,19,24	11-17	?	deel19:p111
W:W17,21,25,26,27,35,38,39,40,42,45:B6,8,9,10,12,13,14,15,16,19,29	27-22	!	deel19:p112
W:W21,22,25,26,27,28,32,35,40,42,45:B3,6,9,13,14,15,16,19,20,23,24	40-34	?	deel19:p114
W:W21,22,25,26,27,35,38,39,42,44,45:B3,5,6,9,12,13,14,15,16,19,24	22-17	!	deel19:p114
B:W21,22,25,26,27,28,32,34,35,42,45:B3,6,9,13,14,15,16,19,20,23,24	13-18	!	deel19:p114
B:W21,22,25,26,27,28,32,35,38,40,45:B3,6,9,13,14,15,16,19,20,23,24	23-29	?	deel19:p115
B:W17,22,25,26,27,30,35,40,43:B6,7,9,14,16,19,20,23,24	23-29	!	deel19:p115
B:W13,31,34,37,39,40,41,42,44,45,47,48,49:B1,2,3,4,6,8,9,15,16,22,25,28	9x18	?	deel19:p124
W:W29,31,36,37,38,39,40,44,45,47,48,49:B1,2,3,4,8,15,16,18,21,22,25,28	38-32	?	deel19:p124
W:W29,31,36,37,38,39,40,44,45,47,48,49:B1,2,3,4,6,8,15,18,22,27,28,30	48-43	?	deel19:p125
B:W29,31,35,36,37,38,39,44,45,47,48,49:B1,2,3,4,6,8,15,18,22,27,28,30	2-7	!	deel19:p125
W:W29,31,36,37,38,39,40,44,45,47,48,49:B1,2,3,4,6,8,15,18,22,27,28,30	40-34	?	deel19:p125
W:W29,31,36,37,39,40,44,45,47,48,49:B1,2,3,4,6,8,15,18,22,28,30,38	40-35	?	deel19:p125
W:W23,24,29,34,37,41,43,44,47:B12,13,14,15,16,17,20,22,36	44-39	?	deel19:p125
B:W23,24,29,34,37,39,41,43,47:B12,13,14,15,16,17,20,22,36	22-28	!	deel19:p125
B:W23,24,32,34,37,39,41,43,47:B12,13,14,15,16,17,25,36	12-18	!	deel19:p125
B:W19,23,29,34,35,38,41,47:B4,17,18,20,21,26,31,36	4-10	?	deel19:p125
W:W27,28,32,33,35,36,37,38,42,45:B2,7,8,12,13,14,16,17,18,26	33-29	!	deel19:p126
W:W25,27,28,29,32,36,37,38,39,42,44,45:B2,7,8,12,14,15,16,17,18,19,20,26	27-21	!	deel19:p126
B:W24,28,32,33,36,37,38,39,40,44:B2,8,9,11,13,14,15,21,26,27	14-20	?	deel19:p127
B:W23,24,28,29,35,36,37,38:B8,9,12,15,18,25,26,27	18-22	?	deel19:p127
B:W26,29,31,32,33,35,36,38,39,43,45:B6,8,10,11,12,14,15,16,17,19,25	14-20	?	deel19:p128
B:W26,29,31,32,33,35,36,38,39,43,45:B6,8,10,11,12,14,15,16,17,19,25	12-18	?	deel19:p128
B:W26,29,31,32,33,35,36,38,39,43,45:B6,8,10,11,12,14,15,16,17,19,25	16-21	?	deel19:p128
B:W17,29,31,32,33,35,36,38,39,43,45:B6,8,10,11,12,14,15,16,19,25	11x22	?	deel19:p128
W:W27,30,32,33,34,35,37,38,41,42,47,48,49,50:B3,6,8,9,11,12,13,15,16,18,19,20,21,24	30-25	?	deel19:p128
W:W23,25,31,35,42,44,45,48:B3,4,9,10,11,14,24,37	31-26	!	deel19:p138
W:W23,25,26,35,44,45,48:B3,4,9,10,11,14,24,32	26-21	!	deel19:p138
B:W21,23,25,35,44,45,48:B3,4,9,10,11,14,24,32	9-13	?	deel19:p138
W:W25,27,28,32,33,35,36,37,38,40,42,48,50:B3,6,9,13,14,16,17,18,19,21,23,24,26	27-22	?	deel19:p138
W:W25,26,27,32,33,36,37,38,40,41,42,43,44,45,48,49:B3,4,6,7,8,9,11,12,13,14,16,17,18,19,23,24	43-39	?	deel19:p140
B:W26,27,31,32,33,35,36,37,38,39,42,43,44,45,48:B3,6,7,8,11,12,13,15,16,17,18,19,23,24,25	3-9	?	deel19:p140
B:W26,27,31,32,33,35,36,37,38,39,42,43,44,45,48:B3,6,7,8,11,12,13,15,16,17,18,19,23,24,25	24-30	?	deel19:p140
B:W26,27,31,32,33,35,36,37,38,39,42,43,44,45,48:B3,6,7,8,11,12,13,15,16,17,18,19,23,24,25	25-30	?	deel19:p140
W:W26,27,31,32,33,35,36,37,38,39,42,43,44,45,48:B3,6,7,8,11,12,13,15,16,17,18,19,23,24,30	44-40	?	deel19:p140
B:W26,27,29,31,32,35,36,37,38,39,42,43,44,45,48:B3,6,7,8,11,12,13,15,16,17,18,19,23,24,30	24x33	?	deel19:p140
W:W21,26,31,36,37,38,39,40,42,43,44,45,48:B3,6,7,8,12,13,15,18,19,22,24,25,28	38-33	?	deel19:p140
W:W25,30,33,35,39,41,43:B3,9,19,21,22,24,28	39-34	!	deel19:p140
B:WK4,26,35,36,41,42,48,50:B2,3,6,7,11,12,15,17,20,33,45	33-39	!	deel19:p140
W:W26,27,29,30,31,34,35,36,39,40,41,42,46,48,50:B2,3,6,7,11,12,13,15,16,17,18,19,20,22,23	30-25	?	deel19:p141
B:W25,27,28,30,32,33,35,37,40,42,43,45,46,47,48:B2,3,8,9,13,14,15,16,17,18,19,21,23,24,26	24-29	!	deel19:p141
B:W27,28,32,33,34,35,36,37,38,39,43,45:B3,8,11,13,15,16,18,19,23,24,25,26	15-20	!	deel19:p142
B:W22,27,32,33,35,36,37,38,39,43,45,48:B3,8,11,13,15,16,18,19,20,23,24,26	24-30	!	deel19:p143
B:W22,27,28,32,34,35,36,37,38,42,43,45:B3,8,11,13,16,18,19,20,23,24,25,26	11-17	?	deel19:p143
W:W27,28,32,33,34,35,36,38,45:BK48,3,11,12,13,18,19,20,23,24,25	33-29	!	deel19:p144
B:W15,27,32,38,45:B3,11,12,13,18,19,23,25	12-17	!	deel19:p144
W:W15,27,32,38,45:B3,11,13,17,18,19,23,25	15-10	?	deel19:p144
B:W27,28,30,32,33,37,45:B13,14,16,17,18,19,21,23,40	17-22	!	deel19:p145
B:W25,27,35,36,37,39,40,41,44,45,46,47,48,49:B1,2,3,5,7,8,9,10,11,13,14,15,16,28,33	16-21	!	deel19:p154
W:W29,30,36,37,39,41,43,45,46,47,49:B2,3,5,7,8,9,11,12,18,19,28	43-38	?	deel19:p154
B:W24,30,31,34,35,36,37,38,43,46,47:B3,5,8,9,12,13,16,18,21,23,28	18-22	?	deel19:p154
B:W24,29,31,34,36,37,38,39,46:B5,13,16,17,18,22,23,27,28	5-10	?	deel19:p154
W:W24,29,31,34,36,37,38,39,46:B10,13,16,17,18,22,23,27,28	39-33	!	deel19:p154
W:W20,26,33,34,39,41,47:B4,17,18,22,27,28,32	34-29	!	deel19:p154
B:W25,29,32,33,34,36,37,38,42,43,44,48:B3,6,7,8,9,13,14,15,18,22,26,35	7-12	?	deel19:p155
B:W25,29,32,33,34,36,37,38,42,43,44,48:B3,6,7,8,9,13,14,15,18,22,26,35	14-19	?	deel19:p155
W:W25,29,32,33,34,36,37,38,42,43,44,48:B3,6,7,8,9,13,15,18,19,22,26,35	29-24	!	deel19:p155
B:W25,31,33,37,42,43,48:B3,6,24,26,35	35-40	?	deel19:p155
B:W25,29,32,33,34,36,37,38,42,43,44,48:B3,6,7,8,9,13,14,15,18,22,26,35	13-19	?	deel19:p155
B:W25,32,33,34,36,38,39,42,43,44:B3,6,7,9,13,14,15,17,23,35	7-12	?	deel19:p155
W:W27,28,31,32,33,34,37,39,44:B6,7,12,14,17,19,20,23,35	33-29	?	deel19:p155
B:W27,28,30,32,33,34,35,36,37,38,39,42,48:B5,6,8,12,13,14,16,18,19,21,23,24,26	12-17	?	deel19:p156
W:W27,28,30,32,33,34,35,36,37,38,39,42,48:B5,6,8,13,14,16,17,18,19,21,23,24,26	37-31	!	deel19:p156
B:W27,28,30,31,32,33,34,35,36,38,39,48:B5,6,8,13,14,16,17,18,19,21,23,24	21-26	?	deel19:p156
B:W25,27,28,30,32,33,34,35,36,37,38,42,48:B8,11,12,13,14,15,16,18,19,21,23,24,26	12-17	?	deel19:p156
W:W25,27,28,30,32,33,34,35,36,37,38,42,48:B8,11,13,14,15,16,17,18,19,21,23,24,26	37-31	!	deel19:p156
W:W22,25,27,28,30,32,33,35,36,37,38,42:B11,13,14,16,18,19,20,21,23,24,26,29	22-17	!	deel19:p157
B:W16,22,25,27,32,33,37,38,45:B7,14,18,19,24,26,29,34	19-23	!	deel19:p157
B:W18,22,25,27,28,32,33,36,37,38,42:B11,13,14,15,16,17,19,21,26,40	40-45	?	deel19:p157
B:W23,24,25,30,31,33,38:B8,9,14,15,17,21,22	21-26	?	deel19:p165
B:W23,24,25,26,30,33,38:B9,12,14,15,17,21,22	21-27	?	deel19:p165
W:W24,25,27,28,30,31,32,43:B3,12,13,14,15,16,18,21	28-22	!	deel19:p166
B:W17,23,24,25,27,30:B8,13,14,15,16,41	41-46	?	deel19:p167
W:W8,10,27,32:B16,26,39	10-4	!	deel19:p169
B:W26,28,29,32,33,34,37,38,39,42,44,49:B3,4,7,8,12,13,16,17,20,21,24,27	27-31	?	deel19:p173
B:W26,28,29,32,33,34,37,38,39,42,44,49:B3,4,7,8,12,13,16,17,20,21,24,27	20-25	!	deel19:p173
B:W15,26,32,37,38,39,42,43,44,49:B3,4,7,8,12,13,16,17,21,22	22-27	!	deel19:p173
B:W23,26,28,29,32,33,37,38,39,42,43,44:B4,7,8,9,12,13,16,17,21,25,27,30	9-14	?	deel19:p174
W:W23,26,28,29,32,33,37,38,39,42,43,44:B4,7,8,12,13,14,16,17,21,25,27,30	29-24	!	deel19:p174
B:W23,26,28,29,32,33,37,38,39,42,43,44:B4,7,8,9,12,13,16,17,21,25,27,30	13-18	?!	deel19:p174
W:W23,26,29,32,33,37,38,39,42,43,44,49:B3,4,7,8,12,13,16,17,20,21,24,27	39-34	?	deel19:p175
B:W23,26,29,32,33,34,37,38,42,43,44,49:B3,4,7,8,12,13,16,17,20,21,24,27	13-19	!	deel19:p175
B:W25,26,29,32,33,34,37,38,42,43,44,49:B3,4,7,8,12,16,17,21,24,27	17-22	!	deel19:p175
W:W23,26,29,32,33,37,38,39,42,43,44,49:B3,4,7,8,12,13,16,17,20,21,24,27	23-19	?	deel19:p175
B:W23,26,29,32,33,37,38,39,42,43,44,49:B3,4,7,8,12,13,16,17,20,21,24,27	27-31	?	deel19:p175
W:W23,26,28,32,33,35,37,38,42,43,49:B3,4,7,12,13,16,17,21,24,25,27	43-39	!	deel19:p175
B:W23,26,28,32,33,37,38,39,40,42,43,49:B3,4,7,8,12,13,16,17,20,21,24,27	27-31	?	deel19:p175
B:W23,25,26,28,32,34,37,38,39,40,42,43,49:B3,4,7,8,9,12,13,14,16,17,21,27,30	13-19	?	deel19:p176
W:W23,25,26,28,32,34,37,38,39,40,42,43,49:B3,4,7,8,9,12,14,16,17,19,21,27,30	23-18	!	deel19:p176
B:W23,25,26,28,32,34,37,38,39,40,42,43,49:B3,4,7,8,9,12,13,14,16,17,21,27,30	4-10	?	deel19:p176
W:W25,26,33,34,38,40,43,49:B3,4,7,8,17,22,36	38-32	!	deel19:p177
B:W20,25,26,33,37,38,39,40,42,43,49:B3,4,7,8,9,12,14,17,22,27,28	12-18	?	deel19:p177
W:W20,25,26,33,37,38,39,40,42,43,49:B3,4,7,8,9,14,17,18,22,27,28	37-32	!	deel19:p177
W:W20,25,26,33,38,39,40,43,49:BK48,3,4,7,8,9,14,17,18,22,27	38-32	!	deel19:p177
W:W20,25,26,39,40,43,49:BK48,3,4,7,8,9,14,17,18,22,29	39-34	!	deel19:p177
W:W20,25,26,40,49:BK30,3,4,7,8,9,14,17,18,22,29	25x1	!	deel19:p177
W:W24,26,29,34,37,38,39,42,43:B10,13,17,18,22,23,25,27,28	39-33	!	deel19:p177
W:W24,29,34,37,38,39:B10,17,18,23,25,28,36	24-19	!	deel19:p178
W:WK15,27,39:BK28,5,26,36	15-42	!	deel19:p179
W:WK15,27,39:BK28,5,26,36	15-24	?	deel19:p179
W:WK18,27:BK44,5,26,36	18-23	!	deel19:p180
B:WK4,22,39:BK14,5,26,36	36-41	?	deel19:p180
B:WK4,27,34:BK28,5,26,36	28-50	?	deel19:p181
W:WK4,27,34:BK50,5,26,36	34-29	!	deel19:p181
W:WK9,14,27:BK15,K25,5,26	27-21	!	deel19:p181
B:WK4,27,34:BK28,5,26,36	28-17	?	deel19:p181
W:WK4,27,34:BK17,5,26,36	34-29	!	deel19:p181
W:W26,28,29,32,33,34,37,38,43,44,48,49:B2,3,7,10,12,13,16,17,20,21,22,24	29-23	?	deel19:p185
B:W23,26,28,32,33,37,38,40,43,48,49:B2,3,7,10,12,16,17,20,21,22,24	10-15	?	deel19:p186
W:W23,26,28,32,33,37,38,40,43,48,49:B2,3,7,12,15,16,17,20,21,22,24	23-18	!	deel19:p186
B:W26,28,32,33,34,37,38,40,42:B7,8,12,16,17,21,22,24,25,29	8-13	?	deel19:p186
B:W26,28,32,33,34,37,38,40,42:B7,8,12,16,17,21,22,24,25,29	22-27	!	deel19:p186
W:W22,23,24,28,32,42:BK46,11,13,14,21	42-37	?	deel19:p187
W:W23,26,28,33,38,39,40,42,44:B7,9,12,13,17,22,24,25,27	39-34	?	deel19:p187
W:W24,25,28,29,36,37,38,41:B3,12,13,14,17,18,26,27	38-33	?	deel19:p189
B:W24,25,28,29,33,36,37,41:B3,12,13,14,17,18,26,27	27-32	!	deel19:p189
W:W24,25,28,29,36,37,38,41:B3,12,13,14,17,18,26,27	37-32	?	deel19:p189
B:W20,25,28,29,36,37,38,41:B3,12,13,14,17,18,26,27	18-22	?	deel19:p189
B:W21,34,36,41:B12,14,17,26,42	12-18	!	deel19:p189
W:W28,29,33,36,37,41:B17,18,19,22,26,27	29-23	!	deel19:p189
W:W28,29,36,37,38,41:B12,17,19,22,26,27	29-23	?	deel19:p189
W:W23,24,29,36,37,38,41:B3,12,13,18,22,25,26,27	36-31	!!	deel19:p190
B:W25,29,32,33,34,36,37,38,39,40,42,43,47,48,49:B3,5,8,9,13,14,15,16,17,18,20,21,23,26,27	20-24	?	deel19:p191
B:W25,29,32,33,34,36,37,38,39,40,42,43,47,48,49:B3,5,8,9,13,14,15,16,17,18,19,20,21,26,27	19-24	?	deel19:p191
W:W25,29,32,33,34,36,37,38,39,40,42,43,47,48,49:B3,5,8,9,13,14,15,16,17,18,20,21,24,26,27	29-23	!	deel19:p191
W:W23,25,32,33,36,37,38,39,40,42,43,47,48,49:B3,5,9,12,13,14,15,16,17,20,21,24,26,27	33-28	!	deel19:p191
W:W25,32,34,36,37,38,42,43,47,48,49:B3,8,9,10,14,15,16,17,18,20,21,26,27,35	37-31	!	deel19:p192
W:W25,34,36,38,42,43,47,48,49:B3,8,9,10,14,15,16,17,18,20,21,27,28,35	38-32	!	deel19:p192
B:WK1,25,34,36,43,47,48,49:B3,8,10,14,15,16,17,21,24,35	24-29	!	deel19:p193
W:WK44,25,36,43,47,48,49:B3,8,10,14,15,16,21,24,26	36-31	!	deel19:p193
W:WK44,25,43,47,48,49:B3,8,10,14,15,16,21,24,37	44-28	!	deel19:p193
W:WK5,43,47,48,49:B3,15,16,18,24,25,27	5-28	!	deel19:p193
W:WK28,43,47,48,49:B3,15,16,18,24,27,30	28-50	!	deel19:p193
W:WK50,39,47,48,49:B3,15,16,18,24,31,35	39-34	!	deel19:p193
W:WK50,34,47,48,49:B3,15,16,23,24,31,35	49-44	!	deel19:p193
W:WK50,34,44,47,48:B3,15,16,23,29,31,35	44-40	!	deel19:p193
W:WK50,34,47,48:B3,15,16,23,29,31,44	50x24	!	deel19:p193
W:WK24,34,47,48:B3,15,21,23,31	24-38	!	deel19:p193
W:WK11,34,47,48:B3,15,32,36	48-42	!	deel19:p193
W:WK11,34,42,47:B3,20,32,36	11-2	!	deel19:p193
B:W25,27,28,30,32,34,35,38,39,40,45,48:B2,3,7,9,12,13,14,15,17,19,23,24	23-29	!	deel19:p194
B:W23,25,27,28,30,32,35,38,39,40,45,48:B2,3,7,9,12,13,14,15,17,19,24	17-22	!	deel19:p194
B:W25,27,28,30,32,33,34,35,38,40,48,50:B2,3,7,9,12,13,14,15,17,19,23,24	23-29	!	deel19:p194
B:W23,25,27,28,30,32,33,35,38,40,48,50:B2,3,7,9,12,13,14,15,17,19,24	17-22	!	deel19:p194
B:W25,27,28,30,32,34,35,38,39,40,42,50:B2,3,7,9,12,13,14,15,17,19,23,24	23-29	!	deel19:p194
B:W23,25,27,28,30,32,35,38,39,40,42,50:B2,3,7,9,12,13,14,15,17,19,24	17-22	!	deel19:p194
W:W26,29,31,36,37,38,39,41,42,43,44,45,48:B2,3,7,8,11,12,15,17,18,19,22,25,27	37-32	?	deel19:p198
B:W26,29,31,32,36,38,39,41,42,43,44,45,48:B2,3,7,8,11,12,15,17,18,19,22,25,27	22-28	!	deel19:p198
W:W26,29,31,36,37,38,39,41,42,43,44,45,48:B2,3,7,8,11,12,15,17,18,19,22,25,27	39-33	?	deel19:p198
W:W26,29,31,36,37,38,39,42,43,44,45,46,48:B2,3,7,8,11,12,15,17,18,19,20,22,27	37-32	!	deel19:p198
W:W26,29,31,36,37,38,39,43,44,45,48:B7,8,9,12,15,17,18,19,20,22,27	29-24	!	deel19:p198
B:W26,29,31,36,37,38,39,43,44,45,48:B3,7,8,12,15,17,18,19,20,22,27	19-23	?	deel19:p198
W:W26,29,31,36,38,39,41,42,43,44,45,48:B2,3,7,8,12,15,17,18,19,22,25,27	39-33	!	deel19:p198
W:W26,29,31,33,36,38,42,43,44,45:B3,12,13,15,17,18,19,20,22,27	42-37	?	deel19:p198
W:W26,29,31,36,38,39,41,42,43,44,45,48:B2,3,7,12,13,15,17,18,19,22,25,27	39-33	!	deel19:p199
B:W26,29,31,33,36,37,38,43,45:B8,12,13,15,17,18,20,22,27	20-24	!	deel19:p199
W:W23,24,29,34,37,41,43,44,47:B12,13,14,15,16,17,20,22,36	23-19	!!	deel19:p202
W:W7,37,41,47:B13,15,16,17,22,36,38	7-2	!	deel19:p202
W:W25,27,28,30,33,35,37,40,41,45,47,48:B3,8,9,12,13,14,16,17,18,19,24,26	48-42	?	deel19:p203
B:W25,27,28,30,32,33,35,40,41,42,45,47:B3,8,9,12,13,14,16,17,18,19,24,26	26-31	!	deel19:p203
B:W28,35,36,37,40,41,45,47:B3,8,9,12,16,21,24,27	27-32	?	deel19:p203
W:W28,35,36,37,40,41,45,47:B3,8,9,12,16,21,24,32	36-31	!	deel19:p203
B:W21,26,31,32,35,36,37,39,42,43,44,45,48:B3,6,7,8,12,13,15,18,19,23,24,28,30	24-29	!	deel19:p207
B:W21,26,31,34,36,37,39,42,48:B3,6,7,8,12,13,15,19,23	19-24	!	deel19:p207
B:W21,26,31,34,36,37,39,42,48:B3,6,7,8,12,13,15,23,24	12-17	!	deel19:p207
B:W21,26,30,31,36,37,39,42,43:B3,6,7,8,12,13,15,23,29	29-33	!	deel19:p207
B:W21,26,31,34,36,37,39,42,43:B3,6,7,8,12,13,15,23,24	12-17	?	deel19:p207
B:W21,26,31,32,34,36,37,39,42,43,44,45,48:B3,6,7,8,12,13,15,18,19,23,24,28,30	23-29	!!	deel19:p208
B:W21,23,26,31,34,36,37,39,42,43,44,45,48:B3,6,8,11,12,13,18,24	18x47	!	deel19:p208
B:W21,26,31,32,34,36,37,39,42,43,44,45,48:B3,6,7,8,12,13,15,18,19,23,24,28,30	28-33	!	deel19:p208
B:W21,23,26,28,31,34,36,37,42,43,44,45,48:B3,6,8,11,12,15,18	18x47	!	deel19:p208
W:W21,26,27,34,36,38,40,42,43,44,45,48:B3,6,7,8,12,13,20,23,24,25,28,29	38-32	!	deel19:p208
B:W21,26,27,31,34,36,40,43,44,45,48:B3,6,7,8,12,13,20,23,24,25,29	24-30	?	deel19:p208
W:W21,26,27,31,34,36,40,43,44,45,48:B3,6,7,8,12,13,20,23,25,29,30	40-35	!	deel19:p208
W:W21,26,27,31,35,36,39,43,45,48:B3,6,7,8,18,19,20,23,24,25,40	45x34	?	deel19:p209
W:W25,28,30,32,33,35,36,38,42,44,45,48:B3,4,9,11,13,14,15,17,19,21,23,24	44-39	?	deel19:p213
W:W25,28,30,32,33,35,36,38,42,44,45,48:B3,4,9,11,13,14,15,17,19,21,23,24	44-40	?	deel19:p213
W:W25,28,30,32,33,35,36,38,42,44,45,48:B3,4,9,11,13,14,15,17,19,21,23,24	48-43	?	deel19:p213
W:W25,28,30,32,33,35,36,38,42,44,45,48:B3,4,9,11,13,14,15,17,19,21,23,24	45-40	?	deel19:p213
W:W25,28,30,32,33,35,36,38,42,44,45,48:B3,4,9,11,13,14,15,17,19,21,23,24	36-31	?	deel19:p213
W:W25,28,30,32,33,35,36,38,42,44,45,48:B3,4,9,11,13,14,15,17,19,21,23,24	42-37	?	deel19:p213
W:W25,28,30,32,35,36,38,39,42,44,45,48:B3,4,9,10,11,13,14,17,19,21,23,29	39-33	?	deel19:p213
B:W25,28,30,31,32,34,35,38,40,42,45,48:B3,4,9,10,11,14,17,18,19,21,23,29	18-22	?	deel19:p213
W:W25,28,30,31,32,34,35,38,40,42,45,48:B3,4,9,10,11,14,17,19,21,22,23,29	25-20	!	deel19:p213
W:W25,28,30,31,32,34,35,38,40,42,43,45:B3,4,9,10,11,14,17,19,21,22,23,29	25-20	!	deel19:p214
W:W28,30,31,32,34,35,38,40,42,43,45:B3,4,9,10,11,17,19,21,22,23,25,29	32-27	!	deel19:p214
W:W25,28,30,32,35,36,38,39,42,44,45,48:B3,4,9,10,11,13,14,17,19,21,23,24	39-33	?	deel19:p214
W:W25,28,30,32,35,36,38,39,42,44,45,48:B3,4,9,10,11,13,14,17,19,21,23,24	36-31	?	deel19:p214
B:W25,28,30,31,32,35,38,39,42,44,45,48:B3,4,9,10,11,13,14,17,19,21,23,24	21-27	!	deel19:p214
W:W23,25,26,35,44,45,48:B3,4,9,10,11,14,24,32	26-21	!!	deel19:p215
W:W21,25,35,44,45,48:B3,4,10,11,14,22,24,32	21-17	!	deel19:p215
B:W23,25,33,35,42,45,48:B3,4,9,10,11,14,24,26	11-17	?	deel19:p215
W:W18,28,35,42,45,48:B3,4,15,17,20,24,26	28-22	!	deel19:p217
B:W18,28,35,37,45,48:B4,8,15,17,20,24,26	8-13	?	deel19:p217
B:W9,25,30,33,35,41,42,45,47:B3,8,13,16,18,19,26,32	13x4	!	deel19:p234
B:W20,24,33,41,45,47:B3,4,8,26,27,32	26-31	!	deel19:p234
W:W25,30,33,35,41,42,45,47:B3,4,8,19,21,22,26,32	41-37	?	deel19:p234
W:W25,30,33,35,41,42,45,47:B3,4,8,19,21,22,26,32	33-29	?	deel19:p234
B:W25,29,30,35,41,42,45,47:B3,4,8,19,21,22,26,32	32-38	!	deel19:p234
B:W25,29,33,35,39,41,44:B3,9,14,21,22,24,28	21-26	!	deel19:p235
B:W25,27,31,32,33,34,36,38,39,40,42,43,45,46,47,48:B1,3,4,6,7,8,9,10,11,12,13,16,18,21,23,30	23-28	!	deel19:p235
W:W22,25,27,31,32,33,34,36,42,43,45,46,47,48,50:B1,3,4,6,7,8,9,10,11,13,16,17,18,21	34-30	!	deel19:p235
B:W23,24,29,33,34,37,38,39,40,41,43,44,48,49:B1,3,6,7,9,11,13,14,15,16,20,21,25,26	13-18	?	deel19:p242
B:W28,29,33,34,35,36,38,39,40,41,42,43,45,48:B3,7,8,9,10,11,12,13,15,16,17,18,20,26	18-22	?	deel19:p242
W:W22,24,25,29,35,37:B10,12,13,15,19,36	37-31	!	deel19:p242
W:W24,30,34,35,36,41,42,43,48:B6,9,13,18,22,23,25,26,27	34-29	?	deel19:p242
W:W24,32,36,39,41,42,48:B6,7,9,13,18,21,26	32-28	?	deel19:p242
B:W25,28,30,35,37,39,40,41,45:B3,5,9,12,13,14,15,16,19,26	16-21	?	deel19:p242
W:W24,25,27,32,42,48,49:B7,10,15,17,18,23,26	27-22	!	deel19:p243
B:W25,29,30,38,47:B10,13,15,22,36	22-28	?	deel19:p243
W:W24,25,28,29,33,37,47,49:B3,10,13,16,17,18,19,27	37-31	!	deel19:p243
B:W22,33,35,37,39,41,45,48,49:B3,4,9,14,16,19,24,26,32	16-21	!	deel19:p243
W:W24,36,37,38,39,40,41,43,44,47:B2,4,6,9,11,13,14,18,22,26	37-32	?	deel19:p244
B:W27,28,30,31,32,33,35,36,38,42,43,45,48,49:B2,3,4,6,7,8,9,10,11,13,16,17,19,20	17-21	?	deel19:p244
B:W23,24,25,33,35,36,37,43:B10,12,13,14,15,17,26,27	13-18	?	deel19:p244
B:W23,24,25,33,35,36,37,43:B10,12,13,14,15,17,26,27	17-22	?	deel19:p244
B:W23,24,25,33,35,36,37,43:B10,12,13,14,15,17,26,27	27-32	!	deel19:p244
B:W24,33,35,36,37,39,41,43,48:B3,4,8,15,18,22,26,27,28	28-32	?	deel19:p244
W:W25,31,32,35,36,37,38,39,40,42,43,45,47,48,49,50:B2,3,4,6,7,8,10,11,12,13,14,15,16,18,22,23	35-30	?	deel19:p244
W:W22,25,32,33,34,35,36,37,39,41,43,44,46,48,49:B2,3,4,6,8,9,10,13,16,18,19,21,23,24,26	32-27	!	deel19:p245
W:W24,32,33,39,40,41,42,44,47,48,49:B1,2,3,4,6,13,18,21,22,25,26	32-28	?	deel19:p245
W:W24,25,30,33,36,37,38,39,40,41,42,43,47,48:B2,3,4,8,12,13,14,16,18,21,22,26,27,28	33-29	?	deel19:p245
W:W24,25,30,33,36,37,38,39,40,41,42,43,47,48:B2,3,4,8,12,13,14,16,18,21,22,26,27,28	39-34	?	deel19:p245
B:W19,23,25,33,35,37,38,40,43,44,46,48,49:B2,3,4,6,9,10,12,14,17,21,26,27	12-18	?	deel19:p245
W:W24,25,29,30,33,35,36,39,40,42,43,47,48,49:B3,4,6,8,9,10,13,14,16,18,21,22,27,28	42-37	?	deel19:p245
B:W27,29,32,34,35,37,39,40,41,42,43,45,48,49:B2,3,7,8,9,10,11,12,15,16,19,20,21,25	21-26	?	deel19:p245
W:W27,29,32,34,35,37,39,40,41,42,43,45,48,49:B2,3,7,8,9,10,11,12,15,16,19,20,25,26	37-31	!	deel19:p245
B:W25,28,33,35,36,38,39,41,44,45:B3,6,9,14,15,18,19,24,26,27	24-29	!	deel19:p246
W:W19,23,24,33,35,37,42,47:B2,8,10,14,21,26,27,36	42-38	?!	deel19:p246
B:W19,23,24,32,33,35,38,47:B2,8,10,14,21,26,31,36	31-37	?	deel19:p246
B:W25,29,31,33,35,36,38,42,43,45,46,48,49:B3,4,5,7,9,11,12,15,17,18,19,22,27	5-10	?	deel19:p252
W:W25,29,31,33,35,36,38,42,43,45,46,48,49:B3,4,7,9,10,11,12,15,17,18,19,22,27	29-24	!	deel19:p252
B:W25,26,30,33,34,35,38,42,48:B3,9,10,13,17,18,22,23,27	23-28	?	deel19:p252
W:W24,26,28,30,33,34,35,38,39,43,44,47:B2,8,10,12,13,14,15,17,18,19,22,27	30-25	?	deel19:p252
B:W20,25,29,33,37,38,41,42,47:B4,12,13,14,16,18,22,26,27	4-10	?	deel19:p252
W:W25,29,33,37,38,41,42,47:B4,10,12,16,18,22,26,27	38-32	!	deel19:p252
B:W29,30,32,33,34,35,36,37,38,39,41,48:B3,8,12,13,14,15,16,18,19,21,23,26	21-27	!	deel19:p252
B:W24,25,29,33,35,36,37,38,41,48:B4,9,11,13,14,16,18,22,26,27	13-19	!	deel19:p253
B:W13,25,29,33,35,41,47,48:B4,9,11,14,16,18,26	16-21	!	deel19:p253
W:W23,30,33,34,36,37,39,41,44,47:B2,4,13,14,15,16,21,25,26,27	30-24	?	deel19:p253
W:W25,28,29,33,35,36,37,38,42,45,47,48,49:B7,10,11,12,13,14,15,16,17,20,21,22,24	28-23	?	deel19:p253
W:W27,28,31,32,35,36,38,39,40,44,45,47,48,49:B3,6,8,9,10,11,12,13,14,15,16,19,21,29	39-33	?	deel19:p253
B:WK5,40,44,45,48,49:B3,6,8,9,11,12,13,15,23,37	37-42	!	deel19:p253
B:W27,32,33,37,38,39,40,41,42,43,45,47,48,49:B2,3,6,8,9,10,11,12,13,15,16,17,18,23	13-19	?	deel19:p254
B:W25,27,29,30,31,35,36,37,38,43,45,47,48,49:B3,4,6,7,8,9,10,13,14,16,18,20,22,28	28-33	?	deel19:p254
B:W15,20,21,25,30,33,36:B4,13,19,23,42	42-47	?	deel19:p254
W:W27,30,32,33,35,37,38,42,43,44,45,46,48:B2,3,4,7,10,12,16,18,19,20,21,23,24	30-25	?	deel19:p254
B:W25,27,32,33,35,37,38,42,43,44,45,46,48:B2,3,4,7,10,12,16,18,19,20,21,23,24	24-30	!	deel19:p254
W:W25,26,28,29,32,33,35,37,38,39,40,42,47,48,49:B3,6,9,10,12,13,14,15,16,17,19,20,21,24,31	28-23	?	deel19:p256
B:W25,31,32,34,35,37,38,39,41,42,43,45,48:B6,8,9,13,14,15,16,17,19,20,21,22,26	6-11	?	deel19:p256
W:W25,26,30,31,32,35,36,38,43:B3,6,10,11,12,14,16,23,29	43-39	?	deel19:p256
W:W25,30,31,32,33,35,36,37,38,40,43,45,47,48:B3,4,6,7,8,9,10,11,12,13,14,16,18,22	32-27	?	deel19:p256
W:W30,31,33,34,35,36,38,43,45,47,48:B3,4,6,7,8,9,11,18,21,41	48-42	?	deel19:p256
B:W9,22,30,33,47:BK46,15	46-14	!	deel19:p256
W:W19,24,25,29,32,34,37,38,42,43,47,48:B3,6,8,9,10,15,16,17,18,21,22	34-30	!	deel19:p262
B:W24,25,28,30,34,36,38,39,41,42:B3,5,14,15,16,18,21,26,27	15-20	!	deel19:p262
B:W24,25,30,34,36,37,38,39,41,42:B3,5,14,15,16,18,21,26,27,28	18-22	!	deel19:p262
B:W24,25,29,30,36,37,38,39,41,42:B3,5,14,15,16,21,22,26,27,28	3-9	!	deel19:p262
W:W24,25,29,30,36,37,38,41,42:B5,9,14,15,16,21,22,26,27,39	38-32	!	deel19:p262
W:W23,27,28,29,31,32,33,34,35,38,40,46,48:B3,6,8,9,10,11,12,15,16,18,20,21,24	46-41	?	deel19:p262
W:W25,26,35,36,38,39,40,43,45,46,48,49:B2,3,4,6,8,10,11,13,14,17,18,27	38-32	?	deel19:p262
W:W31,32,37,38,41,42,45,48:B3,5,6,9,16,17,22,23,26	32-27	?	deel19:p262
W:W19,24,26,35,36,38,42,43,45,48,49,50:B1,2,3,6,8,9,10,15,18,22,27	50-44	?	deel19:p263
B:W19,24,26,35,36,38,42,43,44,45,48,49:B1,2,3,6,8,9,10,15,18,22,27	6-11	!	deel19:p263
W:W25,28,29,33,34,36,37,38,39,40,43:B2,3,4,9,10,12,13,14,16,18,26	38-32	?	deel19:p263
B:W25,28,29,32,33,34,36,37,39,40,43:B2,3,4,9,10,12,13,14,16,18,26	14-20	!	deel19:p263
W:W28,29,33,34,36,37,39,40:BK49,2,3,4,9,26	29-23	!	deel19:p263
W:W24,25,29,32,38,47:B4,14,18,21,26,31	38-33	?	deel19:p263
W:W15,29,33,34,35,36,37,38,39,40,41,45,48:B4,7,8,9,10,12,13,16,21,22,25,26,27	34-30	?	deel19:p264
B:W15,17,29,33,35,36,40,41,45,48:B4,7,8,9,10,12,13,16,21,26,27	13-18	!	deel19:p264
W:W16,22,25,30,31,32,33,34,35,37,38,40,41,49:B6,7,8,9,10,11,13,14,15,17,19,24,26	33-28	?	deel19:p264
W:W16,22,25,30,31,32,33,34,35,37,38,40,41,49:B6,7,8,9,10,11,13,14,15,17,19,24,26	34-29	!	deel19:p264
B:W22,28,33,35,36,41,43,44,45,48:B6,8,11,12,15,16,19,24,25,26,34	8-13	?	deel19:p264
B:W24,29,32,33,34,36,37,38,39,40,41,43,44,45,47,49:B1,2,5,6,8,9,10,13,15,16,17,18,20,23,25,26	17-22	?	deel19:p264
W:W24,29,32,33,34,36,37,38,39,40,41,43,44,45,47,49:B1,2,5,6,8,9,10,13,15,16,18,20,22,23,25,26	24-19	!	deel19:p264
W:W29,32,33,34,36,37,38,39,40,41,43,44,45,47,49:B1,2,5,6,8,9,10,15,16,18,20,22,23,24,25,26	32-27	!	deel19:p264
W:W29,33,34,36,38,39,40,41,43,44,45,47,49:B1,2,5,6,8,9,10,15,16,18,20,23,24,25,26,42	36-31	!	deel19:p264
W:W28,31,32,33,35,38,40,42,45,47,48:B6,7,8,10,13,14,19,21,23,24,25	33-29	!	deel19:p264
W:W28,31,32,33,35,38,40,42,45,47,48:B6,7,8,10,13,14,19,21,23,24,25	47-41	?	deel19:p264
W:W28,29,31,33,34,35,36,38,39,40,41,42,43,48,49,50:B2,3,4,5,6,8,9,11,13,15,16,17,18,20,22,24	28-23	?	deel19:p264
B:W27,28,30,31,32,35,36,38,43,44,45,46,47,48:B2,3,4,6,8,10,11,12,13,14,16,18,19,21	14-20	?	deel19:p265
B:WK5,35,36,38,43,44,45,46,47,48:B2,3,4,6,8,11,12,13,16,18,26,32	26-31	!	deel19:p265
B:W24,25,29,34,36,38,39,46,48:B8,10,12,13,15,17,18,26,28	17-22	?	deel19:p265
B:WK5,36,46,48:B8,12,13,15,22,26,37	12-17	?	deel19:p265
B:WK5,36,46,48:B8,12,13,15,22,26,37	37-42	!	deel19:p265
B:WK5,36,37,46:B8,12,13,15,22,26	12-17	!	deel19:p265
B:W24,25,29,30,33,36,37,38,39,41,47,49:B3,4,6,9,11,14,15,16,18,22,26,28	9-13	!	deel19:p265
B:W24,25,27,29,32,33,34,37,39,40,42,44,45,47,48:B2,3,4,7,8,9,10,12,13,14,15,16,18,23,26	14-19	?	deel19:p265
W:W24,25,27,29,32,33,34,37,39,40,42,44,45,47,48:B2,3,4,7,8,9,10,12,13,15,16,18,19,23,26	27-22	!	deel19:p265
B:WK1,37,40,42,44,45,47,48:B2,3,4,8,9,13,15,16,26,43	8-12	!	deel19:p266
W:WK1,37,40,42,44,45,47,48:B2,3,4,9,12,13,15,16,26,43	1x34	!	deel19:p266
W:W25,26,29,30,35,36,41,42:B10,12,14,18,22,23,27,28	42-38	?	deel19:p266
B:W25,26,35,36,38,39,41:B10,12,14,18,22,27,28	14-20	!	deel19:p266
B:WK5,26,35,36,38,39,41:B12,18,22,27,28	28-32	!	deel19:p266
B:W15,25,27,30,32,33,36,37,45,47,48:B2,3,4,8,9,10,16,17,18,23,26	17-21	?	deel19:p266
W:W15,25,30,36,37,45,47,48:B2,3,4,8,9,10,16,21,23,26,29	30-24	?	deel19:p266
B:WK46,15,36,45,47,48:B2,3,4,8,9,16,21,29	29-34	?	deel19:p266
B:WK5,40,48:B7,13,19,24,27	24-30	!	deel19:p273
W:WK2,40,48:B13,35	2x30	!	deel19:p273
W:W10:BK46	10-5	!	deel19:p274
W:W23,32,34,35,37,38,39,41,42,43,44,45:B1,6,8,9,10,13,20,24,25,26,28	37-31	!	deel19:p274
W:W20,25,30,35,36:BK47,3,8,15,16,19,21	20-14	!	deel19:p275
W:W28,29,33,35,37,38,41,43,45,48:B2,7,15,18,19,20,24,25,26,30	37-31	!	deel19:p276
W:W11,27:B2,6	11-7	!	deel19:p277
W:W25:BK46,10,20	25x5	!	deel19:p277
W:WK1,29,35,37,41,42:B9,10,15,16,21,25,26,36	1-7	!	deel20:p5
W:W25,27,29,37,43:B12,14,18,19,26,35	29-24	!	deel20:p5
B:W18,25:B14,19,24,35	24-30	!	deel20:p6
B:W29,34:B14,35	14-19	!	deel20:p6
W:W26,30,34,35,36,37,42,43,47:B1,4,7,9,13,17,19,23,27	30-24	!?	deel20:p6
B:WK2,26,35,36,47:BK37,1,4,9,13,23	37-46	!	deel20:p6
W:W24,25,29,33,34,35,37,38,42,47:B3,8,10,13,14,17,18,23,26,27	38-32	!	deel20:p7
W:W24,25,29,33,34,35,37,38,42,47:B3,8,9,10,14,17,18,23,26,27	24-19	?	deel20:p7
B:WK5,33,34,35,36,39,43,46,48:B4,6,14,16,17,18,19,22,23,25,28	25-30	!	deel20:p9
B:W28,32,33,34,35,38,39,40,41,43,45:B3,9,13,15,16,17,18,19,23,24,25	25-30	!	deel20:p10
B:W25,28,32,33,35,38,39,40,41,43,45:B3,9,13,15,16,17,18,19,23,24	18-22	!	deel20:p10
W:WK26,14,28:B41	26-37	!	deel20:p11
B:W24,28,29,31,32,33,38,39,47,48:B3,4,6,8,11,13,15,18,21,25	21-26	?	deel20:p11
B:W23,27,29,31,33,35,36,38,39,43,45,48,49:B1,3,5,8,9,11,12,13,15,17,18,20	20-24	?	deel20:p12
W:W26,27,32,34,37,38,39,43,45:B4,6,8,9,11,12,13,40	34-29	?	deel20:p13
B:W18,26,27,32,34,37,38,39,43:B4,6,8,9,11,13	13x44	!	deel20:p13
B:W26,27,30,32,37,38,39,43,45:B4,6,8,9,11,12,13,40	13-19	!	deel20:p13
W:W14,21,41,43:BK50,2,12,23	14-9	?	deel20:p14
B:W6,24,29,33,34,40,45:B5,13,15,20,25,27,36	36-41	?	deel20:p14
W:W6,24,29,33,34,40,45:B5,13,15,20,25,27,41	34-30	!	deel20:p14
B:W8,23,28,32,33,35,36,37,38,39,42,48:B1,3,7,13,14,15,16,19,21,25,26	3x12	?!	deel20:p15
W:W23,28,32,33,35,36,37,38,39,42,48:B1,7,12,13,14,15,16,19,21,25,26	28-22	?	deel20:p15
W:W14,16,27,28,36:BK50,1,3,8,18	14-10	?	deel20:p16
B:W10,16,27:B1,3,8,18	18-22	!	deel20:p16
B:W9,10,16:B1,3	3x5	!	deel20:p16
B:W16,21,24,26,31,34,35:B7,9,12,14,18,33	18-22	?	deel20:p17
W:W16,21,24,26,31,34,35:B7,9,12,14,22,33	31-27	!	deel20:p17
W:WK4,27,38:B16,19,21,26,37,40	4-13	!	deel20:p18
W:W27,32,33,34,35,37,38,43:B8,13,14,16,18,21,23,25	43-39	?	deel20:p21
W:W27,32,33,34,35,37,38,43:B8,13,14,16,18,21,23,25	33-29	?	deel20:p21
B:W27,31,32,33,34,35,38,43:B8,13,14,16,18,21,23,25	23-29	!	deel20:p21
B:W16,31,32,33,34,37,39,40,45,49:B7,14,15,18,20,22,23,25,28	22-27	!	deel20:p22
W:W30,33,35,36,39,41,43,45,47,48:B3,5,8,9,11,15,16,17,19,22	30-24	!	deel20:p34
B:W23,24,31,33,36,38,42,45,48:B3,12,13,14,15,16,17,21,27	27-32	?	deel20:p35
W:W30,32,33,35,37,38,39,41,43,45,47,48,49:B1,3,8,9,10,13,14,18,19,21,24,26,36	32-27	!?	deel20:p38
B:W27,30,33,35,37,39,41,43,45,47,48,49:B1,3,8,9,10,13,14,18,19,24,26,36	8-12	!	deel20:p38
B:W22,27,32,33,35,37,38,39,40,45,47:B8,11,13,14,15,18,19,23,24,26,36	8-12	?	deel20:p39
W:W22,27,32,33,35,37,38,39,40,45,47:B11,12,13,14,15,18,19,23,24,26,36	32-28	!	deel20:p39
W:W22,27,28,32,33,34,35,37,38,45,47:B11,12,13,14,18,19,23,24,25,26,36	47-42	?	deel20:p40
B:W22,26,27,28,32,33,34,35,38,40,42:B11,13,17,18,19,20,23,24,25,36	36-41	?	deel20:p40
B:W22,27,29,32,35,37,42,45,47:B8,11,13,14,15,18,19,26,36	19-23	?	deel20:p40
W:W22,27,29,32,35,37,42,45,47:B8,11,13,14,15,18,23,26,36	27-21	!	deel20:p40
B:W22,27,32,33,35,37,39,40,42,45,47:B8,9,11,13,15,18,19,23,24,26,36	36-41	!	deel20:p40
B:W22,27,32,34,35,37,39,42,45,47:B11,12,13,15,18,19,23,25,26,36	15-20	?	deel20:p41
W:W22,27,28,32,34,35,37,42,45,47:B12,13,16,18,19,23,24,25,26,36	22-17	!	deel20:p41
W:W26,27,33,34,35,39,45,47:B11,13,15,18,19,23,25,36,37	33-28	!	deel20:p41
B:W27,32,33,35,47:B13,17,23,24,25,36	23-29	!	deel20:p41
B:W26,27,35,38,47:B17,18,19,24,25,36	24-29	?	deel20:p42
W:W26,27,35,38,47:B17,18,19,25,29,36	35-30	!	deel20:p42
B:W14,26,35:BK33,24,30	24-29	!	deel20:p42
W:W25,27,28,31,32,33,35,36,37,38,39,40,42,43,45,48:B3,6,8,9,11,12,13,14,15,16,18,19,20,23,24,26	27-22	!	deel20:p45
B:W22,25,26,30,32,35,36,38,39,40,42,44,45,48:B3,6,7,9,11,12,13,14,15,16,19,20,24,29	12-18	?	deel20:p45
W:W22,25,26,30,32,35,36,38,39,40,42,44,45,48:B6,7,8,9,11,12,13,14,15,16,19,20,24,29	32-28	!	deel20:p45
W:W22,25,26,28,30,35,36,39,40,42,43,44,45:B6,7,8,9,11,13,14,15,16,18,19,20,33	40-34	!	deel20:p45
B:W25,26,27,30,32,35,36,38,39,40,42,44:B1,3,7,9,11,12,13,14,15,16,18,19,20,24,29	18-22	?!	deel20:p46
B:W25,27,28,32,35,38,40,41,42,43,48:B4,8,13,14,16,17,18,19,21,23,24	8-12	?	deel20:p48
B:W26,29,30,31,34,36,38,39,42,43,46,47,49:B4,6,7,8,11,12,13,14,18,20,22,23,27	13-19	?	deel20:p49
W:W29,30,34,35,37,43,47:B2,6,13,14,18,25,28	43-38	!	deel20:p50
W:W27,28,32,33,35,37,39,40,41,42,45,47,48:B1,3,6,11,13,15,17,18,19,20,23,24,26	41-36	?	deel20:p53
B:W27,28,31,32,33,35,36,38,39,40,45,48:B6,8,11,12,13,15,17,18,19,23,24,25	15-20	?	deel20:p54
B:W27,28,31,32,33,34,35,36,38,39,43,45:B6,8,12,13,15,16,17,18,19,23,24,25	17-21	!	deel20:p54
B:W22,26,27,28,32,34,35,38,39,40,43:B6,11,13,16,17,18,19,20,23,24,25	24-29	?	deel20:p56
W:W22,26,27,28,32,34,35,38,39,40,43:B6,11,13,16,17,18,19,20,23,25,29	26-21	!	deel20:p56
B:W22,26,27,32,33,34,35,38,40,43:B6,12,13,16,18,19,20,23,24,25	12-17	?	deel20:p56
W:W26,27,32,33,34,35,40,43:B7,16,18,19,20,23,24,25	43-39	!	deel20:p57
B:WK6,33,34,35,38,40,43:B12,16,18,19,20,24,25,27	27-32	!	deel20:p57
W:W22,26,27,32,33,34,35,38,40,43:B6,12,13,16,18,19,20,23,24,25	26-21	?	deel20:p57
B:W21,22,27,32,33,34,35,38,40,43:B6,12,13,16,18,19,20,23,24,25	12-17	!	deel20:p57
W:W25,27,28,31,32,33,35,36,37,38,39,41,42,43,45,50:B2,3,4,5,6,9,11,12,13,14,15,16,18,19,23,24	27-21	?!	deel20:p61
W:W21,25,26,28,32,33,35,38,39,42,43,44,45:B3,5,6,7,9,12,13,14,15,17,19,23,24	32-27	!	deel20:p62
W:W21,22,25,26,27,35,39,42,43,44,45:B3,5,6,9,12,13,14,15,16,19,24	43-38	!	deel20:p62
W:W21,22,25,26,27,28,32,35,38,40,45:B3,6,9,13,14,15,16,19,20,24,29	38-33	!	deel20:p62
W:W21,22,25,26,27,28,35,40,43,45:B3,6,9,13,14,15,16,19,20,29	35-30	!	deel20:p63
W:W17,22,25,27,30,32,35,38,40:B6,8,14,16,19,20,23,24,29	38-33	!	deel20:p63
W:W17,22,25,27,30,35,40,43:B6,13,14,16,19,20,23,24	17-12	?	deel20:p63
W:W17,22,25,27,30,35,40,43:B6,13,14,16,19,20,23,24	43-38	!	deel20:p63
B:W29,30,31,34,35,36,37,38,39,46:B5,13,14,16,17,18,22,23,27,28	27-32	!!	deel20:p65
B:W24,28,33,36,38,39,43,45,46,47,48:B3,5,8,9,11,13,15,16,17,18,22	5-10	?	deel20:p66
B:W29,30,31,34,35,36,37,38,39,46:B5,13,14,16,17,18,22,23,27,28	27-32	!	deel20:p66
W:WK5,31,33,36,46:B13,16,22,44	5-28	!	deel20:p67
W:W24,29,31,33,34,36,37,39,46:B10,13,17,18,21,22,23,27,28	24-20	!	deel20:p67
W:WK5,26,31,36,39,46:B17,18,21,22,27,29,40	5-23	?	deel20:p67
B:WK23,26,31,36,39,46:B17,18,21,22,27,29,40	22-28	!	deel20:p67
B:W25,28,29,33,34,35,36,38,40,41,43,48,49:B3,4,6,8,10,11,12,14,15,16,18,19,21	19-23	?	deel20:p71
W:W25,29,33,34,35,36,38,40,41,43,48,49:B3,4,6,8,10,11,12,15,16,18,21,23	29-24	!	deel20:p71
W:W24,25,30,33,35,36,38,40,41,43,48,49:B3,4,6,8,10,11,12,15,16,18,23,27	33-28	?	deel20:p72
B:W15,25,29,32,34,35,36,41,48:B3,4,13,14,18,22,26,27,38	22-28	!	deel20:p79
W:W12,25,29,34,35,36,48:BK46,3,14,19,38	12-7	?	deel20:p79
W:W12,25,29,34,35,36,48:BK46,3,14,19,38	25-20	!	deel20:p79
W:W12,29,34,35,36,48:BK46,3,19,25,38	34-30	!	deel20:p79
W:W15,25,29,32,34,35,36,41,48:B3,4,14,18,19,22,26,27,38	32x43	?	deel20:p79
B:W17,22,25,27,32,35,36,37,38,39,40,42,45,48,49:B2,3,6,8,9,10,11,13,14,16,18,19,23,29	14-20	!	deel20:p79
B:W16,24,25,28,33,38,41,43,45,47,48:B1,6,7,8,10,12,14,15,17,18,36	18-23	?	deel20:p79
B:WK3,33,35,36,38,39,40,42,43,44,47,48,49,50:B1,2,4,5,6,7,8,10,11,12,13,15,17,18,22	22-28	!	deel20:p80
B:WK25,33,35,36,40,42,44,47,48,49,50:B1,2,4,5,6,7,8,10,12,13,15,16,32	32-38	!	deel20:p80
B:WK25,31,35,39,40,42,44,47,48,49,50:B1,2,4,5,6,7,8,10,12,13,15,16,32	32-37	!	deel20:p80
B:W27,28,29,32,33,35,36,37,38,39,43,48:BK49,3,6,9,11,13,16,18,24,26	3-8	?	deel20:p80
B:W24,25,27,31,32,34,40,45,49:B9,10,12,15,16,17,18,21	21-26	?	deel20:p81
B:W24,25,26,32,33,37,42,45:B9,10,14,15,16,17,44	44-49	?	deel20:p81
B:W15,25,27,32,33,37,39,40,41,43,45,47:B2,4,7,10,12,13,14,16,21,23,24,26	14-19	?	deel20:p81
B:WK4,25,42,45:B2,7,13,16,19,21,24	13-18	?	deel20:p81
B:WK4,25,42,45:B2,7,13,16,19,21,24	21-26	!	deel20:p81
B:W24,25,27,31,32,33,34,36,39,42,45,47,48,49:B2,3,6,8,9,10,12,13,16,17,18,21,23	23-29	?	deel20:p82
B:W24,27,29,30,32,34,37,38,42,48:B6,8,11,13,14,15,18,19,23,26	11-17	?	deel20:p82
W:W25,27,28,32,33,34,37,39,40,45,50:B3,4,10,12,13,15,16,19,21,24,26	34-29	?	deel20:p82
B:W25,27,28,29,32,33,37,39,40,45,50:B3,4,10,12,13,15,16,19,21,24,26	15-20	!	deel20:p82
W:W25,30,34,35,37,38,39,40,41,42,43,47,48,49:B1,3,7,9,10,12,14,16,17,18,19,20,21,22	34-29	?	deel20:p82
W:W16,26,27,35,36,37,40,41,42,45,47:BK49,2,4,7,8,11,12,17,20,24,44	36-31	!	deel20:p82
B:W16,26,31,35,37,41,42,45,47,49:BK21,2,4,7,8,11,12,17,20,24	21-27	!	deel20:p82
B:W19,24,30,43,45,46,47,48,49:B6,8,9,10,15,18,26,27	9-14	?	deel20:p83
W:W23,24,28,29,33,34,35,36,39,41,44,45,47,49:B2,3,5,8,10,12,13,14,15,16,18,20,25,27	28-22	?	deel20:p83
B:W22,23,24,29,33,34,35,36,39,41,44,45,47,49:B2,3,5,8,10,12,13,14,15,16,18,20,25,27	16-21	!	deel20:p83
B:W12,24,29,31,33,34,35,36,39,41,44,45,47,49:B2,3,5,8,10,13,14,15,17,20,21,25	21-26	?	deel20:p83
W:W15,30,33,34,36,37,38,41:B4,14,17,18,19,22,26,27	37-32	?	deel20:p83
B:W25,26,28,30,31,35,40:B10,14,17,19,24,29	19-23	?	deel20:p83
W:W29,31,32,33,34,35,36,38,39,40,42,45,46,48:B3,4,5,6,7,8,12,13,15,16,20,21,24,25	46-41	?	deel20:p83
W:W24,29,33,34,39,40,41,42,43,45,47,48:B2,3,6,8,10,13,15,16,17,18,25,26,32	42-37	?	deel20:p83
W:W27,28,31,32,33,35,37,38,39,40,41,43,45:B3,6,8,9,10,12,13,14,16,18,19,24,26	40-34	?	deel20:p83
B:W24,29,32,33,34,35,36,37,39,40,45,48,49:B2,4,8,10,12,13,15,16,18,22,23,25,28	25-30	?	deel20:p83
B:W26,29,30,32,33,34,35,37,39,41,47:B2,4,6,8,11,14,17,18,19,23,25	2-7	?	deel20:p83
W:WK2,25,33,35,36,38,43,45,48:B3,4,6,7,9,11,15,16,17,23,37	33-29	!	deel20:p89
W:W25,29,31,34,35,36,37,38,39,41,42,43,44,45,48:B2,4,6,7,8,9,11,12,13,14,15,18,20,26,28	34-30	?	deel20:p89
B:W25,29,30,31,35,36,37,38,39,41,42,43,44,45,48:B2,4,6,7,8,9,11,12,13,14,15,18,20,26,28	28-32	!	deel20:p89
B:W25,29,31,35,36,37,39,41,42,43,44,45,48:B2,4,6,7,8,11,12,15,18,26,28	15-20	!	deel20:p89
B:W23,24,28,33,34,35,36,37,38,41,45,48:B3,4,6,8,9,10,15,16,21,22,25,26	10-14	?	deel20:p89
W:W24,28,29,33,34,39,40,41,42,44,47,48:B1,2,3,4,9,13,14,15,21,26,27,36	28-23	?	deel20:p89
W:W25,26,33,35,38,39,40,42,43,44:B2,7,8,10,13,14,15,17,19,20,22,24,36,41	35-30	?	deel20:p90
B:WK5,26,33,39,40,43,44:B2,3,7,8,15,17,19,35,36	8-12	!	deel20:p90
B:W24,25,28,30,32,36,37,38,40,43,45,47,49:B3,4,6,9,10,14,15,16,17,18,21,26,27	18-22	?	deel20:p90
W:W16,26,30,32,35,37,38,45:B10,12,14,17,18,19,22,24	30-25	?	deel20:p90
B:W16,25,26,32,35,37,38,45:B10,12,14,17,18,19,22,24	19-23	!	deel20:p90
W:W24,25,29,30,32,35,36,38,47,48,49:B3,6,7,9,10,11,13,15,18,19,22	32-27	!	deel20:p91
B:W24,25,27,29,30,35,38,47,48,49:B3,6,7,9,10,11,13,15,18,19	10-14	?	deel20:p91
B:W24,25,27,29,30,35,38,47,48,49:B3,6,7,9,10,11,13,15,18,19	9-14	?	deel20:p91
W:W23,24,25,28,29,30,33,35,36,38,43,45,46,48:B2,3,5,6,9,10,12,14,15,17,20,22,26,27	46-41	?	deel20:p91
W:W25,28,30,31,32,33,34,35,38,40,43,47,48:B8,12,13,14,15,16,17,18,19,22,23,24,29	47-41	?	deel20:p91
B:W21,27,28,30,32,33,34,35,37,38,39,40,43,44,45,48:B2,4,6,7,8,10,12,14,17,18,19,20,23,24,25,26	17-22	!	deel20:p92
B:W25,26,30,33,34,35,36,37,41,42,45,47,48,49:B3,4,6,8,9,11,12,13,14,16,17,19,23,27	13-18	?	deel20:p92
W:W25,26,30,33,34,35,36,37,41,42,45,47,48,49:B3,4,6,8,9,11,12,14,16,17,18,19,23,27	26-21	!	deel20:p92
W:W25,30,33,34,35,36,42,45,47,48,49:BK46,3,4,6,8,9,11,12,14,16,18,19,23,27	33-28	!	deel20:p92
W:W25,28,30,32,33,35,36,37,38,39,40,43,48:B3,8,9,10,12,13,14,17,18,19,23,24,26	37-31	?	deel20:p92
B:W25,27,30,33,35,36,39,40,41,43,48:B3,8,9,10,12,13,14,17,18,19,24	19-23	!!	deel20:p92
B:W20,21,25,33,35,36,38,41,42,43,48:B4,7,8,9,12,14,17,19,22,28	28x39	?	deel20:p92
W:W25,26,29,30,31,33,35,41,43,45,47:B2,8,10,12,13,14,15,17,18,22,23	41-37	?	deel20:p92
B:W28,32,33,35,37,38,39,40,41,43,45,47:B3,4,5,8,10,12,15,18,21,24,26,36	10-14	?	deel20:p93
B:W24,25,33,34,35,37,38,42,43,47:B6,8,9,10,11,14,15,18,22,27	8-13	?	deel20:p93
B:WK23,35,37,43:B8,11,15,18,21,29	11-17	!	deel20:p93
B:W22,25,30,32,35,36,37,41,45,47,49:B2,3,4,8,10,12,14,16,21,29	4-9	?	deel20:p99
B:W25,27,28,30,32,33,38,46,49:B4,7,8,12,16,17,18,26	4-10	?	deel20:p99
B:WK19,28,46,49:B7,8,17,18,26	8-13	!!	deel20:p99
B:W27,33,34,36,37,38,39,41,42,43,44,45,47,48,49:B1,3,4,6,7,8,9,11,13,15,17,18,19,23,26	11-16	?	deel20:p99
W:W34,36,38,39,42,43,44,45,48,49:BK37,1,3,4,6,7,8,9,13,15,17,18,19,27,32	42x2	!	deel20:p99
W:W22,25,26,31,35,36,37,39,43,44,45:B3,6,9,10,11,12,13,14,16,23,24	37-32	?	deel20:p99
B:W22,25,26,31,32,35,36,39,43,44,45:B3,6,9,10,11,12,13,14,16,23,24	14-20	!	deel20:p99
B:W25,26,28,29,30,33,35,38,42,50:B2,4,9,10,12,17,18,19,22,27	9-13	?	deel20:p99
B:W25,26,28,29,30,33,35,38,42,50:B2,4,9,10,12,17,18,19,22,27	19-23	?	deel20:p100
B:W25,26,28,29,30,33,35,38,42,50:B2,4,9,10,12,17,18,19,22,27	10-15	?	deel20:p100
W:W27,28,30,34,35,36,41,42,43,48:B1,2,3,9,16,17,18,19,20,24	27-22	!	deel20:p100
B:W25,28,34,35,36,41,42,43,48:B1,2,3,9,16,17,19,20,24,27	24-30	!	deel20:p100
W:W30,32,33,35,36,37,38,40,42,43,44,45:B6,7,8,10,12,13,15,16,18,20,22,23	30-25	?	deel20:p100
B:W24,30,38,39,47,48:B10,15,18,21,22,23	21-27	?	deel20:p100
B:W25,26,29,30,32,33,37,42,45,47,49:B3,4,7,9,11,12,14,15,17,18,36	18-23	?	deel20:p101
B:W24,26,27,30,31,35,36,37,41:B2,7,11,12,13,15,16,17,23	16-21	!	deel20:p101
B:W16,24,26,30,31,35,36,37,41:B2,7,11,12,13,15,17,23	23-28	?	deel20:p101
B:W25,26,33,35,36,37,38,39,41,42,43,47,48,49,50:B2,3,4,6,7,8,12,13,14,17,19,22,23,27,28	19-24	?	deel20:p101
B:W27,32,33,34,35,36,37,39,40,41,43,45:B2,3,7,12,14,15,16,19,21,23,25,26	12-18	?	deel20:p102
B:W25,26,28,31,32,33,36,37,38,39,42,43,44,45,47,49:B2,4,6,8,9,10,11,12,13,14,15,16,17,18,21,22	21-27	?	deel20:p102
B:W25,26,28,31,33,36,38,39,42,43,44,45,49:B2,4,8,9,10,12,13,14,15,17,18,22,27	13-19	?	deel20:p102
B:W25,26,28,31,33,36,38,39,42,43,44,45,49:B2,4,8,9,10,12,13,14,15,17,18,22,27	14-19	?	deel20:p102
W:W25,26,31,33,36,38,39,42,43,44,45,49:B2,4,8,9,10,12,13,15,17,22,23,27	33-29	!	deel20:p102
W:W26,27,30,31,35,36,38,39,43,47,49:B6,7,10,11,12,16,17,18,19,20,22	26-21	!	deel20:p102
W:W15,29,34,36,39,42,46,48:B3,11,12,13,14,21,25,26	46-41	?	deel20:p103
W:W30,33,36,37,38,39,41,43,44,48:B2,4,6,16,18,21,22,23,26,27	37-32	?	deel20:p103
W:W22,25,28,30,32,36,37,38,39,41,43,44,45,48:B3,6,8,9,11,12,13,14,15,16,19,23,26,29	39-33	?	deel20:p103
W:W25,27,30,35,36,37,38,40,41,42,43,45,46,48,49:B1,2,3,6,8,9,10,11,12,13,15,16,18,19,26	27-22	?	deel20:p103
W:W24,26,28,32,33,34,36,38,40,41,43,48,49:B2,4,6,8,10,11,12,13,15,16,17,18,19	34-30	?	deel20:p103
B:W15,26,32,33,36,38,40,41,43,48:B2,4,6,8,10,11,12,16,17,18	4-9	!	deel20:p103
W:W25,28,29,31,34,36,38,39,42,44,46,48,49,50:B2,3,4,6,8,9,12,13,14,16,18,19,21,35	46-41	?	deel20:p104
W:W25,30,33,35,41,43,45,47,48,49,50:B2,4,8,9,13,14,15,19,21,24,26	45-40	?	deel20:p104
W:W15,24,25,30,31,35,36,38,40,43,48:B4,8,9,10,12,13,21,22,23,27,28	40-34	!	deel20:p104
B:W15,24,25,30,31,34,35,36,38,43,48:B4,8,9,10,12,13,21,22,23,27,28	21-26	?	deel20:p104
W:W15,24,25,30,31,34,35,36,38,43,48:B4,8,9,10,12,13,22,23,26,27,28	38-32	!	deel20:p104
W:W32,33,36,37,40,41:B14,21,22,24,26,45	36-31	!	deel20:p110
W:WK5,15:B4,9,29,38	5-14	!	deel20:p111
W:W23,24,30,31,41,45:B8,12,14,22,26,35,39	45-40	!	deel20:p111
W:W28,33,35,36,38,41,44:B9,10,18,20,21,26,40	36-31	!	deel20:p111
W:W30,31,32,33,35,37,38,39,41,43:B8,9,11,15,17,18,19,20,21,26	31-27	!	deel20:p113
W:W25,28,30,33,39,43,44:BK46,2,4,7,8,9,13,14,20,34	33-29	!	deel20:p114
W:WK19,35:B1,6,34	35-30	!	deel20:p114
W:WK19:B1,6,25	19-2	!	deel20:p114
B:W25,26,27,31,35,36,37,38,39,40,41,48,50:B1,3,9,11,12,14,15,16,17,18,22,23,24	1-7	?	deel20:p115
W:W25,26,27,31,35,36,37,38,39,40,41,48,50:B3,7,9,11,12,14,15,16,17,18,22,23,24	26-21	!	deel20:p115
B:W25,29,30,33,35,38,39:B10,13,14,16,19,24,26,41	14-20	!	deel20:p116
W:W20,42,43,44,45,46,47,48:B2,4,7,12,13,16,17,18,33	43-38	!	deel20:p122
B:W25,27,30,33,35,36,39,41,43,46,47,48,49,50:B1,3,6,8,9,11,12,13,14,15,16,19,21,24,32	32-38	!	deel21:p30
W:W25,30,31,32,33,35,43:B9,18,19,21,22,23,24	33-28	!	deel21:p31
W:W25,30,31,32,35,43:B9,18,19,21,23,24,33	25-20	!	deel21:p31
W:W30,31,32,35,43:B9,15,18,19,21,23,33	31-26	!	deel21:p31
B:W26,30,32,35,43:B9,15,18,19,21,23,33	33-38	?	deel21:p31
W:W24,35:BK3,9,15,18,19,23	24x4	!	deel21:p31
W:W25,30,32,33,35,36,39:B9,13,19,21,23,24,27	25-20	!	deel21:p31
B:W15,25,35,36,39:B13,14,19,21,23,24,29	29-34	!	deel21:p31
W:W25,30,33,34,35,36,38,42:B8,13,14,17,18,19,23,24	38-32	!	deel21:p31
W:W25,29,30,34,35,36,37,38:B8,13,14,18,19,26,27,28	29-24	?	deel21:p33
W:W25,29,30,35,36,37,38:B8,14,18,19,22,26,27	29-24	?	deel21:p33
W:W25,29,30,35,38:BK46,26,27	30-24	!	deel21:p33
W:W16,22,27,31,35,37,39,43,47,48,49:B3,7,8,9,11,13,14,15,18,20,26	22-17	!	deel21:p41
W:W16,43,47,48,49:B3,7,8,9,13,14,15,18,28,31,38	43x1	!	deel21:p41
B:W25,26,30,31,36,38,39,41,43,45,48,49,50:B1,3,4,5,13,14,15,17,19,20,22,23,27	20-24	?	deel21:p42
W:W25,26,31,33,34,35,36,48,50:B6,7,14,15,19,22,23,24	25-20	!	deel21:p43
W:W26,31,33,34,35,36,48,50:B6,7,15,19,22,23,24,25	31-27	!	deel21:p43
B:W24,28,29,31,32,34,35,37:B3,8,10,12,15,20,25,26	10-14	?	deel21:p43
B:W26,29,31,32,33,34,35,36,37,39,40,42,43,44,45,47,49:B3,4,5,6,7,8,9,10,11,12,13,15,18,19,20,22,24	11-17	?	deel21:p54
W:W26,29,31,32,33,34,35,36,37,39,40,42,43,44,45,47,49:B3,4,5,6,7,8,9,10,12,13,15,17,18,19,20,22,24	29-23	!	deel21:p54
B:W26,28,29,31,33,34,35,36,37,39,40,42,43,44,45,47,49:B3,4,5,6,7,8,9,10,11,13,15,17,18,19,20,22,24	10-14	?	deel21:p54
W:W25,26,29,31,32,35,36,37,38,39,42,43,44,45,49:B3,4,6,7,8,9,10,11,13,14,15,18,19,20,22	39-33	?	deel21:p54
B:W29,33,35,36,37,39,42,47,48,49:B2,3,4,6,16,19,20,22,25,26	4-10	?	deel21:p55
B:W22,27,32,34,35,37,38,40,42,45,48:B8,9,12,15,16,18,19,23,24,25,26	8-13	?	deel21:p56
B:W27,28,30,32,33,35,41,43,47,48:B8,9,10,11,16,18,19,21,23,26	11-17	?	deel21:p56
W:W27,28,30,32,33,35,41,43,47,48:B8,9,10,16,17,18,19,21,23,26	30-24	!	deel21:p56
B:W22,27,28,30,32,35,37,43,47,48:B11,13,14,15,16,18,19,21,23,26	26-31	!	deel21:p57
B:W6,22,27,28,30,32,35,43,47,48:B13,14,15,16,18,19,23	16-21	!	deel21:p57
B:W24,33,36,41,42,43,48:B8,9,10,11,18,27,32	18-23	!	deel21:p57
B:W24,28,33,36,41,43,48:B10,11,13,14,18,27	27-32	!	deel21:p57
W:W27,28,32,34,38,48,49:B7,12,17,18,19,23,24	38-33	!	deel21:p57
B:W24,28,29,31,32,33,36,38,39,40,41,44,45,46,48:B2,4,6,8,9,11,12,13,14,15,17,18,20,21,22	21-26	!	deel21:p58
B:W24,28,29,31,32,33,36,37,38,39,40,44,45,46,48:B2,4,6,8,9,11,12,13,14,15,17,18,20,22,26	18-23	!	deel21:p58
B:W25,27,28,31,33,36,37,38,39,42,43,45,48:B2,3,4,5,6,7,9,12,13,14,16,17,24	17-21	?	deel21:p60
W:W25,27,28,31,33,36,37,38,39,42,43,45,48:B2,3,4,5,6,7,9,12,13,14,16,21,24	33-29	!	deel21:p60
W:W20,27,30,32,38,48:B6,10,16,18,22,23	20-15	?	deel21:p61
B:W20,24,36,43:B6,10,18,21	18-23	?	deel21:p61
B:W20,24,36,43:B6,10,18,21	18-22	?	deel21:p61
W:W19,20,36,43:B6,10,18,32	20-15	?	deel21:p62
B:W15,19,36,43:B6,10,18,32	6-11	!	deel21:p62
B:W24,27,28,29,32,37:B9,14,16,18,21,26	9-13	?	deel21:p64
B:W24,27,28,29,32,37:B9,14,16,18,21,26	18-22	!	deel21:p64
B:W24,27,28,30,32,37:B9,14,16,18,21,26	18-22	!	deel21:p64
B:W27,29,30,32,33,34,35,37,38,39,40,41,42,43,45,47,48,49:B3,4,6,7,8,9,10,11,12,13,14,15,16,17,18,19,23,25	23-28	!	deel21:p65
B:W26,29,31,36,42,43,45,49:B4,11,12,17,18,19,20,22	19-23	!	deel21:p68
B:W26,31,34,36,40,42,45:B4,11,12,17,18,20,22	20-24	!	deel21:p68
B:W32,34,35,37,40:B4,23,26,28,29	26-31	?	deel21:p70
W:W26,34,35,40:B4,23,29,37	34-30	!	deel21:p70
B:W30,32,35,37,40:B4,23,26,28,29	28-33	?	deel21:p70
W:W18,22,27,28,33,34,36,43,44,48,50:B7,9,13,15,16,19,24,25,31,35,45	22-17	!	deel21:p75
B:W22,27,28,32,33,34,35,37,38,40,41,43,44,45:B2,3,4,6,9,11,12,13,16,18,19,23,25,26	25-30	!	deel21:p75
W:W25,27,30,34,36,37,41,42,48,49:B6,11,12,13,14,16,17,20,23,26	30-24	!	deel21:p76
W:W25,27,28,30,32,33,35,36,37,38,39,41,42,43,45,47,48:B2,3,6,8,9,11,12,13,14,15,16,18,19,21,23,24,26	39-34	?	deel21:p77
W:W21,26,29,30,31,34,35,36,39,40,43,45:B4,7,8,11,12,13,14,15,17,20,22,25	29-24	!	deel21:p77
B:W21,23,24,26,29,31,36,39,43,45:B4,7,11,12,13,14,15,17,18,22	15-20	?	deel21:p78
W:W15,21,23,26,29,31,36,39,43,45:B4,7,11,12,14,17,18,19,22	29-24	!	deel21:p78
B:W21,24,26,29,31,32,36,39,43,45:B4,7,11,12,13,14,15,17,18	14-19	!	deel21:p78
B:W10,36,37,42:BK49,13,17,23,27	17-22	!	deel21:p80
B:W23,28,29,32,33,34,44:B11,12,14,17,20,24,35	17-21	?	deel21:p82
W:W23,28,29,32,33,34,44:B11,12,14,20,21,24,35	23-19	!	deel21:p82
W:W27,28,32,34,35,36,38:B16,17,18,19,20,23,25	36-31	?	deel21:p84
B:W26,27,28,32,34,35,38:B16,18,19,20,21,23,25	18-22	!	deel21:p84
W:WK1,28,35,36,38:B16,19,24,25,44	1-6	!	deel21:p85
B:W24,29,30,33,38,39,41,42,44,47:B10,11,12,13,15,17,18,20,21,22	20-25	?	deel21:p85
B:W28,29,30,33,35,38,39,40,41,42,43,44,45,48,49:B3,6,8,9,10,11,12,13,14,15,19,20,21,24,25	25x32	!	deel21:p86
W:W22,27,28,36,43,44:B12,13,18,24,30,31	43-39	?	deel21:p86
B:W28,31,44:B8,12,24,30	12-17	?	deel21:p86
B:W18,44:B19,21,34,35	21-27	?	deel21:p87
B:W26,27,28,29,32,33,35,37,38,39,42,43,44,45:B2,6,8,9,12,13,14,15,16,17,18,19,20,21	20-24	?	deel21:p87
B:W17,26,27,29,32,33,35,37,38,39,42,43,44,45:B2,6,8,9,12,13,14,15,16,18,19,20,21	2-7	?	deel21:p87
W:WK2,34,48:B7,11,23,26,41	2-24	!	deel21:p88
W:WK43,34,48:BK41,11,12,23,26	34-29	?	deel21:p88
B:W23,25,26,29,30,32,33,38,39,47,49:B3,6,12,13,14,15,16,17,18,20,22	13-19	?	deel21:p89
B:W23,25,26,29,30,32,33,38,39,47,49:B3,6,12,13,14,15,16,17,18,20,22	14-19	?	deel21:p89
W:W15,26,38,39,47,49:B3,6,13,17,18,25,27	15-10	?	deel21:p90
W:W27,30,32,35,42,43,44,45,46,48:B3,9,12,15,16,17,19,21,24,25	32-28	!	deel21:p90
W:W26,30,32,33,34,35,36,37,38,39,40,44,45,47,48,49:B1,2,3,4,7,8,9,11,12,13,17,18,19,21,24,25	47-42	?	deel21:p101
B:W27,28,32,33,34,36,37,38,39,42,43,44,45,47,48:B3,6,7,8,9,10,11,12,13,14,16,18,21,24,26	14-20	?	deel21:p101
W:W24,25,32,36,38,39,40,42,47,49:B3,8,13,14,15,16,21,23,26,27	39-34	?	deel21:p102
B:W23,27,28,32,36,38,43,44,45,48:B6,7,8,12,13,14,16,17,25,34	13-18	?	deel21:p102
W:W23,27,28,32,36,38,43,44,45,48:B6,7,8,12,14,16,17,18,25,34	44-40	!	deel21:p102
W:W27,28,32,36,38,40,43,45,48:B6,7,8,12,14,16,17,25,29,34	27-22	!	deel21:p102
W:W25,27,32,33,34,37,39,41,44,45,47,48:B3,5,8,9,12,13,14,16,18,19,23,26	48-42	?	deel21:p102
W:W28,30,32,33,34,35,36,37,38,41,42,43,45,48,49:B2,3,4,6,8,9,12,13,14,16,17,19,21,23,24	36-31	?	deel21:p102
W:W22,27,32,33,35,36,37,38,39,40,41,42,43,45,46,48,49:B2,3,4,6,7,10,11,12,13,14,15,16,20,21,23,24,26	36-31	?	deel21:p102
B:W18,32,35,37,38,42,45,48:B15,16,19,21,24,26,27	24-29	!	deel21:p102
W:W26,28,30,32,33,35,36,38,39,40,41,42,43,44,45,47,48,49:B2,3,4,6,7,8,9,11,12,13,14,15,16,17,19,21,23,24,31	36x27	?	deel21:p102
W:W26,28,31,33,34,35,36,37,38,39,40,43,44,45,46,47,48,49:B1,2,3,5,7,8,9,11,12,13,14,15,17,18,19,22,24,27	47-42	?	deel21:p103
B:W24,25,27,32,33,35,36,37,38,40,42,48:B3,6,9,10,13,14,15,16,17,18,21,26	14-19	?	deel21:p103
B:W23,26,28,33,34,36,40,42,44,45:B2,7,13,14,15,16,17,21,25,27	7-12	?	deel21:p103
B:W23,24,26,29,33,36,37,39,40,41,42,43,44,45,49:B4,6,7,8,9,10,11,12,13,15,16,17,20,25,27	10-14	?	deel21:p103
B:W25,30,32,35,37,39,40,45:B6,11,13,14,15,18,19,29	18-23	?	deel21:p103
W:W24,28,29,31,33,36,37,38,39,40,41,42,44,45,46,48:B2,4,6,8,9,11,12,13,14,15,17,18,20,21,22,26	37-32	?	deel21:p103
W:W27,28,30,32,33,35,36,37,38,39,40,41,43,44,45,46,48:B3,5,6,8,9,11,12,13,14,15,16,18,19,21,23,24,26	39-34	?	deel21:p103
W:W27,32,35,38,40,41,43,45,46,48:BK50,3,6,8,9,13,14,15	41-37	?	deel21:p103
B:W27,28,32,34,35,36,37,38,39,40,41,42,43,45,46,47,48,49,50:B1,2,3,4,5,6,7,8,9,11,12,13,15,16,18,19,20,21,23	5-10	?	deel21:p104
B:W22,23,28,32,33,34,35,36,37,38,39,40,42,43,44,45,48:B3,4,6,8,9,10,11,12,13,14,15,16,19,21,24,25,26	24-30	?	deel21:p104
W:W22,31,33,35,37,38,41,43,45,46:B1,2,6,8,13,14,16,19,24,34	37-32	?	deel21:p104
W:W23,26,28,33,35,36,37,38,39,41,42,43,44,46,49:B2,3,4,6,8,9,11,12,14,16,17,19,22,24,27	37-32	?	deel21:p104
B:W33,35,36,37,38,39,43,44,49:B2,3,4,6,11,13,14,16,24,27	13-18	?	deel21:p104
W:W33,35,36,37,38,39,43,44,49:B2,3,4,6,11,14,16,18,24,27	33-28	!	deel21:p104
W:W35,36,37,38,39,43,44,49:B2,3,4,6,14,16,22,24,27	38-33	!	deel21:p104
W:W17,35,36,37,43,44,49:B4,6,7,8,14,16,27	37-31	!	deel21:p105
B:W27,28,32,33,35,36,37,38,39,45:B6,8,9,11,13,19,23,24,25,26	13-18	?	deel21:p105
W:W25,26,32,33,38,39,42,43,49:B2,11,12,14,15,17,18,19,22	49-44	?	deel21:p105
B:W26,28,31,32,33,36,38,39,40,42,43,48,50:B3,4,6,7,8,11,13,14,15,16,17,22,30	30-35	?	deel21:p105
B:W24,26,29,32,36,38,40,41,43,48,50:B2,3,8,12,13,14,15,16,17,20	14-19	?	deel21:p105
B:W22,27,33,35,37,38,39:B4,7,8,16,24,26,30	24-29	?	deel21:p105
W:W27,31,32,33,34,35,36,38,42,43,45,46,48,49:B3,4,6,8,11,13,15,16,18,19,20,21,23,24	31-26	?	deel21:p105
B:W20,26,27,32,33,34,39,40,41,42,43,44,45,46,47,48,49:B2,3,4,6,8,9,10,11,12,13,14,16,17,18,21,23,25	23-28	?	deel21:p112
W:W20,26,27,34,39,40,41,42,43,44,45,46,47,48,49:B2,3,4,6,8,9,10,11,12,13,14,16,17,21,25,38	42x33	!	deel21:p112
W:W16,26,31,33,38,39,49:B12,13,17,22,24,35,40	49-44	!	deel21:p113
W:W27,30,31,33,34,35,36,41,42,48,49:B7,11,13,16,17,18,19,20,22,23,24	30-25	?	deel21:p113
B:W29,30,31,32,34,35,36,37,42:B3,6,11,12,14,18,19,23,26	14-20	?	deel21:p113
B:W22,28,32,33,34,38,42,44:B3,11,14,19,23,24,26,35	24-29	!	deel21:p113
B:W13,22,28,32,34,38,42,44:B3,11,14,23,26,35	11-17	!	deel21:p113
W:W22,25,28,30,31,32,33,35,37,45,48:B4,6,9,10,13,14,18,19,21,24,26	25-20	!	deel21:p113
W:W20,28,30,31,35,37,45,48:B4,6,9,10,13,14,19,21,24,26,29	28-23	!	deel21:p113
B:W27,30,32,35,42,43,44,45,46,48:B3,9,12,15,16,17,19,20,21,24	20-25	?	deel21:p113
W:W26,29,33,34,35,36,38,39,40,42,43,44,45:B3,6,8,9,12,13,15,17,18,20,24,25,27	42-37	?	deel21:p114
B:W24,25,27,29,31,32,36,37,41,42,43,44,45:B3,4,6,8,12,14,15,16,17,18,20,21,22	21-26	?	deel21:p114
B:W24,25,26,27,29,32,37,41,42,43,44,45:B3,4,6,12,13,14,15,16,17,18,20,21	14-19	!	deel21:p114
B:W23,24,26,27,29,32,37,41,42,43,44,45:B3,4,6,12,13,15,16,17,18,21	17-22	!	deel21:p114
B:W19,23,24,26,29,32,41,42,43,44,45:B3,4,6,15,16,18	6-11	!	deel21:p114
B:W27,28,32,33,34,35,36,37,38,42,43,48:B3,6,8,9,13,14,15,16,18,19,21,26	14-20	?	deel21:p114
W:W25,26,28,33,34,35,36,38,39,41,43,45,46,47,48,49,50:B1,2,3,4,5,6,8,9,10,12,13,14,15,16,17,24,27	34-29	!	deel21:p115
W:W25,28,33,35,36,38,39,41,43,45,46,47,48,49,50:B1,2,3,4,5,6,8,9,10,13,14,16,21,24,27	28-23	!	deel21:p115
W:W26,27,28,31,32,34,35,36,38,39,40,42,43,45,47,48,50:B1,3,6,8,9,12,13,14,15,16,17,18,19,20,23,24,25	42-37	?	deel21:p115
W:W25,28,30,33,35,36,40,41,42,43,45,46,47,48,49,50:B2,3,4,5,6,7,8,9,10,11,12,13,14,15,20,27	50-44	?	deel21:p116
B:W22,27,32,33,35,37,38:B8,9,16,18,20,24,26	9-13	?	deel21:p116
B:W27,28,32,33,34,35,36,37,38,42,43,48:B3,6,8,9,13,14,15,16,18,19,21,26	18-22	?	deel21:p116
W:W27,28,31,32,36,38,44,45:B6,11,12,13,15,18,19,29	44-39	?	deel21:p116
B:W27,32,33,34,35,36,38,40,41,42,43,44,45,47,48,49:B2,3,4,6,7,8,9,10,12,13,15,16,18,20,21,23	10-14	?	deel21:p116
W:W24,27,29,32,33,34,36,37,38,39,40,43,44,45,46,47,48,49:B1,2,3,4,5,7,8,9,12,13,15,16,17,18,20,21,23,25	46-41	?	deel21:p117
B:W24,27,29,32,33,34,36,37,38,39,40,41,43,44,45,47,48,49:B1,2,3,4,5,7,8,9,12,13,15,16,17,18,20,21,23,25	23-28	!	deel21:p117
W:W25,26,31,33,34,35,36,38,39,41,42,43,44,45,47,49:B2,4,5,6,8,9,10,11,12,13,14,17,19,22,24,27,32	33-29	?	deel21:p117
B:W13,24,25,28,34,36,37,38,41,42,43,44,45,47,49:B2,4,5,6,8,9,10,11,12,14	8x50	!	deel21:p117
B:W26,28,31,32,33,35,40,45:B8,12,16,17,18,19,24,25	18-23	?	deel21:p117
B:W26,28,30,31,32,33,36,41,42,44,47,49:B6,7,8,9,12,13,14,16,17,18,19,22	14-20	?	deel21:p117
B:W24,27,31,34,36,39,40,42,43,46:B2,6,13,14,15,16,17,18,22,25	17-21	?	deel21:p117
W:W17,26,27,29,32,33,35,37,38,39,42,43,44,45:B6,7,8,9,12,13,14,15,16,18,19,20,21	27-22	!	deel21:p118
W:W25,26,27,31,35,36,37,38,41,42,43,44,45,47,48,49:B2,3,6,8,9,12,13,14,15,16,17,18,19,22,23,24	37-32	?	deel21:p126
B:W25,26,27,31,32,35,36,38,41,42,43,44,45,47,48,49:B2,3,6,8,9,12,13,14,15,16,17,18,19,22,23,24	22-28	!	deel21:p126
B:W25,26,27,31,32,35,36,37,38,42,43,44,45,47,48,49:B2,3,6,8,9,12,13,14,15,16,17,18,19,23,24,28	23-29	!	deel21:p126
B:W27,28,30,32,35,37,38,40,43,45:B6,11,12,13,14,15,16,18,19,24	19-23	!	deel21:p126
W:W29,33,35,43,49:B4,15,16,20,26,32	29-23	?	deel21:p126
B:W25,28,29,30,36,37,38:B4,13,14,17,19,20,27	13-18	?	deel21:p126
B:W25,30,33,37,42,47,48:B3,9,10,13,16,18,36	13-19	?	deel21:p127
B:W16,27,28,32,33,34,35,37,38,40,45,47:B3,7,12,13,14,18,19,21,23,24,25,26	14-20	?	deel21:p127
B:W15,24,25,26,30,34,35,36,37,46,48:B4,9,13,14,16,17,19,27,28,38	17-22	?	deel21:p127
B:W29,32,33,34,35,36,37,39,40,43,44,45,46,48,49:B2,3,4,8,9,10,13,14,15,16,20,21,22,24,26	14-19	?	deel21:p128
W:W25,28,29,31,33,35,36,37,42,48,49:B3,5,10,11,13,14,16,17,21,22,26,30	35x24	?	deel21:p128
W:W27,32,34,35,36,37,38,39,40,41,42,43,44,45,46,48,49:B2,3,4,6,7,8,10,11,12,13,15,16,18,20,21,23,26	38-33	?	deel21:p128
B:W25,26,27,28,32,33,34,35,38,39,42,43,45:B6,9,11,12,13,14,15,16,18,19,20,23,24	12-17	?	deel21:p128
B:W24,25,26,31,33,36,37,38,42,45:B10,11,12,13,14,15,16,17,22,27	22-28	?	deel21:p128
B:WK30,35,36,39,43:B3,6,14,15,17,20,23	20-24	!	deel21:p128
W:W27,29,30,32,33,34,35,36,37,39,41,42,43,46,48,49,50:B1,4,6,7,8,9,10,11,13,14,15,16,17,18,19,23,26	37-31	?	deel21:p129
B:W15,25,26,29,31,36,38,42,43,45,46,48,49:B2,3,4,6,7,8,9,12,17,18,19,22,27	19-23	?	deel21:p129
W:W16,26,34,36,37,39,43,49:B7,8,9,11,13,25,28,30	43-38	?	deel21:p129
B:W25,27,28,32,33,37,38,39,40,42,45,46,47,48,49:B1,2,3,4,8,9,13,14,16,18,19,21,23,24,26	4-10	?	deel21:p129
B:W25,26,29,33,34,37,38,39,42,44,47,49:B1,3,6,9,14,16,17,18,19,21,31,35	21-27	?	deel21:p130
B:W25,26,33,34,37,38,39,40,42,47,49:B1,3,6,9,14,16,17,18,27,30,31,35	35x44	!	deel21:p130
W:W27,29,32,33,34,37,38,40,42:B7,8,12,13,15,17,18,20,23	33-28	?	deel21:p131
W:W25,26,31,32,35,36,38,41,47,49:B11,12,13,14,16,17,19,24,34	38-33	?	deel21:p131
B:W23,24,27,28,29,33,34,37,39,40,42,44,45,47,49,50:B1,2,4,5,6,8,11,12,13,14,15,17,18,20,25,26	17-22	!	deel21:p136
B:WK3,24,29,33,34,39,40,42,44,45,47,49,50:B1,2,4,5,6,11,13,14,15,20,25,26,41	13-18	!	deel21:p136
B:W24,27,30,32,33,37,38,41,42,43,44,45,46,48,49:B2,3,5,6,7,8,9,11,12,13,15,16,17,18	13-19	!	deel21:p136
B:WK22,27,30,32,33,37,38,41,42,43,44,45,46,48,49:B2,3,6,7,8,10,11,12,15,16,17	17x50	!	deel21:p136
W:W28,30,31,32,33,35,36,37,38,39,42,43,45,48:B3,6,9,11,13,14,15,16,18,19,21,23,24,26	31-27	?!	deel21:p137
B:W27,28,30,32,33,35,36,37,38,39,42,43,45,48:B3,6,9,11,13,14,15,16,18,19,21,23,24,26	24-29	?	deel21:p137
B:WK4,30,35,36,42,45,48:B3,6,14,15,22,27	3-8	!	deel21:p137
B:W25,27,28,32,33,34,36,37,38,40,42,45,46,48,49:B2,3,6,7,9,10,12,13,14,16,18,19,21,23,24	10-15	?	deel21:p137
W:WK4,24,29,36,37,38,42,43,45,46,48:BK22,3,6,7,8,9,13,15,16,17,21,25	36-31	!	deel21:p138
B:WK2,28,32,36,38,42,43,44,45,46,48:B3,6,8,9,12,13,15,16,20,21,23,30	20-24	!	deel21:p138
B:W24,25,26,29,33,34,35,37,38,39,40,42,44,47:B3,5,9,10,12,13,14,15,17,18,20,21,22,36	22-28	!	deel21:p139
B:W11,24,25,26,29,34,35,37,38,39,40,42,44,47:B3,5,9,10,12,13,14,15,18,20,21,36	36-41	!	deel21:p139
B:W11,14,24,29,34,35,40,42,44,47,48:B3,5,9,10,15,18,23	10x50	!	deel21:p139
W:WK1,17,25,26,31,35,36,41,44,47,48,49:BK50,2,3,4,6,8,9,13,14,15	17-12	!	deel21:p139
B:W16,20,21,26,32,33,36,40,44,50:B2,6,7,12,15,17,18,19,25	25x14	!!	deel21:p140
W:W25,30,34,35,36,43,47:B7,14,17,18,19,21,23	36-31	?!	deel21:p141
B:W25,30,31,34,35,43,47:B7,14,17,18,19,21,23	21-26	?	deel21:p141
W:W25,30,31,34,35,43,47:B7,14,17,18,19,23,26	25-20	!	deel21:p141
W:W30,31,34,35,43,47:B7,17,18,19,23,25,26	34-29	!	deel21:p141
W:W35:B7,17,18,19,23,30	35x2	!	deel21:p141
W:W35:BK30,7,17,18,19,25	35x2	!	deel21:p141
W:W25,28,30,32,33,35,36,37,38,39,43,45,48,49:B3,5,7,9,10,11,12,13,14,17,18,19,24,26	39-34	?	deel21:p142
W:W25,28,30,32,33,35,36,37,38,39,43,45,48,49:B3,5,7,9,10,11,12,13,14,17,18,19,24,26	28-23	!	deel21:p142
W:W25,30,35,36,39,45,48,49:B3,5,7,9,10,11,12,13,14,24,28	30x6	!	deel21:p142
B:W22,27,28,32,34,35,36,37,38,39,42,44:B4,6,11,13,16,18,19,21,23,24,25,26	24-29	!	deel21:p142
B:W22,27,28,32,34,35,36,37,38,39,40,42:B4,6,11,13,16,18,19,21,23,25,26,29	29-33	!	deel21:p142
B:W22,27,28,29,32,34,35,36,37,39,40,42:B4,6,11,13,16,18,19,21,23,25,26	25-30	!	deel21:p142
B:W8,22,27,29,32,34,36,37,39,40,42:B4,6,11,16,18,21,26,30	26-31	!	deel21:p142
B:W8,17,22,27,29,32,34,36,39,40,42:B4,6,11,16,18,30	16-21	!	deel21:p142
W:W24,25,26,31,35,36,41,43,48:B6,13,14,15,16,17,18,22,32	25-20	!	deel21:p143
B:W24,25,26,31,35,36,41,42,43:B6,13,14,15,16,17,18,22,32	32-37	!	deel21:p143
W:W25,26,28,30,31,33,35,36,38,39,40,41,42,43,44,48:B3,6,7,9,11,12,13,14,15,16,17,18,19,22,24,27	28-23	!	deel21:p145
B:W25,26,30,34,35,36,38,40,41,42,43,44,48:B3,6,7,9,11,12,13,14,15,16,19,24,28,29,33	14-20	?	deel21:p145
B:W25,26,30,34,35,36,38,40,41,42,43,44,48:B3,6,7,9,11,12,13,14,15,16,19,24,28,29,33	12-17	!	deel21:p145
B:W18,26,29,35,36,40,42,43,44,48:BK46,3,6,7,9,16,20	46-10	!	deel21:p145
B:W25,27,28,32,33,37,38,39,40,42,45,46,47,48,49:B1,2,3,4,8,9,13,14,16,18,19,21,23,24,26	23-29	!	deel21:p146
W:W27,28,32,33,34,35,38,40,42,43,45,47,48:B6,8,12,13,14,15,16,18,19,20,23,24,29	27-22	!	deel21:p146
W:W27,28,32,33,34,35,38,39,40,42,45,47,48:B8,11,12,13,14,15,16,18,19,23,24,25,29	27-21	!	deel21:p146
B:W17,27,29,33,36,39,42,44,49:B6,7,9,13,14,18,26,35	7-11	?	deel21:p147
W:W21,29,33,36,39,42,44,49:B6,9,13,14,18,22,26,35	36-31	!	deel21:p147
W:W21,29,33,39,44,49:BK48,6,9,13,14,18,22,35	21-17	!	deel21:p147
W:W27,28,32,34,35,38,39,40,42,43,45,47,48:B2,7,8,9,10,13,16,18,19,21,23,24,25	27-22	!	deel21:p148
W:W27,28,32,33,34,35,39,40,42,43,45,47,48:B2,7,8,9,10,13,16,18,19,21,23,24,25	27-22	!	deel21:p148
W:W27,28,32,33,34,35,38,39,40,43,45,47,48:B2,8,9,11,13,15,16,18,19,21,23,24,25	27-22	!	deel21:p148
W:W25,27,28,31,32,33,35,38,40,42,44,45,48:B3,4,7,9,12,13,14,15,16,17,18,24,26	33-29	!	deel21:p148
B:W26,27,28,30,32,35,38,39,48:B2,7,12,15,17,18,19,20,23	18-22	!	deel21:p148
B:W25,29,32,35,37,40,42,44,45,46,48:B8,9,10,14,15,16,17,20,26	14-19	!	deel21:p149
W:W22,25,26,27,32,33,37,38,39,40,45:B3,6,7,10,13,14,16,18,19,23,24	26-21	!	deel21:p149
W:W26,27,28,29,32,33,35,36,38,39,43,45,48:B2,4,6,12,13,14,15,16,18,19,20,24,25	28-23	!	deel21:p150
W:W26,27,29,33,35,36,38,39,43,45,48:B2,4,6,12,13,14,15,16,18,20,24,25,37	35-30	!	deel21:p150
W:W26,27,33,36,38,39,43,45,48:B2,4,6,12,13,14,15,16,18,20,23,24,37	33-28	!	deel21:p150
W:WK1,16,33,42,44,45,47,48,49:B3,4,6,9,12,15,17,18,23,24	16-11	?	deel21:p152
B:WK25,13,42,45,47,48,49:BK50,3,4,6,15	50-22	!	deel21:p152
W:W15,25,26,29,31,33,36,37,39,44,46:B3,4,6,9,11,14,17,21,22,28,32	44-40	?	deel21:p152
B:W15,25,26,29,31,33,36,37,39,40:B3,4,6,9,11,14,17,21,22,28	21-27	?	deel21:p152
B:W15,25,26,29,31,33,36,37,39,40:B3,4,6,9,11,14,17,21,22,28	4-10	!	deel21:p152
W:W25,26,28,32,34,35,36,37,38,39,41,42,43,44,46,47,48,49:B1,2,3,5,6,8,9,10,11,12,13,14,15,16,17,18,19,23	38-33	?	deel21:p169
W:W21,25,26,31,33,35,36,38,39,40,44,45,48,49:B3,4,5,6,8,9,10,13,14,15,22,23,24,29	39-34	?	deel21:p169
W:W25,26,28,33,35,36,37,38,40,42,43,44,45,46,47,48,49:B1,2,3,4,5,6,8,9,10,11,12,14,15,17,18,24,27	37-32	?	deel21:p169
W:W23,28,29,33,35,36,37,38,39,40,43,44,45,48,49:B2,3,5,6,7,8,10,11,12,13,15,18,20,21,25	39-34	?	deel21:p169
B:W25,26,28,29,31,33,34,35,36,37,38,39,41,43,44,45,46,48,49:B3,5,6,7,8,9,10,11,12,13,14,15,17,18,19,20,22,24,27	11-16	?	deel21:p169
W:W25,26,29,31,33,34,35,36,38,39,43,44,45,46,48,49:B3,5,6,7,8,9,10,12,13,14,15,17,18,20,22,24,27	33-28	?	deel21:p169
B:WK2,25,26,34,35,36,37,39,43,44,45,46,49:B3,5,6,8,9,10,12,13,14,15,18,20,33	20-24	!	deel21:p169
B:W18,23,24,31,36,37,38,39,40,41,42,46,48:B3,6,7,9,11,13,14,15,17,22,26,27	14-19	?	deel21:p169
W:W31,36,37,38,39,40,41,42,46,48:B6,7,11,14,15,17,22,26,27,29	37-32	!	deel21:p169
W:W22,27,28,31,33,35,36,37,41,44,46:B6,7,8,11,12,13,16,18,24,25,26	33-29	!	deel21:p170
W:W22,27,31,35,36,37,39,41,44,46:B6,7,8,11,13,16,17,18,25,26	27-21	!	deel21:p170
W:W21,31,35,36,37,39,41,44,46:B6,7,8,11,13,16,18,25,26,28	37-32	!	deel21:p170
W:W25,29,34,35,36,37,38,39,40,41,42,43,44,45,46,48,49:B3,4,5,6,7,8,9,10,11,12,13,14,15,16,20,24,28	38-32	?	deel21:p170
B:W16,25,32,33,34,36,37,39,41,43,44,45,46,47,48,49:B2,3,4,5,6,7,8,13,14,15,17,18,22,23,26,30	6-11	?	deel21:p170
W:W16,25,32,33,34,36,37,39,41,43,44,45,46,47,48,49:B2,3,4,5,7,8,11,13,14,15,17,18,22,23,26,30	33-28	!!	deel21:p170
W:W27,29,31,33,34,36,37,38,39,40,41,44,45,46:B2,4,6,7,12,14,15,16,17,18,22,25,26,28	38-32	?	deel21:p170
B:W23,27,29,31,33,34,36,37,39,40,41,44,45,46:B2,4,6,7,12,15,16,17,18,20,22,25,26	20-24	?	deel21:p170
B:W23,27,29,31,33,34,36,37,39,40,41,44,45,46:B2,4,6,7,12,15,16,17,18,20,22,25,26	16-21	!	deel21:p170
B:W16,27,30,33,35,36,37,41,42,43,44,46,48,49,50:B2,3,5,6,7,8,9,11,13,17,18,19,20,23,26	20-24	?	deel21:p171
W:W26,29,30,32,33,34,35,36,37,38,39,41,43,44,45,47,48,49:B2,5,6,8,9,10,11,12,13,15,16,17,18,19,21,22,23,25	30-24	?	deel21:p171
B:W24,26,29,32,33,34,36,37,38,39,41,43,44,45,47,48,49:B2,5,6,8,9,10,11,12,13,15,16,17,18,21,22,23,25	22-28	!	deel21:p171
W:W24,29,32,33,34,35,36,38,39,42,43,44,45,47,48,49:B1,2,3,5,9,10,11,13,15,16,17,18,20,21,25,27	33-28	?!	deel21:p171
B:W24,28,29,32,34,35,36,38,39,42,43,44,45,47,48,49:B1,2,3,5,9,10,11,13,15,16,17,18,20,21,25,27	27-31	?	deel21:p171
W:W24,28,29,34,36,37,38,40,41,42,44,48:B2,3,4,5,6,9,13,14,15,16,18,25,26	28-23	?	deel21:p171
B:W24,25,26,29,31,33,36,38,39,41,43,46,47,48,49:B2,3,6,7,9,11,12,13,14,15,17,18,22,27,28	18-23	?	deel21:p171
W:W24,27,28,29,32,34,35,36,37,38,39,43,44,45,46,47,49:B2,3,6,7,8,10,11,12,13,15,16,18,19,20,23,25,26	38-33	?	deel21:p171
B:W24,27,28,29,32,33,34,36,37,39,43,44,45,46,47,49:B2,3,6,7,8,10,11,12,13,15,16,18,20,23,25,26	11-17	?	deel21:p171
B:W24,27,28,29,32,33,34,36,37,39,43,44,45,46,47,49:B2,3,6,7,8,10,11,12,13,15,16,18,20,23,25,26	12-17	!	deel21:p171
W:W25,28,32,34,35,36,39,40,43,44,45,49:B3,5,8,9,10,12,13,14,15,16,17,24	32-27	?	deel21:p172
B:W26,28,34,35,36,38,39,40,41,42,43,44,45,46,47,48,49:B2,3,4,5,6,7,8,9,10,11,12,13,14,17,19,24,27	12-18	?	deel21:p172
B:W26,28,34,35,36,38,39,40,41,42,43,44,45,46,47,48,49:B2,3,4,5,6,7,8,9,10,11,12,13,14,17,19,24,27	13-18	?	deel21:p172
W:W28,30,31,32,34,37,38,40,42,43,44,45,46,47,48,49:B1,2,3,4,5,7,8,10,12,15,17,18,19,20,23,26	30-25	?	deel21:p172
B:W25,28,31,32,34,37,38,40,42,43,44,45,46,47,48,49:B1,2,3,4,5,7,8,10,12,15,17,18,19,20,23,26	17-21	!	deel21:p172
B:W29,30,33,34,35,36,37,38,39,40,41,42,43,46,48,50:B2,3,6,7,8,9,10,11,13,14,15,16,17,18,19,23	23-28	?	deel21:p172
B:W27,29,30,33,34,35,36,37,41,42,43,44,46,47,48:B3,6,7,8,9,11,12,13,14,15,16,18,19,23,26	12-17	?	deel21:p172
B:W27,29,30,33,34,35,36,37,41,42,43,44,46,47,48:B3,6,7,8,9,11,12,13,14,15,16,18,19,23,26	11-17	?	deel21:p172
W:W29,30,33,34,35,36,37,41,42,43,44,46,47,48:B3,6,7,8,9,12,13,14,15,17,18,19,23,26,27	33-28	!	deel21:p172
B:W25,27,29,30,31,33,35,36,37,38,39,41,42,43,44,45,46,48,49:B3,5,6,7,8,9,10,11,12,13,14,15,16,18,19,20,22,24,26	22-28	!	deel21:p172
B:W24,25,26,31,34,36,38,41,43,46,48:B7,11,13,14,15,17,18,22,23,27,28	13-19	?	deel21:p173
B:W25,27,28,32,33,35,36,37,38,39,40,42,45,46,47,48,49:B2,3,6,7,8,11,12,13,14,15,16,17,18,19,21,23,24	21-26	?	deel21:p173
B:W25,32,33,35,36,37,38,39,40,41,42,43,44,45,46,48:B3,4,5,6,7,8,10,11,14,15,16,20,21,22,24,26	14-19	!	deel21:p173
W:W25,26,31,32,33,34,35,36,37,38,39,40,41,43,44,45,46,47,48,49:B1,2,3,5,6,7,9,10,11,12,13,14,15,16,17,18,19,21,23,24	31-27	?	deel21:p174
B:W24,25,26,27,32,34,36,37,38,39,40,41,43,44,45,46,47,48,49:B1,2,3,5,6,7,9,10,11,12,13,14,15,16,17,18,21,23	17-22	!	deel21:p174
W:W15,23,28,34,35,36,37,38,40,41,44,47:B4,5,7,9,10,11,12,13,14,17,26,27	37-32	?	deel21:p174
B:W14,21,24,28,34,35,36,38,40,41,44,47:B4,5,7,10,11,12,13,17,26	10x50	!	deel21:p174
B:W24,27,31,33,34,35,36,37,38,39,41,43,44,46,48,49:B3,4,6,7,8,9,10,11,12,13,14,16,18,22,25,26	12-17	?	deel21:p174
B:W28,29,31,33,35,37,39,41,43,45,46,47,49:B2,3,4,6,7,13,14,15,16,17,20,22,26	3-9	?	deel21:p174
W:W28,29,31,33,35,37,39,41,43,45,46,47,49:B2,4,6,7,9,13,14,15,16,17,20,22,26	37-32	!	deel21:p174
B:W15,25,26,30,31,36,38,41,42,46,49:B4,7,11,13,14,18,19,22,23,27,28	11-17	?	deel21:p174
W:W24,26,32,36,39,40,41,44,45,46,47,48,49:B2,4,5,6,8,9,10,11,12,13,15,17,23	39-34	?	deel21:p174
B:W24,26,32,34,36,40,41,44,45,46,47,48,49:B2,4,5,6,8,9,10,11,12,13,15,17,23	23-28	!	deel21:p174
W:W24,26,28,29,34,36,37,42,44,45:B3,5,9,10,11,12,13,15,25,27	28-23	?	deel21:p174
W:W25,26,29,33,34,36,38,39,40,41,42,43,44,46:B2,7,8,9,10,12,13,14,15,17,18,20,27,35	29-23	!	deel21:p175
W:W25,28,31,32,35,36,37,38,39,40,41,42,43,44,45,46,47,48:B1,2,3,4,5,7,8,9,10,11,12,13,14,15,16,19,21,26	39-34	?	deel21:p175
B:W25,28,31,32,34,35,36,37,38,40,41,42,43,44,45,46,47,48:B1,2,3,4,5,7,8,9,10,11,12,13,14,15,16,19,21,26	21-27	!	deel21:p175
W:W23,24,28,29,34,35,37,44,45,47,49:B2,3,5,8,10,12,15,17,20,21,25	47-41	?	deel21:p175
W:W20,26,29,31,33,36,38,39,43,44:B4,10,12,13,16,17,18,22,27,32	44-40	?	deel21:p175
B:W20,26,29,31,33,36,38,39,40,43:B4,10,12,13,16,17,18,22,27,32	10-14	!	deel21:p175
B:W25,26,27,34,35,36,39,40,42,43,44,45,46,48:B3,4,5,6,8,9,10,13,14,15,16,17,18,24	16-21	!	deel21:p176
W:W24,28,29,31,32,33,36,37,39,40,41,42,43,44,45,46,47,48,49:B2,3,4,5,6,7,8,9,10,11,12,13,15,16,17,20,22,25,26	29-23	!	deel21:p176
W:W23,28,31,36,37,39,40,41,42,43,44,45,46,47,48,49:B2,3,4,5,6,7,8,9,10,11,12,13,15,16,17,22,25,26,27	23-18	!	deel21:p176
B:W23,25,27,33,36,37,38,39,40,41,42,43,46,47,48:B2,3,4,5,6,7,8,11,12,14,15,16,17,20,26	20-24	?	deel21:p176
B:W23,24,25,29,30,35,37,41,42,46,47,48:B3,7,11,12,13,15,16,17,21,22,26,36	21-27	?	deel21:p176
W:W23,24,25,29,30,35,37,41,42,46,47,48:B3,7,11,12,13,15,16,17,22,26,27,36	24-20	!	deel21:p176
W:WK34,24,26,31,33,35,36,38,39,43,44,46,49:BK50,2,4,6,8,9,10,11,13,14,15,22,25	34-45	?	deel21:p176
B:WK45,24,26,31,33,35,36,38,39,43,44,46,49:BK50,2,4,6,8,9,10,11,13,14,15,22,25	13-19	!	deel21:p176
W:W25,31,35,38,39,40,42,43,44,45:B3,5,9,10,12,14,15,24,28,29	39-34	?	deel21:p176
W:W19,23,24,34,35,36,37,38,42,43,45,47,48,49,50:B2,4,5,6,7,8,9,11,12,13,15,16,25,26,27	50-44	?	deel21:p177
B:WK3,27,35,37,38,42,43,45,47,48,49:BK50,2,5,6,7,11,15,16,25,26	16-21	!	deel21:p177
W:W23,24,26,28,29,34,36,37,39,40,43,44:B3,5,8,10,12,13,15,16,17,20,22,25	39-33	?	deel21:p177
B:W23,24,26,28,29,34,36,37,40,43,44:B3,5,8,10,12,13,15,16,17,20,25	17-22	!	deel21:p177
W:W27,31,32,35,36,37,38,42,43,45,48:BK50,2,5,6,8,15,16,17,21,23,26	27-22	!	deel21:p177
B:W27,29,30,33,34,35,36,37,41,42,43,44,46,47,48:B3,6,7,8,9,11,12,13,14,15,16,18,19,23,26	23-28	?	deel21:p178
W:W22,27,30,34,35,36,37,41,42,43,44,46,47,48:B3,6,7,8,9,11,13,14,15,16,19,23,26	30-24	!	deel21:p178
B:W25,26,28,31,33,35,36,38,41,42,46,48:B5,6,7,9,11,12,13,16,17,19,22,27	12-18	?	deel21:p178
W:W23,24,28,29,32,34,36,39,40,42,44,47,48:B2,5,6,8,9,10,12,15,17,20,21,22,25	40-35	?	deel21:p179
W:W23,24,28,29,32,34,36,44,45,49:B3,5,9,10,12,15,20,21,25,26	45-40	?	deel21:p179
W:W25,32,33,35,36,37,38,39,40,41,42,43,44,45,46,48:B3,4,5,6,7,8,10,11,14,15,16,20,21,22,24,26	39-34	?	deel21:p179
B:W15,26,31,33,36,37,38,39,40,41,42,43,44,45,46,47,49:B2,3,4,6,7,8,9,11,12,13,14,17,22,23,25,27,28	12-18	?	deel21:p179
W:W24,29,32,34,36,37,38,39,40,44,45,47,48,49:B2,5,6,8,9,10,11,13,15,16,17,18,23,25	39-33	?	deel21:p179
B:W24,29,32,33,34,36,37,38,40,44,45,47,48,49:B2,5,6,8,9,10,11,13,15,16,17,18,23,25	23-28	!	deel21:p179
W:W28,32,33,34,35,36,37,38,44,45,47,48,49:B2,3,5,6,8,9,10,11,13,14,18,21,24	49-43	?	deel21:p179
W:W30,32,34,36,37,39,40,41,43,44,45,46:B3,6,7,8,9,11,13,15,17,19,23,25,26,29	40-35	!	deel21:p179
W:W23,24,28,29,34,35,38,39,41,42,43,44,46,47,48,49:B2,5,6,7,8,10,11,12,13,14,15,17,18,20,25,27	41-37	?	deel21:p180
B:W23,24,29,32,33,34,35,36,37,38,39,40,42,44,47:B2,3,5,8,10,12,13,15,16,17,18,20,21,25,26	17-22	!	deel21:p180
W:W23,24,29,32,33,34,35,36,37,38,39,40,42,44,47:B2,3,5,8,10,12,13,15,16,18,20,21,22,25,26	33-28	?	deel21:p180
B:W26,31,34,35,36,38,41,43,44,45,46,48:B2,7,9,10,13,14,16,17,22,23,27,28	13-19	?	deel21:p180
W:W26,31,35,36,38,41,43,44,45,46,48:B2,7,9,10,14,16,17,19,22,27,28,34	45-40	!	deel21:p180
W:WK40,26,31,35,36,46:B2,9,10,14,16,19,33	40-34	?	deel21:p180
W:WK40,26,31,35,36,46:B2,9,10,14,16,19,33	40-49	!	deel21:p180
B:W22,28,32,35,36,37,38,39,42,45,46,47,48:B4,5,6,7,9,11,12,13,16,17,21,25,26	12-18	?	deel21:p181
B:WK1,26,30,31,34,35,36,38,46,49:B3,8,9,13,14,15,16,22,23	23-29	!	deel21:p181
B:WK1,23,26,30,31,35,36,38,46,49:B3,8,9,13,14,15,16,22	16-21	!	deel21:p181
W:W31,33,37,41,42,43,46:B7,17,18,22,26,27,35	37-32	!	deel21:p188
W:WK6:BK46,14,22	6x5	!	deel21:p189
W:WK1,25,45,50:B11,22,33,35,39	45-40	!	deel21:p189
W:WK1,25,50:B11,22,33,39,44	1-34	!	deel21:p189
W:W20,27,38,39,41,43,44,45,46,47:B7,9,10,11,15,17,18,23,30,36	27-22	!	deel21:p190
W:W29,39,40,43,47,50:B7,18,23,28,32,37	47-41	!	deel21:p190
W:WK1,50:B25,30,39	50-44	!	deel21:p190
W:WK1:BK50,25,30	1-6	!	deel21:p190
W:WK5,26,45:B27,39	26-21	!	deel21:p190
W:WK32,45:B16,44	45-40	!	deel21:p190
W:W25,29,33,37,39:B10,14,22,26,36	29-24	?	deel22:p9
B:W24,25,33,37,39:B10,14,22,26,36	10-15	?	deel22:p9
B:WK1,22,27,29,32,33,44:B13,16,20,30,35,41	41-47	?	deel22:p10
B:WK1,22,27,29,32,33,44:B13,16,20,30,35,41	41-46	?	deel22:p10
W:WK1,22,27,28,33,39:B14,16,30,35,41	22-17	!	deel22:p10
W:WK1,17,27,28,33,39:B16,19,30,35,41	27-21	!	deel22:p11
W:W22,34,35,37:B7,20,23,24,26	34-30	?	deel22:p12
W:W24,35,37:B7,23,25,26	37-32	?	deel22:p14
B:WK18,37:BK49,11,26,28	49-32	?	deel22:p14
W:WK18,37:BK32,11,26,28	18-1	?	deel22:p14
W:WK18,37:BK32,11,26,28	18-22	!	deel22:p14
W:WK40,37:BK21,11,26,33	37-31	!	deel22:p15
W:WK3,27:BK49,23,24,29,35	3-25	!	deel22:p21
W:WK25:BK16,23,24,29,35	25-30	!	deel22:p21
B:WK3,18,39:B25,29,30,35,45	45-50	?	deel22:p22
B:W24,25,26,28,33,38,42,43:B6,8,13,14,15,17,18,22	17-21	!	deel22:p22
W:W21,25,26,29,33:B6,13,14,22,24,32	29x38	!	deel22:p24
B:W10,16,23,27,28:BK46,9,17	17-21	?	deel22:p25
B:W10,16,23,27,28:BK46,9,17	9-13	?	deel22:p25
W:W10,16,23,27,28:BK46,13,17	16-11	!	deel22:p25
W:W10,16,23,27,28:BK46,13,17	10-5	?	deel22:p25
W:W17,27,33,35,36,38,39:BK48,2,4,16,26	17-11	!	deel22:p25
W:W30,33:B9,23,26	30-24	!	deel22:p25
W:W24,33:B9,23,31	24-19	!	deel22:p25
B:W12,30,36:BK42,9,26,27	42-38	!	deel22:p26
B:W25,29,35,36,38,48:B6,14,15,27,28	28-33	?	deel22:p27
B:W30,35,36,42,43:B6,14,15,27	15-20	!	deel22:p27
W:W24,25,29,34,36,48:B14,15,22,27,32	36-31	!	deel22:p29
W:W48:B41,42	48x46	!	deel22:p29
W:W17,25,30,32,35,36,43:B7,14,19,20,24,33	36-31	?	deel22:p30
W:WK4,14,35,36:B23,29,33,37	35-30	!	deel22:p31
W:WK1,23,48,49:BK50,2,13,17,40	1-6	?	deel22:p31
B:WK8,23,48,49:BK45,2	45x3	!	deel22:p31
B:WK38,43,49:BK28,2,21,27	27-31	!	deel22:p32
W:W19,25,31,35,40:BK47,4,16,17	19-13	?	deel22:p34
W:WK40,25,48:BK47,9,13,14,19,24	40-45	?	deel22:p35
W:W25,27,28,30,32,33,35,37,38:B9,11,14,18,19,23,24,26	27-21	!	deel22:p36
B:W10,24,25,32:B9,11,17,18,36	9-14	!	deel22:p36
B:W22,28,32,33,34,36,38,39,40,41,43,45,46,48:B2,3,7,8,9,10,12,13,14,16,19,21,23,25	12-18	?	deel22:p42
B:W12,25,26,32,39,40,42:B6,13,14,19,24	24-30	!	deel22:p45
W:W26,29,34,38,42:B12,13,19,20,27	38-33	?	deel22:p48
B:W26,29,33,34,42:B12,13,19,20,27	19-24	!	deel22:p48
B:W26,29,30,38,42:B12,13,19,20,27	12-17	?	deel22:p48
B:W23,24,26,29,31,33,34,35,36,37,39,47,49:B2,7,8,11,12,13,14,15,18,20,22,25	13-19	?	deel22:p52
W:W26,29,31,33,34,35,36,37,39,47,49:B2,7,11,12,14,15,18,20,22,25,28	47-42	!	deel22:p52
B:W23,24,26,29,31,33,34,35,36,37,39,42,49:B2,7,8,11,12,13,14,15,18,20,22,25	22-28	!	deel22:p52
W:W24,26,29,30,31,32,33,34,36,37,39,41,49:B2,7,8,13,14,15,16,18,20,22,25	32-27	?	deel22:p53
B:W26,29,31,33,34,35,36,37,38,39,43,47,49:B2,7,11,12,14,15,18,19,20,22,23,25,27	23-28	!	deel22:p53
B:W26,27,32,39,49:B2,9,14,15,18	14-19	!	deel22:p55
B:W24,29,31,32,33,34,36,37,38,39,40,41,43,44,45,46,48,49:B1,2,3,4,7,8,9,10,11,12,13,14,15,16,18,21,23,25	14-20	?	deel22:p60
W:W24,28,29,31,34,35,39,40,41,49:B2,7,8,9,10,15,18,20,21,25	31-27	?	deel22:p62
W:W24,28,29,31,34,35,39,40,41,49:B2,7,8,9,10,15,18,20,21,25	34-30	!	deel22:p62
B:W24,27,28,29,32,34,35,37,39,40,49:B2,8,9,10,12,15,16,17,18,20,25	17-22	?	deel22:p62
W:W24,27,29,32,34,35,37,39,40,49:B2,8,9,10,15,16,18,20,21,25	27-22	!	deel22:p62
B:W24,27,28,29,32,34,35,37,39,40,49:B2,8,9,10,12,15,16,17,18,20,25	8-13	?	deel22:p63
B:W24,27,28,29,32,34,35,37,39,40,49:B2,8,9,10,12,15,16,17,18,20,25	9-13	?	deel22:p63
W:WK32,24,33,35,38:BK36,30,31	32-10	?	deel22:p64
W:WK32,29,35,38:BK36,19,31	32x10	!	deel22:p64
B:W16,19,24,28,29,34,35,37,40:B8,10,13,15,17,20,25,26	25-30	!	deel22:p64
B:WK5,16,19,24,28,29,35,37,40:B8,13,15,17,26	17-21	!	deel22:p64
W:W16,19,24,28,29,33,34,35,38,40:B8,10,12,13,15,20,25,26,27	29-23	!	deel22:p64
W:W16,19,24,28,29,33,34,35,38,40:B8,10,13,15,17,20,22,25,26	16-11	?	deel22:p64
B:W17,19,24,29,33,34,35,38,40:B6,8,10,13,15,20,25,26	10-14	!	deel22:p64
W:WK2,24,29,32,33,34,35,40:BK46,3,6,10,15,20,25	24-19	!	deel22:p65
B:W24,27,28,29,32,34,35,37,39,40,49:B2,8,9,10,12,15,16,17,18,20,25	9-14	?	deel22:p65
B:W16,23,24,34,35,37,40,49:B7,8,9,12,13,15,25,27	27-32	?	deel22:p66
W:W23,24,34,35,40,49:B8,9,15,25,33	49-43	!	deel22:p66
W:W27,32,33,34,35,37,39,40:B2,8,10,13,15,16,18,19,21,25	27-22	!	deel22:p66
B:W12,33,34,37:B11,19,25,27	27-31	!	deel22:p67
B:W21,26,33,34:B19,25	19-24	!	deel22:p67
B:W23,27,28,33,34,41:B2,15,16,19,20,25	19-24	?	deel22:p67
B:W18,27,28,33,34,41:B2,15,16,20,24,25	24-29	!	deel22:p67
B:W22,23,29,34,41:B8,9,20,21,25	20-24	?	deel22:p68
B:W22,23,29,34,41:B8,9,20,21,25	9-13	?	deel22:p68
B:W22,23,37,40:B13,14,20,21	20-24	?	deel22:p69
B:W10,31,37:B18,30	18-22	!	deel22:p69
B:WK4,31,37:B22,30	22-27	!	deel22:p69
B:W17,19,35,37:B13,24,34	24-29	?	deel22:p70
B:WK3,17,35,37:B24,44	24-29	?	deel22:p71
B:WK3,12,31,35:BK28,24	24-30	!	deel22:p71
B:W19,24,27,29,32,34,35,38,39,40:B8,10,12,13,15,16,18,20,21,25	12-17	?	deel22:p74
W:W19,24,27,29,32,34,35,38,39,40:B8,10,13,15,16,17,18,20,21,25	34-30	!	deel22:p74
B:WK21,31,32,36,37,41,42,43,47,48:B16,26	16x49	!	deel22:p76
W:W31,36,37,41,42,47,48:BK49,26	31-27	!	deel22:p76
B:WK21,K32,31,36,37,41,42,43,47,48:B16,26,29	16x49	!	deel22:p76
W:W14,16,26,32,33,35,38,42,44,45:B1,3,5,12,15,17,18,39	35-30	!	deel22:p77
W:W14,16,26,30,38,44,45:BK48,1,3,5,12,15,17,18	16-11	!	deel22:p77
W:W25,26,28,29,32,33,35,36,38,40,41,43,48,50:B3,4,6,8,9,10,12,13,14,15,17,20,21,22	50-44	?	deel22:p78
B:W25,28,32,33,34,35,37,38,39,40,43,47,48,49:B2,3,4,6,7,11,13,14,15,16,17,18,19,23	17-21	?	deel22:p79
W:W25,30,33,34,36,38,39,40,43,48,49:B2,3,4,6,7,11,13,14,15,18,19,27	38-32	?	deel22:p79
W:W25,30,33,34,36,38,39,40,43,48,49:B2,3,4,6,7,11,13,14,15,18,19,27	30-24	!	deel22:p79
W:W25,27,28,32,34,35,36,37,38,40,42,43,45,47,48,49:B2,3,4,6,8,9,11,12,14,15,16,19,23,24,26,29	27-22	!	deel22:p80
B:W22,25,28,32,34,35,36,37,38,40,42,43,45,47,48,49:B2,3,4,6,8,9,11,12,14,15,16,19,23,24,26,29	12-17	?	deel22:p80
B:W26,27,28,30,32,33,34,35,37,38,39,40,41,42,43,45,48:B2,3,4,6,8,9,11,14,15,16,17,18,19,21,23,24,25	4-10	?!	deel22:p81
W:W25,27,28,30,31,32,33,35,38,40,42,43,47,48:B4,5,6,8,12,13,14,15,16,19,20,21,23,24	40-34	?!	deel22:p83
W:W25,32,34,35,38,41,42,43,45,47,48,49:BK50,3,7,8,9,10,14,16,17,20,21,26	43-39	!	deel22:p85
W:W31,32,37,41,42,43,45,46,48,50:B2,5,6,7,8,9,10,11,13,15,16,19,26,28,34	32x1	!	deel22:p85
B:WK21,31,37,41,42,43,45,46,48,50:B2,5,6,10,15,16,26	16x49	!	deel22:p85
B:W25,26,27,30,31,32,35,36,39,40,42,43,47,48,50:B3,5,6,8,9,11,12,13,15,16,17,18,19,23,29	5-10	?!	deel22:p92
W:W25,26,27,30,31,32,35,36,39,40,42,43,47,48,50:B3,6,8,9,10,11,12,13,15,16,17,18,19,23,29	30-24	?	deel22:p92
B:W24,25,26,27,31,32,35,36,39,40,42,43,47,48,50:B3,6,8,9,10,11,12,13,15,16,17,18,19,23,29	29x20	!	deel22:p92
B:W25,27,28,31,32,33,34,36,37,38,39,42,43,44,45,46,47,48:B1,2,3,4,6,8,9,10,11,12,13,14,16,18,19,20,23,26	23-29	!	deel22:p92
B:W15,16,17,36,38,41,42,46,48,50:BK49,2,3,4,6,8,11,12	49x21	!	deel22:p98
W:W26,27,28,31,32,33,34,35,36,38,39,40,43,44,45,46,47,48,49,50:B2,3,4,6,7,8,9,10,11,12,13,14,15,16,17,18,19,20,22,25	46-41	?	deel22:p98
B:W25,28,31,32,33,35,36,37,39,40,42,43,44,45,46,48,49,50:B1,3,4,6,7,8,9,10,11,12,13,14,15,16,18,19,20,26	19-23	!	deel22:p99
W:W25,27,28,33,34,35,41,47:B2,9,12,14,16,17,19,24,26	27-22	?	deel22:p99
W:W24,25,26,30,33,36,38,39,40,42,43,44,46:B4,8,9,11,12,13,14,15,16,17,18,22,27	40-35	!	deel22:p99
B:W24,25,26,30,33,35,36,38,39,42,43,44,46:B4,8,9,11,12,13,14,15,16,17,18,22,27	14-19	?	deel22:p99
W:W24,25,26,30,33,35,36,38,39,42,43,44,46:B8,9,10,11,12,13,14,15,16,17,18,22,27	33-28	!	deel22:p99
W:W23,24,25,26,30,35,36,38,42,43,44,46:B8,9,10,11,12,14,15,16,17,18,22,27	23-19	!	deel22:p99
W:W24,25,26,30,33,36,38,39,40,42,43,44,46:B4,8,9,11,12,13,14,15,17,18,21,22,27	33-28	!	deel22:p99
W:W23,24,27,28,29,32,34,36,38,43,45,47:B2,6,8,12,14,15,16,18,20,21,25,31	38-33	?	deel22:p99
B:W22,29,34,35,40,47:BK46,15,20,25,36	20-24	!	deel22:p100
B:W18,34,35,40,47:BK46,24,25,36	46-32	!	deel22:p100
B:W24,25,31,33,35,37,38,39,41,43,48,49:B3,5,7,8,9,11,12,14,15,16,21,26	12-18	?	deel22:p100
W:W25,29,30,35,36,41,42,48:B4,14,16,18,21,26,27,28	30-24	?	deel22:p100
W:WK5,27,32,33,37,49:BK48,11,12,15,18,26	32-28	!	deel22:p101
B:W27,32,33,34,35,36,37,38,39,40,41,42,43,44,45,47,48,50:B1,2,3,4,6,7,8,11,12,14,15,16,17,18,19,20,23,25	4-9	?	deel22:p102
W:W30,31,32,33,35,36,38,39,40,41,42,43,45,47,48,49:B2,3,4,6,8,9,10,11,12,13,15,16,17,18,20,23	30-25	?	deel22:p102
W:W30,31,32,34,35,36,38,43,45,49:B3,7,8,10,13,15,16,18,21,23	30-25	?	deel22:p102
B:W25,31,32,34,35,36,38,43,45,49:B3,7,8,10,13,15,16,18,21,23	21-26	!	deel22:p102
B:W25,27,32,34,35,36,38,43,45,49:B3,7,8,10,13,15,16,18,23,26	15-20	!	deel22:p102
W:W24,27,30,32,33,34,38,41,47,48,50:B2,13,14,15,16,17,18,19,21,23,26	33-29	?	deel22:p103
B:W24,29,30,34,39,41,47,50:B2,13,14,15,19,26,27	13-18	!	deel22:p103
W:W15,28,29,33,41,42,43,44,47,48:B4,8,12,13,14,16,18,21,26,27	43-38	?	deel22:p103
W:W15,28,29,33,41,42,43,44,47,48:B4,8,12,13,14,16,18,21,26,27	43-39	?!	deel22:p103
B:W15,28,29,33,39,41,42,44,47,48:B4,8,12,13,14,16,18,21,26,27	14-20	?	deel22:p103
W:W28,29,33,39,42,44,47,48:BK46,4,8,12,16,21	29-23	!	deel22:p103
B:W23,24,29,33,34,35,36,39,41,43,44,47:B2,4,9,11,12,13,15,17,18,25,26,27	13-19	?	deel22:p103
W:W27,30,31,32,33,35,36,38,39,42,45:B3,7,9,10,13,17,18,19,20,22,24	30-25	?	deel22:p103
B:W20,25,28,30,36,37,42,43,45,46,47,48:B1,2,3,4,9,13,17,18,19,26,27,31	2-8	?	deel22:p104
B:W24,25,31,32,33,34,36,37,38,39,40,42,43,44,47,49:B2,3,4,6,8,9,10,11,13,15,16,17,18,21,23,26	8-12	?	deel22:p104
B:W21,24,34,38,39,40,41,42,43,44,47,48,49:B2,3,4,6,7,9,12,13,14,15,17,18,26	17-22	!	deel22:p110
W:W16,33,34,38,39,40,42,44,47,48,49:BK18,2,3,4,6,7,9,12,14,15	33-28	!	deel22:p110
W:W16,28,34,38,39,40,42,44,47,48,49:BK36,2,3,4,6,7,9,12,14,15	38-32	!	deel22:p110
W:WK4,25,36,37,38,41,42,43,47,49:B5,11,12,15,16,17,21,24,26	25-20	?	deel22:p111
B:WK5,36,44,47,48,49:B2,4,8,9,11,12,13,16,37	16-21	!	deel22:p111
B:WK4,29,37,38,39,43,44,45,47,48,49:B2,3,5,6,7,8,11,12,14,15,25,30	12-18	!	deel22:p112
W:WK1,25,27,33,35,38,39,43,47,50:BK26,8,9,10,12,14,16,18,20,21,24	35-30	!	deel22:p112
B:W25,27,28,30,32,33,34,35,37,38,39,42,43,47,50:B6,8,9,10,12,13,14,16,17,18,19,20,21,23,24	21-26	?	deel22:p112
W:W28,30,31,32,34,35,37,39,40,42,44,45:B3,7,8,9,10,12,15,16,18,19,24,25,26	28-22	!	deel22:p113
B:W26,27,28,31,32,33,34,35,37,38,40,43,45,48:B2,3,6,10,11,14,15,16,17,18,20,21,24,25	17-22	?	deel22:p114
W:W17,24,25,27,31,32,35,37,40,43,45,48:B2,3,6,10,11,14,15,16,18,20,42	24-19	!	deel22:p114
B:W25,27,28,32,33,35,37,38,39,40,41,42,43,45,47,48,50:B1,3,7,8,9,12,13,14,15,16,17,18,19,20,23,24,26	1-6	?	deel22:p114
B:W25,27,28,32,33,35,36,37,38,39,40,42,45,47,48:B1,2,3,8,9,10,12,13,16,17,18,19,23,24,26	17-22	?!	deel22:p114
W:W25,27,32,33,35,36,37,38,39,40,42,45,47,48:B1,2,3,8,9,10,13,16,18,19,21,23,24,26	37-31	?	deel22:p114
B:WK5,35,36,42,45,47,48:B1,2,3,8,13,16,19,23,27	19-24	!	deel22:p114
W:WK11,27,31,32,33,37,40,45,47:BK50,2,6,8,13,16,18	11-28	!	deel22:p115
W:WK28,27,31,32,33,37,40,45,47:BK50,2,6,12,13,16,18	31-26	!	deel22:p115
B:W22,27,28,30,31,32,33,34,35,37,38,41,42,44,45,48,49:B2,3,4,5,6,8,11,13,15,16,18,19,20,21,23,24,26	5-10	?!	deel22:p116
W:W22,27,28,30,31,32,33,34,35,37,38,41,42,44,45,48,49:B2,3,4,6,8,10,11,13,15,16,18,19,20,21,23,24,26	30-25	?	deel22:p116
B:W22,25,27,28,31,32,33,34,35,37,38,41,42,44,45,48,49:B2,3,4,6,8,10,11,13,15,16,18,19,20,21,23,24,26	4-9	!	deel22:p116
W:W32,33,34,35,36,40,41,48,49:B2,3,4,5,13,21,22,23,26	48-43	?	deel22:p116
B:W28,29,33,35,36,37,38,39,40,41,42,43,44,45,47,48,49,50:B1,2,3,4,5,6,8,9,10,11,12,13,14,15,16,19,20,26	16-21	?	deel22:p116
B:W25,28,30,33,35,39,43,45:B10,14,15,19,20,24,27,41	19-23	?	deel22:p117
W:W19,25,33,35,45:B10,14,15,20,27,34,41	35-30	!	deel22:p117
W:W25,27,28,30,32,35,38,41,43,47,49:B6,11,12,13,14,16,18,19,23,24,26	47-42	?	deel22:p117
W:W24,32,38,39,40,42,47,48,49,50:B1,4,9,12,13,14,18,21,26,31	39-33	?	deel22:p117
B:W25,27,28,32,33,35,37,38,39,40,41,42,43,45,47,48,49,50:B2,3,5,6,8,9,10,12,13,14,15,16,17,18,19,23,24,26	2-7	?	deel22:p117
B:W25,27,32,33,35,37,42,44,48:B8,10,12,15,16,18,21,24,26	24-29	?	deel22:p117
W:W24,25,27,32,35,37,42,44,48:B8,10,15,16,17,18,21,26	27-22	!	deel22:p117
W:W24,33,36,38,39,40,41,42,43,45,48:B2,3,4,6,8,13,14,15,18,22,26,34	39x30	?	deel22:p120
B:W24,30,33,36,38,40,41,42,43,45,48:B2,3,4,6,8,13,14,15,18,22,26	4-9	?	deel22:p120
B:W25,26,33,35,37,38,39,41,43:B6,9,11,13,15,17,19,23,24	13-18	?	deel22:p124
W:W25,28,30,35,36,37,38,42,48:B3,14,16,17,18,19,21,24,26	37-32	?	deel22:p124
B:W25,28,30,32,35,36,38,42,48:B3,14,16,17,18,19,21,24,26	24-29	!	deel22:p124
W:W26,27,30,32,35,36,38,39,45,47:B6,10,12,13,15,16,17,18,23,29	30-25	?	deel22:p124
B:W25,26,27,32,35,36,38,39,45,47:B6,10,12,13,15,16,17,18,23,29	16-21	!	deel22:p124
B:W16,17,22,28,32,35,36,45:B6,24,29,34,44	44-49	?	deel22:p125
W:W16,17,22,28,32,35,36,45:BK49,6,24,29,34	17-11	?	deel22:p125
W:W16,17,22,28,32,35,36,45:BK49,6,24,29,34	22-18	!	deel22:p125
W:W23,32,34,35,36,38,42,43,47,48:B4,6,11,13,14,16,17,21,22,27,31	47-41	?	deel22:p125
W:W22,23,28,29,32,33,35,36,37,38,39,42,43,44,45,47,48,49:B2,3,4,6,7,8,9,10,11,13,14,16,17,19,20,21,24,26,34	39x30	?	deel22:p126
B:W22,23,28,29,30,32,33,35,36,37,38,42,43,44,45,47,48,49:B2,3,4,6,7,8,9,10,11,13,14,16,17,19,20,21,24,26	21-27	!	deel22:p126
W:W11,17,35,36,37,38,42,43,45,47,48,49:BK50,2,3,4,6,9,10,16,20,26,34	43-39	!	deel22:p126
B:W25,27,28,32,33,38,39,40,41,42,45,48:B3,4,6,7,10,11,13,18,19,23,24,26	4-9	?	deel22:p127
W:W28,29,31,33,34,36,38,39,40,41,42,43,44,45,47,48,49:B3,6,7,8,9,10,11,12,13,14,15,16,17,18,19,20,22	29-24	?	deel22:p127
B:W24,28,31,33,34,36,38,39,40,41,42,43,44,45,47,48,49:B3,6,7,8,9,10,11,12,13,14,15,16,17,18,19,20,22	19x30	!	deel22:p127
B:W25,28,31,33,36,38,39,40,41,42,43,44,45,47,48,49:B3,6,7,8,9,10,11,12,13,14,15,16,17,18,20,22	18-23	!	deel22:p127
W:W15,33,34,36,37,40,41,44,45,47:B2,4,10,12,13,14,18,25,26,27	47-42	?	deel22:p127
B:W15,25,28,33,36,40,41,42,44,45:B2,4,10,12,13,14,18,26	14-20	!	deel22:p127
B:W25,29,30,33,36,38,39,43,45,46,48:B4,6,9,10,11,13,14,15,16,20,21,26	13-18	?	deel22:p127
W:W25,26,33,35,36,37,38,39,40,41,43,45,48:B3,4,6,8,9,10,11,12,15,16,17,19,22	38-32	?	deel22:p127
W:W25,26,32,33,35,36,37,39,40,41,43,45,48:B3,4,6,8,9,10,11,12,16,17,19,20,22	25x23	?	deel22:p127
W:W26,33,35,36,37,39,40,41,45,48:BK49,3,4,6,8,9,11,22	35-30	!	deel22:p127
W:W23,25,29,32,33,34,36,38,39,42,43,44,48:B2,3,4,6,8,9,10,13,14,15,16,17,26	33-28	?	deel22:p127
B:W23,25,28,29,32,34,36,38,39,42,43,44,48:B2,3,4,6,8,9,10,13,14,15,16,17,26	26-31	!	deel22:p127
B:W24,25,30,34,35,36,37,38,39,40,41,43,48:B3,8,9,12,13,14,15,16,19,21,26,27,28	28-32	?	deel22:p128
B:W25,28,31,32,33,35,36,38,42,43,48,49:B2,6,7,8,10,12,13,14,19,20,23,24	6-11	?	deel22:p128
W:W25,32,33,35,36,37,38,39,40,41,42,45,48:B3,4,8,9,10,13,14,17,18,19,21,23,24,26	37-31	?	deel22:p128
W:W25,31,33,34,35,37,38,39,41,42,44,45,46,48:B2,4,6,7,8,10,11,13,14,16,18,20,21,24,26	34-30	?	deel22:p129
B:W28,31,33,35,37,38,39,40,42,43,45,46,48:B1,2,3,7,8,13,14,15,18,19,24,25,26	18-23	?	deel22:p129
W:W10,27,28,34,35,36,38,39,42,43,44,45:BK46,3,4,6,7,8,9,11,15,16,25	38-32	?	deel22:p129
W:W25,28,33,34,36,37,38,39,40,42,43,48:B3,8,9,10,11,12,13,14,18,21,24,26	34-29	?	deel22:p129
B:W25,28,29,33,36,37,38,39,40,42,43,48:B3,8,9,10,11,12,13,14,18,21,24,26	14-20	!	deel22:p129
B:W25,31,35,37,43:B10,13,21,22,29	21-27	?	deel22:p129
W:W25,31,35,37,43:B10,13,22,27,29	35-30	!	deel22:p129
B:W25,26,31,32,34,35,36,37,38,40,42,43,45,47,48:B2,3,6,8,9,10,11,12,13,15,16,17,18,23,29	15-20	!	deel22:p129
W:W25,29,31,33,34,37,38,39,40,43,46,47,49:B7,9,10,12,13,15,16,18,19,22,23,27,28	29-24	!	deel22:p135
W:W25,29,34,38,39,40,43,46,49:BK47,7,9,10,12,13,15,16,18,22,23,30,37	29-24	!	deel22:p135
B:W22,27,28,31,32,35,41,42,44,47,48:B9,10,12,14,16,19,20,21,24,29,36	21-26	?	deel22:p136
B:W29,30,32,35,41,47:B10,15,19,20,31	31-37	?	deel22:p136
W:W15,24,29,31,38,39,41:B7,12,14,17,18,20,26	29-23	!	deel22:p136
W:W27,28,31,32,33,35,36,38,40,41,43:B3,6,11,12,16,17,18,19,24,26,29	27-21	!	deel22:p136
B:W21,25,27,31,32,33,35,38,39,43:B10,11,12,14,16,18,19,20,23,24	11-17	?	deel22:p137
W:WK2,35:B6,11,17,19,21,23,25,30,44	2x12	!!	deel22:p138
W:W31,33,37,40,41,44,49,50:B9,10,11,12,18,19,21,22,24,26,28,32,35	50-45	!	deel22:p138
W:W22,27,28,32,33,38,41,43,44,45:B7,8,9,13,16,18,19,20,26,30	27-21	!	deel22:p139
B:W25,26,27,31,32,33,35,36,39,40,42,43,44,45:B3,6,7,9,10,14,15,16,17,18,19,22,23,24	7-12	?	deel22:p140
B:W25,26,27,31,32,33,35,36,39,40,42,43,44,45:B3,6,7,9,10,14,15,16,17,18,19,22,23,24	14-20	!	deel22:p140
B:W13,28,36,39,45:B17,25,27,37	27-31	!	deel22:p146
W:W25,33,34,35,38,39,43,44:BK47,K48,2,4,7,8,9,13,14,15,18,23,24	33-29	!	deel22:p151
B:W25,28,32,33,34,37,38,39,40,42,43,44,47:B2,4,7,8,9,13,14,15,18,21,24,26,31	18-23	!	deel22:p151
W:WK16,6,27,49:B1,14,26,29,30	16-11	!	deel22:p154
W:W23,26,28,29,30,33,34,36,38,39,40,41,45,49:B2,3,6,8,12,13,14,15,16,17,20,21,22,25	36-31	?	deel22:p158
W:W23,24,26,28,29,33,34,36,38,39,40,41,42,45:B2,3,8,10,12,13,14,15,16,17,20,21,22,25	36-31	?	deel22:p158
B:W23,24,26,28,29,31,33,34,38,39,40,41,42,45:B2,3,8,10,12,13,14,15,16,17,20,21,22,25	12-18	!	deel22:p158
B:W18,24,33,34,40,41,42,45,48:B2,3,10,15,20,25	20x36	!	deel22:p158
B:WK3,K4,9,26,28,31,33,34,38,39,40,41,42,45:B2,10,15,16,17,21,22,25	25-30	?	deel22:p159
W:W31,33,34,36,37,38,45:B11,12,18,21,22,25,26	34-29	?	deel22:p161
W:W10,23,27,36,45:B16,21,25,26	27-22	!	deel22:p162
W:W15,19,27,45:B16,35,36	27-21	!	deel22:p163
W:W15,19,45:B27,35,36	19-13	!!	deel22:p163
W:WK5,15,27,45:BK47,16,35	5-32	?	deel22:p163
B:WK32,15,27,45:BK47,16,35	35-40	!	deel22:p163
B:WK32,15,27,34:BK47,16	47-36	!	deel22:p163
B:W24,25,29,31,33,36,37,39,42,45:B3,6,8,9,12,13,14,15,16,26	6-11	?	deel22:p164
W:W24,25,29,31,33,36,37,39,42,45:B3,8,9,11,12,13,14,15,16,26	24-20	!	deel22:p164
W:W15,25,31,33,36,37,39,42,45:B3,8,9,11,13,14,18,21,26	33-28	!	deel22:p164
W:W15,25,28,36,37,39,42,45:B3,8,9,11,13,14,26,27	42-38	!	deel22:p164
W:W25,28,31,33,35,36,37,38,39,40,41,42,43,45,46,48:B2,3,4,7,8,12,13,14,15,16,18,19,20,21,24,26	40-34	?	deel22:p167
B:W25,28,31,33,34,35,36,37,38,40,41,42,43,45,46,48:B2,3,4,7,8,12,13,14,15,16,18,19,20,21,24,26	18-22	?	deel22:p167
B:W22,28,32,33,34,35,36,38,41,42,43,46,48:B2,3,4,8,11,12,13,16,19,20,21,24,26	19-23	?	deel22:p168
B:W22,28,32,33,34,35,36,38,41,42,43,46,48:B2,3,4,8,11,12,13,16,19,20,21,24,26	12-18	?	deel22:p168
B:W22,28,32,33,34,35,36,38,41,42,43,46,48:B2,3,4,8,11,12,13,16,19,20,21,24,26	12-17	?	deel22:p168
B:W28,29,32,33,35,36,37,38,42,43,46,48:B2,3,4,7,8,12,18,19,20,21,24,26	21-27	?	deel22:p168
W:W28,32,33,35,36,38,42,43,46,48:B2,3,4,7,8,19,20,21,23,24,37	42x31	?	deel22:p170
B:W28,31,32,33,35,36,38,43,46,48:B2,3,4,7,8,19,20,21,23,24	21-26	!	deel22:p170
B:W28,31,32,33,35,37,38,41,42,43,48:B2,3,4,8,11,19,20,21,23,24,26	20-25	?	deel22:p170
B:W27,28,31,32,33,36,38,44,48:B2,4,8,13,16,19,21,24,25	8-12	!	deel22:p172
W:W26,27,28,32,33,36,38,44,48:B2,4,13,16,17,19,21,24,25	27-22	?	deel22:p172
W:W22,28,32,33,36,37,38,42,44,48:B2,4,12,13,16,19,21,24,25,26	33-29	?	deel22:p172
B:W22,32,36,37,38,39,42,44,48:B2,4,12,13,16,19,21,25,26	19-23	!	deel22:p172
B:W28,31,33,36,38,42,44,48:B2,4,13,16,19,21,24,25,27	24-30	!	deel22:p173
W:W22,28,33,36,38,42,44,48:B2,4,13,16,19,21,25,34	38-32	?	deel22:p173
B:W22,28,32,33,36,42,44,48:B2,4,13,16,19,21,25,34	34-39	!	deel22:p173
W:W26,31,33,38,42,43,44:B2,4,16,24,34,35	33-29	!	deel22:p173
W:W12,13,26,42:BK27,2,4,16	12-8	?	deel22:p173
B:W22,28,32,33,36,37,38,40,42,48:B2,4,12,13,16,19,21,24,25,26	24-29	?	deel22:p173
W:W22,28,32,35,36,37,38,42,48:B2,4,12,13,16,21,25,26,34	22-18	!	deel22:p173
B:W28,31,33,36,38,42,44,48:B2,4,13,16,19,21,25,27,30	19-24	!	deel22:p173
B:W22,28,33,36,38,42,44,48:B2,4,13,16,21,24,25,30	24-29	!	deel22:p173
B:W22,28,33,36,38,41,42,44,48:B2,4,12,13,16,19,21,25,30	12-18	!	deel22:p174
B:WK1,33,38:BK50,2,19,27	50x22	!	deel22:p176
B:W22,28,33,36,37,38,44:B2,13,16,19,21,29,30	19-24	?	deel22:p176
B:W22,28,33,36,38,42,44,48:B2,4,13,16,19,21,25,34	34-39	?	deel22:p176
B:W22,28,32,33,36,38,44:B2,13,16,19,21,30,34	21-26	!	deel22:p177
B:W22,28,32,33,36,49:B2,13,16,19,26,30	30-34	!	deel22:p177
B:W22,28,32,33,36,38,44:B2,13,16,19,21,30,34	21-27	!	deel22:p177
W:W23,26,32,36,38:BK49,2,13,16,35	23-18	!	deel22:p177
B:W23,27,31,33,36,39:BK50,2,13,16,35	13-18	!	deel22:p178
W:W20,27,30,47:BK49,9,17,36	20-14	?	deel22:p180
B:W25,28,31,32,34,35,37,38,40,41,42,43,45,47,48,49:B2,3,4,6,8,9,12,13,14,15,17,18,19,23,24,26	17-21	?!	deel23:p14
W:W25,28,31,32,34,35,37,38,40,41,42,43,45,47,48,49:B2,3,4,6,8,9,12,13,14,15,18,19,21,23,24,26	31-27	?	deel23:p14
B:W25,27,28,32,34,35,37,38,40,41,42,43,45,47,48,49:B2,3,4,6,8,9,12,13,14,15,18,19,21,23,24,26	26-31	!	deel23:p14
W:W22,25,27,32,36,37,38,42,43,44,49:B3,6,8,9,10,13,14,16,18,19,26,34,35	43-39	!	deel23:p14
B:W27,30,32,33,35,37,38,42,43,44,45,46,48:B2,3,4,5,7,12,16,18,19,20,21,23,24	5-10	?!	deel23:p14
W:W28,32,33,34,35,37,40,41,43,45,47,48,50:B2,3,6,8,9,11,13,14,15,16,18,19,23,26	35-30	?	deel23:p14
B:W18,25,28,31,32,33,35,37,39,43:B8,10,11,14,15,16,17,19,24,26	17-21	?	deel23:p15
W:W16,26,32,33,34,35,37,39,40,42,43,44,45,48:B2,6,7,9,12,13,14,15,17,18,19,22,23,25	33-28	?	deel23:p15
B:W16,26,28,32,34,35,37,40,42,43,44,45,48:B2,6,7,9,12,13,14,15,17,18,19,23,25	15-20	!	deel23:p15
B:W27,28,31,32,33,34,35,36,37,38,39,40,43,45:B3,5,6,8,11,12,13,15,16,18,19,20,23,24	5-10	?	deel23:p15
W:W27,28,31,32,33,34,35,36,37,38,39,40,43,45:B3,6,8,10,11,12,13,15,16,18,19,20,23,24	27-22	!	deel23:p15
B:W27,28,32,34,35,37,38,40,42,43,45,47,48,49,50:B2,3,5,7,8,9,13,15,16,18,19,20,21,23,26	5-10	?	deel23:p16
B:W25,26,28,29,32,33,36,37,38,39,43,44,47,48,49,50:B2,3,4,6,7,8,9,11,12,13,14,16,18,19,21,35	4-10	?	deel23:p16
B:W26,34,35,36,37,38,40,41,45,47:B2,6,7,13,17,18,19,24,27	17-22	?	deel23:p16
B:W27,28,32,33,35,37,38,42,43,44,45,48:B2,3,6,7,9,12,13,15,19,23,24,26	3-8	?	deel23:p16
B:W27,28,32,33,35,37,38,42,43,44,45,48:B2,3,6,7,9,12,13,15,19,23,24,26	12-18	?	deel23:p17
B:W25,27,32,33,34,36,37,38,40,42,45,46,47,48,49:B1,2,7,8,10,12,13,14,15,16,17,18,21,23,26	13-19	?	deel23:p17
W:W25,27,32,33,34,36,37,38,40,42,45,46,47,48,49:B1,2,7,8,10,12,14,15,16,17,18,19,21,23,26	25-20	!	deel23:p17
W:W16,25,26,33,34,37:B7,23,24,27	25-20	!	deel23:p17
W:W16,26,33,34,37:B7,15,23,27	26-21	!	deel23:p17
W:W16,26,29,33,34,35,37,38,39,40,41,42,43,44,45,48,49,50:B2,4,5,6,7,8,9,11,12,13,14,15,17,18,19,20,23,24	38-32	?	deel23:p17
B:W25,27,28,32,34,35,36,37,39:B4,13,16,17,18,19,23,24,26	4-10	?!	deel23:p18
W:W25,27,28,32,34,35,36,37,39:B10,13,16,17,18,19,23,24,26	25-20	?	deel23:p18
B:W27,28,30,32,35,36,37,38,39,40,42,43,45,47,48,49:B2,3,4,6,8,9,10,11,12,13,15,16,18,19,23,26	15-20	?	deel23:p18
B:W27,28,30,32,35,36,37,38,39,40,42,43,45,47,48,49:B2,3,4,6,8,9,10,11,12,13,15,16,18,19,23,26	12-17	?	deel23:p18
W:WK5,30,35,36,38,39,40,42,43,45,47,48,49:BK46,2,3,4,6,8,9,11,13,15,26	40-34	!	deel23:p18
W:W25,28,31,32,38,39,40,42,45:B1,6,8,14,18,19,20,21,23	31-27	?	deel23:p18
B:W25,27,28,32,38,39,40,42,45:B1,6,8,14,18,19,20,21,23	20-24	!	deel23:p18
B:W21,23,29,34,36,39,40,44:B4,9,12,13,25,30,32	32-38	?	deel23:p18
W:W21,23,29,34,36,39,40,44:B4,9,12,13,25,30,38	21-17	!	deel23:p18
W:W27,28,30,31,32,33,35,36,37,38,40,42,43,44,45,48,50:B2,3,6,7,9,10,11,12,13,15,16,18,19,20,23,24,26	27-22	!	deel23:p18
B:W25,27,28,30,32,34,35,36,37,38,41,42,43,48:B1,3,6,7,8,9,13,14,16,18,19,21,23,26	26-31	?	deel23:p18
W:W21,25,26,27,28,32,38,39,40,44,45,48:B2,8,12,13,14,15,16,17,18,19,23,24	39-33	?	deel23:p18
B:W21,25,26,27,28,32,33,38,40,44,45,48:B2,8,12,13,14,15,16,17,18,19,23,24	17-22	!	deel23:p18
W:W25,26,28,30,31,33,34,35,36,38,42,43,44,47,48,49,50:B2,3,6,8,9,10,12,13,14,15,16,17,19,22,23,24,27	44-40	!	deel23:p19
W:W26,29,30,31,33,34,35,36,37,39,41,42,43,44,47,49,50:B2,4,5,6,7,8,11,12,13,15,17,18,19,20,22,23,27	30-25	?	deel23:p19
B:W25,26,29,31,33,34,35,36,37,39,41,42,43,44,47,49,50:B2,4,5,6,7,8,11,12,13,15,17,18,19,20,22,23,27	4-10	!	deel23:p19
B:W22,25,28,32,33,34,36,37,38,39,40,43,44,45,47,48,49:B2,3,4,6,7,8,9,10,11,12,14,15,16,19,21,23,24	12-17	?	deel23:p19
B:W22,25,28,32,33,34,36,37,38,39,40,43,44,45,47,48,49:B2,3,4,6,7,8,9,10,11,12,14,15,16,19,21,23,24	21-26	?	deel23:p19
B:W22,25,28,32,33,34,36,37,38,39,40,43,44,45,47,48,49:B2,3,4,6,7,8,9,10,11,12,14,15,16,19,21,23,24	12-18	?	deel23:p19
B:W22,25,28,32,33,34,36,37,38,39,40,43,44,45,47,48,49:B2,3,4,6,7,8,9,10,11,12,14,15,16,19,21,23,24	11-17	?	deel23:p19
B:W27,28,32,34,35,37,38,40,45:B8,13,16,18,19,23,24,25,26	24-30	?	deel23:p19
B:W27,28,32,34,35,37,38,40,45:B8,13,16,18,19,23,24,25,26	24-29	?	deel23:p19
B:W27,28,32,33,34,40,41,43,44,45,48,49:B5,7,8,9,13,14,16,18,19,21,23,25	21-26	?	deel23:p20
B:WK3,40,41,42,43,44,45,49:B5,7,9,13,14,19,25,26,32	32-37	!	deel23:p20
B:W26,27,31,32,33,34,35,36,37,38,39,40,43,44,45,49:B3,6,7,8,9,11,13,14,15,16,17,18,19,21,23,25	14-20	?	deel23:p20
W:W25,27,32,33,34,37,38,39,42,44,45,47,48,49:B3,4,6,7,8,9,11,13,16,17,18,21,30,35	25-20	?	deel23:p20
W:W25,27,28,30,31,32,33,35,36,37,38,40,42,43,46,48:B2,3,6,8,9,10,11,13,14,16,17,19,23,24,26,29	40-34	!	deel23:p20
B:W24,29,34,36,37,38,39,40,42,45,49:B2,8,9,12,13,15,17,20,22,25,28	22-27	?	deel23:p21
W:W34,36,39,40,43,45:BK29,2,8,9,12,15,19,20,22,24,25	34x3	!	deel23:p21
W:W15,23,24,26,29,30,33,34,36,37,39,40,49:B4,9,11,12,13,14,17,18,20,22,25,27	37-32	?	deel23:p21
B:W27,32,33,34,35,37,38,40,42,43,45,48:B2,3,4,7,8,9,12,14,18,23,25,26	12-17	?	deel23:p21
W:W25,26,27,28,32,33,35,36,37,38,39,40,41,42,43,45,48,50:B3,6,7,8,9,10,11,13,14,15,16,17,18,19,20,21,23,24	35-30	!	deel23:p21
B:W27,28,30,31,32,33,35,36,37,38,40,42,43,44,45,48,50:B2,3,6,7,9,10,11,12,13,15,16,18,19,20,23,24,26	20-25	?	deel23:p21
W:W15,22,25,27,32,33,37,38,41,42,43,45,49:B2,3,4,7,12,13,14,16,18,19,21,24,26	22-17	?	deel23:p22
B:W27,28,31,34,35,37,38,41,43,45,49:B2,6,7,9,11,13,15,16,18,19,26	11-17	?	deel23:p22
W:W16,25,28,31,32,33,35,36,38,40,41,42,43,44,45,48,49:B2,3,6,7,8,9,11,12,13,14,15,17,19,20,22,24,29	31-27	?	deel23:p22
B:W16,25,27,28,32,33,35,38,40,41,42,43,44,45,48,49:B2,3,6,7,8,9,11,12,13,14,15,17,19,20,24,29	24-30	!	deel23:p22
W:W28,29,32,33,34,35,37,38,40,41,43,44,45,47,48:B1,2,3,8,9,12,13,14,15,16,18,20,24,25,26	28-23	?	deel23:p22
W:W25,29,30,33,35,36,37,38,43,48:B3,8,9,11,13,14,15,18,22,27	37-31	!	deel23:p24
W:W25,29,30,31,33,35,36,38,43,48:B3,8,9,13,14,15,16,18,22,27	48-42	!	deel23:p24
B:W25,26,27,29,31,32,36,37,38,39,42,43,44,45,49:B3,6,7,8,9,11,12,13,14,15,16,17,18,19,22	19-23	?	deel23:p25
B:W27,32,34,35,36,37,38,39,40,41,42,43,45,46,47,48,49,50:B1,2,3,4,6,7,8,9,10,11,12,13,15,16,18,20,21,23	10-14	?	deel23:p25
W:W39,42,43,45,46,47,48,49,50:B1,2,6,7,9,10,11,15,16,18,28,38	42x4	!	deel23:p26
B:W26,28,31,32,35,43,45:B13,16,17,24,25,29,34	34-40	!?	deel23:p26
B:W26,27,28,31,35,43,45:B16,17,18,24,25,29,34	17-22	!	deel23:p27
W:W26,28,31:BK49,24,34	28-23	!	deel23:p27
B:W27,28,32,33,34,35,36,37,38,39,40,42,43,45,47,48,50:B1,3,5,8,9,11,12,13,15,16,18,19,21,23,24,25,26	1-6	?	deel23:p28
B:W27,28,32,33,34,35,36,37,38,39,40,42,43,45,47,48,50:B1,3,5,8,9,11,12,13,15,16,18,19,21,23,24,25,26	11-17	?	deel23:p28
B:W27,28,32,33,34,35,36,37,38,39,40,42,43,45,47,48,50:B1,3,5,8,9,11,12,13,15,16,18,19,21,23,24,25,26	24-30	?	deel23:p28
B:W27,28,32,33,34,35,36,37,38,39,40,42,43,45,47,48,50:B1,3,5,8,9,11,12,13,15,16,18,19,21,23,24,25,26	5-10	?	deel23:p28
B:W27,28,32,33,34,35,36,37,38,39,40,42,43,45,47,48,50:B1,3,5,8,9,11,12,13,15,16,18,19,21,23,24,25,26	1-7	?	deel23:p28
B:W25,28,31,32,33,34,35,36,38,39,42,43,44,45,46,47,48,49:B2,3,4,5,6,7,8,9,12,13,14,15,16,17,18,21,22,24	7-11	?	deel23:p29
W:W19,29,35,38,39,42,43,44,47,48,49:B1,2,7,8,9,10,15,16,18,22,28,36	47-41	!	deel23:p30
W:W19,29,33,35,39,43,44,48,49:BK38,1,2,7,8,9,10,15,16,18,22,28	43x5	!	deel23:p30
W:W24,25,29,37,39,42,47,48,49:B2,3,10,15,16,17,26,36	47-41	!	deel23:p31
W:W24,25,27,31,33,36,37,38,39:B6,9,10,14,15,16,18,22,26	25-20	!	deel23:p31
W:W27,28,30,32,33,34,35,36,37,38,42,43,45,47,48,50:B1,2,7,8,9,10,12,13,14,17,18,19,23,24,25,26	34-29	?	deel23:p32
W:W27,28,30,32,33,34,35,36,37,38,42,43,45,47,48,50:B1,2,7,8,9,10,12,13,14,17,18,19,23,24,25,26	50-44	?	deel23:p32
W:W27,28,32,33,35,36,37,38,41,42,43,44,45,48:B1,2,7,8,9,10,12,13,14,17,19,24,26,29,34	44-39	?	deel23:p32
B:W27,28,32,33,35,36,37,38,39,41,42,43,45,48:B1,2,7,8,9,10,12,13,14,17,19,24,26,29,34	34-40	!	deel23:p32
B:W27,28,31,32,33,35,36,38,39,42,45,50:B1,2,7,8,9,10,12,13,14,17,19,24,29	7-11	!	deel23:p32
W:W27,28,31,32,33,35,36,38,39,42,45,50:B1,2,8,9,10,11,12,13,14,17,19,24,29	42-37	?	deel23:p32
B:W24,27,28,31,32,35,36,37,38,39,45,50:B1,2,8,9,10,11,12,13,14,17,19,30	17-21	!	deel23:p32
W:W23,24,27,28,29,31,40:B12,13,14,15,17,18,25	31-26	?	deel23:p32
B:W23,24,26,27,28,29,40:B12,13,14,15,17,18,25	25-30	!	deel23:p32
B:W23,26,27,28,29,35,40:B12,13,14,15,17,18	18-22	!	deel23:p32
W:W16,21,24,28,29,31,34:B13,15,19,25	24-20	!	deel23:p32
B:W25,27,28,30,32,33,35,38,39,40,45:B3,6,9,12,14,15,18,19,23,24,26	9-13	?	deel23:p33
W:W25,27,28,30,32,33,35,38,39,40,45:B3,9,11,12,14,15,18,19,23,24,26	27-21	!	deel23:p33
W:W25,27,28,30,32,33,35,38,39,40,45:B3,6,9,12,14,15,18,19,24,26,29	40-34	!	deel23:p33
B:W10,21,26,31,35,36,42:B6,7,8,11,12,17,18,19,25	19-23	!!	deel23:p34
W:W10,21,26,31,35,36,42:B6,7,8,11,12,17,18,23,25	10-4	?	deel23:p34
B:WK4,21,26,31,35,36,42:B6,7,8,11,12,17,18,23,25	18-22	!	deel23:p34
B:WK4,21,26,31,35,36,38:B6,7,8,11,12,17,18,25,29	18-22	!	deel23:p34
B:W27,28,29,31,35,37,38,41,43,45,49:B2,6,7,9,11,13,15,16,18,19,26	18-23	?	deel23:p35
B:W25,28,29,30,32,33,35,36,37,38,39,40,42,43,45,48,49:B2,3,6,7,8,9,10,12,13,14,15,16,17,18,19,24,26	17-22	?	deel23:p35
W:W26,28,33,34,35,36,37,38,40,41,42,43,45,47,48,49,50:B2,3,4,5,6,7,8,11,12,14,15,17,18,19,22,25,27	34-29	?	deel23:p45
W:W16,25,26,34,35,37,38,39,42,48:B2,7,8,12,14,17,18,19,24,28	38-33	?	deel23:p45
B:W23,27,28,34,35,36,37,38,40,45,47,49,50:B1,2,3,5,6,8,10,13,15,17,20,24	24-29	?	deel23:p45
B:W25,26,33,34,36,37,39,40,41,42,43,44,45,47,48,49:B1,2,4,6,7,8,9,10,11,12,13,14,15,19,22,27	12-18	?	deel23:p46
B:W16,29,32,34,35,36,39,40,41,42,43,44,45,46,48,49:B2,3,4,6,7,8,9,12,13,14,15,18,19,20,22,23	12-17	?	deel23:p46
W:W25,26,34,37,38,42,45,47:B4,6,11,13,14,16,24,28	34-29	?	deel23:p46
B:W22,28,32,34,36,38,43,44,45,49:B6,9,11,12,13,15,16,19,21,23	12-18	?	deel23:p46
B:W22,28,32,33,34,36,43,44,45,49:B6,9,11,12,13,16,19,20,21,23	12-18	?	deel23:p46
W:W25,33,36,37,38,42,43,44,45,47:B8,11,12,13,14,16,19,21,23,24	44-40	?	deel23:p46
W:W22,28,30,32,33,34,35,36,37,38,39,42,43,46,48,49,50:B2,3,4,5,6,7,8,9,11,13,15,16,17,19,20,23,26	33-29	?	deel23:p46
B:W15,25,26,28,32,33,39,43,44,50:B4,9,11,12,13,14,17,21,22,45	11-16	?	deel23:p46
W:W27,28,32,33,34,37,38,39,40,44,45,47,48:B6,9,11,12,13,14,15,16,19,20,25,26,35	48-43	?	deel23:p46
B:W27,28,32,33,34,37,38,39,40,43,44,45,47:B6,9,11,12,13,14,15,16,19,20,25,26,35	19-23	!	deel23:p46
W:W10,33,36,40,44,46,48:B2,3,8,13,16,21,23,27,37	10-4	?	deel23:p47
B:W25,32,33,34,35,36,37,38,39,41,42,43,44,45,46,47,48,49,50:B2,3,4,5,6,7,8,9,10,11,12,13,14,15,16,17,18,20,23	20-24	?	deel23:p47
W:W16,28,33,34,35,37,38,39,41,42,43,48:B6,7,8,9,10,12,13,14,17,18,19,20	34-30	?	deel23:p47
W:W16,28,33,34,35,37,38,39,41,42,43,48:B6,7,8,9,10,12,13,14,17,18,19,20	34-29	?	deel23:p47
B:W15,25,32,35,36,37,38,39,40,42,43,45,47,48,49,50:B2,3,4,5,6,8,9,10,11,12,13,14,16,19,26	19-23	?	deel23:p47
W:W25,30,31,35,37,41,43,48:B3,11,13,14,15,16,17,18	30-24	?	deel23:p47
W:W28,32,34,35,36,38,41,42,43,44,45,47,48,49,50:B2,3,4,5,6,7,8,11,13,14,16,18,19,21,23	44-39	?	deel23:p47
W:W16,32,34,35,45,48:BK47,7,10,33	32-28	!	deel23:p48
W:W27,32,35,37,40,45:B2,10,26,43	27-22	!	deel23:p48
B:W25,32,33,34,35,36,37,38,40,43,45,48,49:B1,3,5,10,11,13,14,15,19,21,22,27	1-6	?	deel23:p48
W:W17,28,30,32,35,38,40,43,44,45,49:B3,5,7,8,13,15,16,19,20,24,36	30-25	?	deel23:p48
B:W27,28,32,34,35,36,37,38,40,42,45:B2,4,6,12,13,15,16,18,21,24,25	15-20	?	deel23:p48
W:W29,32,33,34,35,36,38,40,42,44,45,47,48,49,50:B1,2,3,4,6,8,10,13,14,15,16,20,22,24,25	32-28	?	deel23:p48
B:W28,30,32,33,36,37,43,44,48,49:B7,9,11,12,13,15,17,19,20,23	20-24	?	deel23:p48
B:W28,30,32,33,36,37,43,44,48,49:B7,9,11,12,13,15,17,19,20,23	20-25	?	deel23:p48
W:W32,33,36,37,43,44,48,49:B3,7,9,11,15,17,25,30	44-40	!	deel23:p48
W:W25,27,28,30,31,32,33,35,36,37,38,40,42,43,45,48,49,50:B1,3,4,6,8,9,11,13,14,15,16,17,18,19,21,23,24,26	27-22	?	deel23:p49
B:W25,27,30,31,33,36,37,38,40,41,43,45,48:B7,8,9,10,11,12,14,15,16,17,18,22,23	23-28	?	deel23:p49
B:W24,26,29,35,40,42,43,47,48:B2,10,12,13,14,16,17,21,25	17-22	!	deel23:p49
B:W23,24,29,31,33,34,35,36,38,43,47,48:B2,3,4,10,11,12,13,15,17,18,22,25,27	10-14	?	deel23:p49
W:W26,27,30,31,32,34,36,38,39,40,45,47:B6,8,9,10,11,12,13,16,18,22,23,29	39-33	?	deel23:p49
B:W26,27,30,31,32,33,34,36,38,40,45,47:B6,8,9,10,11,12,13,16,18,22,23,29	16-21	!	deel23:p49
B:W26,28,29,31,32,33,34,35,37,38,39,40,41,42,43,47,50:B2,3,4,6,7,8,11,12,13,15,16,17,19,20,22,24,25	3-9	?	deel23:p49
W:W16,25,29,32,35,37,40,42,48:B2,4,6,8,14,15,18,22,26	35-30	?	deel23:p49
W:W26,29,33,35,36,37,38,39,42,43,44,45,48,49:B2,6,7,8,9,10,11,12,13,15,17,20,25,27	45-40	?	deel23:p49
B:W17,25,27,31,32,35,36,37,38,39,43,44,45:B2,6,7,8,9,14,15,16,19,23,24,26,29	7-11	?	deel23:p49
B:W17,25,27,31,32,35,36,37,38,39,43,44,45:B2,6,7,8,9,14,15,16,19,23,24,26,29	9-13	?	deel23:p49
W:W27,34,35,36,38,39,40,41,42,43,45,46,47,48:B2,3,4,6,7,8,11,12,13,16,18,19,22,23,25	38-33	?	deel23:p49
B:W26,27,31,32,35,36,38,39,40,42,43,45,48:B3,6,7,8,9,11,12,13,14,16,17,18,22	13-19	?	deel23:p50
B:W27,33,34,35,42,43,45,48:B6,7,8,11,12,14,16,24	8-13	?	deel23:p50
B:W22,33,34,35,42,43,45,48:B6,7,11,12,13,14,16,24	11-17	!	deel23:p50
B:W24,26,29,33,34,35,36,37,38,39,41,42,43,44,45,47,48,49:B2,4,5,6,7,8,9,10,11,12,13,15,16,17,18,22,23,25	10-14	?	deel23:p50
W:W20,30,36,37,38,42,43,48:B4,7,13,17,18,22,27,28	20-14	?	deel23:p50
B:W13,27,34,37,38,39,40,43,44,45:B1,3,10,11,14,15,16,24,25,35	14-19	?	deel23:p51
W:W26,29,32,33,34,35,39,40,41,42,43,47,48,49:B3,6,7,8,9,10,12,13,15,16,18,20,22,24	49-44	?	deel23:p51
W:W15,33,34,36,37,38,39,43,44,45,47:B4,6,8,9,12,13,14,18,25,26,27	37-32	?	deel23:p61
B:W15,32,33,34,36,38,39,43,44,45,47:B4,6,8,9,12,13,14,18,25,26,27	26-31	!	deel23:p61
W:W15,33,34,36,37,38,39,43,44,45,47:B4,6,8,9,12,13,14,18,25,26,27	33-28	?	deel23:p61
B:W25,26,27,29,31,32,34,36,38,39,41,42,43,45,48,49:B3,4,6,7,8,9,10,11,12,13,14,16,17,18,23,30	14-20	!	deel23:p61
B:W27,28,29,33,34,35,37,39,40,41,44,45:B9,11,12,13,14,15,16,17,19,20,24,25	17-21	?	deel23:p61
B:W22,32,34,35,36,37,38,40,42,43,45,47,48:B2,10,13,14,15,16,18,19,20,21,24,26,27	24-29	!	deel23:p62
W:W22,28,32,35,36,38,39,44,45,47,48:B5,8,13,14,15,16,18,19,21,29	45-40	!	deel23:p63
W:W26,27,32,33,38,39,43,45:B7,9,12,13,14,15,16,17,24	32-28	?	deel23:p63
W:W25,30,31,33,35,36,37,38,39,45:B6,9,10,14,17,19,22,24,26,28	45-40	?	deel23:p63
W:W25,30,31,33,35,36,37,38,39,45:B6,9,10,14,17,19,22,24,26,28	37-32	?	deel23:p63
B:W26,27,31,32,34,35,36,37,38,39,40,41,43,48:B6,7,8,9,11,12,13,16,17,18,21,23,24,29	9-14	?	deel23:p63
W:W16,28,31,33,35,38,42,43,44:B3,7,8,12,15,17,18,22,24	44-40	?	deel23:p63
B:W21,22,27,34,35,39,40,41,45:B6,11,13,15,16,19,23,24,25	24-29	?	deel23:p64
B:W21,22,27,34,35,39,40,41,45:B6,11,13,15,16,19,23,24,25	13-18	?	deel23:p64
B:W21,22,27,34,35,39,40,41,45:B6,11,13,15,16,19,23,24,25	11-17	!	deel23:p64
B:W12,22,27,34,35,39,40,41,45:B6,13,15,16,19,23,24,25	6-11	!	deel23:p64
B:W22,27,28,29,32,36,37,39,40,42,44,47,48:B2,4,6,7,8,9,11,13,17,18,20,26,35	20-24	!	deel23:p64
W:W25,26,27,28,32,33,36,38,39,43,44,45,48:B3,6,8,9,11,12,13,14,16,18,19,23,24	44-40	?	deel23:p64
B:W25,26,27,28,32,33,36,38,39,40,43,45,48:B3,6,8,9,11,12,13,14,16,18,19,23,24	24-29	!	deel23:p64
B:W10,25,26,27,32,36,38,39,40,43,45,48:B3,6,8,9,11,12,13,16,18,30	30-34	!	deel23:p64
W:W23,24,28,29,33,34,37,38,39,40,43,45,48:B2,8,10,12,13,14,15,17,18,20,25,26,27	34-30	?	deel23:p64
W:W27,32,34,35,36,37,38,39,40,41,42,43,45,46,47,48,49,50:B1,2,3,4,6,7,8,9,11,12,13,14,15,16,18,20,21,23	27-22	!	deel23:p64
W:W19,35,38,39,40,41,42,43,45,46,47,48,49,50:B1,2,6,7,8,9,10,11,12,15,16,20,36	35-30	!	deel23:p65
W:W39,42,43,45,46,47,48,49,50:B1,2,6,7,9,10,11,15,16,18,27,37	42x4	!	deel23:p65
W:W26,27,34,35,38,41,42,43,45,47,48:B3,6,8,12,13,16,17,18,20,23,24	26-21	?	deel23:p65
W:W26,27,28,30,31,32,34,35,36,38,42,43,45,48,49:B1,3,6,9,12,13,14,15,16,17,18,19,23,24	42-37	?	deel23:p65
W:W25,26,27,30,35,36,37,39,40,41,42,43,45,49:B3,6,8,9,11,13,14,15,16,17,18,19,23,24	37-31	?	deel23:p65
B:W21,27,33,35,36,38,39,40,45,50:B3,6,9,12,13,15,19,20,23,24	9-14	?	deel23:p66
B:W9,33,35,36,45,50:B3,6,14,15,19,20,24	24-30	!	deel23:p66
W:W34,35,36,38,39,42,43,44:B12,14,18,19,21,22,24,28	38-32	!	deel23:p66
W:W22,25,30,32,33,35,38,39,42,43:B3,6,14,15,16,19,21,23,24,36	22-17	!	deel23:p66
W:W25,27,29,31,33,36,38,39,41,42,43,44,45,46,48:B1,2,3,5,7,8,9,12,13,14,15,16,17,18,22	45-40	?	deel23:p67
W:W24,29,32,33,37,39,40,47,48,49:B2,6,8,13,14,15,17,20,21,25	33-28	?	deel23:p67
W:W28,35,37,40,47,48,49:B2,6,13,25,44	40-34	!	deel23:p67
B:W24,27,31,34,36,38,39,40,41,42,43,44,47:B2,3,6,8,11,13,14,15,16,17,18,22,25	17-21	?	deel23:p67
B:W23,27,33,36,37,38,40,42,43,44,46:B2,6,7,11,13,14,15,16,20,25,26	20-24	?	deel23:p67
B:W22,28,32,33,36,37,38,39,40,42,43,44,45,47,48:B1,2,3,8,9,11,13,15,16,19,20,21,23,24,26	9-14	?	deel23:p68
B:W16,26,27,35,39,40,41,43,44,45:B4,5,7,8,9,15,17,18,23,25	8-12	?	deel23:p68
B:W27,28,34,35,36,38,39,40,41,43,45:B8,9,12,13,15,16,18,19,20,24,25	18-22	?	deel23:p69
B:W23,24,26,29,38,39,40,41,47:B4,6,12,13,14,15,17,27,36	15-20	?	deel23:p69
B:W23,24,26,29,38,39,40,41,47:B4,6,12,13,14,15,17,27,36	17-22	?	deel23:p69
W:W15,29,34,37,38,39,47:B4,6,12,14,16,22,28,36	38-32	!	deel23:p69
B:WK4,23,26,29,34,38,39,41,47:B11,12,13,14,17,27,36	14-19	!	deel23:p69
B:WK32,23,26,29,34,38,39,41,47:B17,19,36	19x46	!	deel23:p69
W:W26,31,33,34,36,38,39,40,41,43,47,48,49:B2,3,5,6,9,11,12,17,19,22,23,27,28	33-29	!	deel23:p70
B:W25,27,28,31,32,35,36,38,39,40,42,43,44,45,48:B2,5,6,9,10,11,13,15,16,17,18,19,21,23,29	18-22	?	deel23:p71
B:W25,28,31,32,35,36,38,40,42,43,44,45,48:B2,5,6,9,10,11,15,16,17,19,21,23,29	15-20	!	deel23:p71
W:W25,30,31,32,35,36,40,42,43,44,45,48:B2,5,6,9,10,11,15,16,17,19,21,33	43-39	?	deel23:p71
B:W25,30,31,32,35,36,39,40,42,44,45,48:B2,5,6,9,10,11,15,16,17,19,21,33	19-23	!	deel23:p71
W:W25,30,31,32,35,36,40,42,43,44,45,48:B2,5,6,9,10,11,15,16,17,19,21,33	43-38	?	deel23:p71
B:W25,30,31,32,35,36,38,40,42,44,45,48:B2,5,6,9,10,11,15,16,17,19,21,33	19-23	!	deel23:p71
B:W22,26,28,31,32,33,34,37,39,43,45,48:B2,3,6,8,11,13,14,15,16,17,25,35	25-30	?	deel23:p72
B:W15,28,29,32,33,37,39,40,46:B4,8,9,12,14,17,19,21,22	21-27	!	deel23:p72
W:W17,24,27,31,32,37,39,40,43:B6,8,13,15,16,18,20,23,25	39-34	?	deel23:p74
B:W27,28,31,34,37,40,43:B8,13,15,16,17,18,23,25,29	23x21	!	deel23:p74
W:W24,27,29,30,32,33,34,37,38,39,42,43,48,50:B1,3,4,8,10,13,15,16,18,21,22,23,25,26	24-19	!	deel23:p74
W:W18,27,34,39,42,43,48,50:B1,3,4,10,16,17,24,25	39-33	!	deel23:p75
W:W22,26,28,32,35,36,37,38,42,43,44,45:B3,8,9,11,12,13,14,16,17,19,21,24	28-23	?	deel23:p76
B:W6,23,32,35,36,37,38,42,43,44,45:B3,8,9,12,13,14,16,19,24,28	24-29	!	deel23:p76
W:W22,26,28,32,35,36,37,38,42,43,44,45:B3,8,9,11,12,13,14,16,17,19,21,24	35-30	!	deel23:p76
W:W26,27,31,32,33,34,35,36,37,38,39,40,41,42,43,44,45:B2,6,7,8,9,11,13,14,15,16,17,19,20,21,23,24,25	27-22	!	deel23:p76
W:W26,27,32,33,35,36,37,38,39,41,42,43,44,45:B2,6,7,9,11,14,15,16,17,19,20,21,23,24	27-22	!	deel23:p76
W:W25,27,28,32,33,37,38,39,40,41,42,45,46,48,50:B2,3,5,8,12,13,14,15,16,18,19,21,23,24,26	37-31	?!	deel23:p87
B:W25,27,28,31,32,33,38,39,40,41,45,46,48,50:B2,3,5,8,12,13,14,15,16,18,19,21,23,24	21-26	?	deel23:p87
W:W23,29,31,33,34,35,36,37,38,39,40,42,44,45,47,48:B2,3,6,7,8,9,10,14,15,16,20,21,22,24,25,26	38-32	?	deel23:p88
B:W23,29,31,33,34,35,36,37,38,39,40,42,44,45,47,48:B2,3,6,7,8,9,10,14,15,16,20,21,22,24,25,26	21-27	?	deel23:p88
W:W23,29,31,33,34,35,36,37,38,39,40,42,44,45,47,48:B2,3,6,7,8,9,10,14,15,16,20,22,24,25,26,27	35-30	!	deel23:p88
B:W25,27,28,31,32,33,35,36,37,38,42,43,44,45,47,48,49,50:B1,2,3,4,6,7,8,9,11,12,13,14,16,18,19,23,24,26	12-17	?	deel23:p88
B:W20,23,24,28,33,45:B5,15,21,27	27-31	?	deel23:p88
B:W23,29,37,39,40,42,43,45,47,49:B4,11,13,14,15,16,20,25,36	11-17	?	deel23:p88
W:W25,27,32,33,35,36,37,38,39,40,42,43,45,47,48,49,50:B2,3,6,8,9,10,12,13,14,16,17,18,19,21,23,24,26	40-34	?	deel23:p88
B:W31,34,36,38,39,43,48,49:B2,3,6,8,12,13,15,16,21	21-26	!	deel23:p88
W:W25,27,29,32,39:B26,40	29-23	!	deel23:p89
W:W26,27,28,32,35,38,43,44,45,48:B6,11,12,13,18,19,20,23,25,29	44-40	?	deel23:p89
W:W26,27,28,32,33,34,35,36,37,38,39,42,43,44,46,48,49,50:B2,3,4,6,7,8,9,11,12,13,14,15,16,17,18,19,23,24	34-29	?	deel23:p89
B:W22,25,26,27,28,30,32,35,38,40,41,42,43,45,48,49:B2,3,6,9,11,12,13,14,15,16,17,19,20,23,24	24-29	?	deel23:p90
W:W22,25,26,27,28,30,32,35,38,40,41,42,43,45,48,49:B2,3,6,9,11,12,13,14,15,16,17,19,20,23,29	26-21	!	deel23:p90
B:W24,26,31,33,34,36,39,40,41,42,43,44,45,47,48,49:B1,2,3,6,7,8,10,11,13,14,15,18,22,23,25,27	7-12	?	deel23:p91
W:W27,28,31,32,35,36,37,38,39,40,42,43,44,45,46,48,49,50:B1,2,3,4,5,6,7,8,10,11,13,15,16,19,20,21,23,24	31-26	?	deel23:p91
W:W21,27,28,29,33,36,38,39,43,45:B1,3,7,12,13,15,19,20,25,35	29-23	?	deel23:p91
W:W25,27,28,31,32,33,35,36,38,39,40,43,44,45,47,48,49,50:B1,2,3,4,5,6,7,8,9,10,13,14,15,16,18,19,23,24	39-34	?	deel23:p91
W:W25,26,36,44,45,48:BK49,11,15,24	45-40	!	deel23:p91
B:W25,26,36,40,44,48:BK49,11,15,24	24-30	!	deel23:p91
B:W25,26,36,40,44,48:BK49,11,15,24	49-32	?	deel23:p91
W:W26,34,36,40,44,48:BK32,11,15	26-21	!	deel23:p91
B:W27,28,32,34,35,36,37,38,39,42,43,45,48:B3,9,12,13,15,16,17,18,19,23,24,25,26	3-8	?	deel23:p91
W:W27,32,35,37,38,40,43,45,47,48,49:B3,4,11,13,15,16,18,19,21,26,29	38-33	?	deel23:p92
B:W10,35,40,45,47,48,49:B3,4,11,13,15,16,18,32	18-23	!	deel23:p92
W:W23,27,28,32,33,34,35,36,37,38,39,40,43,45,46,47,48,49:B1,2,3,4,5,7,8,9,12,13,14,15,16,17,19,24,25,26	27-21	?	deel23:p93
B:W21,23,28,33,34,35,36,37,38,39,40,43,45,46,47,48,49:B1,2,3,4,5,7,8,9,12,13,14,15,17,19,24,25,26	13-18	?	deel23:p93
B:W21,23,28,33,34,35,36,37,38,39,40,43,45,46,47,48,49:B1,2,3,4,5,7,8,9,12,13,14,15,17,19,24,25,26	17-22	!	deel23:p93
B:W24,30,34,35,36,37,39,40,42,43,44,45,47,48,49:B2,3,4,6,7,8,9,11,12,14,15,16,22,25,28	4-10	?	deel23:p93
B:W24,30,34,35,36,37,39,40,42,43,44,45,47,48,49:B2,3,4,6,7,8,9,11,12,14,15,16,22,25,28	11-17	?	deel23:p93
W:W27,28,31,32,33,34,35,36,37,38,39,40,43,44,45,46,48:B1,2,3,4,6,7,9,12,13,14,15,16,17,19,20,23,25	27-22	!	deel23:p93
W:W27,29,33,35,37,38,39,41,42,43,45,47,48,49,50:B2,3,4,6,7,8,9,12,13,15,16,19,20,25,26	38-32	?	deel23:p94
B:W23,24,29,32,34,36,38,39,40,43,44,45,47,49:B2,3,7,9,10,12,13,14,15,17,20,25,26,27	7-11	?	deel23:p94
B:W26,27,31,33,36,38,39,40,45,46:B6,10,11,13,16,17,18,19,23,24	10-14	?	deel23:p95
B:W25,27,28,31,32,33,34,35,37,38,39,41,42,43,44,45,47,48,49:B1,2,3,4,6,8,9,12,13,14,15,16,17,18,19,21,23,24,26	17-22	!	deel23:p95
B:W26,27,29,31,32,33,35,36,37,38,39,40,42,43,44,45,47,49:B2,4,6,7,8,9,11,12,13,14,15,16,17,18,19,20,21,24	18-23	?	deel23:p95
B:W16,27,28,33,38,39,43,48,49:B2,3,6,7,12,13,17,20,30	13-19	?	deel23:p95
B:W23,24,29,31,33,34,36,37,38,39,40,43,44,47:B2,8,10,11,12,13,14,15,16,18,20,22,25,27	13-19	?	deel23:p95
W:W27,28,31,32,33,34,35,37,40,43,45,47:B3,9,13,14,15,16,17,18,21,24,25,26	43-38	?	deel23:p96
B:W24,25,31,32,35,37,38,40,45:B3,9,14,15,16,17,21,26	17-22	!	deel23:p96
B:W24,25,31,32,35,37,45,47,49:B3,9,14,15,16,17,21,26	17-22	!	deel23:p96
W:W22,25,29,33,36,37,38,39,42,45,48,50:B3,6,8,9,12,13,14,15,20,21,24,26	38-32	?	deel23:p107
W:W28,29,33,34,35,39,44:B13,14,15,17,20,24,25,26	28-22	?	deel23:p107
B:W22,23,32,34,36,37,40,43:B3,6,12,13,16,21,25,26	21-27	!	deel23:p107
B:W18,24,30,32,33,35,37,38,39:B3,5,6,8,9,15,21,36	21-26	?	deel23:p108
W:W18,24,30,32,33,35,37,38,39:B3,5,6,8,9,15,26,36	18-13	!	deel23:p108
B:WK4,24,25,33,35,38:BK23,5,6,15	23-12	?	deel23:p108
W:W26,27,28,29,33,43:B12,13,14,16,18,35	29-23	!	deel23:p108
W:W28,29,33,37,38,39,44,48:B7,14,20,21,25,26,30,35	29-24	!	deel23:p108
B:W24,28,29,32,33,37,38,39,47,49:B2,3,8,9,13,18,21,25,26,36	21-27	?	deel23:p108
W:W28,33,37,38,39,47,49:B2,3,8,9,14,17,18,36	37-31	!	deel23:p108
W:W22,25,30,35,36,37,38,42,43:B6,13,14,15,19,20,21,24,26,33,40	38x29	?	deel23:p109
W:W25,27,31,32,36,37,38,43,44,45,46,48:B3,6,7,8,12,13,15,16,18,19,22,29	48-42	?	deel23:p109
B:W25,27,31,32,36,37,38,42,43,44,45,46:B3,6,7,8,12,13,15,16,18,19,22,29	15-20	!	deel23:p109
W:W25,27,31,32,36,37,38,43,44,45,46,48:B3,6,7,8,12,13,15,16,18,19,22,29	46-41	?!	deel23:p109
B:W25,27,31,32,36,37,38,41,43,44,45,48:B3,6,7,8,12,13,15,16,18,19,22,29	15-20	?	deel23:p109
B:W7,24,27,31,33,36,40,42,43,45:B2,9,13,14,15,16,20	20x49	??	deel23:p109
W:W25,32,33,34,35,36,37,38,40,42,43:B3,4,9,14,15,16,20,21,22,24,26	32-28	?	deel23:p109
W:WK35,27,38,42,45,48:BK49,6,14,15,16,25,28,29	35-40	!	deel23:p110
W:W22,25,32,34,36,37,38,41,42,43,44:B3,5,6,11,12,13,14,15,16,26,35	36-31	?	deel23:p110
W:W25,27,28,32,36,37,38,39,42,43,44,45,47,48,50:B3,4,6,7,8,9,11,12,13,16,17,18,19,23,24	39-33	?	deel23:p110
B:W27,32,34,37,38,42,43,44,45,47,48,50:B3,4,6,7,8,9,12,13,16,18,23	16-21	!	deel23:p110
W:W15,24,27,30,31,34,35,36,38,39,43,46:B3,4,6,9,11,13,14,16,17,18,22,23	38-33	?	deel23:p111
B:W15,19,30,34,35,36,37,38,39,43,46:B3,4,6,9,11,13,16,17,18,20,23	13x24	!	deel23:p111
W:W24,26,27,29,30,31,33,34,38,39:B9,12,13,15,16,17,18,22,23,25	24-19	!	deel23:p111
B:W19,23,34,39:BK47,15,16,17,25,35	35-40	!	deel23:p111
B:W19,23,39,45:BK47,15,16,17,25	47-24	!	deel23:p111
B:W22,27,28,29,32,33,35,36,37,39,40,43,45,47,48:B1,2,3,4,7,8,9,11,13,15,16,17,19,20,25	16-21	!	deel23:p111
W:W11,17,18,32,36,37,39,40,45,47,48:BK49,2,3,4,6,8,9,15	18-12	?	deel23:p111
W:W27,28,32,33,34,35,36,37,38,40,42,43,48,49,50:B5,6,7,8,9,10,11,12,13,15,16,17,18,24,25	34-30	!	deel23:p112
W:W25,26,27,30,33,35,43,45,48:B12,13,14,16,17,18,19,23,24	45-40	?	deel23:p112
W:W26,27,31,32,33,35,36,37,38,40,42,43,45,48,49:B3,4,5,6,7,8,12,13,16,18,19,22,23,24,29	43-39	?	deel23:p112
B:W26,27,31,32,33,35,36,37,38,39,40,42,45,48,49:B3,4,5,6,7,8,12,13,16,18,19,22,23,24,29	22-28	!	deel23:p112
B:W27,28,29,33,34,35,37,38,39,45:B8,9,12,13,15,16,20,24,25,26	13-18	?	deel23:p112
W:W29,33,34,35,37,38,39,45:B8,9,12,15,16,18,20,24,25,26	35-30	!	deel23:p112
B:W26,27,32,33,38,39,40,43,45,47,49:B3,4,6,12,14,15,16,17,18,23,25	3-8	?	deel23:p113
B:W17,31,32,36,38,43,48,49:B6,7,8,13,16,24,25,29	13-19	?	deel23:p113
B:W25,27,28,30,32,35,36,37,38,40,45,48,49:B3,6,9,10,12,13,14,16,18,19,21,23,29	12-17	?	deel23:p113
W:W25,27,28,30,31,32,35,36,38,40,45,48,49:B3,9,10,11,12,13,14,16,18,19,23,26,29	48-42	!	deel23:p113
W:W6,24,25,27,36,40,45,49:BK37,3,9,10,14,16,18	6-1	!	deel23:p113
W:W19,20,34,35,38,39,42,47,49:B2,3,10,12,18,22,26,28,31	20-15	?	deel23:p113
W:W25,27,31,33,35,36,39,40,41,42,43,46,47,48:B2,4,6,7,8,12,13,15,16,17,18,19,22,23	35-30	?	deel23:p114
B:W26,29,31,33,34,35,36,38,39,40,41,42,43,44,45,47,48,50:B1,2,3,5,6,7,8,9,10,12,13,15,16,18,20,22,23,24	13-19	?	deel23:p114
B:W26,29,31,33,34,35,36,38,39,40,41,42,43,44,45,47,48,50:B1,2,3,5,6,7,8,9,10,12,13,15,16,18,20,22,23,24	7-11	?	deel23:p114
W:W26,29,31,33,34,35,36,38,39,40,41,42,43,44,45,47,48,50:B1,2,3,5,6,8,9,10,11,12,13,15,16,18,20,22,23,24	35-30	!	deel23:p114
B:W23,24,26,29,33,34,38,39,41,48:B2,9,10,12,13,17,18,22,25,27	2-7	?	deel23:p115
B:W26,27,30,31,33,35,36,38,39,40,43,44,45,46,47,48,49,50:B2,3,4,5,6,7,8,9,11,12,13,15,16,17,18,19,20,22	5-10	?	deel24:p21
W:W27,33,35,38,39,40,43,44,45,46,47,48,49,50:B2,3,6,7,8,11,12,13,15,16,19,20,23,37	47-42	?	deel24:p21
B:W27,33,35,38,39,40,42,43,44,45,46,48,49,50:B2,3,6,7,8,11,12,13,15,16,19,20,23,37	12-18	!	deel24:p21
B:W22,25,28,31,32,33,35,36,37,38,39,42,43,44,45,48,49:B3,4,6,7,8,9,11,12,13,14,15,16,17,19,20,24,34	4-10	?	deel24:p23
W:W25,27,30,32,35,36,37,38,42,43,45,48,49:BK50,3,6,7,8,9,10,11,12,13,15,16,20,23,24	30x28	!	deel24:p23
W:W25,27,28,31,32,33,34,36,37,38,39,42,43,45,46,47,48,49:B1,2,3,4,6,8,9,10,11,12,13,14,16,18,19,20,23,26	49-44	?	deel24:p33
W:W25,27,32,34,35,36,37,38,39,41,42,43,44,45,47,48,49:B1,2,3,4,6,8,9,10,11,15,16,17,18,19,21,23,26	37-31	!	deel24:p34
W:W24,25,30,35,36,39,42,43,44,45,47,48,49:B1,2,3,4,6,8,9,10,11,15,16,17,28,32	39-33	!	deel24:p34
W:W15,28,30,32,35,39,40,41,42,43,44,45,48:BK46,2,3,4,6,8,9,13,14,16,19,21,29	43-38	?	deel24:p41
B:W19,29,31,32,33,34,35,36,37,38,39,40,41,42,43,44,47,48,49,50:B1,2,4,5,6,7,8,9,10,11,12,13,14,15,17,18,20,22,26	14x23	?	deel24:p68
W:W29,31,32,33,34,35,36,37,38,39,40,41,42,43,44,47,48,49,50:B1,2,4,5,6,7,8,9,10,11,12,13,15,17,18,20,22,23,26	32-28	!	deel24:p68
W:W25,27,30,31,33,35,36,37,38,39,40,41,42,43,44,45,48:B3,6,7,8,9,10,11,12,13,14,15,16,17,18,19,22,23	40-34	?	deel24:p68
B:W25,27,30,31,33,34,35,36,37,38,39,41,42,43,44,45,48:B3,6,7,8,9,10,11,12,13,14,15,16,17,18,19,22,23	19-24	?	deel24:p68
B:W24,25,27,31,33,34,36,37,38,39,41,42,43,44,45,48:B3,6,7,8,9,10,11,12,13,14,15,16,17,18,22,28	14-20	!	deel24:p69
B:WK5,24,27,28,31,33,34,36,38,39,41,42,43,44,45,48:B3,6,7,8,9,11,12,13,15,16,17,18,22	15-20	!	deel24:p69
B:W22,26,27,30,35,38,39,41,42,43,45,48:BK49,3,6,7,8,9,11,12,13,16,20	16-21	!	deel24:p69
B:W26,27,28,30,35,37,38,39,41,43,45,48:BK49,3,6,7,8,9,10,11,12,13,15,16	16-21	!	deel24:p69
W:W24,28,31,33,34,35,36,37,38,39,40,42,43,45,47,48,49:B2,3,4,6,7,8,9,10,11,12,13,14,17,18,22,25,27	49-44	?	deel24:p70
B:W25,27,30,32,33,36,37,38,39,40,41,42,43,44,45,46,47,48:B2,3,4,6,7,8,9,10,12,13,14,15,16,17,18,21,23,26	15-20	?	deel24:p78
W:W25,27,30,32,33,36,37,38,39,40,41,42,43,44,45,46,47,48:B2,3,4,6,7,8,9,10,12,13,14,16,17,18,20,21,23,26	40-35	!	deel24:p78
B:W24,27,29,32,34,37,38,39,40,41,42,44,45,47,48,49,50:B1,2,3,4,6,7,8,10,11,13,15,17,18,20,23,25,26	7-12	?	deel24:p79
B:W24,27,29,32,34,37,38,39,40,41,42,44,45,47,48,49,50:B1,2,3,4,6,7,8,10,11,13,15,17,18,20,23,25,26	3-9	?	deel24:p79
W:W24,27,29,32,34,38,39,40,42,44,45,47,48,49,50:BK46,1,2,4,6,7,8,9,10,11,13,15,17,18,20,23,25	47-41	!	deel24:p79
B:W25,27,28,30,32,33,35,37,38,39,41,42,43,44,45,47,48,49:B2,3,4,6,8,9,12,13,14,15,16,17,18,19,21,23,24,26	2-7	?	deel24:p80
W:W25,27,28,30,32,33,35,37,38,39,41,42,43,44,45,47,48,49:B3,4,6,7,8,9,12,13,14,15,16,17,18,19,21,23,24,26	27-22	!	deel24:p80
W:W25,28,31,32,33,35,36,37,38,40,42,43,44,45,47,48,49:B2,3,4,6,7,8,9,10,11,12,13,14,17,19,20,22,26	40-34	?	deel24:p87
B:W25,28,31,32,33,34,35,36,37,38,42,43,44,45,47,48,49:B2,3,4,6,7,8,9,10,11,12,13,14,17,19,20,22,26	22-27	!	deel24:p87
B:W15,26,29,31,32,33,34,35,36,37,39,41,45,46,47,48,49:B2,3,4,6,8,10,11,12,13,14,16,17,18,22,23,25,28	14-20	?	deel24:p90
B:W16,26,29,31,33,34,35,36,37,39,40,41,43,44,45,47,49:B2,3,6,7,8,9,10,11,12,13,15,17,19,20,23,24,25	12-18	?	deel24:p91
W:W25,27,30,35,36,37,38,40,41,42,43,45,46,48,49:B1,2,3,5,6,8,9,11,12,13,15,16,18,19,26	27-22	!	deel24:p143
B:W25,28,31,32,33,35,36,38,39,42,44:B2,3,6,10,11,12,14,15,17,18,22	14-20	?	deel24:p167
W:WK5,19,33,35,36,38,39,44:BK48,2,3,6,11,12,15	33-29	!	deel24:p167
W:W23,24,25,32,35,36,37,38,43:B10,12,13,14,15,16,21,26,27	23-19	!	deel24:p167
W:WK5,35,36,37,43:B12,13,15,16,21,26,29	5-28	!	deel24:p167
B:WK28,32,36,37,38,43:B15,16,18,21,26,27	26-31	!	deel24:p167
B:W12,13,29,32,34,35,38,39,40,47:B3,15,20,21,25,26,31,36	31-37	?	deel24:p168
B:W29,32,34,35,39,40,47:B3,15,19,20,25,31,36	19-24	!	deel24:p168
W:W28,29,33,34,35,36,39,41,49:B3,7,8,12,15,20,24,26,27	28-23	?	deel24:p168
B:W23,29,33,34,35,36,39,41,49:B3,7,8,12,15,20,24,26,27	12-18	!	deel24:p168
W:W24,31,32,33,34,36,37,38,41:B6,13,16,19,21,22,25,26,35	32-27	?	deel24:p169
W:W24,31,32,33,34,36,37,38,41:B6,13,16,19,21,22,25,26,35	31-27	!	deel24:p169
W:W25,28,33,34,36,37,38,39,41,43,44,45,48:B1,3,4,7,8,9,10,12,13,14,15,21,27	37-31	?	deel24:p169
B:W25,28,31,33,34,36,38,39,41,43,44,45,48:B1,3,4,7,8,9,10,12,13,14,15,21,27	14-20	!	deel24:p169
B:WK23,28,31,33,34,36,38,39,41,43,44,45,48:B1,3,4,7,8,9,12,15,21,27	8-13	!	deel24:p169
B:W16,20,26,28,36,37,40,41,50:B6,7,11,12,13,18,43	43-49	?	deel24:p169
W:W24,25,33,37,41,42,47:B12,13,14,16,18,26,27	33-28	?	deel24:p169
B:W25,28,31,41,42,47:B14,16,26	26x46	?	deel24:p169
W:W24,25,29,33,35,36,37,38,41,48:B3,4,9,13,14,16,18,22,26,27	38-32	?	deel24:p169
B:W24,25,29,35,36,37,41,42,48:B3,4,9,13,14,16,18,22,26	22-28	!	deel24:p169
B:W25,28,31,32,33,35,37,38,39,40,44,45,47,49:B2,3,4,7,8,9,10,12,13,15,16,18,21	21-27	?	deel24:p170
W:W25,28,31,32,33,35,37,38,39,40,44,45,47,49:B2,3,4,7,8,9,10,12,13,15,16,18,27	32x21	!	deel24:p170
W:W19,23,24,25,29,30,35,37,38,39,42,44,47:B8,9,10,11,12,13,14,15,16,18,21,26,31	37-32	!	deel24:p170
B:W19,23,24,25,29,30,32,35,38,39,42,44,47:B8,9,10,11,12,13,14,15,16,18,21,26,31	31-36	?	deel24:p170
W:W19,23,24,25,29,30,32,35,38,39,42,44,47:B8,9,10,11,12,13,14,15,16,18,21,26,36	47-41	!	deel24:p170
B:W15,20,29,32,36,37,38,41:B4,13,16,19,21,26,27	4-10	!	deel24:p170
B:W25,26,28,30,32,33,35,37,38,39,43:B6,8,10,11,12,13,14,15,16,17,19,20,21,24,34,36	21-27	?	deel24:p171
W:W23,25,26,28,30,32,33,35,36,38,42,43,45,48,49:B1,3,4,7,9,10,11,12,14,16,17,19,20,21,22	33-29	!	deel24:p171
W:W23,25,26,30,32,35,36,38,42,43,45,48,49:B1,3,4,7,9,10,11,12,14,16,17,19,20,21,24	38-33	!	deel24:p171
W:W23,25,26,30,32,35,36,38,42,43,45,48,49:B1,3,4,7,9,10,11,12,14,16,17,19,20,21,24	42-37	?	deel24:p171
B:W27,28,29,33,36,37,39,41,42,43,45,48,49:B2,3,4,6,8,9,11,13,15,16,17,19,26	8-12	?	deel24:p171
W:W23,28,36,37,38,39,40,41,42,43,44,45,48,49:B2,3,4,8,9,12,13,15,16,17,21,25,26,27	37-32	?	deel24:p172
B:W23,28,32,36,38,39,40,41,42,43,44,45,48,49:B2,3,4,8,9,12,13,15,16,17,21,25,26,27	12-18	!	deel24:p172
B:W25,27,28,31,32,33,35,37,38,41,42,43,48:B6,8,11,12,13,16,17,18,19,21,23,24,26	23-29	?	deel24:p173
W:W14,20,25,28,35,42,43,48:BK46,6,8,12,13,16,18	28-22	?	deel24:p173
W:W14,20,25,28,35,42,43,48:BK46,6,8,12,13,16,18	14-9	!	deel24:p173
B:W24,25,33,35,36,38,39,40,41,45,48:B1,6,7,9,10,11,12,14,16,18,26	12-17	?	deel24:p179
W:W29,33,34,35,36,38,40,41,42,43,45:B3,7,8,9,10,15,20,22,24,26,27	42-37	?	deel24:p179
W:W29,33,34,35,36,38,40,41,42,43,45:B3,7,8,9,10,15,20,22,24,26,27	34-30	?	deel24:p179
B:W22,28,33,35,36,37,38,39,40,41,42,43,44,48,49,50:B2,3,4,6,7,8,9,10,11,13,14,16,19,24,25,26	7-12	?	deel24:p179
B:W23,24,27,28,29,32,34,37,38,39,40,42,43,45,46,48:B1,2,3,8,10,11,12,13,14,15,16,18,20,21,25,26	2-7	?	deel24:p180
W:W23,24,27,28,29,32,34,37,38,39,40,42,43,45,46,48:B1,3,7,8,10,11,12,13,14,15,16,18,20,21,25,26	34-30	!	deel24:p180
B:W23,24,27,28,29,30,32,37,38,40,42,43,45,46,48:B1,3,7,8,10,11,12,13,14,15,16,18,20,21,26	20-25	?	deel24:p180
W:W24,28,29,32,33,36,38,39,40,42,44,45,46,48,49,50:B2,3,5,6,8,9,10,13,14,15,16,18,20,21,25,26	46-41	?	deel24:p180
B:W24,28,29,32,33,36,38,39,40,41,42,44,45,48,49,50:B2,3,5,6,8,9,10,13,14,15,16,18,20,21,25,26	21-27	!	deel24:p180
B:W25,27,28,32,33,36,37,38,39,40,42,44,45,46,47,48,49:B2,3,4,5,6,8,9,11,12,13,16,18,19,21,23,24,26	5-10	?	deel24:p181
W:W20,24,25,37,43,44,46:B10,11,18,21,22,27,28	20-15	?	deel24:p181
B:W25,27,29,32,35,36,37,38,39,42,43,45,48,50:B2,3,6,8,9,10,11,12,13,15,16,17,18,21	17-22	?	deel24:p181
B:W32,33,34,36,37,39,40,41,42,43,44,45,47,48,49:B1,2,3,8,9,12,14,15,16,17,18,19,21,23,26	21-27	?	deel24:p181
W:W25,27,28,31,32,33,35,37,38,39,40,41,42,43,45,47,48,50:B2,3,6,7,8,9,12,13,14,15,16,17,18,19,21,23,24,26	40-34	?	deel24:p181
B:W23,27,32,35,37,39,43,44,45,49:B3,6,7,8,12,16,17,26,36	7-11	!	deel24:p181
W:W14,27,32,35,37,39,43,44,45,49:B3,6,7,8,12,13,16,17,26,36	14-10	?	deel24:p182
B:W10,27,32,35,37,39,43,44,45,49:B3,6,7,8,12,13,16,17,26,36	17-22	!	deel24:p182
W:W14,26,27,32,35,39,43,44,45,49:B3,6,7,8,12,13,16,17,41	26-21	?	deel24:p182
B:W10,27,32,35,39,43,44,45,49:B3,6,7,8,12,13,16,26,41	16-21	!	deel24:p182
B:W25,27,28,31,32,35,36,37,38,39,40,41,42,43,48,49:B1,3,6,7,8,9,10,11,12,13,16,18,19,20,23,24	24-29	!	deel24:p182
B:W16,28,35,36,37,40,41,42,45,48:B2,6,7,8,11,15,19,25,26	8-13	?	deel24:p183
W:W25,27,28,31,32,33,35,37,38,39,41,42,43,45,48:B6,8,11,13,14,15,16,17,18,19,20,21,23,24,26	35-30	?	deel24:p183
W:WK3,25,31,37,38,41,42,43,45,48:B6,11,13,14,15,16,19,20,24,26,32	37x28	?	deel24:p183
W:WK3,25,34,38,42,48:B6,11,13,14,15,16,19,20,30	34-29	?	deel24:p184
B:W19,23,32,33,34,35,36,37,39:B1,4,7,8,10,14,20,21,22	22-27	?	deel24:p185
W:W27,28,30,32,33,34,35,36,37,38,39,42,43,44,45,47,48:B3,4,6,8,9,10,11,12,13,14,16,18,19,21,23,24,26	30-25	?	deel24:p185
B:W24,25,27,28,32,34,36,37,38,39,42,43,44,45,47,48:B3,4,6,8,9,10,11,12,13,14,16,18,21,23,26	14-20	!	deel24:p185
B:W34,36,37,38,39,42,43,45,47,48:BK49,3,6,8,12,16,21,26	49-40	?	deel24:p186
B:W34,36,37,38,39,42,43,45,47,48:BK49,3,6,8,12,16,21,26	8-13	?	deel24:p186
W:W25,26,31,33,35,36,37,39,43,45,46:B3,6,8,10,12,13,14,16,17,19,24	37-32	?	deel24:p186
B:W25,26,31,32,33,35,36,39,43,45,46:B3,6,8,10,12,13,14,16,17,19,24	14-20	!	deel24:p186
B:WK5,26,31,32,33,35,36,39,43,45,46:B3,6,8,12,13,16,17,19,24	12-18	!	deel24:p186
B:W25,29,30,31,34,35,36,38,39,41,47,48:B2,3,9,10,11,12,13,15,19,22,23,27	12-17	!	deel24:p193
W:W23,25,28,29,33,36,43:BK46,3,12,14,16	23-19	!	deel24:p193
W:W23,26,27,35,39,44:BK47,8,12,16	23-19	!	deel24:p193
B:W22,23,26,35,39,44:BK47,8,12,16	16-21	!	deel24:p193
W:W15,20,25,30,32,46,47,48:B2,4,9,19,21,22,23,36	20-14	!	deel24:p194
B:W27,29,32,33,34,37,38,39,40,41,42,43,44,45,48:B1,2,4,7,8,9,12,15,16,18,20,23,24,25,26	8-13	?!	deel24:p194
W:W27,29,32,33,34,37,38,39,40,41,42,43,44,45,48:B1,2,4,7,9,12,13,15,16,18,20,23,24,25,26	37-31	?	deel24:p194
B:W26,28,29,31,32,33,34,35,36,37,38,39,40,42,43,44,47,49:B3,4,6,7,8,10,11,12,13,14,16,17,18,19,20,22,24,25	24-30	!	deel24:p194
W:W15,25,26,31,32,33,36,37,38,39,42,43,44,47,49:B3,4,6,7,8,10,11,12,13,16,17,18,22,45	44-40	?	deel24:p194
B:W15,25,26,29,31,32,36,37,38,39,42,43,44,47,49:B3,4,6,7,8,10,11,12,13,16,17,18,22,45	22-27	?	deel24:p194
W:W15,25,26,29,36,37,38,39,42,43,44,47,49:B3,4,6,7,8,10,11,12,13,17,27,45	29-24	!	deel24:p194
W:W15,24,25,26,36,37,38,39,42,43,44,47,49:BK50,3,4,6,7,8,10,11,12,13,17,27	36-31	!	deel24:p195
B:W21,25,28,33,35,37,38,40,41,42,43,45,48:B2,4,6,7,8,9,12,13,14,17,19,24,26	7-11	?	deel24:p195
W:W24,28,29,32,33,34,35,36,39,40,41,44,45,47,48,49:B3,5,6,7,8,10,11,12,13,14,15,16,18,20,25,26	28-23	?	deel24:p195
B:W23,27,28,29,31,34,36,37,38,41,43,50:B2,4,5,6,7,8,12,13,16,17,18,25,26	16-21	!	deel24:p195
W:W26,27,29,30,31,32,34,35,36:B10,12,16,17,18,19,20,22,23	26-21	!	deel24:p196
W:WK10,29,34,35:B16,18,19,23,28,32	10-4	!	deel24:p196
B:WK5,27,29,34,35:B16,17,18,19,23,28	28-32	!!	deel24:p196
W:W16,24,34,36,37,38,40,41,42,43,44,48:B2,6,7,8,9,10,13,15,25,26,27,28	44-39	?	deel24:p196
B:W24,26,27,31,34,36,37,38,39,40,41,43,44,45,47,49:B4,5,6,7,8,11,12,13,14,15,16,17,18,22,23,25	4-9	?	deel24:p197
W:WK2,27,34,39,40,42,43,44,45,49:B5,6,7,11,12,13,15,16,19,23,24,25	39-33	!	deel24:p197
W:W15,28,29,32,33,36,38,39,45,46,47,48,49:B3,4,5,6,8,12,14,16,17,18,21,22,30	46-41	?	deel24:p197
B:W15,28,29,32,33,36,38,39,41,45,47,48,49:B3,4,5,6,8,12,14,16,17,18,21,22,30	4-10	!	deel24:p197
B:W18,22,27,28,29,31,32,35,37,39,40,41,42,43,44:B7,8,9,11,13,14,15,16,17,19,20,21,25,26	19-23	?	deel24:p198
W:W10,23,31,35,39,40,41,42,43,44:B7,8,9,11,15,16,20,24,25,26	42-38	!	deel24:p198
B:W22,27,28,31,32,33,34,35,37,39,41,42,44:B7,9,11,13,14,16,17,19,21,23,24,25,26	14-20	?	deel24:p198
B:W22,27,28,31,32,33,34,35,37,39,41,42,44:B7,9,11,13,14,16,17,19,21,23,24,25,26	7-12	?	deel24:p198
B:W22,25,28,30,31,32,33,34,35,38,39,42,43,49:B3,4,6,8,9,10,11,13,14,16,17,19,23,24	24-29	!	deel24:p198
B:W22,24,25,28,30,31,32,34,35,38,39,42,43,49:B3,4,6,8,9,10,11,13,14,16,17,19,23	14-20	!	deel24:p198
W:W16,24,34,36,37,38,40,41,42,43,44,48:B2,6,7,8,9,10,13,15,25,26,27,28	37-31	!	deel24:p199
W:W16,24,34,36,38,40,42,43,44,48:BK46,2,6,7,8,9,10,13,15,25,27,28	42-37	!	deel24:p199
W:W16,24,34,36,38,40,43,44,48:BK32,2,6,7,8,9,10,13,15,25,27,28	36-31	?	deel24:p199
W:W15,19,25,31,36,37,38,41,43,46,49:B4,9,10,11,16,17,21,22,26,27,28	19-14	!	deel24:p199
W:WK2,48:BK49,24,43	2x35	!	deel24:p205
W:W25,28,29,32,33,34,36,37,38,41,42,43:B8,10,11,12,13,14,17,18,20,21,22,26	29-23	!	deel24:p205
W:W25,28,32,33,36,37,38,41,42,43:B8,10,11,12,13,14,17,20,21,22,26,40	37-31	!	deel24:p205
W:W22,28,30,32,33,34,35,37,38,40,41,42,43,45,47,48:B3,6,8,9,10,11,13,14,16,19,20,21,23,24,25,26	37-31	!	deel24:p205
W:W30,34,35,40,41,42,43,45,48:B3,6,8,9,10,11,14,16,19,20,22,25,32,33	42-38	?	deel24:p205
W:W35,41,42,45:B3,6,8,9,10,14,16,20,22,25,30	35x2	!	deel24:p205
W:W25,31,32,34,37,39,40,41,42,43:B12,13,14,18,20,22,23,26,28,33	42-38	!	deel24:p207
W:WK3,25,31,43,47,48:B2,9,10,14,16,20,24,34,36,41	47-42	!	deel24:p207
W:W22,27,28,31,32,33,34,39,41,42,44,47,48:B9,10,11,12,13,16,17,19,23,24,26,35,36	44-40	!	deel24:p208
W:W16,25,27,35,42,43,44,47,50:B10,13,14,17,20,23,24,36,40	42-38	!	deel24:p208
W:W16,25,27,35,38,43,50:BK47,K49,10,13,14,17,20,23,24	50-44	!	deel24:p208
W:W16,25,27,35,43:BK49,K50,10,13,14,17,20,23,24	35-30	!	deel24:p208
W:W25,26,27,30,31,33,35,38,39,41,42,43,44,48:B3,8,9,10,11,12,13,15,17,18,19,22,40	41-37	!	deel24:p208
W:W25,27,30,33,35,38,39,42,43,48:BK49,3,8,9,10,11,12,13,15,18,19,22,28	42-37	!	deel24:p208
W:W30,32,33,37,38,39,41,42,43,44,48,50:B7,8,12,13,14,17,18,19,22,23,24,26	30-25	?	deel24:p209
W:W23,32,34,37,41,42,49:B4,5,8,14,25,26,28	37-31	!	deel24:p209
W:WK3,40,45:BK50,13,17,20,22,30,35,42	3x27	!	deel24:p210
W:WK27,45:BK50,44	27-49	!	deel24:p210
W:W32,34,37,38,39,40,41,43,44,45,47,48:B3,12,13,15,16,18,20,23,24,25,26,28	37-31	!	deel24:p210
W:WK35,25:BK10,16,28,29	35-24	!	deel24:p217
W:WK37,15,25:BK34,3,4,13,21	15-10	!	deel24:p219
W:WK37:BK34,3,13,21,24	37-19	!	deel24:p219
B:WK32,15,20:BK48,3,4,13,21	48-26	!	deel24:p219
B:W15,35,36,41,45:B4,5,26,27,32	4-10	!	deel24:p220
W:W25,26,28,30,32,33,35,38,40,42,43,45,47,48:B2,3,4,6,8,9,11,14,15,16,18,19,23,24	47-41	?	deel24:p220
W:W10,25,26,30,35,38,40,42,43,45,48:BK46,2,3,4,6,8,9,15,16	40-34	!	deel24:p220
W:W25,26,30,35,38,40,42,43,45,48:BK10,2,3,6,8,9,15,16	26-21	!	deel24:p220
B:W16,21,22,24,26,34,36,38,42,43,50:B3,6,7,8,11,13,14,15,23,25	3-9	!	deel25:p14
W:W28,31,35,37,38,39,42,43,44,45,46,47,48,49:B2,3,4,6,7,9,10,12,15,16,17,19,25,26	28-22	!	deel25:p26
W:W31,35,37,38,39,42,43,44,45,46,47,48,49:B2,3,4,6,7,9,10,12,15,16,19,25,26,28	37-32	!	deel25:p26
W:W31,35,39,42,43,44,45,46,47,48,49:B2,3,4,6,7,9,10,12,15,16,19,25,26,28	47-41	!	deel25:p26
W:W27,33,34,35,37,38,39,44:B6,14,17,19,23,24,25,26	35-30	!	deel25:p30
W:W29,34,37,38,39,44:B6,14,17,19,22,23,25,35	29x27	!	deel25:p30
B:W27,32,33,34,35,36,37,39,42,43,45,47,48:B2,3,6,8,15,16,18,20,21,24,25,26,30	24-29	!	deel25:p34
W:W25,27,30,41,43,47:B18,19,28,29,40	27-22	?	deel25:p40
B:W15,32,33,34,37,38,39,44,47:B11,13,14,19,21,22,23,25,35	14-20	!	deel25:p48
B:W15,29,33,34,36,37,39,44:B14,18,19,22,23,25,27,35	27-31	!	deel25:p48
W:WK4,13,37,50:BK48,39,45	50-44	!	deel25:p54
W:WK4,44:BK9,39,45	4x22	!	deel25:p54
W:W25,28,29,31,35,37,39,41:BK21,5,6,7,8,9,14,18,20,26	37-32	!	deel25:p99
W:W23,28,29,30,35:BK46,8,9,10,12,16,18	29-24	!	deel25:p99
B:W22,33,34,36,37,38,39,44:B10,12,13,19,21,23,26,35	23-28	?	deel26:p24
W:W22,24,29,31,33,34,36,39,40,47,48:B2,4,6,8,11,13,15,16,20,21,25	31-26	?	deel26:p25
B:W22,24,29,31,33,34,36,39,40,47,48:B2,4,6,8,11,13,15,16,20,21,25	21-27	?	deel26:p26
W:W24,29,31,34,36,39,40,44,47,48:B2,3,4,6,11,14,15,16,20,25,27,33	39x28	?	deel26:p26
B:W24,28,29,31,34,36,40,44,47,48:B2,3,4,6,11,14,15,16,20,25,27	14-19	!	deel26:p26
B:W24,31,35,37,38,39,45:B3,4,9,16,21,22,23	9-13	!	deel26:p26
W:W29,30,32,34,36,37,42,44,45,48:B5,8,14,16,18,19,20,21,23,26	29-24	!	deel26:p27
B:W32,35,40,41,43,45:B6,14,16,18,25,26,30	26-31	!	deel26:p28
B:W24,32,40,41,43,45:B6,14,16,18,25,31	25-30	!	deel26:p28
W:W20,23,24,28,32,33,47:B4,8,9,13,17,31,36	32-27	!	deel26:p34
W:W20,24,28,32,33,47:BK46,4,8,9,13	47-41	!	deel26:p34
W:W27,30,32,33,35,36,38,43:B3,16,17,18,19,20,23,24	30-25	?	deel26:p35
B:W25,27,32,33,35,36,38,43:B3,16,17,18,19,20,23,24	23-28	!	deel26:p35
B:W24,26,27,31,34,35,36,37,38,40,41,42,43,48:B3,6,7,8,11,12,13,14,15,16,17,18,22,23	14-20	?	deel26:p36
B:W24,26,27,31,34,35,36,37,38,40,41,42,43,48:B3,6,7,8,11,12,13,14,15,16,17,18,22,23	3-9	!	deel26:p36
W:W24,26,27,31,34,36,37,38,39,40,41,42,43,48,50:B3,6,7,8,9,10,11,12,13,14,16,17,18,22,23	24-19	!	deel26:p36
B:W26,27,31,34,35,36,37,38,39,40,41,42,48:B6,7,8,9,11,12,13,16,17,18,22,23,25,29	9-14	?	deel26:p37
W:W16,25,26,32,36,37,38,39,42,43,45,47,49:B1,3,6,7,11,12,13,14,17,18,23,24,28	32-27	!	deel26:p38
W:WK28,15,33,37,42:B4,26,31,44	28-5	!	deel26:p46
B:WK5,15,33,37,42:B4,26,31,44	44-49	?	deel26:p46
B:WK5,15,33,37,42:B4,26,31,44	44-50	?	deel26:p46
W:WK5,15,33,37,38:B9,26,36,44	5-23	?	deel26:p48
W:W18,25,26,30,32,35,43,48:B8,10,11,14,17,19,24,29	18-12	?	deel26:p49
B:W18,25,26,30,32,35,43,48:B6,8,10,14,17,19,24,29	17-22	!!	deel26:p49
B:W25,26,27,30,32,35,43,48:B6,8,10,14,19,24,29	29-33	!	deel26:p49
W:W25,26,27,30,32,35,43,48:B6,8,10,14,19,24,33	48-42	?	deel26:p49
B:W25,26,27,30,32,35,37:B6,8,10,14,19,24	24-29	!	deel26:p49
W:W25,27,28,32,35,37,38,40,42,43,45,47,48,49:B1,6,8,13,14,15,16,17,18,19,21,23,26,29	37-31	!	deel26:p54
B:W25,27,28,31,32,35,38,40,43,45,47,48,49:B1,6,8,13,14,15,16,17,18,19,21,23,29	21-26	?	deel26:p54
B:W32,34,35,37,38,41,42,46,48:B2,3,6,7,16,18,26,31	31-36	!	deel26:p55
B:W25,29,30,35,36,37,38:B3,9,12,14,15,16,28	28-33	?	deel26:p55
W:W25,29,30,35,36,37,38:B3,9,12,14,15,16,33	25-20	!	deel26:p55
W:W25,28,30,31,36:B4,9,12,14,21	31-26	!	deel26:p56
W:W25,26,28,30,36:B4,9,12,14,27	36-31	!	deel26:p56
W:WK3,15,20:BK46,K49,4,19	20-14	?	deel26:p59
W:W26,28,29,32,33,35,36,37,38,39,42,43,44,45,47,48:B2,3,5,6,8,9,11,12,13,17,19,20,21,22,24,27	28-23	!	deel26:p68
W:W26,28,32,33,35,36,37,38,39,42,43,44,45,47,48:B2,3,5,6,8,9,11,13,17,18,19,21,22,25,27	28-23	!	deel26:p68
W:W26,32,36,37,38,39,42,43,44,45,47,48:B2,5,6,8,11,14,17,19,21,22,25,27	32-28	!	deel26:p69
B:W25,27,31,33,34,35,36,38,39,42,43:B3,6,12,13,15,16,17,18,19,20,23	17-22	?	deel26:p69
W:W27,31,33,34,35,36,38,39,42,43:B3,6,10,12,13,15,16,17,18,23	33-29	!	deel26:p69
W:W27,29,31,33,34,35,36,38,39,43:B8,10,11,13,15,16,17,18,22,23	29-24	!	deel26:p70
B:W24,27,31,33,34,35,36,38,39,43:B8,10,11,13,15,16,17,18,22,23	17-21	?	deel26:p70
B:W24,27,31,33,34,35,36,38,39,43:B8,10,11,13,15,16,17,18,22,23	8-12	?	deel26:p70
W:W33,34,35,36,38,39,43:B10,11,12,13,16,18,22,23,24,37	36-31	!	deel26:p70
W:W27,29,31,33,34,35,36,38,39,43:B8,10,12,13,15,16,17,18,22,23	29-24	!	deel26:p70
W:W27,29,31,33,34,35,36,38,39,43:B8,10,11,12,15,16,18,19,22,23	31-26	!	deel26:p70
W:W27,29,31,34,35,36,38,39,42,43:B3,6,10,12,15,16,17,18,19,23	38-33	!	deel26:p71
W:W27,29,31,33,34,35,36,39,42,43:B3,6,10,12,15,16,18,19,22,23	31-26	!	deel26:p71
B:W18,26,33,34,35,39,42,43:B6,8,10,15,16,17,19,27	19-24	!	deel26:p71
B:WK25,17,34,35,39,42,43:B6,10,24,28,41	24-30	!	deel26:p71
W:W24,25,26,31,32,36,38,48,49:B4,6,11,15,17,18,21,22,27	32-28	!	deel26:p73
W:W25,26,30,31,36,37,38,48,49:B6,9,11,15,16,17,22,27,28	38-33	!	deel26:p74
W:W25,26,30,31,36,37,48,49:B6,9,11,15,16,17,22,27,39	37-32	!	deel26:p74
W:W25,30,31,36,37,48,49:B6,9,13,15,16,28	31-27	!	deel26:p74
W:W24,25,26,31,34,35,36,48,49:BK47,6,9,11,12,13,14,15,16,17,22	31-27	!	deel26:p74
W:W24,25,29,31,36,42,48:B11,13,14,15,21,28	31-26	?	deel26:p75
B:W26,27,28,31,33,34,35,36,37,38,39,40,41,42,43,44,45,48,49,50:B2,3,4,6,7,8,9,10,11,12,13,14,15,16,17,18,19,20,22,25	19-24	!	deel26:p76
B:W26,27,28,31,32,33,34,35,36,38,39,40,41,42,43,44,45,48,49,50:B2,3,4,6,7,8,9,10,11,12,13,14,15,16,17,18,20,22,24,25	24-29	!	deel26:p76
W:W26,28,31,32,35,36,38,39,40,41,42,43,44,45,48,49,50:B2,3,4,6,7,8,9,10,11,12,14,15,16,17,22,25,29	39-34	?	deel26:p76
W:W26,28,31,32,35,36,38,39,40,41,42,43,44,45,48,49,50:B2,3,4,6,7,8,9,10,11,12,14,15,16,17,22,25,29	39-33	?	deel26:p76
W:W26,28,31,32,35,36,38,39,40,41,42,43,44,45,48,49,50:B2,3,4,6,7,8,9,10,11,12,14,15,16,17,22,25,29	41-37	?	deel26:p76
W:W26,31,32,34,35,36,38,39,41,42,43,44,45,48,49,50:B2,3,4,6,7,8,9,10,11,12,14,15,16,17,25,29,33	34x23	?	deel26:p77
B:W26,27,28,31,33,34,35,36,37,38,39,40,41,42,43,44,45,48,49,50:B2,3,4,6,7,8,9,10,11,12,13,14,15,16,17,18,19,20,22,25	20-24	?	deel26:p77
W:W26,27,28,29,31,32,33,36,37,38,39,42,44,45,48,49:B2,3,6,7,8,9,11,12,13,16,17,18,19,22,30,35	48-43	?	deel26:p77
B:W26,27,28,29,31,32,33,36,37,38,39,42,43,44,45,49:B2,3,6,7,8,9,11,12,13,16,17,18,19,22,30,35	19-23	!	deel26:p77
W:W26,27,28,31,32,33,34,36,37,38,42,43,44,45,48,49:B2,3,6,7,8,9,10,11,12,13,16,17,18,22,25,35	45-40	?	deel26:p77
B:W26,27,28,31,32,33,34,36,37,38,40,42,43,44,48,49:B2,3,6,7,8,9,10,11,12,13,16,17,18,22,25,35	16-21	!	deel26:p77
W:W26,27,28,29,31,32,33,36,37,38,39,42,44,45,48,49:B2,3,6,7,8,9,11,12,13,16,17,18,19,22,30,35	44-40	!	deel26:p77
W:W26,27,30,31,33,34,35,36,37,38,39,41,42,43,44,45,48,50:B2,3,4,6,7,8,9,11,12,13,16,17,18,19,20,22,23,24	30-25	?	deel26:p79
B:W25,26,27,31,33,34,35,36,37,38,39,41,42,43,44,45,48,50:B2,3,4,6,7,8,9,11,12,13,16,17,18,19,20,22,23,24	17-21	!	deel26:p79
B:W20,26,27,31,33,35,36,37,38,39,40,41,42,43,45,48,50:B2,3,4,6,7,8,9,11,12,13,16,17,18,19,22,23,34	22-28	!	deel26:p79
W:W20,26,27,31,33,35,36,37,38,39,40,41,42,43,45,48,50:B2,3,4,6,7,8,9,11,12,13,16,17,18,19,23,28,34	33x22	?	deel26:p79
W:W26,27,31,32,33,35,36,37,39,40,41,42,43,44,45,48,50:B2,3,4,6,7,8,9,11,12,13,15,16,17,18,19,22,23,34	39x30	?	deel26:p79
W:W26,27,30,31,33,34,35,36,37,38,39,40,41,42,43,45,48,50:B2,4,6,7,8,9,11,12,13,14,15,16,17,18,19,22,23,25	50-44	?	deel26:p80
B:W26,27,30,31,33,34,35,36,37,38,39,40,41,42,43,44,45,48:B2,4,6,7,8,9,11,12,13,14,15,16,17,18,19,22,23,25	23-28	!	deel26:p80
B:W24,26,27,31,33,34,36,37,38,39,40,41,42,43,44,45,48:B2,4,6,7,8,9,11,12,13,14,15,16,17,18,22,25,28	14-20	!!	deel26:p80
B:W24,26,27,29,31,33,36,37,38,39,41,42,43,44,45,48:B2,4,6,7,8,9,11,12,13,15,16,17,18,20,22,28	17-21	?	deel26:p80
W:W26,27,29,30,31,34,35,36,37,38,39,40,41,42,43,45,48,50:B2,4,6,7,8,9,11,12,13,15,16,17,18,19,20,22,23,25	38-33	?	deel26:p80
B:W26,27,29,30,31,33,34,35,36,37,39,40,41,42,43,45,48,50:B2,4,6,7,8,9,11,12,13,15,16,17,18,19,20,22,23,25	23-28	!	deel26:p80
B:W24,26,27,29,31,34,36,37,38,39,40,41,42,43,45,48,50:B2,4,6,7,8,9,11,12,13,15,16,17,18,20,22,23,25	23-28	!	deel26:p81
B:W24,26,27,29,31,32,34,36,37,39,40,41,42,43,45,48,50:B2,4,6,7,8,9,11,12,13,15,16,17,18,20,22,25,28	16-21	!	deel26:p81
W:W26,27,30,31,32,33,34,35,36,37,38,40,41,42,43,44,45:B2,6,7,8,11,12,13,14,16,17,18,19,20,22,23,24,25	33-29	!	deel26:p82
W:W26,27,30,31,32,34,35,36,37,38,39,40,41,42,43,45:B2,6,7,8,11,12,13,14,16,17,18,19,23,24,25	39-33	!	deel26:p82
B:W26,27,30,31,32,33,34,35,36,37,38,40,41,42,43,45,50:B2,6,7,8,9,11,12,13,15,16,17,18,19,22,23,24,25	24-29	!	deel26:p82
B:W24,26,27,30,31,32,34,35,36,37,38,40,41,42,43,44,45:B2,6,7,8,11,12,13,14,15,16,17,18,19,22,23,25	14-20	?	deel26:p82
B:W26,27,30,31,32,33,34,35,36,37,38,40,41,42,45,48,50:B2,4,6,7,8,11,12,13,14,16,17,18,19,22,23,24,25	23-29	?	deel26:p82
W:W26,27,30,31,32,33,34,35,36,37,38,40,41,42,45,48,50:B2,4,6,7,8,11,12,13,14,16,17,18,19,22,23,24,25	33-29	?	deel26:p83
W:W26,27,29,30,31,32,34,35,36,37,40,41,42,45,48,50:B2,6,7,8,9,11,12,13,14,16,17,18,19,23,25,28	29-24	?	deel26:p83
B:W24,26,27,30,31,32,34,35,36,37,40,41,42,45,48,50:B2,6,7,8,9,11,12,13,14,16,17,18,19,23,25,28	16-21	!	deel26:p83
B:W26,31,35,36,37,40,41,42,43,45,50:B2,6,7,11,15,16,17,23,25,29	17-21	!	deel26:p83
B:W26,27,29,30,32,34,35,37,38,40,41,42,44,45:B2,6,8,9,11,12,13,16,18,19,20,23,25,28	28-33	?	deel26:p83
W:WK3,35,40,44,45:B2,6,8,11,12,13,18,20,24,34	3x48	!	deel26:p83
B:W20,26,27,30,31,32,34,35,36,37,40,41,42,45,48,50:B2,6,7,8,9,11,12,13,14,16,17,18,19,23,25	23-29	!	deel26:p84
W:W15,31,32,35,36,37,40,41,42,43,44,45:B2,6,7,8,9,13,14,19,21,23,29,34	44-39	?	deel26:p84
W:W15,31,32,35,36,37,40,41,42,43,45,50:B2,6,7,8,9,13,14,16,19,23,29,34	32-27	!	deel26:p85
B:W20,21,26,30,31,34,35,36,37,38,40,45,50:B7,8,9,11,12,13,14,18,19,23,25,28	28-32	!	deel26:p86
W:W20,21,26,30,31,34,35,36,37,38,40,45,50:B7,8,9,12,13,14,17,18,19,23,25,28	21-16	?	deel26:p86
B:W16,20,26,30,31,34,35,36,37,38,40,45,50:B7,8,9,12,13,14,17,18,19,23,25,28	17-21	!	deel26:p86
B:W20,21,26,30,34,35,36,37,38,40,42,45,50:B6,7,8,9,12,13,14,18,19,23,25,28	18-22	?	deel26:p87
B:W20,26,29,30,31,35,36,37,38,40,45,50:B1,8,9,13,14,17,18,19,23,25,28	25x34	?	deel26:p87
W:W15,31,33,35,36,37,39,40,45,50:B2,8,9,13,14,19,22,25,28	33-29	!	deel26:p88
B:W15,21,26,31,35,36,37,38,39,40,45,50:B8,9,11,12,13,14,17,18,19,25,28	18-23	?	deel26:p88
B:W16,21,26,31,36,37,44,45:BK48,8,9,12,13,18,25,34	34-40	!	deel26:p90
B:WK1,11,36,37,45:BK49,9,19,26	49-44	!	deel26:p94
W:W26,27,30,31,32,33,34,35,36,37,38,40,41,42,43,45,50:B2,6,7,8,9,11,12,13,15,16,17,18,19,22,23,24,25	33-28	?	deel26:p97
W:W26,27,28,29,33,34,35,37,40,41,43,44:B4,5,7,11,12,15,16,17,18,20,24,25	37-32	?	deel26:p98
W:W25,26,27,31,32,34,36,37,38,40,42,43,48,49,50:B4,5,6,7,8,11,12,13,14,15,16,17,18,22,23	49-44	?	deel26:p98
B:W25,26,27,31,32,34,36,37,38,40,42,43,44,48,50:B4,5,6,7,8,11,12,13,14,15,16,17,18,22,23	14-20	!	deel26:p98
B:W28,29,33,34,35,37,38,39,40,43,44,45,47:B3,6,8,9,13,14,15,17,19,20,24,25,26	6-11	?	deel26:p98
W:W26,27,28,32,33,34,35,36,39,40,41,42,43,44,45:B6,7,8,9,11,12,13,14,15,16,17,18,19,24,25	36-31	?	deel26:p99
B:W28,29,32,33,34,35,36,37,39,40,42,44,45,47,49:B3,6,7,8,9,13,14,15,16,19,20,21,24,25,26	7-11	?	deel26:p99
B:W28,31,32,33,34,35,36,37,39,40,42,44:B7,8,9,10,12,17,18,19,21,22,24,25	21-27	?	deel26:p100
W:W28,29,33,34,35,37,38,39,40,43,44,45,47,49:B6,7,8,9,13,14,15,18,19,20,21,24,25,27	35-30	!	deel26:p100
W:W33,34,35,37,38,39,40,43,44,45,47,49:B6,7,8,9,11,14,15,19,20,24,25,27	34-29	!	deel26:p100
W:W33,34,35,37,38,39,40,43,44,45,47,49:B6,7,8,9,11,14,15,19,20,24,25,26	37-31	!	deel26:p100
W:W28,35,40,44,45,49:BK30,6,7,8,9,11,14,15,19,20,25	35x4	!	deel26:p100
B:W16,26,27,31,33,34,35,38,39,40,42,44:B2,6,7,9,15,17,18,19,20,22,24,25	6-11	?	deel26:p101
W:W16,26,27,31,33,34,35,38,39,40,42,44:B2,7,9,11,15,17,18,19,20,22,24,25	26-21	!	deel26:p101
B:W28,29,33,34,35,36,38,39,40,42,43,44,45:B3,6,8,12,13,14,15,16,19,20,24,25,26	12-17	?	deel26:p101
W:W28,29,33,34,35,36,38,39,40,42,43,44,45:B3,6,8,13,14,15,16,17,19,20,24,25,26	36-31	!	deel26:p101
W:W26,31,33,34,35,36,38,39,40,43,44,45,47:B6,8,9,10,11,14,15,16,17,19,20,22,25	26-21	!	deel26:p101
W:W22,27,28,33,34,35,36,37,38,39,40,42,43,44,45:B3,6,8,10,11,13,14,15,16,19,20,23,24,25,26	37-31	!	deel26:p102
W:W22,29,34,35,36,38,39,40,43,44,45:BK48,3,6,8,10,11,13,14,15,16,19,20,21,24,25	36-31	!	deel26:p102
B:WK3,26,33,35,38,39,40,43,45:B6,10,11,15,16,17,21,22,23,28,41	41-46	!	deel26:p108
W:WK3,26,33,35,38,39,40,43,45:BK46,6,10,11,15,16,17,21,22,23,28	3-9	?	deel26:p108
B:WK9,26,33,35,38,39,40,43,45:BK46,6,10,11,15,16,17,21,22,23,28	22-27	!	deel26:p108
B:WK9,26,31,35,38,39,40,43,45:BK46,6,10,11,15,16,17,21,23	17-22	!	deel26:p108
W:W24,27,29,33,34,38,39,40,41,43,45,46,49:B2,4,8,9,10,12,13,15,17,18,20,25,26	41-36	!	deel26:p109
W:W16,24,29,33,34,38,39,40,41,43,45,46,49:B2,4,8,9,10,13,15,17,18,20,22,25,26	38-32	?	deel26:p109
W:W29,33,34,35,41,42,44,45:B8,13,15,16,18,20,24,27	34-30	?	deel26:p115
W:W29,33,34,35,41,42,44,45:B8,13,15,16,18,20,24,27	42-37	!	deel26:p115
W:W29,33,34,41,42,44,45:B8,13,15,16,18,20,27,35	33-28	!	deel26:p115
B:W29,33,34,35,37,38,40,44:B13,15,18,19,20,21,24,27	19-23	?	deel26:p116
W:W29,33,34,35,37,38,40,44:B13,15,18,20,21,23,24,27	33-28	!	deel26:p116
B:W23,28,31,33,40,44:B13,15,20,21,30,32,35	30-34	!	deel26:p116
W:W22,25,40,44:B13,15,26,33,35	22-17	?	deel26:p116
W:W22,25,34,44:B13,15,26,35,38	22-17	?	deel26:p116
B:W11,25,34,44:B13,15,26,35,43	43-49	!	deel26:p116
W:W24,29,31,32,33,36,39:B3,8,15,17,18,21,25	31-27	!	deel26:p122
W:W24,29,31,32,33,36,39:B8,9,12,15,18,21,25	31-27	!	deel26:p122
B:W22,26,28,31,32,33,35,38,39,40,43,45:B6,9,11,13,15,16,17,19,20,23,24,25	25-30	?	deel26:p124
W:W25,27,28,32,37,38,39,40,42,44,47,48,50:B5,6,8,9,10,11,13,14,15,16,19,26,29	39-33	!	deel26:p125
W:W24,25,27,32,37,38,40,42,44,47,48,50:B5,6,8,9,10,11,15,16,18,23,26	37-31	!	deel26:p125
B:W23,27,28,29,33,34,35,37,38,39,40,43,44:B6,7,8,9,10,12,13,14,15,18,20,24,26	13-19	?	deel26:p131
B:W23,27,28,29,33,34,35,37,38,39,40,43,44:B6,7,8,9,10,12,13,14,15,18,20,24,26	18-22	?	deel26:p131
W:W23,29,33,34,35,37,38,39,40,43,44:B6,7,8,9,10,14,15,20,21,24,26	34-30	!	deel26:p131
B:W22,23,27,29,33,34,35,37,38,39,40,43,44:B6,8,9,10,11,12,13,14,15,18,20,24,26	11-16	?	deel26:p131
W:W20,24,27,32,34,35,37,38,39,43,44:B6,7,9,10,12,13,15,19,25,26	35-30	!	deel26:p132
B:W25,28,30,31,35,36,38,39,41,42,43,44,45,46,47,48,49:B1,2,3,4,6,7,9,10,11,12,13,14,16,17,18,19,20	2-8	?	deel26:p132
W:W25,28,30,31,35,36,38,39,41,42,43,44,45,46,47,48,49:B1,2,3,4,6,7,9,10,11,12,13,14,16,17,18,19,20	30-24	!	deel26:p132
W:W22,25,27,28,30,32,35,36,38,42,43:B8,11,13,14,15,16,18,19,21,24,29	36-31	!	deel26:p133
W:W22,25,27,28,30,31,32,33,35,37,38:B11,13,14,15,16,19,21,23,24,26,29	22-17	?	deel26:p134
B:W24,27,29,32,33,34,36,37,38,39,42,43,46,48,50:B3,4,6,7,8,11,12,13,14,16,17,18,23,25,26	14-19	?	deel26:p135
B:W24,27,29,32,33,34,36,37,38,39,42,43,46,48,50:B3,4,6,7,8,11,12,13,14,16,17,18,23,25,26	17-22	?	deel26:p135
W:W15,27,32,33,34,37,38,39,42,43,44,46,48,50:B3,4,6,7,8,9,11,12,13,14,16,18,23,26	33-28	!	deel26:p137
B:W15,22,28,32,37,38,39,40,41,42:B6,7,9,11,12,14,16,24,26,29	26-31	!	deel26:p137
W:W24,27,29,32,33,34,37,38,39,42,43,44,46,48,50:B3,4,6,7,8,9,11,12,13,14,16,18,23,25,26	24-19	?	deel26:p137
W:W35,38,41,42,43,48,50:B6,7,8,12,14,16,17,19,27,30	35x31	!	deel26:p138
B:W16,26,27,35,43:B6,12,17,25,29	29-34	!	deel26:p149
B:W11,26,27,35,43:B6,12,17,25,34	25-30	!	deel26:p149
B:W22,26,27,35,43:B6,12,30,34	12-17	!	deel26:p149
W:W25,32,33,37,39,40,42:B13,14,18,19,21,23,24	33-28	!	deel26:p151
W:W25,26,27,28,30,32,35,38,40,48:B9,14,15,16,17,18,19,21,23,29	38-33	?	deel26:p157
W:W25,26,27,28,30,32,38,44,48:B9,14,16,17,18,19,20,21,23	27-22	!	deel26:p157
W:W25,26,28,30,44,48:B9,14,16,17,19,20,21,23,29	30-24	!	deel26:p157
B:W21,25,30,33,35,38,41,42,48:B3,6,9,11,13,14,18,19,24	3-8	?	deel26:p159
W:W21,25,30,33,35,38,41,42,48:B6,8,9,11,13,14,18,19,24	21-17	!	deel26:p159
B:W15,25,30,35,41,42,48:B6,8,9,13,14,18,23	23-29	?	deel26:p159
B:W21,25,26,28,33,35,38,39,43:B6,10,11,12,13,14,17,19,24	13-18	?	deel26:p160
W:W21,25,26,28,33,35,38,39,43:B6,10,11,12,14,17,18,19,24	21-16	!	deel26:p160
W:WK1,25,33,35,39:BK46,13,14,15,24,37	39-34	?	deel26:p162
W:WK1,25,33,35,39:BK46,13,14,15,24,37	1-45	?	deel26:p162
B:W17,22,31,36,38,43,45,48,50:B2,3,5,7,8,9,15,23,30	8-12	!	deel26:p163
W:W17,22,36,37,38,42,43,45,48,50:B2,3,5,7,8,9,15,23,26,30	37-31	!	deel26:p163
W:W25,27,29,30,31,34,35,36,42,45,48:B3,6,7,9,14,15,16,17,18,19,23	30-24	!	deel26:p171
B:W25,27,30,31,32,33,35,40,42,48:B9,10,12,14,16,17,18,19,23,24	17-22	?	deel26:p171
B:W24,25,34,36,39,40,41,42,43,45,46,47,48,49:B1,2,3,4,5,7,8,9,11,12,15,16,23,32	8-13	?	deel26:p187
W:W16,25,28,30,33,35,39,40,41,42,47,48:B2,3,6,9,12,14,15,18,19,24,26,36	42-38	?	deel26:p187
B:W27,28,32,34,35,37,38,41,42,45,47,48,49:B2,3,7,11,12,13,15,16,17,18,21,24,25	3-9	?	deel26:p187
B:W24,25,27,35,38,41,43,47,48,49:B3,11,12,13,14,15,16,17,18,23	17-21	?	deel26:p187
B:W24,26,28,29,33,34,36,38,39,40,42:B3,6,9,11,12,13,15,17,18,25	15-20	?	deel26:p188
W:W24,26,29,33,34,35,36,38,39,43,44,45,46,48,49:B2,3,4,5,7,9,11,12,13,15,16,17,25,27,32	34-30	?	deel26:p188
B:W6,35,36,39,43,44,45,46,49:B2,3,4,5,7,9,16,26,27	16-21	!!	deel26:p188
W:W25,28,29,30,33,35,37,38,39,40,41,47:B2,3,8,13,14,15,16,17,19,20,22,26	41-36	?	deel26:p188
B:W25,27,28,30,33,35,36,37,38,39,40,47:B2,3,8,15,16,17,19,26	19-24	?	deel26:p189
W:W25,29,30,35,36,37,38,39,44,47:B3,4,8,13,14,15,17,18,27,28	44-40	?	deel26:p189
B:W16,25,26,30,37,38,39,40,44:B3,9,11,12,14,15,17,22,28	14-19	!	deel26:p189
B:W25,27,31,36,38,39,40,42,43,45,47,48:B2,10,11,12,13,14,16,17,18,20,22,23	17-21	?	deel26:p189
B:W20,27,28,30,32,33,35,36,37,38,42,45,48:B3,9,11,12,13,15,16,18,19,21,25,26	25x34	?	deel26:p189
B:W25,27,32,33,37,42,44,48,49,50:B3,8,10,11,13,15,16,21,23,26	8-12	?	deel26:p189
W:W27,42,44,48,49,50:B3,10,11,12,13,16,21,24,28,34	49-43	!	deel26:p189
W:W28,30,33,35,36,38,39,40,42:B2,3,13,14,15,16,19,24,26,27	42-37	?	deel26:p190
B:W28,30,33,35,36,37,38,39,40:B2,3,13,14,15,16,19,24,26,27	24-29	?	deel26:p190
W:W28,30,33,35,36,38,39,40,42:B2,3,13,14,15,16,19,24,26,27	28-23	!	deel26:p190
W:W22,26,27,28,30,35,38,40,43,48:B3,6,9,11,12,13,15,16,19,29	43-39	?	deel26:p190
W:W24,28,29,33,35,37,38,40,44,46,48:B1,3,5,8,9,13,15,18,20,21,26	44-39	?	deel26:p190
B:W18,19,24,28,35,38,39,40,46,48:B1,3,5,9,15	15-20	!	deel26:p190
W:W28,29,33,34,35,36,37,38,39,40:B3,8,9,12,13,15,16,20,24,27	34-30	?	deel26:p190
B:W16,25,30,33,35,36,38,42,43,48:B3,7,11,12,13,14,15,17,18,23	17-22	?	deel26:p191
W:W24,29,33,34,37,38,39,40,42,47:B3,4,9,15,18,21,22,25,26,36	24-19	?	deel26:p192
B:W25,27,32,35,36,38,42,43,44,48:B2,9,11,12,13,16,18,21,23,24	9-14	?	deel26:p192
W:W25,27,32,35,36,38,42,43,44,48:B2,11,12,13,14,16,18,21,23,24	32-28	!	deel26:p192
W:W24,29,33,35,37,38,39,40,42,47,48:B3,4,9,15,16,18,20,21,22,26,27	24-19	?	deel26:p192
B:W25,27,29,32,34,35,37,41,42,46,48:B5,8,10,11,12,14,15,16,18,21,26	8-13	?	deel26:p192
B:W15,27,31,32,33,35,37,41,42,43,44,48:B1,3,4,8,9,11,12,16,21,24,25,26	8-13	?	deel26:p192
B:W15,27,31,32,33,35,37,41,42,43,44,48:B1,3,4,8,9,11,12,16,21,24,25,26	9-14	?	deel26:p192
B:W27,28,30,32,33,34,35,36,40,42,45,47,48,49:B1,3,5,9,11,12,13,15,16,18,19,23,24,25	15-20	?	deel26:p193
W:W28,30,34,35,36,40,42,45,47,48,49:B1,3,5,9,11,12,13,18,19,20,23,24,25,29	42-38	!	deel26:p193
W:W24,28,29,33,38,39,40,42,47,48:B2,3,8,9,13,15,16,18,20,26	42-37	?	deel26:p193
B:W15,25,30,33,36,38,42,43,47,48,49:B2,4,7,8,9,11,12,14,22,23,27	8-13	?	deel26:p193
B:WK23,26:B22,35	22-27	!	deel26:p198
W:WK23:B16,35	23-12	!	deel26:p198
W:WK1,44,50:B33,34	1x40	!	deel26:p200
W:WK23,26,35:B43	23-28	!	deel26:p201
W:W12,43,48:B1,2,11,13,16,24,32,34	12-7	!	deel26:p202
B:W24,27,29,32,33,34,35,37,38,39,40,41,43,45,46,47,48,49:B1,2,3,4,7,8,9,10,12,13,15,16,17,18,20,23,25,26	23-28	!	deel26:p207
W:W27,30,31,32,33,34,35,36,41,42,49:B4,8,13,14,16,18,19,22,24,25,26	34-29	!	deel26:p208
B:W27,35,36,37,40,41,44:B2,14,15,16,19,23,26	23-28	!	deel26:p208
B:W27,30,31,32,33,34,35,36,39,41,44:B12,13,14,15,16,17,18,19,22,24,25	16-21	!	deel26:p208
B:WK45,13,30,38:BK46,14	14-20	?	deel26:p209
W:WK29,13,30,38:BK46,25	29-34	!	deel26:p209
B:WK45,24,30,33:BK46,13,19	13-18	!	deel26:p209
B:WK45,22,30,33:BK46	46-28	!	deel26:p209
B:W26,27,32,33,34,35,36,37,38,39,41,42,43,44,47,48,49,50:B1,2,3,4,5,6,8,9,10,11,12,13,16,17,18,19,23,24	10-14	?	deel26:p209
W:W24,25,26,40,42,43:B3,12,13,14,27,32	40-34	!	deel26:p210
W:W16,25,26,27,31,32,37,41,43,44:B7,8,11,12,13,14,15,18,23,28	41-36	?	deel26:p226
W:W26,28,29,33,34,35,36,37,38,40,42,43,44,45,46,47,48,49,50:B1,2,3,4,5,6,7,8,9,10,12,13,14,15,16,17,20,24,27	37-31	?	deel26:p226
B:W27,28,30,32,34,35,36,37,40,42,45,46,47,48,49,50:B1,3,5,6,8,9,11,13,15,16,18,19,21,23,26,29	11-17	?	deel26:p226
W:W27,28,30,32,34,35,36,37,40,42,45,46,47,48,49,50:B1,3,5,6,8,9,13,15,16,17,18,19,21,23,26,29	30-24	!	deel26:p226
B:W26,27,30,33,35,37,38,48:B3,9,13,16,17,19,24,29	17-21	!	deel26:p226
W:W24,26,27,29,32,33,34,36,38,39,40,42,43,44,45,47,49:B3,4,6,8,9,11,12,13,15,16,17,18,19,20,21,23,25	40-35	?	deel26:p227
B:W24,26,27,29,32,33,34,36,38,39,42,43,44,45,47,49:B3,4,6,8,9,11,12,13,15,16,17,18,20,21,23,25	25-30	!	deel26:p227
W:W26,27,28,32,35,37,38,39,40,42,45:B7,9,12,13,15,16,17,18,20,24,25	28-23	?	deel26:p227
B:W26,34,35,37,38,39,40,42,45:B7,9,12,13,15,16,20,24,25	24-29	!	deel26:p227
W:W24,29,31,33,34,36,38,39,40,45:B3,6,7,9,13,15,20,22,25,27	29-23	!	deel26:p227
W:W15,24,26,30,36,39,40,41,42,43,46,47,48,49:B2,3,4,6,8,9,11,12,13,14,16,23,28,32	42-37	?	deel26:p228
B:W15,24,26,30,36,37,39,40,41,43,46,47,48,49:B2,3,4,6,8,9,11,12,13,14,16,23,28,32	23-29	!	deel26:p228
W:W22,25,28,32,33,34,35,37,39,43:B3,7,13,14,16,19,21,23,24,26	34-29	?	deel26:p228
B:W22,25,28,30,32,33,35,37,43:B3,7,13,14,16,19,21,24,26	14-20	!	deel26:p228
W:W16,26,30,32,35,37,39,40,42,43,44,45,47,48,49:B1,7,8,9,10,11,13,14,17,18,19,22,23,24,36	43-38	?	deel26:p228
B:W16,26,30,32,35,37,38,39,40,42,44,45,47,48,49:B1,7,8,9,10,11,13,14,17,18,19,22,23,24,36	7-12	!	deel26:p228
B:W27,28,32,33,35,36,37,38,40,42,43,45,48:B6,8,9,11,13,15,16,18,19,21,23,24,25	9-14	?	deel26:p228
B:W25,26,27,30,32,34,35,36,37,38,39,40,42,44,45,48,50:B3,5,6,7,9,10,12,13,14,15,16,17,18,19,23,28,29	17-22	?	deel26:p228
W:W23,28,32,35,37,38,39,40,41,42,43,44,45,48:B3,5,6,7,8,9,11,12,13,14,15,17,19,25	38-33	?	deel26:p229
B:W25,26,29,30,31,36,37,38,41,42,43,45,48,49:B2,6,8,9,10,12,13,14,16,17,18,19,22,27	19-23	?	deel26:p229
W:W21,22,25,26,27,30,33,35,36,39,43,48,49:B3,4,6,9,11,12,13,14,15,16,19,23,24	48-42	?	deel26:p229
B:W24,27,29,32,33,34,37,39,40,42,43,44,45,47,48:B2,4,6,7,8,9,10,13,14,15,16,20,21,25,26	14-19	?	deel26:p229
W:W22,23,27,31,32,36,37,38,39,40,42,44,45:B2,3,7,8,9,12,13,15,16,24,25,26,35	32-28	?	deel26:p229
B:W26,27,29,30,33,34,35,38,41,43,46,48,49,50:B2,3,4,6,7,8,12,13,15,16,18,19,23,25	12-17	?	deel26:p229
B:W26,28,29,32,33,35,36,37,38,39,40,44:B11,12,13,14,15,17,19,20,21,22,24,25	24-30	?	deel26:p229
B:W15,25,29,31,33,34,36,39,41,43,45,46,47,48,49:B3,4,6,8,9,11,13,14,16,18,21,22,23,27,28	8-12	?	deel26:p229
B:W10,15,25,30,36,41,45,46,47,48,49:B3,4,6,9,11,16,18,22,27,32,39	9-14	?	deel26:p229
B:W25,27,35,36,37,39,40,42,45,46,47,48:B2,7,8,9,10,11,13,16,18,23,26,28	23-29	?	deel26:p230
W:W24,29,32,33,34,37,38,39,40,42,44,45,47,48,49:B2,3,4,6,8,9,10,11,13,14,15,18,21,23,25	33-28	?	deel26:p230
B:W21,25,26,32,35,36,37,39,49:B7,11,12,13,14,18,19,23,28	19-24	?	deel26:p230
W:W21,25,26,32,35,36,37,39,49:B7,11,12,13,14,18,23,24,28	39-33	!	deel26:p230
W:W25,26,35,36:BK22,7,11,13,14,18,21,23,24	26x8	?	deel26:p230
B:W24,27,28,29,32,33,38,39,42,43,44,45,48:B2,3,7,8,9,12,13,15,16,17,20,21,25	13-18	?	deel26:p230
W:W23,28,32,33,37,38,40,41,44:B2,12,13,14,16,19,24,26,35	32-27	?	deel26:p231
W:W16,30,32,35,36,37,39,40,42,43,44,45,47,49,50:B3,5,7,8,9,10,11,12,13,14,19,22,23,24,28	43-38	?	deel26:p231
W:W35,36,40,42,44,45,47,49,50:B3,5,9,15,19,22,28,41	44-39	!	deel26:p231
B:W27,28,31,32,37,38,39,40,42,44,48:B6,7,8,9,11,13,14,16,18,25,30	14-19	?	deel26:p231
W:W27,28,31,32,37,38,39,40,42,44,48:B6,7,8,9,11,13,16,18,19,25,30	39-34	!	deel26:p231
B:W25,27,28,32,35,36,37,38,42,43,45,48:B2,6,8,11,12,13,14,15,18,19,24,26	18-23	?	deel26:p232
W:W15,27,28,32,33,34,36,37,38,39,40,44,47:B2,3,4,6,8,9,12,13,16,18,19,25,26	34-29	?	deel26:p244
B:W26,27,30,31,32,33,34,35,36,38,42,45,48:B6,8,11,12,13,14,15,16,17,18,19,24,25	24-29	?	deel26:p244
W:W24,26,27,30,31,32,34,35,36,38,42,45,48:B6,8,11,12,13,15,16,17,18,19,20,25	45-40	!	deel26:p244
B:W27,28,32,38,43,45,48:B7,12,14,17,18,19,30	14-20	?	deel26:p244
B:W23,27,28,31,33,36,38,39,40,43,44,47,50:B1,2,7,9,11,12,13,14,15,19,24,25,35	13-18	?	deel26:p244
W:W26,27,35,37,38,40,41,42,43,45:B1,10,11,12,13,17,20,24,25,29	37-32	?	deel26:p244
W:W28,30,31,32,33,35,38,43,45,48,49:B6,8,9,11,13,14,15,16,19,23,24	30-25	?!	deel26:p244
B:W25,28,31,32,33,35,38,43,45,48,49:B6,8,9,11,13,14,15,16,19,23,24	14-20	?	deel26:p244
W:W28,32,33,35,38,43,45,48,49:B6,13,15,19,23,24,36	48-42	!	deel26:p245
W:W25,27,28,30,31,32,33,35,36,38,43,44,45,47,48,49:B1,2,3,4,6,7,9,12,13,14,15,16,19,23,24,26	27-22	?	deel26:p246
W:W25,26,30,33,34,36,38,41,42,43,45,46,48,50:B2,3,4,6,7,8,11,12,13,14,15,18,23,27	34-29	?	deel26:p246
W:W27,28,31,32,34,35,36,37,38,39,40,42,43,45,47,48:B1,3,8,9,11,12,13,14,15,16,18,19,20,23,25,26	38-33	?	deel26:p246
W:W31,34,35,36,38,39,42,43,44,45,46,47,48,49:B1,2,4,7,8,9,11,13,14,15,18,22,23,27	39-33	?	deel26:p246
B:W27,28,32,33,34,35,37,38,39,43,45,49:B3,9,11,12,13,14,16,19,21,23,24,26	13-18	?	deel26:p246
B:W26,27,31,32,33,34,35,39,40,42,43,44,45,46,47,48,49,50:B2,3,5,6,7,8,9,11,12,13,14,15,16,17,18,20,21,23	23-28	?	deel26:p247
W:W23,24,29,30,34,35,36,37,38:B2,4,8,9,15,17,25,26,27	24-19	?	deel26:p247
W:W26,27,28,32,33,35,38,40,42,43:B8,9,12,13,16,17,18,19,24,29	43-39	?	deel26:p247
W:W24,28,30,32,36,37,38,39,40:B2,4,8,9,14,16,18,21,26	39-33	?	deel26:p247
W:W25,30,31,32,36,39,40,42,45,48:B3,6,9,10,11,14,16,17,19,22,29	32-27	?	deel26:p247
W:W25,26,30,33,35,36,39,40,42,43,47,49:B3,6,8,11,12,14,19,22,23,24,27,28	43-38	?	deel26:p247
W:W26,31,33,36,38,39,42,44,45:B8,12,13,15,17,19,22,23,27	42-37	?	deel26:p247
W:W27,28,30,31,32,35,36,37,38,42,44,48,50:B3,6,8,9,11,12,13,16,18,19,21,23,29	44-40	?	deel26:p248
B:W27,28,30,31,32,35,36,37,38,40,42,48,50:B3,6,8,9,11,12,13,16,18,19,21,23,29	29-33	!	deel26:p248
W:W25,27,30,31,35,37,42,47,48:B6,8,12,13,14,16,17,18,28	30-24	!	deel26:p248
B:W25,26,30,31,35,36,37,38,39,40,41,43,44,49,50:B3,6,8,9,10,11,12,13,14,18,19,22,23,24,27	23-28	?	deel26:p249
B:W16,26,29,31,33,36,38,39,40,43,44,45,49:B2,7,9,10,12,13,14,15,17,18,19,22,25	14-20	?	deel26:p249
W:W16,26,29,31,33,36,38,39,40,43,44,45,49:B2,7,9,10,12,13,15,17,18,19,20,22,25	26-21	!	deel26:p249
B:W26,27,29,30,31,32,33,34,37,38,39,40,41,42,43,44,47:B2,6,7,9,10,11,12,13,14,16,17,18,19,20,22,23,25	2-8	?	deel26:p249
W:W27,32,35,37,38,40,41,42,43,46,47,48:B3,6,8,11,12,16,17,18,21,24,26,29	38-33	!	deel26:p249
W:W27,32,35,37,40,41,42,46,47,48:BK49,3,6,8,11,12,16,17,18,21,24,26	37-31	!	deel26:p249
B:W21,28,33,34,36,37,38,39,40,45,47,48:B3,7,9,10,12,13,14,17,19,22,24,26	26-31	?	deel26:p250
B:WK1,25,33,37,40,45,47,48:B3,9,10,13,14,19,34	3-8	?	deel26:p250
W:W25,29,37,45,47,48:B8,9,10,14,39	45-40	!	deel26:p250
B:W25,30,31,32,33,35,38,43,45:B4,7,8,9,14,18,19,21,24	14-20	!	deel26:p250
W:W25,26,27,33,35,36,38,39,40,42,45,50:B3,5,6,9,13,15,16,17,19,20,23,24	25x14	?	deel26:p250
W:W22,26,36,42,45,50:B5,6,14,15,16,19,20	22-17	!	deel26:p250
B:W16,21,26,35,38,42,44,45,47,48,50:B3,4,7,12,13,14,15,17,19,24,39	13-18	!	deel26:p251
W:W20,27,32,34,35,36,37,39,41,42,47:B6,9,10,11,12,16,17,18,21,23,26	20-15	?	deel26:p251
B:W22,27,30,32,34,35,37,39,40,43,45:B7,10,14,15,19,20,21,23,24,25,26	24-29	!	deel26:p251
B:W25,26,28,31,33,34,35,36,38,39,41,42,43,44,47,48,49,50:B2,3,4,5,6,7,8,12,13,14,15,16,17,18,19,22,24,27	7-11	?	deel26:p252
W:W25,26,28,31,33,34,35,36,38,39,41,42,43,44,47,48,49,50:B2,3,4,5,6,8,11,12,13,14,15,16,17,18,19,22,24,27	28-23	!	deel26:p252
W:W23,27,28,31,33,34,38,39,43,45,47,49:B2,4,6,8,12,14,15,16,18,19,24,25	45-40	?	deel26:p252
B:W23,27,28,31,33,38,39,40,43,47,49:B2,4,6,8,12,14,15,16,19,24,25	12-18	!	deel26:p252
W:W25,27,28,31,32,33,35,40,42,44,45:B5,8,9,13,14,15,16,17,19,23,24	33-29	?	deel26:p252
B:W28,29,33,34,35,36,39,40,43,44,45,47,48:B1,3,10,11,13,15,17,19,20,21,24,25,26	1-6	?	deel26:p252
W:W28,29,33,34,35,36,39,40,43,44,45,47,48:B3,6,10,11,13,15,17,19,20,21,24,25,26	29-23	!	deel26:p252
W:W23,24,28,29,33,35,36,37,39,43,45:B2,8,10,12,15,16,17,20,21,22,25	24-19	?	deel26:p252
B:W19,23,28,29,33,35,36,37,39,43,45:B2,8,10,12,15,16,17,20,21,22,25	12-18	!	deel26:p252
B:W24,25,27,30,33,35,36,37,38,39,42,43,48,50:B3,4,6,7,8,9,10,11,13,15,16,18,19,26	18-23	?	deel26:p253
W:W24,25,27,30,33,35,36,37,38,39,42,43,48,50:B3,4,6,7,8,9,10,11,13,15,16,19,23,26	27-22	!	deel26:p253
B:W27,32,33,35,36,37,40,42,45,47,48:B6,8,10,12,15,16,17,18,20,23,26	10-14	?	deel26:p253
W:W27,28,29,32,33,34,35,37,38,40,43,45:B3,4,7,8,9,12,13,16,18,20,24,26	29-23	?	deel26:p254
B:W23,27,28,32,33,35,37,38,40,43,45:B3,4,7,8,9,12,13,16,20,24,26	24-29	!	deel26:p254
B:W26,27,28,33,35,36,38,39,43,45,48,49:B1,6,8,9,13,15,17,18,19,20,24,25	8-12	?	deel26:p254
B:W26,27,28,32,34,35,38,39,45,48:B2,13,15,16,17,18,19,21,24,25	18-23	?	deel26:p254
W:W26,34,48:B11,15,16,19,22,25,33,43	48x6	!	deel26:p254
B:W25,27,28,32,33,34,35,36,37,38,40,42,43,45,48:B3,6,8,9,12,13,14,15,16,17,18,19,23,24,26	24-30	?	deel26:p254
B:W16,23,26,33,34,35,36,38,42,43,49:B1,6,8,12,13,14,17,20,24,25,27	27-32	?	deel26:p254
W:W16,34,35,36,42,43,49:B1,6,8,13,20,23,25,32,33	43-38	?	deel26:p255
B:W27,31,32,33,34,36,43,44,48,49:B3,6,12,13,16,17,19,20,23,24	17-21	?	deel26:p255
W:W24,28,29,31,33,34,36,37,38,40,42,43,45,46,48,49:B1,2,3,4,7,8,11,12,13,14,15,17,20,21,22,25	37-32	?	deel26:p257
W:W27,28,32,33,34,35,37,38,43,44,45,48:B2,3,4,6,8,13,16,18,19,24,25,26	44-40	?	deel26:p257
B:W22,25,26,28,30,32,35,36,37,38,43,48:B6,8,10,11,12,13,14,16,17,19,24,29	16-21	?	deel26:p257
W:W22,25,26,28,30,32,35,36,37,38,43,48:B6,8,10,11,12,13,14,17,19,21,24,29	22-18	!	deel26:p257
W:W24,26,29,31,32,34,39,40,43,49:B2,11,12,13,14,15,17,18,20,25	49-44	?	deel26:p257
W:W26,29,30,34,35,36,37,39,41,43,49:B6,8,11,12,13,14,16,18,22,25,28	39-33	?	deel26:p257
B:W20,26,30,41,44,49:B6,8,11,12,16,25	25x14	!	deel26:p257
W:W27,28,31,32,33,34,35,37,39:B9,11,12,13,18,19,23,24,26	35-30	!	deel26:p257
W:W26,31,32,34,35,36,38,39,43,45:B4,8,13,16,17,20,21,24,25,30	32-27	!	deel27:p12
B:W24,28,31,32,33,36,38,39:B2,4,6,8,10,11,12,13,14,15,16,17,18,21,22	21-27	!	deel27:p13
B:W12,18,31,34,36,46,48:BK44,2,4,10,15,24	4-9	!	deel27:p14
B:W28,33,34,36,38,40,42,46,48:B2,4,6,10,12,15,16,24,27,29	10-14	!	deel27:p14
B:W25,26,27,31,32,33,35,36,37,38,44,45,48:B3,6,8,9,11,14,16,17,18,19,22,23,24	9-13	?	deel27:p20
B:W25,26,27,31,32,33,35,36,37,38,44,45,48:B3,6,8,9,11,14,16,17,18,19,22,23,24	14-20	?	deel27:p20
B:W25,26,27,31,32,33,35,36,37,38,44,45,48:B3,6,8,9,11,14,16,17,18,19,22,23,24	8-13	?	deel27:p20
B:WK4,25,36,37,44,45,48:B3,6,11,12,14,17,19,34,35	11-16	!	deel27:p20
W:W27,28,31,32,34,36,38,40,43,44,45,47,48,49,50:B1,3,5,8,9,11,12,13,14,15,16,17,18,19,23	44-39	?	deel27:p20
B:W15,26,27,34,35,37,40,42,43,45,46,47,48,49:B2,4,6,7,8,9,11,12,13,18,19,23,25,28	11-17	?	deel27:p21
W:W15,26,35,37,42,43,45,46,47,48,49:B2,4,6,7,8,9,12,13,17,19,27,28,34	37-31	!	deel27:p21
W:W22,26,27,31,34,36,38,39,40,41,42,43,44,45,48,50:B2,6,7,8,10,11,13,14,15,16,17,18,19,20,23,29	34-30	!	deel27:p22
W:W16,25,26,35,37,38,39,42,43:B7,8,9,11,13,15,19,28,29	37-32	!	deel27:p22
W:W16,26,28,32,34,35,38,42,43,47,48:B1,7,9,11,13,14,17,18,19,23,24	42-37	?	deel27:p22
B:W32,35,37,43,47,48:B1,9,14,17,19,24,29	29-33	!	deel27:p22
W:W25,27,31,32,33,34,35,36,39,48,49:B1,4,7,8,9,10,11,13,14,15,16,17,18,19,22	32-28	?	deel27:p24
B:W24,25,27,28,31,33,36,41,43,46,47,48,49:B3,4,6,7,9,10,11,14,15,16,17,18,22	16-21	!	deel27:p25
B:W16,24,25,28,31,33,36,41,43,46,47,48,49:B3,4,6,7,9,10,11,14,15,17,18,22	14-20	!!	deel27:p25
W:W25,27,28,30,31,33,35,36,38,41,46,47,48,49:B3,4,6,7,9,10,11,13,15,16,17,18,19,22	30-24	?	deel27:p25
W:W25,30,35,36,41,46,47,48,49:B3,4,6,7,9,11,13,14,15,16,18,22,28,37	41x1	!	deel27:p25
B:W25,27,28,30,31,33,35,36,38,41,46,47,48,49:B3,4,6,7,9,10,11,13,15,16,17,18,19,22	3-8	?	deel27:p25
W:W25,30,35,36,41,46,47,48,49:B4,6,7,8,9,10,11,13,15,16,18,22,28,37	41x5	!	deel27:p25
W:W25,27,28,30,31,33,35,36,38,41,46,47,48,49:B3,4,6,9,10,11,12,13,15,16,17,18,19,22	30-24	!	deel27:p25
B:W25,27,28,30,31,33,35,36,41,43,46,47,48,49:B1,3,4,7,9,10,11,13,15,16,17,18,19,22	16-21	!	deel27:p26
W:W25,27,28,31,33,34,35,36,39,48,49:B1,4,7,8,9,10,11,13,14,15,16,17,18,22,24	27-21	?	deel27:p26
B:W24,25,27,28,31,33,36,41,43,46,47,48,49:B1,3,4,7,10,11,13,14,15,16,17,18,22	7-12	?	deel27:p27
W:W24,25,27,28,31,33,36,38,41,42,44,46,48:B6,7,8,9,10,11,13,15,16,17,18,19,22	28-23	!	deel27:p27
W:W24,25,36,41,42,46,48:BK28,6,7,8,9,10,11,13,15,16,18,22,37	41x5	!	deel27:p27
B:W24,25,27,28,31,33,36,38,41,42,44,46,48:B6,7,8,9,10,11,13,14,15,16,17,18,22	8-12	?	deel27:p27
W:W25,27,28,30,31,32,33,35,36,41,43,46,47,49:B3,6,7,9,10,11,14,15,16,17,18,19,20,22	27-21	!	deel27:p30
W:W25,27,28,30,31,32,33,35,36,41,46,47,48,49:B3,6,9,10,11,12,13,14,15,16,17,18,20,22	33-29	?	deel27:p31
B:W8,25,27,31,32,35,36,41,46,47,48,49:B3,6,9,10,11,12,14,15,16,17,18,20	18-22	!	deel27:p31
W:W25,27,28,30,31,32,33,35,36,37,38,46,47,49:B3,6,9,10,11,12,14,15,16,17,18,19,22,24	46-41	!	deel27:p31
B:W24,25,27,29,30,31,32,34,35,36,37,38,41:B6,8,10,11,12,13,14,15,16,18,23,26	23-28	!	deel27:p33
W:W24,25,26,27,29,30,32,35,36,37,41,42,44:B6,8,10,11,13,14,15,16,17,18,19,21	44-39	?	deel27:p33
W:W24,25,26,27,29,30,32,35,36,37,41,42,44:B6,8,10,11,13,14,15,16,17,18,19,21	37-31	?	deel27:p33
B:W20,24,25,26,29,30,31,32,35,37,41,42,44:B6,8,10,11,15,16,17,19,21	21-27	!	deel27:p33
W:W24,25,26,27,29,30,32,35,36,37,38,41,44:B6,10,11,12,13,14,15,16,17,18,19,21	44-40	?	deel27:p34
W:W26,30,34,35,36,37,41:B6,10,11,12,16,17,18,23,24,33,43	30x48	!	deel27:p34
W:W24,25,26,27,29,30,32,35,36,37,38,41,44:B6,10,11,12,13,14,15,16,17,18,19,21	38-33	?	deel27:p34
W:W27,28,30,32,35,36,37,38,42,44,45,47,48:B3,5,6,13,15,16,17,18,19,21,23,26,29	27-22	!	deel27:p34
W:W28,30,32,35,36,37,38,42,44,45,47,48:B3,5,6,13,15,16,17,19,21,23,26,27,29	44-39	!	deel27:p34
W:W24,25,26,27,29,30,32,35,36,37,38,41,44:B6,10,11,12,13,14,15,16,17,18,19,21	37-31	?	deel27:p34
W:W24,25,26,27,29,30,32,35,36,37,38,41,44:B6,10,11,12,13,14,15,16,17,18,19,21	36-31	?	deel27:p34
B:W25,26,27,28,31,32,35,41,42:B6,10,12,16,17,18,45	45-50	?	deel27:p35
B:W24,28,29,33,36,37,38,40,41,42,43,47,49:B2,6,7,8,10,12,13,14,15,17,20,25,27	14-19	?	deel27:p49
W:W24,28,29,33,36,37,38,40,41,42,43,47,49:B2,6,7,8,10,12,13,15,17,19,20,25,27	43-39	!	deel27:p49
B:W24,28,29,31,33,36,38,40,41,42,43,47,49:B2,6,7,8,10,12,13,14,15,17,20,25,27	6-11	!	deel27:p49
B:W27,28,32,35,37,38,40,42,46:B3,12,13,15,16,18,20,23,26	3-8	!	deel27:p49
B:W27,28,35,37,38,40,42,46:B8,12,15,16,18,20,24,26	20-25	!	deel27:p49
B:W27,28,34,35,37,38,42,46:B8,12,15,16,18,24,25,26	24-29	!	deel27:p49
W:W25,26,27,28,32,33,38,40,43,45,48:B2,3,8,9,12,14,16,17,19,23,24	27-21	!	deel27:p50
B:W12,17,25,26,27,30,33,34,35,37,38:B2,3,13,14,16,19,24	14-20	!	deel27:p50
B:W12,17,23,26,27,30,33,34,35,37,38:B2,3,13,16,24	2-7	!	deel27:p50
B:W25,26,27,28,32,33,38,40,43,45,48:B2,3,8,9,12,14,16,17,19,23,24	2-7	?	deel27:p50
W:W25,26,27,28,32,33,38,40,43,45,48:B3,7,8,9,12,14,16,17,19,23,24	27-21	!	deel27:p50
B:W14,36,40,42,43,47:B3,5,13,16,17,33	13-19	!	deel27:p54
W:W15,25,29,34,35,36,37,38,39,41,43,47,48:B3,4,13,14,16,17,18,19,21,22,23,27,28	38-33	?	deel27:p55
W:W15,25,29,34,35,36,38,39,41,42,43,47,48:B3,4,12,13,14,16,18,19,21,22,23,27,28	29-24	?	deel27:p56
W:W25,36,38,39,42,43,47,48:BK46,3,12,14,16	42-37	!	deel27:p56
B:W15,24,25,34,36,38,39,41,42,43,47,48:B3,4,12,13,14,16,18,21,22,23,27,28	14-20	!	deel27:p56
W:W26,27,33,34,37,39:B12,14,16,19,23,24	26-21	!	deel27:p58
B:W22,32:B12,24,26	24-29	!	deel27:p58
W:W25,30,32,37,38,42:B15,16,18,21,23,27	38-33	!	deel27:p61
B:W24,25,27,31,32,35,36,41,47,48,49:B3,6,9,10,11,12,15,16,17,18,23	23-29	!	deel27:p61
B:W24,25,28,37,38,42,47:B12,13,14,18,26,27,36	27-31	?	deel27:p63
W:W24,25,28,37,38,42,47:B12,13,14,18,26,31,36	37-32	!	deel27:p63
W:W27,30,31,35,36,38,42,48:B6,11,12,13,14,16,17,18	30-24	!	deel27:p66
B:W26,27,28,31,32,33,34,35,36,38,40,45,48,49:B3,6,8,11,12,13,15,16,18,19,20,23,24,25	24-29	?	deel27:p66
B:W26,27,28,31,32,33,34,35,36,38,40,45,48,49:B3,6,8,11,12,13,15,16,18,19,20,23,24,25	12-17	?	deel27:p66
B:W26,27,28,31,32,33,34,35,36,38,40,45,48,49:B3,6,8,11,12,13,15,16,18,19,20,23,24,25	11-17	?	deel27:p67
W:W33,35,36,38,45,48,49:B14,15,17,19,20,24	33-28	!	deel27:p67
B:W26,27,28,31,32,33,34,35,36,38,40,42,45,49:B6,8,9,11,12,13,15,16,18,19,20,23,24,25	24-29	?	deel27:p67
B:W26,27,28,31,32,33,34,35,36,38,40,45,48,49:B3,6,8,11,12,13,15,16,18,19,20,23,24,25	24-30	?	deel27:p67
W:W15,26,27,34,35,37,40,42,43,45,46,47,48,49:B2,4,6,7,8,9,11,12,13,18,19,23,25,28	34-29	!	deel27:p67
W:W27,28,32,33,34,38,40,47:B11,12,13,16,18,21,24,25	34-29	?	deel27:p76
B:W22,27,32,33,34,38,40,42:B11,12,16,18,19,21,24,25	19-23	!	deel27:p76
B:W21,26,28,33,35,38,39,42,43,44,48:B2,6,8,11,12,13,15,18,20,24,25	11-17	!	deel27:p77
B:W21,26,28,33,35,37,38,39,43,44,48:B2,6,8,12,13,15,17,18,20,24,25	18-22	!	deel27:p77
B:W17,32,33,35,38,39,42,43,44:B1,6,8,15,18,20,24,25,26	26-31	!	deel27:p77
W:W17,32,33,35,38,39,42,43,44:B1,6,8,15,18,20,24,25,31	33-29	!	deel27:p77
W:W17,28,32,35,38,42,43,44:B6,7,8,15,18,20,25,31	28-22	!	deel27:p77
B:W26,27,29,30,32,34,35,38:B11,12,13,14,17,18,23,25	23-28	?	deel27:p78
W:W21,26,29,30,34,35,38:B11,12,14,17,18,25,28	29-24	!	deel27:p79
W:W27,30,32,33,34,35,37,38,42,43,44:B3,6,8,11,13,14,17,18,19,23,24	37-31	?	deel27:p85
B:W27,30,31,32,33,34,35,38,42,43,44:B3,6,8,11,13,14,17,18,19,23,24	24-29	!	deel27:p85
B:W20,22,30,31,32,34,35,38,42,43,44:B3,6,11,17,23	17x50	!	deel27:p85
B:W26,27,29,30,34,35,39,42,44:B3,6,11,12,13,14,18,19,23	23-28	?	deel27:p86
B:W11,20,22,25,33,36,37,38,41,43,44,49:B6,9,14,15,16	6x50	!	deel27:p97
W:W24,26,29,32,33,34,39,42,44,45,47,49:B2,3,4,7,8,13,14,15,16,18,23,25	32-28	!	deel27:p98
W:W14,26,33,44,45,47,49:B2,3,7,13,15,16,23	33-29	!	deel27:p98
W:W14,26,43,44,45,47:B2,3,8,15,16,18,34	44-40	?	deel27:p98
B:W14,26,40,43,45,47:B2,3,8,15,16,18,34	34-39	!	deel27:p98
B:W14,24,26,43,45,47:B2,3,12,15,16,23	3-9	!	deel27:p98
B:WK1,24,25,28,47:B15,27,43	43-48	?	deel27:p99
W:W27,28,32,33,35,37,38,39,40,45,48:B7,8,9,11,13,15,18,19,23,24,25	27-22	!	deel27:p100
W:W24,29,33,34,39,41,43,44,45,46,47,49:B2,3,4,6,11,13,14,15,17,20,21,25	34-30	!	deel27:p103
W:W26,30,33,34,35,37,38,42,47,49:B2,4,6,7,13,14,18,19,24,31	47-41	!	deel27:p114
B:W21,26,28,30,35,37,38,47,49:B2,6,10,12,13,14,19,29,36	12-17	!	deel27:p114
B:W12,26,28,30,35,37,38,47,49:B2,6,10,13,14,19,29,36	13-18	!	deel27:p114
W:W26,27,28,30,35,37,38,47,49:B2,6,10,12,13,14,19,29,36	37-32	?	deel27:p114
B:W26,27,28,30,32,35,38,47,49:B2,6,10,12,13,14,19,29,36	29-33	!	deel27:p114
W:W22,28,30,31,32,33,35,36,38,44,46,47,48:B1,3,6,7,11,13,15,17,19,20,21,23,24	30-25	?	deel27:p115
W:W22,28,30,31,32,33,35,36,38,46,47,48,50:B1,3,6,7,11,13,15,16,17,19,20,23,24	30-25	?	deel27:p115
W:W33,34,35,36,39,43,44,45,47,49:B6,9,11,14,15,19,20,24,25,26	33-28	!	deel27:p117
W:W25,27,30,32,33,34,35,36,37,38,41,42,43,45,48:B3,4,6,8,13,14,15,16,17,18,19,21,23,24,26	34-29	?	deel27:p134
B:W25,27,32,33,35,36,37,38,39,41,42,43,45,48:B3,4,6,8,13,14,15,16,17,18,19,21,24,26	4-9	!	deel27:p134
B:W25,27,32,33,35,36,37,38,39,40,41,42,43,48:B3,6,8,9,13,14,15,16,17,18,19,21,24,26	6-11	!	deel27:p134
B:W25,27,32,33,34,35,36,37,38,39,41,42,43,48:B3,8,9,11,13,14,15,16,17,18,19,21,24,26	24-30	!	deel27:p134
B:W25,27,29,32,34,36,37,38,39,41,42,43,48:B3,8,9,11,13,14,15,16,17,18,21,26,30	17-22	?	deel27:p134
B:W15,27,28,32,34,35,42:B4,9,16,17,18,24,26	26-31	?	deel27:p135
W:W15,28,35,36:BK47,4,9	35-30	!	deel27:p135
B:W24,26,29,32,33,34,36,37,39,40,41,42,43,46,47:B2,6,7,8,9,11,12,13,15,16,17,18,20,22,25	18-23	?	deel27:p136
W:W26,27,32,34,36,37,39,40,41,42,46,47:BK49,2,6,7,8,9,11,12,13,15,16,17,25	34-29	!	deel27:p136
W:W26,32,36,37,39,41,42,46,47:BK19,2,6,7,8,9,11,12,13,15,16,25,28	32x3	!	deel27:p136
W:W25,28,31,33,34,35,36,38,39,40,41,42,43,45:B3,4,5,6,8,9,12,13,14,15,18,19,21,24	31-26	?	deel27:p140
W:W23,24,36,37,38,45:B4,13,16,21,26,27	23-18	!	deel27:p143
W:W32,35,41,42,43,47,48,49:B6,14,16,18,19,20,22,23,25	32-27	!	deel27:p144
W:W35,41,42,43,47,48,49:B6,14,16,18,19,20,23,25,31	35-30	!	deel27:p144
W:W41,42,43,47,48,49:B6,14,16,18,19,20,23,31,34	41-36	!	deel27:p144
W:W27,28,33,34,37,38,39,40,43:B1,2,7,13,14,17,19,25,35	34-29	?	deel27:p148
W:W21,22,28,29,44:B16,20,25,30,38	28-23	!	deel27:p149
W:W24,26,29,32,34,36,37,38,39,40,41,42,43:B2,6,7,8,9,11,12,13,15,16,17,18,20,22,25	38-33	!	deel27:p152
B:W24,26,29,32,33,34,36,37,39,40,41,42,43:B2,6,7,8,9,11,12,13,15,16,17,18,20,22,25	18-23	?	deel27:p152
W:W26,27,32,34,36,37,39,40,41,42:BK49,2,6,7,8,9,11,12,13,15,16,17,25	34-29	!	deel27:p152
W:W26,32,36,37,39,41,42:BK19,2,6,7,8,9,11,12,13,15,16,25,28	32x3	!	deel27:p152
W:W23,26,29,32,34,39,40,42,47:B6,12,13,14,15,18,20,25,36	26-21	!	deel27:p154
W:W22,27,29,32,33,34,35,37,48:B8,10,13,14,16,18,21,23,26	33-28	?	deel27:p164
W:W15,26,28,32,38,42,44,48:B8,12,14,16,17,21,27,34	28-22	!	deel27:p166
B:W28,31,32,33,34,35,37,38,40,43,45,46,48,49:B2,4,6,8,9,10,13,14,16,17,18,21,24,25	13-19	?	deel28:p16
B:W22,27,32,33,35,37,38,40,43,45,48:B4,6,8,9,11,12,13,15,25,26,29	25-30	?	deel28:p16
B:W22,27,32,33,35,37,38,40,43,45,48:B4,6,8,9,11,12,13,15,25,26,29	12-17	?	deel28:p17
B:W22,27,32,35,37,38,39,40,45,48:B4,6,8,11,12,13,14,24,26,30	14-20	!	deel28:p17
B:W22,27,32,33,35,37,38,40,45,48:B4,6,8,11,12,13,15,25,26,29	25-30	?	deel28:p17
B:W23,24,27,35,37,38,40,43,45,48:B4,6,8,9,11,13,15,25,26	13-18	?	deel28:p17
W:W15,20,25,30,33,37,42,43,46,47:B3,4,9,18,19,22,23,26,31,36	33-29	?	deel28:p18
W:W15,29,34,37,42,43,46,47:B4,14,18,22,26,28,31,36	43-38	!	deel28:p19
B:W15,29,34,37,38,42,46,47:B4,14,18,22,26,28,31,36	36-41	!	deel28:p19
W:WK49,15,37,42,46,47:BK48,4,25,26,31,36	47-41	!	deel28:p19
W:W16,27,38,45:B3,7,29,39	27-21	!	deel28:p20
W:W16,21,38,45:B3,7,34,39	38-33	!	deel28:p20
B:W13,16,44,45:BK49	49x2	!	deel28:p20
B:W16,27,38,45:B3,7,29,39	39-44	?	deel28:p21
B:W11,16,38,45:B3,7,34,44	3-8	!	deel28:p21
W:W17,18,45:B7,24,35	17-12	?	deel28:p21
W:W8,17,45:B7,34,35	17-12	!	deel28:p22
W:WK27,45:B35,44	27-22	!	deel28:p22
W:WK25,45:B34,39,40	25-30	!	deel28:p22
W:WK4,8,45:B35,39	4-27	?	deel28:p22
B:WK6,8,34:BK50	50-45	!	deel28:p22
W:WK4,8,34:B38	4-27	!	deel28:p23
W:WK27,8,34:B42	27-38	!	deel28:p23
W:W8,34:B33	34-29	!	deel28:p23
W:W21,26,28,31,32,33,34,37,38,39,40,44:B1,3,7,9,12,13,15,17,18,19,24,25	31-27	?	deel28:p24
B:W21,26,28,29,31,32,33,37,38,39,40,44:B1,3,7,9,12,13,15,17,18,19,24,25	18-22	!	deel28:p24
W:W21,26,31,32,33,37,38,39,40,44:B1,3,7,12,13,15,17,20,24,25	40-34	?	deel28:p24
W:W21,26,31,32,33,34,37,38,40,44:B1,3,11,12,13,15,17,20,24,25	21-16	?	deel28:p25
B:W16,26,31,32,33,34,37,38,40,44:B1,3,11,12,13,15,17,20,24,25	24-30	!	deel28:p25
W:W21,26,31,32,33,37,38,39,40,44:B1,3,7,12,13,15,17,20,24,25	32-28	?	deel28:p25
B:W21,26,28,31,32,33,34,37,40,44:B1,3,7,12,15,17,20,22,24,25	12-18	?	deel28:p25
W:W21,26,28,31,32,33,34,37,40,44:B1,3,11,12,15,17,20,22,24,25	33-29	?	deel28:p25
B:W18,26,37,40,42,44:B1,3,15,20,25,27	25-30	!	deel28:p25
W:W21,26,31,32,33,37,38,39,40,44:B1,3,7,12,13,15,20,22,24,25	32-28	?	deel28:p26
W:W16,26,31,32,33,35,37,38,39,40:B1,3,7,12,15,20,22,23,24,25	32-27	?	deel28:p26
W:W16,26,31,32,33,35,37,38,39,44:B1,3,7,13,15,17,20,22,24,25	32-27	?	deel28:p28
W:W16,26,31,32,33,35,37,38,39,44:B1,3,7,13,15,17,20,22,24,25	26-21	!?	deel28:p28
B:W16,26,31,32,33,35,37,38,39,40:B1,3,7,13,15,17,20,22,24,25	13-19	?	deel28:p28
W:W16,18,26,31,33,34,35,37,38,39:B1,3,7,15,17,20,24,25,32	37x28	?	deel28:p28
W:W16,22,26:BK41,12,15,25	16-11	!	deel28:p28
B:W16,26,27,31,33,35,37,38,39,40:B1,3,7,15,17,18,20,22,24,25	17-21	!	deel28:p28
B:W16,27,30,31,33,35,37,38,39,40:B1,3,7,15,20,25	25x41	!	deel28:p28
B:W25,26,27,28,30,32,35,44,45:B14,15,16,17,18,19,23,24,29	15-20	?	deel28:p32
W:W25,26,27,28,30,32,35,44,45:B14,16,17,18,19,20,23,24,29	26-21	!	deel28:p32
W:W11,25,30,35,39,43,44,45:BK28,8,14,15,18,19,23,24,27	11-6	?	deel28:p32
B:W25,27,30,33,35,42,43,49:B8,9,13,14,18,19,23,24	8-12	?	deel28:p34
W:W25,30,33,35,39,42,43:B8,13,14,19,24,32	42-38	?	deel28:p34
B:W25,27,30,33,35,39,43:B12,13,14,19,24	14-20	!	deel28:p34
W:W25,26,28,30,33,34,35,36,42,48,49:B8,9,12,13,14,17,19,20,23,24,27	34-29	!	deel28:p35
B:W17,25,35,36,47,48,49:B3,9,14,15,18,26,28,29	14-20	!	deel28:p35
B:WK2,35,36,47,48,49:B8,15,20,23,26,28,29	29-33	!	deel28:p35
W:W11,25,30,36,47,48,49:B3,9,15,18,23,26,29,33	11-6	?	deel28:p36
B:WK20,25,30,36,47,48,49:B3,15,26,34	15x35	!	deel28:p36
B:WK50,11,47,48,49:B3,23,41,45	41-46	!	deel28:p36
W:W10,11,36,47,48,49:BK50,3,18,23,26,28	36-31	!	deel28:p37
W:W10,11,47,48,49:BK50,3,18,23,28,37	10-4	!	deel28:p37
W:W7,10,36,47,48:B3,22,23,26,33,34	36-31	!	deel28:p37
B:W24,30,32,35,38,39,43,45,47,49:B2,5,8,13,15,16,18,21,26,31	13-19	!	deel28:p42
B:W22,30,32,35,38,39,43,45,47,49:B2,5,8,15,16,21,26,31	31-37	!	deel28:p42
W:W24,32,34,35,38,39,43,45,47,49:B2,5,8,13,15,16,18,21,26,31	24-19	!	deel28:p43
B:W24,30,33,34,36,38,39,41,44,47:B4,9,15,16,21,22,23,26,27,28	23-29	!	deel28:p43
W:WK5,26,31,36,37:B15,16,17,18,22,23,28	37-32	?	deel28:p44
B:W25,26,32,33,36,37,38,39,41,42,43,45,47,48,50:B2,3,6,7,8,9,10,11,12,13,15,16,17,18,23	13-19	?	deel28:p49
W:W25,26,32,33,36,37,38,39,41,42,43,45,47,48,50:B2,3,6,7,8,9,10,11,12,15,16,17,18,19,23	26-21	?	deel28:p49
B:WK4,25,36,39,42,43,45,47,48,50:B2,3,6,7,8,10,11,12,15,19,23	10-14	!	deel28:p49
B:W26,27,30,31,32,34,35,36,38,40,42,43,45:B3,6,8,9,12,15,16,18,19,20,22,23,29	22-28	?	deel28:p51
W:W26,27,30,31,32,34,35,36,38,40,42,43,45:B3,6,8,9,12,15,16,18,19,20,23,28,29	38-33	!!	deel28:p51
W:W26,30,31,34,35,36,40,45:B3,6,8,9,12,15,18,19,20,23,27,28,29	31x4	?	deel28:p51
W:W25,34,35,37,38,42,47:B9,15,21,22,23,26,36	47-41	!	deel28:p52
B:W17,19,25,26,35,36,38,40,45,48:B8,9,10,13,14,15,16,27,39	14x23	?	deel28:p52
W:W16,26,27,29,30,35,38,40,48:B1,6,7,8,13,15,18,20,28	30-24	?	deel28:p53
W:W25,29,33,36,37,38,41,42,43,44,45,47,48,49:B2,3,4,5,6,8,9,10,12,13,14,15,21,27	37-31	?	deel28:p54
B:W24,28,29,36,38,48:B11,13,17,18,21,25	18-22	?	deel28:p54
W:W24,29,36,38,42:B11,13,17,21,25,33	42-37	!	deel28:p54
W:W16,23,29,30,34,35,36,37,38,43,48,49:B3,5,7,10,12,13,14,15,18,22,25,26	43-39	?	deel28:p57
B:W16,23,29,30,34,35,36,37,38,39,48,49:B3,5,7,10,12,13,14,15,18,22,25,26	7-11	!	deel28:p57
B:W9,32,33,34,36,37,38:B8,11,12,15,16,21,25,27	8-13	!	deel28:p58
B:W26,27,30,31,32,34,35,36,38,40,42,43,45:B3,6,8,9,12,14,15,16,18,19,22,23,29	22-28	?	deel28:p59
W:W26,27,30,31,32,34,35,36,38,40,42,43,45:B3,6,8,9,12,14,15,16,18,19,23,28,29	38-33	!	deel28:p59
B:W20,26,27,31,34,35,36,37,38,39:B9,10,11,12,13,16,17,18,22,23	13-19	?	deel28:p59
B:W20,26,27,31,34,35,36,37,38,39:B9,10,11,12,13,16,17,18,22,23	10-15	?	deel28:p59
B:W20,26,27,31,33,34,35,36,37,39:B9,10,11,12,13,16,17,18,22,28	17-21	!	deel28:p59
B:W27,28,30,32,35,37,38,39,48:B8,13,14,16,18,19,23,24,26	14-20	!	deel28:p61
W:W25,27,28,32,33,35,37,38,43:B13,14,16,17,18,19,23,26,34	35-30	?	deel28:p61
B:W25,27,28,30,32,33,37,38,43:B13,14,16,17,18,19,23,26,34	17-21	!	deel28:p61
B:W25,27,28,32,33,37,38,39,43:B13,14,16,18,19,21,23,26	18-22	!	deel28:p61
B:W25,27,28,32,33,35,37,49:B13,14,16,17,18,19,23,26	17-21	!	deel28:p61
W:W25,27,28,32,33,35,37,49:B13,14,16,18,19,21,23,26	35-30	?	deel28:p61
W:W25,27,28,32,33,35,37,49:B13,14,16,18,19,21,23,26	25-20	!	deel28:p61
W:W27,28,32,33,35,37,44:B13,16,19,21,22,23,25,26	27x29	!	deel28:p61
B:W28,29,32,33,35,37,44:B13,16,19,21,25,26	13-18	!	deel28:p61
W:W23,24,28,29,33,36,37,38,39,42,43,44:B2,3,4,8,12,13,14,15,16,17,18,20,21,45	44-40	?	deel28:p63
W:W10,23,28,29,33,36,37,38,42,43:B2,4,8,9,12,15,16,17,18,20,21	23-19	!	deel28:p63
B:W28,32,33,34,35,36,38,39,40,41,42,43,44:B2,4,6,9,12,13,14,17,18,19,22,24,27	27-31	!	deel28:p63
W:W28,32,33,34,35,38,39,40,41,42,43,44:B2,4,6,9,12,13,14,17,18,19,24,31	41-36	?	deel28:p63
B:W28,32,33,34,35,39,40,41,43,44,47:B2,4,6,9,12,13,14,17,18,19,24	18-23	!	deel28:p63
B:W28,32,33,34,35,39,40,41,43,44,47:B2,4,6,9,12,13,14,17,18,19,24	17-22	!	deel28:p63
B:W8,32,33,34,35,39,40,41,43,44,47:B2,4,6,9,13,14,18,19,24	18-23	?	deel28:p63
W:W27,28,30,32,35,37,38,42,48:B6,14,16,17,18,19,20,21,26	37-31	!	deel28:p64
W:W27,30,32,35,37,38,42,48:B6,12,14,16,18,19,20,26	32-28	!	deel28:p64
B:W26,27,28,32,35,37,38,39,45,48:B9,12,13,15,16,18,19,20,23,24	24-30	!	deel28:p64
B:WK1,33,37,38,45,48:B9,13,23,24,27,30,34	23-28	!	deel28:p65
W:W27,29,30,34,36,39,44:B7,13,18,19,25,26	30-24	!	deel28:p66
W:W27,29,34,36,39,40:B7,13,18,25,30,31	40-35	?	deel28:p66
B:W24,29,34,36,39:B7,13,18,22,25	22-28	!	deel28:p66
W:W29,30,31,33,34,36,39,44,47:B13,17,18,19,22,23,25,27,28	31-26	!	deel28:p66
W:W26,29,30,34,35,39,42,47:B13,17,18,22,25,27,28	30-24	?	deel28:p67
W:W26,29,30,34,35,39,42,47:B13,17,18,22,25,27,28	29-24	!	deel28:p67
W:W10,32,42:BK50,17,18,23,35	42-38	!	deel28:p68
W:W10,32,38:BK44,18,22,23,35	32-27	!	deel28:p68
W:W25,27,28,30,32,33,34,35,37,38,42,48:B4,6,11,13,14,16,18,19,21,23,24,26	34-29	?	deel28:p69
W:W25,27,28,30,31,32,33,34,35,38,48:B4,6,11,13,14,16,18,19,23,24,26	34-29	!	deel28:p69
W:W25,27,28,32,33,35,37,38,39,42,48:B4,6,13,14,16,17,19,21,23,24,26	28-22	?	deel28:p69
B:W25,27,28,32,33,35,37,38,39,42,43:B6,10,11,13,14,16,18,19,21,24,26	24-29	?	deel28:p70
B:W11,25,27,30,32,33,34,35,37,38,42,43:B6,10,13,14,16,18,19,21,23,24,26	16x7	!	deel28:p70
B:W7,19,25,34,35,37,38,42:BK48,6,10,14,26	48x49	!	deel28:p70
B:W24,26,29,31,32,33,34,36,39,40,44,45:B3,4,7,10,12,13,15,17,18,20,22,25	10-14	?	deel28:p71
W:W26,31,36,39,40,44,45:B3,4,7,12,13,14,15,17,25,27	31x2	!	deel28:p71
W:W24,26,29,31,32,33,34,36,39,40,44,45:B3,4,10,11,12,13,15,17,18,20,22,25	33-28	!	deel28:p71
W:W24,26,28,29,31,32,34,36,40,44,45:B3,4,10,11,12,13,15,17,20,22,25	34-30	!	deel28:p71
W:W25,27,30,32,35,37,38,39,40,41,42,43,47,48,50:B1,3,7,8,9,11,12,13,14,16,18,19,21,23,24	27-22	!!	deel28:p72
W:W25,28,30,33,35,38,39,40,41,43,47,48,50:B1,3,8,9,11,12,13,14,16,18,19,24,26,27	39-34	?	deel28:p72
B:W25,28,30,33,34,35,38,40,41,43,47,48,50:B1,3,8,9,11,12,13,14,16,18,19,24,26,27	18-22	!	deel28:p72
W:W25,28,30,33,35,38,39,40,41,43,47,48,50:B1,3,8,9,11,12,13,14,16,18,19,24,26,27	48-42	?	deel28:p72
B:W25,28,30,33,35,38,39,40,41,42,43,47,50:B1,3,8,9,11,12,13,14,16,18,19,24,26,27	18-22	!	deel28:p72
W:W25,30,33,35,37,38,40,41,42,43,47,48,50:B1,3,7,8,9,11,13,14,16,19,21,23,24	33-28	!	deel28:p73
W:W25,28,30,33,35,40,41,42,43,47,48,50:B1,3,8,9,11,12,14,16,18,19,21,24	42-38	!	deel28:p73
W:W25,30,33,35,41,42,43,48,50:B1,8,11,13,14,18,19,21,32	30-24	!	deel28:p73
B:W24,25,33,41,42,43,48,50:B1,8,11,13,14,18,21,32	18-22	!	deel28:p73
B:W25,30,33,35,37,39,40,41,43,45,47,48:B1,3,8,9,11,12,13,14,16,19,21,24,27,32	24-29	!	deel28:p73
W:W25,28,30,33,34,35,40,41,47,48,50:B1,3,8,9,11,14,16,19,21,23,24	47-42	?	deel28:p74
B:W25,28,30,33,35,39,41,47,50:B1,3,8,9,11,14,16,19,21,24	21-27	!	deel28:p74
B:WK32,35,37,38:BK49,24,25,26	24-29	!	deel28:p76
W:WK32,35,37,38:BK49,25,26,29	32-16	!	deel28:p76
W:WK16,35:BK41,25,26,29	35-30	!	deel28:p76
W:WK16:BK41,26,29,34	16-43	?	deel28:p76
B:WK43:BK41,26,29,34	41-37	!	deel28:p76
W:W24,27,33,38,42,47:B9,12,13,17,18,26	38-32	?	deel28:p77
W:W20,26,35,37,38,39,42,43,44,47,49:B2,4,7,8,9,15,16,19,22,23,28	35-30	!	deel28:p80
W:W26,37,38,39,42,43,44,47,49:B2,4,7,8,9,16,19,22,23,28,35	26-21	!	deel28:p80
W:W25,30,32,38,43,44,46,49,50:BK47,2,7,8,9,13,14,15,20,22,23	46-41	!	deel28:p87
W:W24,25,32,35,36,37,42,44,45,49,50:B2,7,8,9,13,14,15,20,23,28,33	37-31	!	deel28:p87
W:W24,25,35,36,42,44,45,49,50:B2,7,8,9,13,14,15,20,23,26,33	36-31	!	deel28:p87
W:W24,25,35,44,45,49,50:BK48,2,7,8,9,13,14,15,20,23,33	44-39	!	deel28:p87
W:W16,25,27,28,31,32,33,34,40,43,49:B2,4,7,8,9,13,17,18,19,30	16-11	!	deel28:p87
W:W21,25,28,40,49:BK26,2,4,7,8,9,13,19,29	40-34	!	deel28:p87
W:W25,30,34,35,40,43,44,48,49:BK47,2,7,8,9,13,14,15,23,32,33	44-39	!	deel28:p88
W:W25,30,34,35,40,43,48,49:BK47,2,7,8,9,13,14,15,23,32,44	30-24	!	deel28:p88
W:W25,31,39,47,48,49:B2,4,7,8,9,13,19,26,29	49-43	?	deel28:p89
W:W6,26,27,34,35,38,39,44,49,50:B1,13,14,16,17,18,19,23,24,25	38-33	?	deel28:p95
B:W6,26,27,28,29:B1,12,16,17,18,19	1-7	!	deel28:p95
B:W6,17,35,44,49,50:B1,2,16,18,19,25	18-22	!	deel28:p96
B:WK14,6,34,35,39,49:B1,16,24,25,28,36	16-21	!	deel28:p98
W:W27,28,30,31,32,33,35,36,37,39,44,46,48,49,50:B6,7,8,9,10,11,12,13,15,16,17,18,19,22,25	27-21	!	deel28:p101
W:W27,28,29,32,33,36,37,38,40,42,43,45:B1,4,7,8,11,12,16,17,18,19,20,24	29-23	!	deel28:p102
B:W27,28,32,33,36,37,38,39,40,42,45:B1,4,7,8,11,12,16,17,19,20,24,29	19-23	!	deel28:p102
B:W6,18,23,25:BK39,1	39-34	!	deel28:p103
B:W25,26,27,28,32,38,39,44,45,48:B3,12,13,14,16,18,19,20,23	20-24	?	deel28:p107
B:W24,26,28,29,30,31,32,33,34,36,39,40,49:B2,6,8,12,13,14,15,17,18,19,20,22,25	22-27	!	deel28:p107
W:W24,26,28,29,30,31,32,33,34,36,39,40,49:B2,6,8,12,13,14,15,17,19,20,22,23,25	29x9	?	deel28:p107
W:W24,26,28,29,30,31,32,33,34,36,39,40,49:B2,6,8,12,13,14,15,17,19,20,22,23,25	29x7	!	deel28:p107
W:W7,26,28,30,31,34,36,39,40,49:B2,6,8,13,14,15,17,19,22,25,27	26-21	!	deel28:p107
W:W23,24,28,29,33,34,36,37,38,40,42,45:B1,7,12,13,14,15,16,17,20,22,25,27	37-31	?	deel28:p108
B:W23,24,28,29,31,33,34,36,38,40,42,45:B1,7,12,13,14,15,16,17,20,22,25,27	12-18	!	deel28:p108
W:W27,28,33,35,37,39,42,43,45,47,49:B8,9,11,12,13,18,24,25,26,30,36	39-34	!	deel28:p108
B:W26,27,28,30,32,35,38,40,45,48:B8,12,13,15,16,17,18,19,23,29	29-33	!	deel28:p109
W:W25,26,28,31,32,33,35,36,38,40,42,43,45,47,48:B2,3,6,8,9,10,11,13,14,16,17,18,19,23,24	40-34	?	deel28:p109
B:W26,28,30,33,35,36,38,39,42,43,44,47,49:B2,6,7,8,9,12,13,15,17,20,22,24,27	12-18	?	deel28:p110
W:W26,27,30,33,35,36,38,39,42,45:B4,6,11,12,13,14,16,19,23,24	42-37	?	deel28:p110
B:W15,26,30,31,36,38,40,43,48:B2,4,13,14,17,19,22,23,27	2-8	?	deel28:p111
W:W15,26,30,31,36,38,40,43,48:B4,8,13,14,17,19,22,23,27	38-32	!	deel28:p111
W:W15,26,30,31,36,40,48:BK49,4,8,13,14,17,19,22,23	31-27	!	deel28:p111
B:W24,25,26,29,30,36,37,38,42,47,48:B6,9,11,12,13,15,17,18,19,21,28	28-33	?	deel28:p111
W:W24,25,26,29,30,36,37,38,42,47,48:B6,11,12,13,14,15,17,18,19,21,28	29-23	!	deel28:p111
W:W25,26,30,36,37,38,42,47,48:B6,11,12,13,14,15,17,19,20,21,28	38-33	!	deel28:p111
B:W24,25,26,30,34,36,37,38,42,47,48:B6,9,11,12,13,14,15,17,18,21,28	21-27	?	deel28:p111
W:W24,25,26,30,34,36,37,38,42,47,48:B6,9,11,12,13,14,15,17,21,23,28	24-20	!	deel28:p111
W:W25,27,31,32,35,38,40,42,43,45:B2,6,10,13,14,18,19,20,22,24	38-33	?	deel28:p112
W:W25,26,27,28,32,33,36,37,45,50:B2,3,7,8,9,14,15,17,18,19	33-29	?	deel28:p114
B:W25,26,27,28,30,32,33,36,37,39,45,48:B2,3,7,8,9,12,14,15,17,19,23,40	9-13	!	deel28:p114
B:W16,26,28,30,31,32,33,34,36:B2,3,7,17,18,19,23,24,35	35-40	!	deel28:p114
W:W25,26,27,28,32,33,35,37,38,39,40,45:B1,8,12,13,14,15,16,17,19,20,23,24	28-22	!	deel28:p115
W:W25,27,34,35,37,38,39,45:B7,8,14,15,19,20,23,24	34-30	!	deel28:p115
W:W25,34,35,37,38,39,45:B1,2,14,15,20,24,28	38-33	?	deel28:p116
W:W25,34,35,37,38,39,45:B1,2,14,15,20,24,28	34-30	?	deel28:p116
B:W25,28,29,33,39,45:B1,8,14,15,20,35	1-7	?	deel28:p116
B:WK36,15,29,33,38,39,41,43,46,49:BK26,2,3,4,13	26-12	?	deel28:p119
B:W13,15,29,33,38,39,41,43,46,49:BK48,2,4,7,9,18	18-22	?	deel28:p120
W:W15,33,37,38,39,43,46:BK49,2,4,7,9	39-34	!	deel28:p120
W:W15,26,29,33,38,39,43,46,47,49:BK48,2,3,4,7,11,12,13,22	47-41	?	deel28:p120
B:W15,22,26,29,38,39,41,43,46,49:BK48,2,3,4,7,11,12,13	4-10	!	deel28:p120
W:W15,27,28,33,39,41,43,46,49:BK48,3,4,7,13	28-22	!	deel28:p121
W:W15,22,27,33,36,38,39,46,49:BK47,3,4,7,19	49-43	!	deel28:p121
B:W28,30,31,32,33,35,36,37,38,40,41,42,43,44,45,46,48,49:B1,2,3,4,5,6,8,10,11,12,15,17,18,19,20,22,24,26	18-23	?	deel28:p123
W:W28,30,31,32,33,35,36,37,38,40,41,42,43,44,45,46,48,49:B1,2,3,4,5,6,8,10,11,12,15,17,19,20,22,23,24,26	32-27	!	deel28:p123
B:W25,28,32,33,35,36,38,39,42,43,45,46,48,49:B2,3,4,5,6,7,8,12,14,15,16,19,20,24	8-13	!	deel28:p124
B:W25,28,29,30,31,33,35,36,37,38,39,40,41,42,43,46,48:B2,4,5,6,8,12,14,15,17,18,19,20,21,22,24,26,27	27-32	!	deel28:p125
B:W16,25,28,29,30,31,33,35,36,37,39,40,41,42,43,46,48:B2,4,5,6,8,12,14,15,17,18,19,20,22,24,26	17-21	!	deel28:p125
W:W25,26,28,30,31,32,33,34,35,36,38,39,42,43,46:B5,8,10,11,14,15,17,18,19,20,21,22,23,24,27	34-29	!	deel28:p126
W:W25,26,28,29,31,32,33,35,36,38,39,41,43,48:B4,5,6,11,12,14,15,17,19,20,21,22,24,27	39-34	?	deel28:p126
B:W25,26,28,29,32,33,34,35,36,37,38,39,40,43,46,48:B2,5,8,10,11,12,14,15,17,18,19,20,21,22,24,27	18-23	!	deel28:p127
W:W13,25,34,35,36,37,39,40,46,48:BK16,2,5,8,10,14,15,17,20	36-31	!	deel28:p127
B:W25,29,31,33,34,35:B5,10,14,15,18,22,32	15-20	!	deel28:p129
W:W24,25,30,31,33,34:B5,10,15,18,22,28,32	25-20	!	deel28:p129
B:W19,24,29,32,34,38,39,40,42,43,44,47,48:B2,3,6,7,8,9,13,15,16,18,25,26	26-31	?	deel28:p143
B:W25,26,27,28,32,33,35,36,38,39,42,43,45,48:B3,6,8,9,13,15,16,17,18,19,20,21,23,24	17-22	?	deel28:p143
W:W26,35,36,42,45,48:B6,14,15,19,20,27	42-37	!	deel28:p143
W:W21,25,32,34,35,37,38,39,42,43,44,45,47,48,49:B1,3,4,7,8,10,11,12,13,15,17,18,19,24,26	35-30	!	deel28:p143
B:W21,25,32,34,35,37,38,39,42,43,44,45,47,48,49:B1,3,4,5,7,8,11,12,13,15,17,18,19,24,26	17-22	?	deel28:p143
W:W21,25,32,34,35,37,38,39,42,43,44,45,47,48,49:B1,4,5,7,8,9,11,12,13,15,17,18,19,24,26	35-30	?	deel28:p143
B:W25,26,28,31,32,33,34,38,39:B11,12,14,17,19,20,23,24	12-18	?	deel28:p144
B:W22,28,32,33,34,35,36,38,39,40,41,43,44,45,46,47,48:B1,2,3,4,5,7,8,9,11,13,14,15,16,19,21,23,24	11-17	?	deel28:p144
B:W25,26,28,30,31,33,34,35,36,37,38,40,43,45,48,49:B6,7,8,9,10,11,12,13,14,15,17,18,19,20,22,27	20-24	?	deel28:p144
B:WK25,26,31,33,34,35,36,38,40,43,45,48,49:BK46,6,7,8,10,11,12,13,15,17,18,22,27	46-19	?	deel28:p144
W:W25,26,30,32,33,36,37,38,39,40,41,42,43,44,45,46,47,48,49,50:B1,2,3,4,5,7,8,9,10,11,12,13,14,15,16,17,18,19,22,24	25-20	!	deel28:p144
B:W25,26,27,28,30,32,33,35,38,43,44,45,48,49:B3,5,6,9,10,12,13,14,15,16,18,19,23,24	24-29	?	deel28:p145
B:W23,27,28,29,32,33,34,35,37,38,39,43,45,47:B2,3,4,8,9,12,13,14,15,16,20,21,25,26	13-18	?	deel28:p145
B:W24,25,28,30,31,32,33,36,37,38,39,48,50:B3,6,8,9,10,11,13,14,15,16,18,19,26	19-23	?	deel28:p145
W:W24,25,30,31,32,33,36,37,38,39,48,50:B3,6,8,9,10,11,13,15,16,18,23,26	31-27	!	deel28:p145
B:W24,27,32,33,36,37,38,39,43,44,45,48:B2,8,9,10,13,14,16,17,18,21,23,26	17-22	?	deel28:p145
B:W24,27,32,33,36,37,38,39,43,44,45,48:B2,8,9,10,13,14,16,17,18,21,23,26	14-19	?	deel28:p145
B:W24,26,27,29,32,34,36,39,41,44,46,47,48:B2,4,6,8,9,11,13,15,16,17,18,21,25	9-14	?	deel28:p146
B:W25,26,28,31,33,35,36,38,39,40,42,43,44,47,48,49:B3,5,6,7,8,9,11,13,14,15,17,18,21,22,24,27,29	14-20	?	deel28:p146
B:W28,29,32,33,35,36,37,38,39,45:B9,10,12,14,16,17,18,19,21,24	10-15	?	deel28:p146
B:W25,26,27,30,32,33,34,35,37,38,42:B3,6,8,12,13,14,16,18,19,23,24	12-17	?	deel28:p147
B:W25,26,27,30,32,33,34,35,37,38,42:B3,6,8,12,13,14,16,18,19,23,24	24-29	?	deel28:p147
B:W24,29,32,33,34,36,39,44,47,48,49,50:B2,3,4,6,8,9,10,13,15,18,22,25	6-11	?	deel28:p147
W:W22,28,32,33,35,37,38,39,43:B8,11,12,13,14,19,24,26,29	22-18	!	deel28:p147
B:W22,28,32,33,35,37,38,39,43:B8,11,12,13,14,19,24,26,29	26-31	!	deel28:p147
B:W24,26,29,31,32,34,36,40,41,42,43,44,45,46,47,48,49:B2,3,4,6,7,8,9,10,12,13,15,16,17,18,20,21,23	10-14	?	deel28:p147
B:W25,27,28,32,33,35,36,37,38,39,40,44,45,47,48,49:B3,5,6,9,10,11,12,13,14,16,18,19,21,23,24,26	12-17	?	deel28:p148
W:W20,25,33,35,36,41,44,45,47,48,49:B3,5,6,9,10,11,13,14,16,17,18,19,32	20-15	!	deel28:p148
B:W24,29,32,33,34,36,37,38,39,41,42,43,44,45,46,48,49:B2,3,4,6,8,9,10,11,12,13,14,15,17,18,23,25,26	14-19	?	deel28:p148
B:W25,27,28,32,35,36,37,38,41,42,44,45,46,47,48:B3,6,7,8,10,11,12,13,14,15,16,19,21,26,29	19-23	?	deel28:p148
W:W27,28,30,31,32,35,36,37,38,43,45:B6,7,12,13,14,15,18,19,23,26,29	43-39	?!	deel28:p149
B:W15,26,30,31,34,36,38,41,46,49:B1,4,11,17,18,19,22,23,27,28	11-16	?	deel28:p149
B:W15,26,30,31,34,36,38,41,46,49:B1,4,11,17,18,19,22,23,27,28	27-32	!	deel28:p149
B:W26,29,33,35,36,37,38,39,41,43,44,45,48,49,50:B2,3,5,6,7,8,9,11,12,13,15,17,20,24,27	12-18	?	deel28:p149
W:W23,24,28,29,30,34,36,38,39,41,42,43,45,48:B6,8,9,11,12,13,14,16,17,19,22,25,26	45-40	!	deel28:p150
B:W18,24,29,30,34,36,38,41,42,43,48:B6,8,9,11,12,13,14,16,17,19,25,26,35	12x23	?	deel28:p150
W:W24,29,30,34,36,38,41,42,43,48:B6,8,9,11,12,14,16,17,19,22,25,26,35	24x4	?	deel28:p150
W:W24,30,34,36,38,41,42,43,48:B6,8,9,11,14,16,17,19,22,25,26,35	24x2	?	deel28:p150
W:W25,27,38,41,42,43,48:B6,11,14,16,24,28	41-36	!	deel28:p150
B:W27,32,33,34,35,37,41,43,48:B3,6,12,14,16,18,19,23,26	3-8	?	deel28:p150
B:W27,28,29,30,32,33,34,35,37,43:B2,3,4,12,13,14,15,16,21,26	12-17	?	deel28:p151
W:W21,26,27,28,35,38:B7,12,17,18,19,24,34	38-33	!	deel28:p151
B:W27,32,33,34,35,36,37,38,40,41,42,43,45,46,47,48,49:B1,2,3,4,7,8,10,11,12,13,15,16,18,20,21,23,26	10-14	?	deel28:p151
W:W23,24,26,29,36,37,38,40,41,42,43,44,46,48,50:B1,2,4,6,8,9,11,12,13,14,15,17,20,25,27	23-18	?	deel28:p151
B:W27,28,32,33,34,35,36,37,38,39,40,42,43,44,45,47,48:B3,4,5,6,7,8,9,11,12,13,14,16,17,18,19,23,24	5-10	?	deel28:p152
W:W15,26,28,31,32,34,36,39,41:B4,8,11,16,17,18,19,23,35	28-22	!	deel28:p152
W:W15,26,28,31,32,34,36,39,41:B4,8,11,16,17,18,19,23,35	31-27	?	deel28:p152
W:W15,26,28,31,32,33,34,36,41:B4,11,12,16,17,18,19,23,35	31-27	?	deel28:p152
B:W27,28,29,32,33,34,35,36,37,38,39,40,43,45,47,48,49:B2,3,6,7,8,9,10,12,13,15,16,17,18,19,21,23,25	21-26	?	deel28:p152
B:W16,26,28,32,33,34,37,38,42,43,44:B3,6,7,9,11,12,13,17,19,23,35	12-18	?	deel28:p153
B:W26,27,28,32,34,35,36,37,39,42,47,50:B3,6,11,13,16,17,18,19,20,21,23,24	3-9	?	deel28:p153
B:W30,33,36,37,38,39,40,41,42,43,46,48,49,50:B2,3,5,6,7,8,9,11,12,13,17,19,23,27	12-18	?	deel28:p154
W:W26,29,30,32,33,38,39,43,45,47:B2,3,8,13,14,15,17,18,22,23	26-21	?	deel29:p4
B:W20,29,30,34,36,38,39,42,44,47,48,50:B4,7,9,12,13,14,18,19,23,25,26,27	12-17	?	deel29:p5
W:W15,36,38,42,44,47,48,50:B4,7,9,13,14,17,18,25,26,27,28,34	44-40	!	deel29:p5
W:W15,29,33,36,38,42,47,48,50:B4,7,9,13,14,22,23,26,27,34	29x18	!	deel29:p6
B:W21,32,33,48,50:B4,12,18,40,45	40-44	?	deel29:p6
W:W21,32,33,39,42:BK50,4,12,23	33-29	!	deel29:p6
B:W26,27,28,32,33,34,35,36,37,38,39,40,41,43,44,45,48:B1,3,4,7,8,9,10,11,12,13,14,15,16,18,19,24,25	11-17	?	deel29:p7
W:W16,28,33,34,35,36,37,38,39,40,41,43,44,45,48:B1,3,4,7,8,9,11,12,13,14,15,19,20,24,25	34-29	!	deel29:p7
W:W7,28,29,33,34,35,36,37,38,39,41,43,44,45,48:B1,3,4,8,9,12,13,14,15,19,20,23,24,25	7x18	?	deel29:p8
W:W16,28,29,32,33,34,35,36,38,39,41,43,44,45,48:B1,3,4,7,9,11,13,14,15,17,18,19,20,24,25	41-37	?	deel29:p8
W:W16,28,29,32,33,34,35,36,38,39,41,43,44,45,48:B1,3,4,7,9,11,13,14,15,17,18,19,20,24,25	36-31	?	deel29:p8
W:W16,28,29,32,33,34,35,36,38,39,41,43,44,45,48:B1,3,4,7,9,11,13,14,15,17,18,19,20,24,25	48-42	?	deel29:p8
B:W16,28,29,32,33,34,35,36,37,38,39,43,44,45,48:B1,3,4,7,9,11,13,14,15,17,18,19,20,24,25	18-22	?	deel29:p9
B:W16,23,29,33,34,35,36,37,38,39,43,44,45,48:B1,3,4,7,9,11,13,14,15,17,20,22,24,25	13-19	?	deel29:p9
W:W16,27,34,35,39,43,44,45,48:B1,4,7,11,12,15,20,25,28	35-30	!	deel29:p9
B:W16,27,30,34,39,40,43,45,48:B4,6,7,11,12,15,20,25,28	20-24	!	deel29:p9
B:W16,19,27,34,39,40,43,45,48:B4,6,7,11,12,15,25,28	4-9	!	deel29:p9
B:W16,28,29,32,33,35,36,39,40,43,45,48:B4,6,7,11,12,14,15,18,19,20,24,25	18-22	!	deel29:p10
B:W13,16,35,36,38,43,45,48,49:B4,6,7,11,12,14,15,20,25	20-24	!	deel29:p10
W:W16,25,28,31,33,35,38,39,43,48:B6,7,9,11,12,14,15,19,20,24	39-34	!	deel29:p10
W:W16,28,33,35,36,38,39,40,43,45,48:B4,6,7,11,12,14,15,19,20,24,25,29	28-22	?	deel29:p11
W:W16,28,33,35,36,38,39,40,43,45,48:B4,6,7,11,12,14,15,19,20,24,25,29	39-34	?	deel29:p11
W:W16,31,33,35,38,39,40,42,43,45:B4,6,7,14,15,19,20,22,24,25,29	40-34	!	deel29:p11
W:W16,22,28,33,35,38,39,40,42,43,45:B4,6,7,11,14,15,19,20,24,25,29,31	22-18	?	deel29:p12
W:W13,16,22,28,38,42,43,45:B4,6,7,11,14,15,20,25,31,33	38x29	!	deel29:p13
B:WK22,25,29,47,48:BK21,12,16,26	21-32	!	deel29:p18
W:W24,26,29,33,34,36,37,38,39,40,41,42,43,44,45,46,47,48,49:B2,3,5,6,7,8,9,10,11,12,13,14,15,17,18,20,21,22,23	33-28	!	deel29:p20
W:W24,26,29,32,34,36,37,40,41,42,43,44,45,46,47,48,49:B2,3,5,6,7,8,9,10,12,13,15,16,17,18,20,21,23	37-31	!	deel29:p20
W:W24,26,29,32,34,36,37,40,41,42,43,44,45,46,47,48,49:B2,3,5,6,7,8,9,10,12,13,15,16,17,18,20,21,23	32-28	?	deel29:p21
B:W24,26,28,29,34,36,40,41,42,43,44,45,46,47,48,49:B2,3,5,6,7,8,9,10,12,13,15,16,17,18,20,21	17-22	!	deel29:p21
W:W17,24,26,29,34,36,40,41,42,43,44,45,46,47,48,49:B2,3,5,6,7,8,9,12,13,14,15,16,18,20,21	42-38	?	deel29:p21
B:W17,24,26,29,34,36,38,40,41,43,44,45,46,47,48,49:B2,3,5,6,7,8,9,12,13,14,15,16,18,20,21	18-22	!	deel29:p21
B:W19,26,31,34,36,39,40,41,42,45,46,47,49:B2,3,6,7,8,10,12,15,16,17,18,20	17-22	?	deel29:p22
B:W19,26,31,34,36,39,40,41,42,45,46,47,49:B2,3,6,7,8,10,12,15,16,17,18,20	16-21	?	deel29:p22
B:W19,26,31,34,36,39,40,41,42,45,46,47,49:B2,3,6,7,8,10,12,15,16,17,18,20	7-11	!	deel29:p22
W:W19,26,31,34,36,39,40,41,42,45,46,47,49:B2,3,6,8,10,11,12,15,16,17,18,20	34-30	?	deel29:p22
B:W23,26,31,36,37,40,42,45,46,47,49:B6,7,10,12,13,14,15,16,17,25	13-19	?	deel29:p22
B:W23,26,31,36,37,40,42,45,46,47,49:B6,7,10,12,13,14,15,16,17,25	13-18	?	deel29:p22
W:W19,31,34,36,40,41,42,44,45,46,47,49:B2,3,6,7,8,10,15,16,18,20,21	42-37	!	deel29:p22
B:W19,27,29,34,36,37,38,40,45,46,49:B2,6,8,9,10,12,16,20,25,26	9-13	?	deel29:p23
W:W19,27,29,34,36,37,38,40,45,46,49:B2,6,8,10,12,13,16,20,25,26	36-31	!	deel29:p23
W:W19,22,29,34,35,36,37,38,45,46,49:B6,7,8,9,12,15,20,21,25,26	19-14	!	deel29:p23
B:W19,26,31,33,34,36,40,41,42,45,46,47,49:B2,6,7,8,9,10,12,15,16,17,18,20	6-11	?	deel29:p23
B:W19,26,29,31,34,36,37,40,41,45,46,47,49:B2,6,8,9,10,11,12,15,16,17,18,25	9-14	?	deel29:p24
W:W19,26,29,31,34,36,37,40,41,45,46,47,49:B2,6,8,9,10,11,12,16,17,18,20,25	19-13	!	deel29:p24
W:W19,24,27,29,30,31,32,34,40,45,48:B8,10,13,15,16,17,18,20,25,26	32-28	!	deel29:p27
W:W19,24,27,28,29,30,34,40,45,48:B8,10,13,15,16,17,18,20,25,37	48-42	!	deel29:p27
B:W20,27,28,32,34,38,43,44:B13,15,16,17,18,21,25,35	15x24	?	deel29:p27
W:W27,28,32,34,38,43,44:B13,16,17,18,21,24,25,35	43-39	?	deel29:p27
W:W27,28,32,34,38,43,44:B13,16,17,18,21,24,25,35	34-30	!	deel29:p28
W:W27,28,32,38,43,44:B13,16,17,18,21,24,34,35	28-22	!	deel29:p28
B:W22,30,31,33,35,36,41,43,47:B3,7,8,12,14,16,19,20,23	23-28	?	deel29:p30
B:W22,30,31,33,35,36,41,43,47:B3,7,8,12,14,16,19,20,23	20-24	!	deel29:p30
B:W16,26,33,35,39,40,43,47:B5,12,13,17,19,24,25,36	5-10	?	deel29:p30
W:W25,27,28,32,33,37,38,40,45,46,48:B8,9,13,15,16,17,18,19,21,24,29	48-43	?	deel29:p31
B:W25,27,28,32,33,37,38,40,43,45,46:B8,9,13,15,16,17,18,19,21,24,29	19-23	!	deel29:p31
W:W25,27,28,31,32,33,38,40,45,46,48:B8,9,13,15,16,17,18,19,24,26,29	48-42	!!	deel29:p31
W:W24,25,26,30,35,36,37,38,43,49:B9,10,13,14,16,17,18,19,21,23	37-32	?	deel29:p31
B:W24,25,26,30,32,35,36,37,43,49:B9,10,13,14,16,17,18,19,21,23	23-29	?	deel29:p31
W:W19,20,22,47:B9,26,38	22-17	?	deel29:p37
B:WK3,17,20,47:BK49,26	49-32	!	deel29:p37
W:W14,20,22,47:B13,26,38	22-17	?	deel29:p39
B:W14,17,20,47:B13,26,38	13-19	!	deel29:p39
B:WK50,11,15,47:BK48,26	48-37	!	deel29:p40
B:WK1,K22,20,47:BK48,26,34	26-31	!	deel29:p42
W:W20,35,39:B11,19,23,42	35-30	?	deel29:p57
W:W15,35,39:BK48,11,19,23	39-34	?	deel29:p57
B:WK4,26,29,36,42,43,46,48:B2,7,8,11,12,15,17,30	30-35	!	deel29:p66
W:W17,25,27,30,35,38,42,43,47,48:BK46,3,6,8,9,14,15,16	17-12	!	deel29:p67
W:W24,27,28,29,40,42,45,46,48,49,50:B3,6,7,8,9,13,15,16,18,25,26	28-23	?	deel29:p69
B:W22,25,27,30,32,35,37,38:B7,13,14,18,19,23,24,26	7-12	!	deel29:p70
W:W25,27,28,32,33,34,35,37:B7,13,14,18,19,23,24,26	35-30	!	deel29:p70
W:WK28,35,40:BK36,K48,15,24	35-30	!	deel29:p72
W:W27,32,33,34,35,37,38,39,43:B15,16,17,18,19,20,23,24,26	35-30	!	deel29:p75
W:W24,25,29,31,33,35,36,38,39,41,43,44,45,47,48,50:B3,5,6,7,8,9,12,13,14,15,17,18,20,22,27,28	35-30	?	deel29:p75
B:W27,28,32,33,34,35,47:B8,13,16,18,19,21,24	18-23	?	deel29:p76
W:W27,28,32,33,34,35,47:B8,13,16,19,21,23,24	35-30	!	deel29:p76
W:W27,32,33,34,35,47:B2,16,19,21,23,24	27-22	!	deel29:p76
B:W22,32,33,34,35,47:B2,16,19,21,23,24	21-26	!	deel29:p76
B:W29,32,33,35,47:B2,12,16,19,24,26	19-23	!	deel29:p76
W:W22,27,28,32,37,38,39,42,43,45,48:B7,9,13,16,18,19,21,23,25,26,30	38-33	?	deel29:p76
B:W22,27,28,32,33,37,39,42,43,45,48:B7,9,13,16,18,19,21,23,25,26,30	26-31	!	deel29:p76
B:W16,28,32,33,34,35,37,38,48:B7,13,18,19,23,24,25,26	7-12	!	deel29:p77
W:W22,27,32,34,35,37,39,42,48:B11,13,16,18,21,23,24,25,26	37-31	!	deel29:p77
W:W26,30,33,34,35,36,38,39,42,43,44,47:B6,7,8,9,10,12,14,17,19,22,24,27,32	33-29	?	deel29:p88
B:W22,27,29,32,33,34,35,36,37,38,39,40,42,44,45:B3,6,9,11,12,13,14,15,16,18,19,20,24,25,26	25-30	!	deel29:p88
W:W25,27,28,32,33,35,36,37,39,40,42,43,44,45,46,47,48:B2,3,6,7,8,9,11,12,13,14,15,16,17,19,23,24,26	37-31	?	deel29:p88
B:W25,27,28,31,32,33,35,36,39,40,43,44,45,46,47,48:B2,3,6,7,8,9,11,12,13,14,15,16,17,19,23,24	23-29	!	deel29:p88
W:W27,30,31,32,33,35,36,38,42,43,45,46,48:B3,4,6,8,11,13,15,16,18,19,21,23,24	43-39	?	deel29:p88
W:W16,28,33,35,37,38,40,42,43,45,48:B3,6,7,8,9,12,17,18,19,24,25	40-34	?	deel29:p88
W:W32,33,35,36,38,42,45:B11,13,17,18,19,23,24	36-31	?	deel29:p89
W:W27,28,30,32,33,35,36,38,39,40,42,43,44,45,46,47,48,49,50:B1,2,3,4,5,6,7,8,9,10,11,12,13,14,15,17,19,23,24	46-41	?	deel29:p89
B:W22,27,28,30,32,35,36,38,39,40,41,42,43,44,45,47,48,49,50:B1,2,3,4,5,6,7,8,9,10,11,12,14,15,17,23	14-20	!	deel29:p89
B:W22,25,26,27,31,32,35,36,38,39,40,42,44,45,48:B3,6,8,9,11,12,13,14,15,16,18,19,20,23,24	24-29	!	deel29:p89
W:W22,25,26,27,31,32,35,36,38,39,40,42,44,45,48:B3,6,8,9,11,12,13,14,15,16,18,19,20,23,29	39-34	?	deel29:p89
W:W22,25,26,27,31,32,35,36,37,38,39,40,44,45,48:B3,6,8,9,11,12,13,14,15,16,18,19,23,24,29	39-34	?	deel29:p89
W:W26,30,32,33,37,38,39,41,42,43,44,48:B2,4,6,11,13,14,15,16,17,18,19,23	39-34	?	deel29:p90
W:W29,30,32,34,35,36,37,38,39,42,44,45,47,48,49:B2,3,4,6,7,8,10,12,13,14,15,19,20,22,25	39-33	?	deel29:p90
W:W26,30,31,32,33,35,36,39,41,43,44,49,50:B3,6,11,12,14,15,16,17,18,19,21,22,24	33-28	?	deel29:p90
W:W23,26,28,31,33,34,36,38,39,40,42,43,44,47,48,49:B2,3,4,6,7,8,9,11,12,13,15,17,20,22,25,27	42-37	?	deel29:p90
W:W27,28,32,33,34,35,37,38,39,40,42,48:B7,9,12,13,15,16,17,18,20,24,25	28-22	!	deel29:p91
B:W22,27,32,33,34,35,37,38,40,42,48:B7,9,12,13,15,16,20,23,24,25	12-17	!	deel29:p91
W:W21,24,25,26,27,30,37,38,39,42,43,48,49:B2,3,7,9,11,12,13,14,15,16,17,28	25-20	?	deel29:p91
W:W17,23,35,38,39,42,48:BK49,2,9,15,16	48-43	!	deel29:p92
W:W25,26,27,31,32,33,35,36,38,39,40,43,45,48:B3,6,9,12,13,14,15,16,18,19,20,22,24,29	40-34	?	deel29:p93
W:W15,23,26,29,36,37,39,40,41,42,44,46,47,49:B2,4,6,7,9,10,11,12,13,14,16,17,22,25	42-38	?	deel29:p93
W:W25,28,30,32,33,35,36,38,39,42,43,45,46,48,49:B2,3,4,6,7,9,11,12,13,14,15,16,19,23,24	46-41	?	deel29:p93
W:W27,28,31,32,33,36,38,39,40,45,49:B6,8,9,11,13,16,18,19,23,24,30	40-34	?	deel29:p94
W:W25,27,28,32,33,37,38,40,45,46,48:B8,9,13,15,16,17,18,19,21,24,29	37-31	!	deel29:p94
B:W25,27,28,31,32,33,38,40,45,46,48:B8,9,13,15,16,17,18,19,21,24,29	21-26	?	deel29:p94
W:W25,31,33,35,36,37,38,39,42,43,45,48,49:B3,7,8,9,11,12,14,15,17,22,23,24,27	39-34	?	deel29:p94
W:W25,28,29,31,32,33,34,35,36,37,38,39,40,43,46,48:B2,5,8,10,11,12,14,15,17,18,19,20,21,22,24,27	31-26	?	deel29:p94
B:W16,24,28,29,34,37,38,39,40,42,43,48:B2,6,7,12,13,14,15,18,20,25,26,36	26-31	?	deel29:p95
W:W16,24,26,28,29,34,38,39,40,42,43,48:B2,6,7,12,13,14,15,18,20,25,41	34-30	!	deel29:p95
B:W16,19,39,43,48:B2,6,7,15,18,29	15-20	!	deel29:p95
B:W25,27,28,30,32,34,35,36,37,38,41,42,43,45,47,48:B3,6,8,9,11,13,14,15,16,17,18,19,21,23,26,29	29x40	?	deel29:p95
W:W17,25,27,30,35,38,42,43,47,48:BK46,3,6,8,9,14,15,16	27-21	?	deel29:p95
W:W35,42,48:BK37,3,8,9,15,17,27,32	42x11	!	deel29:p95
B:W27,28,32,33,37,38,39,40,42,43:B3,8,9,12,13,16,17,24,25,30	24-29	!	deel29:p96
B:W22,24,26,29,33,34,36,38,40,42,43,44,45,46,47,49:B2,4,6,7,8,9,10,13,15,18,19,20,25	19x17	!	deel29:p96
W:W25,31,32,35,36,37,38,42,43,44,45,46,48:B2,4,6,7,8,12,13,14,15,16,18,19,23,29,33	43-39	?	deel29:p96
W:W25,26,31,32,33,35,36,38,39,40,42,43,44,48:B2,3,6,9,11,12,13,15,16,17,18,19,23,24	40-34	?	deel29:p96
B:W25,27,28,33,35,38,39,41,43,47:B4,6,9,12,13,14,16,17,19,24	24-29	?	deel29:p96
W:W25,27,28,32,33,34,35,37,38,43,48:B6,9,13,14,15,16,17,18,19,21,24	34-30	?	deel29:p96
W:W26,28,30,32,33,38,40,47,48:B8,9,12,14,15,17,20,21,27	33-29	?	deel29:p96
B:W26,28,29,30,32,38,40,47,48:B8,9,12,14,15,17,20,21,27	17-22	!	deel29:p96
B:W24,25,29,30,31,33,36,38,39,41,43,44,45,47,48,50:B3,5,6,7,8,9,12,13,14,15,17,18,20,22,27,28	14-19	!	deel29:p97
B:W16,22,32,33,34,35,36,39,44,46,48,49,50:B6,7,8,9,10,11,12,13,14,15,23,26	12-17	!	deel29:p98
B:W16,17,35,36,39,44,46,48,50:B6,7,9,10,11,14,15,22,26	26-31	!	deel29:p98
B:W23,27,32,33,35,38,48:B9,12,13,14,16,17,26	26-31	!	deel29:p99
B:W20,30,31,34,36,37,38,39,48:B4,10,11,13,17,21,22,26,28	28-33	!	deel29:p100
B:W26,27,29,31,33,36,38,39,40,48,49:B2,3,11,14,16,17,21	21x45	!	deel29:p105
B:W24,27,29,30,31,32,33,34,36,38,40,42,45,48:B2,8,9,10,12,13,15,16,17,18,20,21,23,25	21-26	?	deel29:p105
W:W24,27,28,29,30,32,34,36,38,40,42,45,48:B2,8,9,10,12,13,15,16,17,18,20,23,25,37	42x31	?	deel29:p105
B:W22,27,32,33,34,38,42,43,44:B8,13,14,16,18,19,20,21,35	19-24	?	deel29:p107
W:W22,27,32,33,34,38,42,43,44:B8,13,14,16,18,20,21,24,35	32-28	!	deel29:p107
B:W19,24,29,41:B27,31,35	31-37	!	deel29:p116
B:W20,29,32,33,38:B16,21,36	21-27	!	deel29:p117
B:WK5,24,33,38:BK36,27	27-32	?	deel29:p117
B:WK5,24,33,38:BK36,27	27-31	?	deel29:p117
W:W26,30,31,33,35,38,39,43,44,47:B2,8,9,11,16,17,19,22,24,27	39-34	!	deel29:p119
W:W26,30,33,34,35,38,43,44:BK47,2,8,9,11,16,17,19,22,24	33-28	!	deel29:p119
B:WK37,25:B8,20,27	20-24	?	deel29:p119
B:W27,29,32,33,34,35,38,39,42,44,46,47,48,49,50:B1,2,3,4,7,11,12,13,15,16,17,18,19,23,25	25-30	!	deel29:p122
B:W25,28,30,32,34,35,38,40,43,45:B10,12,13,14,17,18,19,23,24,29	18-22	?	deel29:p127
W:W25,30,32,33,35,38,39,40,45,48:B6,10,12,13,14,18,19,23,24,29	33-28	!	deel29:p127
B:W25,28,30,32,34,35,38,40,45,48:B6,10,13,14,17,18,19,23,24,29	18-22	?	deel29:p127
B:W25,28,30,32,34,35,38,40,45,48:B6,10,13,14,17,18,19,23,24,29	17-21	?	deel29:p127
W:WK5,35,40,45,48:B6,13,21,24,27,34,43	48x8	!	deel29:p127
B:W20,28,30,32,34,35,38,40,45,48:B10,11,13,14,17,18,19,23,24,29	14x25	?	deel29:p128
B:W25,30,32,33,35,38,39,40,42,45:B6,10,12,13,14,18,19,23,24,29	18-22	?	deel29:p128
W:W25,32,33,38,39,42,44,45:B6,10,12,13,14,19,22,23,35	25-20	!	deel29:p128
B:W27,30,32,33,36,37,38,39,43,44,45,48:B2,8,9,10,13,14,16,17,18,21,23,26	26-31	!	deel29:p128
B:W26,27,30,32,33,36,38,39,43,44,45,48:B2,8,9,10,13,14,16,17,18,21,23	14-19	!	deel29:p128
W:W27,28,32,36,38,42,44,47,48,50:B3,8,13,16,17,18,19,20,29,30	44-39	?	deel29:p129
B:W27,31,32,38,44,47,48,50:B3,8,13,16,20,21,29,30	21-26	?	deel29:p130
W:W27,31,32,38,44,47,48,50:B3,8,13,16,20,26,29,30	38-33	!	deel29:p130
B:W27,31,32,38,44,47,48,50:B3,8,13,16,20,21,29,30	29-33	?	deel29:p130
B:W16,22,27,33,34,35,36,39,44,46,48,49,50:B6,7,8,9,10,11,12,13,14,15,23,26	23-28	?	deel29:p130
W:W16,22,27,33,34,35,36,39,44,46,48,49,50:B6,7,8,9,10,11,12,13,14,15,26,28	33-29	!	deel29:p130
B:W22,27,33,39,45,47:B12,13,16,23,26,40	23-28	?	deel29:p130
W:W25,27,28,32,33,37,38,39,40,45:B9,11,12,14,16,18,19,23,24,26	28-22	!	deel29:p133
W:W22,25,27,32,33,37,38,39,40,45:B11,12,13,14,16,18,19,23,24,26	32-28	!	deel29:p133
W:W25,27,28,32,33,35,37,38,39:B9,11,14,16,19,23,24,26	39-34	?	deel29:p133
W:W25,27,28,32,33,35,37,38,39:B9,11,14,16,19,23,24,26	28-22	!	deel29:p133
W:W22,25,27,30,33,35,37:B14,16,19,24,26,28	27-21	!	deel29:p134
W:W25,27,28,30,32,33,35,36,37,38,40,42,48:B4,8,12,13,14,16,17,18,19,21,23,24,26	40-34	?	deel29:p135
W:W25,27,28,30,32,33,35,36,37,38,40,42,48:B4,8,12,13,14,16,17,18,19,21,23,24,26	27-22	!	deel29:p135
W:W22,27,28,30,32,35,36,37,38,39,41,42,45,46,47,48,49:B1,2,3,8,9,10,11,12,13,14,16,18,19,21,23,24,26	38-33	?	deel29:p139
B:W23,27,28,29,32,33,34,37,38,39,40,41,43,44:B2,6,9,12,13,14,15,16,18,19,20,21,24,26	2-7	?	deel29:p139
W:W23,27,28,29,32,33,34,37,38,39,40,41,43,44:B6,7,9,12,13,14,15,16,18,19,20,21,24,26	28-22	!	deel29:p139
W:W27,29,32,33,34,37,38,39,40,41,43,44:B6,7,9,12,13,14,15,16,17,18,20,21,24,26	32-28	!	deel29:p139
W:W22,27,30,33,35,37,38,40,42,45:B3,10,13,14,15,16,19,23,24,26	22-17	?	deel29:p139
W:W16,25,26,30,32,37,38,39,40,43,45,47,48,49,50:B3,4,7,9,12,13,14,15,17,18,19,23,28,29,36	47-41	!	deel29:p139
B:W25,26,29,35,37,38,39,40,41,43,45,47,48,49:B2,3,4,6,8,11,12,13,14,15,18,19,28,36	12-17	?	deel29:p139
B:W15,29,30,34,35,36,37,41,42,43,44,46,48:B3,4,7,9,13,14,16,19,21,22,23,26,27	13-18	?	deel29:p139
W:W15,29,30,34,35,36,37,41,42,43,44,46,48:B3,4,7,9,14,16,18,19,21,22,23,26,27	30-24	!	deel29:p139
B:W27,30,32,36,37,39,42,44,47,48,49:B1,3,8,15,16,18,20,21,24,26,35	24-29	?	deel29:p139
W:W27,30,32,36,37,39,42,44,47,48,49:B1,3,8,15,16,18,20,21,26,29,35	37-31	!	deel29:p139
B:W25,26,30,31,33,35,36,38,39,40,41,42,43,44,49:B3,5,6,7,9,11,12,13,14,15,17,19,22,24,27,32	24-29	!	deel29:p140
B:W24,25,26,30,31,35,36,38,39,40,41,42,43,44,49:B3,5,6,7,9,11,12,13,14,15,17,19,22,27,32	22-28	!	deel29:p140
B:W13,16,25,42,43:B7,12,14,23,31	23-29	?	deel30:p30
B:W8,16,25,37,38:B7,14,17,28,36	17-21	!	deel30:p30
W:WK2,K5,K14,16:BK50,33	2-11	!	deel30:p30
W:WK3,16,17,24,39:BK48,15,25	17-11	!	deel30:p31
B:WK4,K5,21:BK47,25	47-42	?	deel30:p70
W:WK4,K5,21:BK42,25	4-15	!	deel30:p70
W:WK3,27,32:BK36,K49,K50,1	3-21	!	deel30:p95
B:WK21,27,32:BK36,K49,K50,1	36x4	?	deel30:p95
B:W15,26,32,36:B17,22,39	22-28	!	deel30:p100
B:WK3,22,35,50:B1,16,23	1-7	?	deel30:p101
B:WK1,26,32,45:BK48,2,13	48-42	?	deel30:p102
B:WK6,23,26,45:BK49,7,13	49-32	?	deel30:p102
W:WK1,K2,35,45:BK48,4,20	1-29	!	deel30:p103
B:WK3,27,32:BK47,K49,K50,1	47-41	?	deel30:p111
B:WK1,21,33,36:B13,19,24,44	44-49	?	deel30:p115
W:WK23,31,38,42:BK47,K49,4,22	23-29	!	deel30:p117
B:W11,13,17,25,35:BK37	37-26	!	deel30:p143
W:WK26,48:B41	26-37	!	deel30:p161
W:WK5,33:B27,31,36	33-28	!	deel30:p161
W:WK1,K26:B41	26-37	!	deel30:p161
W:WK5,22:B21,31,36	5-23	!	deel30:p161
W:WK23,22:B27,31,36	23-7	!	deel30:p161
W:WK7:B18,31,36	7x23	!	deel30:p161
W:WK26,15,33:B41	26-37	!	deel30:p161
B:WK5,25,30:B15,18,22,36	18-23	?	deel30:p162
W:W19,41,50:B40,45	19-14	!	deel30:p165
B:WK47,25,34,35,39,44:B4,12,14,15,16,21,37	15-20	!	deel30:p171
B:WK1,25,34,37,39:BK47,12,13,14,18,23,30	18-22	!	deel30:p181
B:WK1,25,34,39,42:B12,13,14,18,23,30,41	23-29	?	deel30:p181
W:W26,27,28,32,33,34,35,36,38,39,43:B6,9,12,13,16,17,18,19,23,24,25	34-30	?	deel31:p14
B:W26,27,28,30,32,33,35,36,38,43:B6,9,12,13,16,17,18,19,23,24	23-29	!	deel31:p14
B:W26,27,28,32,33,34,35,36,38,39,43:B6,9,12,13,16,17,18,19,23,24,25	9-14	!	deel31:p14
B:W26,27,28,30,32,33,35,36,38,43:B6,12,13,14,16,17,18,19,23,24	23-29	!	deel31:p14
B:W25,26,27,28,31,32,33,35,38,39:B6,12,13,14,16,17,19,23,24,29	29-34	!!	deel31:p15
B:W25,26,27,28,30,31,32,33,35,38:B6,12,13,14,16,17,19,23,24	12-18	!	deel31:p15
B:W22,26,28,30,31,32,33,35,38,39:B6,12,13,14,16,17,19,23,24,29	29-34	!	deel31:p15
B:W11,26,28,30,31,32,33,35,38,39:B6,12,13,14,16,19,23,24,34	34x25	!	deel31:p15
W:W24,28,29,31,34,37,38,39,41,42,43,47,49:B2,3,6,7,8,10,13,15,16,20,21,25,26	28-23	!	deel31:p18
B:WK1,23,32,37,47,49:B2,3,8,15,16,21,24,25	2-7	?	deel31:p19
B:W23,29,37,39,40,41:B3,5,12,16,17,18,25	5-10	!	deel31:p22
B:W26,27,29,31,33,34,35,36,38,39,40,43,44,45,47,49:B4,6,7,8,9,10,11,12,13,14,15,17,18,20,24,25	13-19	?	deel31:p29
W:W21,26,28,29,31,33,34,35,36,39,40,43,44,45,47,49:B4,6,8,9,10,11,12,13,15,17,18,19,20,22,24,25	28-23	!!	deel31:p30
B:W16,26,28,31,32,33,35,36,39,40,44,47,49:B7,8,10,11,12,13,14,17,18,22,24,25,30	24-29	?	deel31:p31
W:W16,26,31,36,39,40,44,47,49:B4,7,8,10,11,12,17,18,25,27,33	31x2	!	deel31:p31
W:W21,26,29,33,34,35,36,38,39,40,42,43,44,45,49:B4,6,7,8,9,10,12,14,15,17,18,20,22,24,25	35-30	!	deel31:p31
W:W26,28,29,31,32,33,34,36,39,40,41,43,44,45,49:B6,8,9,10,11,12,13,14,15,17,18,19,20,25,35	29-23	!	deel31:p32
W:W21,26,28,29,31,33,34,36,39,40,43,44,45,47,49:B4,6,8,9,10,11,12,13,15,17,18,20,22,25,30	29-23	!	deel31:p32
W:W21,26,28,31,33,35,36,39,40,43,44,45,47,49:B4,6,7,8,11,12,13,14,15,17,19,20,22,24,34	40x29	!	deel31:p32
W:W21,26,28,29,31,33,36,39,43,44,45,47,49:B4,6,7,8,11,12,13,14,15,17,20,22,30	29-23	!	deel31:p32
W:W21,26,28,29,31,33,36,39,43,44,45,47,49:B6,7,8,9,11,12,13,14,15,17,19,20,22,35	29-23	!	deel31:p32
W:W8,21,26,31,35,36,40,43,45,47,49:BK50,4,6,7,9,11,12,14,15,17,20,22	49-44	!	deel31:p32
W:W21,26,32,33,34,35,36,37,39,40,41,43,44,45,49:B6,7,8,9,10,11,12,14,15,17,19,20,22,24,25	32-28	!	deel31:p33
B:W16,26,29,33,34,35,36,37,39,40,41,43,44,45,49:B6,7,8,9,10,12,13,14,15,18,19,20,22,24,25	19-23	?	deel31:p33
W:W21,26,29,33,34,35,36,37,39,40,41,43,44,45,49:B6,7,8,9,10,12,13,14,15,18,19,20,22,24,25	37-32	?	deel31:p33
W:W16,26,29,34,35,36,37,39,40,41,43,44,45,49:B6,7,8,9,10,12,13,14,15,19,20,24,25,27	26-21	?	deel31:p34
W:W16,26,29,34,35,36,37,39,40,41,43,44,45,49:B6,7,8,9,10,12,13,14,15,19,20,24,25,27	37-31	?	deel31:p34
W:W16,26,34,35,36,37,39,40,41,43,44,45,49:B6,7,8,9,10,12,13,14,15,20,24,25,27,28	37-31	?	deel31:p34
W:W16,26,35,36,37,40,41,43,44,45,49:B6,7,8,9,10,12,13,15,20,23,27,28	26-21	!	deel31:p34
W:W22,28,32,33,35,36,37,38,39,42,43,45,46,47,48:B2,3,4,6,7,8,9,11,12,13,17,19,21,24,25	36-31	?	deel31:p37
B:W22,28,32,33,35,36,37,38,39,42,43,45,46,47,48:B2,3,4,6,7,8,9,11,12,13,17,19,21,24,25	4-10	?	deel31:p37
W:W28,30,34,35,36,37,38,40,42,43,46,47,48:B2,3,4,6,7,8,9,11,12,18,25,27,39	38-33	?	deel31:p38
W:W28,30,34,35,36,37,38,40,42,43,46,47,48:B2,3,4,6,7,8,9,11,12,18,25,27,39	37-31	?	deel31:p38
W:W28,30,34,35,36,37,38,40,42,43,46,47,48:B2,3,4,6,7,8,9,11,12,18,25,27,39	46-41	?	deel31:p38
B:W28,30,32,34,35,36,38,40,42,43,46,47,48:B2,3,4,6,7,8,9,11,12,18,25,27,39	9-14	!	deel31:p39
B:W21,28,30,34,35,36,38,40,42,43,46,47,48:B2,3,4,6,7,8,11,12,14,18,25,39	18-22	!	deel31:p39
B:W21,24,34,35,36,40,42,43,46,47,48:B2,3,4,6,7,8,9,18,22,25,28	18-23	!	deel31:p39
B:W16,26,28,31,32,33,35,36,39,40,44,47,49:B7,8,10,11,12,13,14,17,18,22,24,25,30	18-23	!	deel31:p46
W:W27,32,33,34,36,37,38,39,40,42,43,45,47,48,49,50:B2,3,6,7,8,9,10,11,12,13,15,16,18,19,22,23	37-31	!	deel31:p50
W:WK12,29:BK4,13,30,40	29-24	?	deel31:p54
B:W30,31,32,33,34,36,38,39,40,41,42,43,44,45,48,49:B2,3,6,7,8,9,10,11,13,14,15,16,18,19,20,21	19-24	!	deel31:p59
B:W19,31,32,33,34,36,38,39,40,41,42,43,44,45,48,49:B2,3,6,7,8,9,10,11,13,14,15,16,18,20,21	14x23	!	deel31:p59
B:W27,29,31,32,33,34,36,38,39,42,43,44,48,49:B3,6,7,8,9,11,12,13,15,16,18,20,21,24	21-26	?	deel31:p59
W:W27,29,31,32,33,34,36,38,39,42,43,44,48,49:B3,6,7,8,9,11,12,13,15,16,18,20,24,26	34-30	!	deel31:p59
B:W27,29,31,32,33,34,36,38,39,40,42,43,48,49:B3,6,7,8,11,12,13,14,15,16,18,20,21,24	24-30	!	deel31:p59
B:W27,29,32,33,34,35,37,38,39,43,44:B6,8,9,13,15,16,18,20,23,24,26	6-11	?	deel31:p60
B:W27,29,32,33,34,35,37,38,39,43,44:B6,8,9,13,15,16,18,20,23,24,26	9-14	!	deel31:p60
W:W28,29,32,33,36,38,42,44,48,49,50:B1,3,4,7,9,12,18,19,21,26,35	29-23	!	deel31:p63
W:W28,32,36,38,42,44,48,49,50:B1,3,4,7,12,18,21,26,35	36-31	!	deel31:p63
W:W27,32,34,38,39,40,41,42,43,44,45,48:B3,6,9,13,14,15,16,17,18,19,20,23,33	39x28	?	deel31:p71
W:W17,22,38,40,42,43,44,45,48:BK46,3,6,13,14,15,16,20	17-12	?	deel31:p71
B:W12,22,38,40,42,43,44,45,48:BK46,3,6,13,14,15,16,20	13-18	!	deel31:p71
B:W12,13,38,40,42,43,44,45,48:BK46,3,6,14,15,16,20	6-11	!	deel31:p71
B:W17,22,38,40,42,43,44,45,48:BK46,3,6,9,14,15,16,20	16-21	!	deel31:p71
W:W17,22,38,40,42,43,44,45,48:BK46,6,8,9,14,15,16,20	17-11	!?	deel31:p71
W:W32,33,34,35:B7,19,20,21,25	32-28	!!	deel31:p72
W:W28,33,34,35:B7,19,20,25,26	28-23	!	deel31:p72
W:W24:B7,23,41	24-20	!	deel31:p72
B:W27,28,29,32,35:B16,18,19,20,25,26	19-23	!	deel31:p73
W:W27,28,30,32:B16,17,19,20,21	30-25	?	deel31:p74
W:W27,28,30,32:B16,17,19,20,21	28-23	?	deel31:p74
W:W26,28,33,34,35,36,37,38,41,43,45,47,48,49:B5,6,7,8,9,12,13,16,17,19,21,24,25,27	37-31	?	deel31:p76
W:W26,28,33,34,35,36,37,38,41,43,45,47,48,49:B5,6,7,8,9,12,13,16,17,19,21,24,25,27	36-31	!	deel31:p76
W:W26,28,33,34,35,36,37,38,41,43,45,47,48,49:B5,6,7,8,9,12,13,16,17,19,21,24,25,27	37-32	?	deel31:p76
B:W30,31,32,33,34,36,37,38,39,40,41,42,43,44,45,47,48,49,50:B1,2,3,4,6,7,8,9,10,11,12,13,15,16,17,18,19,20,23	20-24	?	deel31:p80
W:W24,27,29,32,33,34,37,39,41,42,43,45,47,48,49:B1,2,3,6,7,8,12,13,15,16,17,18,20,23,25	45-40	?	deel31:p81
B:W24,26,29,32,33,34,38,39,41,42,45,47,48,49:B1,2,3,6,7,8,12,13,15,16,18,20,23,25	7-11	!	deel31:p82
W:W24,27,29,32,33,34,37,39,41,42,43,45,47,48,49:B1,2,3,6,7,8,12,13,15,16,17,18,20,23,25	33-28	?	deel31:p82
W:W24,29,32,33,34,37,39,40,43,47,48,49:B1,2,7,8,9,13,15,16,17,19,20,25	29-23	!	deel31:p82
W:W23,34,37,39,40,43,47,48,49:B1,2,7,8,9,13,15,16,17,19,25,27	23x32	!	deel31:p82
B:W24,29,32,33,34,37,39,43,47,48,49:B1,2,7,8,9,13,15,17,20,21,25	9-14	?	deel31:p82
B:W24,29,32,33,34,37,39,43,47,48,49:B1,2,7,8,9,13,15,17,20,21,25	13-18	!	deel31:p82
B:W28,29,32,34,35,37,39,43,47,48,49:B1,2,7,8,9,13,15,17,20,21,25,30	9-14	?	deel31:p82
W:W24,27,29,32,33,34,37,38,39,41,43,45,47,48,49:B1,2,3,7,8,11,12,13,15,16,18,20,21,23,25	33-28	!	deel31:p83
W:W28,29,32,34,37,39,41,43,47,48,49:B1,2,7,8,11,13,15,16,20,21,25,30	32-27	!	deel31:p83
B:W22,27,29,32,33,34,36,37,38,39,43,45,47,48,49:B1,2,3,7,8,11,12,15,16,20,21,23,25	23-28	!	deel31:p83
W:W29,33,34,36,38,39,43,45,47,48,49:B1,2,3,8,11,15,16,20,25,27,41	29-23	!	deel31:p83
W:W29,33,34,36,38,39,43,45,47,48,49:B1,2,3,6,7,15,16,20,25,41	29-23	!	deel31:p83
W:W24,27,29,32,33,34,37,38,39,41,43,45,47,48,49:B1,2,3,7,8,11,12,13,15,16,18,20,21,23,25	33-28	?	deel31:p84
W:W24,28,29,34,37,38,39,41,42,43,48,49:B1,2,7,8,11,13,15,16,19,20,25,26	37-31	!	deel31:p84
W:W24,28,29,34,38,39,42,43,48,49:BK46,1,2,7,8,11,13,15,16,19,20,25	42-37	!	deel31:p84
B:W16,22,26,29,32,33,34,38,39,40,41,42,43,48,49:B1,2,3,7,8,11,12,15,20,23,25	25-30	?	deel31:p84
B:W24,27,29,32,33,34,36,37,38,39,40,42,43,48,49:B1,2,3,7,8,12,13,15,16,17,18,20,23,25,26	17-21	?	deel31:p85
W:W14,24,27,28,32,36,37,38,39,42,43,48,49:B1,2,3,7,8,12,13,15,16,17,18,26,45	49-44	!	deel31:p86
W:W17,18,27,31,36,38,39:B1,8,16,45	27-21	!	deel31:p87
B:W6,12,17,27,31,36,38,48:B1,8,16,40,44	8-13	!	deel31:p87
W:W6,12,17,27,31,36,38,48:B1,13,16,40,44	12-7	!	deel31:p87
B:W6,13,31,32,36,38,42,48:B1,2,15,16,44	44-50	?	deel31:p87
B:W6,13,31,32,36,38,42,48:B1,2,15,16,44	44-49	?	deel31:p87
W:W14,24,27,32,33,36,37,38,39,42,43,48,49:B1,2,3,7,8,12,13,15,16,17,18,26,45	49-44	!	deel31:p88
B:W14,24,27,32,33,36,37,38,39,42,43,44,48:B1,2,3,7,8,12,13,15,16,17,18,26,45	45-50	?	deel31:p88
W:W14,24,27,32,33,36,37,38,39,42,43,44,48:BK50,1,2,3,7,8,12,13,15,16,17,18,26	24-19	!	deel31:p88
W:W36,38,40,42,43,48:BK33,1,2,7,12,14,15,16,19,24,28	38x9	!	deel31:p88
B:W14,24,27,32,33,36,37,38,39,42,43,44,48:B1,2,3,7,8,12,13,15,16,17,18,26,45	26-31	!	deel31:p88
B:W28,29,32,34,36,37,39,42,43,45,47,49:B1,2,8,9,11,12,13,15,16,20,25,26,30	12-18	!	deel31:p89
W:W31,32,33,34,35,36,38,39,40,41,42,43,44,45,48,49:B2,3,6,7,8,9,10,11,13,14,15,16,18,19,20,21	32-28	?	deel31:p91
W:W25,27,28,31,33,34,35,36,39,41,42,43,46,48,49:B1,4,8,9,10,11,12,13,14,15,16,17,18,19,22	27-21	?	deel31:p93
W:W25,27,28,30,31,32,33,35,36,37,41,47,48,49:B6,8,9,10,11,12,13,14,15,16,17,18,20,22	33-29	!	deel31:p96
W:W25,27,28,30,31,32,33,35,36,41,43,46,47,49:B3,6,9,10,11,12,13,14,15,16,17,18,20,22	33-29	?	deel31:p98
B:W8,25,27,31,32,35,36,41,43,46,47,49:B3,6,9,10,11,12,14,15,16,17,18,20	18-22	!	deel31:p98
W:W24,25,26,27,29,30,32,35,36,37,38,41,44:B6,10,11,12,13,14,15,16,17,18,19,21	27-22	!	deel31:p101
W:W24,25,26,29,30,32,35,36,37,38,41,44:B6,10,11,12,13,14,15,16,17,19,21,27	44-39	!	deel31:p101
B:W25,26,28,30,32,33,34,35,36,38,40,41,42,43,45,47,48:B1,7,8,9,10,11,12,14,15,16,17,18,19,21,22,23,24	21-27	?	deel31:p105
W:W26,30,32,34,35,40,43,45,48:BK29,1,7,8,9,10,11,12,15,17,18,19,24,25	34x3	!	deel31:p105
B:W24,27,28,31,32,33,34,35,37,40,43,44,45:B3,4,8,9,10,11,13,14,15,16,18,25,26	25-30	!	deel31:p106
B:W24,25,27,28,31,32,33,35,37,40,43,44,45:B3,4,8,9,10,11,13,14,15,16,18,26	14-20	!	deel31:p106
W:W24,25,31,33,34,35,36,37,39,40,42,43,44,46,48:B3,4,6,7,8,9,10,13,14,15,17,18,22,27,28	31-26	?	deel31:p107
W:W24,25,28,30,33,35,36,37,42,43,45,48,49:B3,4,6,8,9,10,13,15,17,18,19,21,26	28-23	!	deel31:p107
B:WK5,30,35,36,37,40,43,48,49:B3,4,6,8,9,13,15,17,19,21,26	21-27	!	deel31:p107
B:W24,25,28,30,35,36,37,38,42,43,45,48,49:B3,4,6,8,9,10,13,14,15,17,18,21,26	14-20	!	deel31:p107
W:W24,27,28,32,34,35,37,38,39,40,42,43,44,45,48:B2,3,4,8,9,10,13,14,15,16,17,18,21,25,26	38-33	?	deel31:p107
B:W15,26,29,30,32,33,34,36,37,39,41,42,47,48,49:B2,4,6,8,9,11,13,14,16,18,19,21,22,23,28	2-7	?	deel31:p108
B:W15,26,27,33,34,35,36,37,38,39,41,42,43,47,48,49:B2,3,4,6,9,11,12,13,16,17,18,21,22,23,25,28	22x31	?	deel31:p109
W:W24,25,27,28,32,36,37,38,40,42,43,44,45,48,49:B1,2,3,4,7,8,9,10,13,14,15,16,18,21,26	38-33	?	deel31:p110
W:W22,26,30,35,36,39,43,44,45,48:B2,3,4,5,6,9,10,11,12,32	48-42	?	deel31:p111
W:W22,26,30,35,36,39,43,44,45,48:B2,3,4,5,6,9,10,11,12,32	36-31	!	deel31:p111
W:W22,26,30,35,36,38,43,44,45,48:B2,3,4,5,6,8,9,10,11,37	36-31	!	deel31:p111
B:W25,26,30,33,35,36,37,38,41,42,43,47,48,49:B3,6,8,9,11,12,14,15,16,17,19,23,24,27	12-18	?	deel31:p111
W:W25,27,28,30,32,33,35,36,37,38,41,42,43,44,45,47,48:B1,2,3,4,6,8,9,10,11,12,13,14,16,19,23,24,26	44-40	?	deel31:p111
W:W25,26,30,35,38,43,45,48:B1,2,3,4,6,8,9,10,31,41	26x46	!	deel31:p112
B:W25,26,30,33,35,36,37,38,40,41,42,43,45,47,48,49:B3,5,6,8,9,11,12,13,14,15,16,17,19,20,23,27	13-18	?	deel31:p112
W:W25,27,28,30,32,35,36,37,38,39,40,41,42,43,45,47,48:B2,3,6,8,9,12,13,14,15,16,17,18,19,21,23,26,29	39-34	!	deel31:p113
B:W25,27,28,30,32,33,35,36,37,38,39,40,41,42,43,45,47,48:B2,3,6,8,9,12,13,14,15,16,17,18,19,20,21,23,24,26	2-7	?	deel31:p113
W:W25,27,28,30,32,33,35,36,37,38,39,40,41,42,43,45,47,48:B3,6,7,8,9,12,13,14,15,16,17,18,19,20,21,23,24,26	37-31	!	deel31:p113
W:W25,28,30,32,33,35,36,38,39,40,42,43,45,48:BK37,3,6,7,8,9,12,13,14,15,16,17,19,20,21,23,24,27	42x2	!	deel31:p113
B:W25,27,28,30,32,34,35,36,37,38,40,41,42,43,45,47,48:B2,3,6,8,9,12,13,14,15,16,17,18,19,21,23,26,29	6-11	?	deel31:p113
B:W25,27,28,30,32,34,35,36,37,38,40,41,42,43,45,47,48:B2,3,6,8,9,12,13,14,15,16,17,18,19,21,23,26,29	15-20	?	deel31:p113
B:W17,25,27,30,32,34,35,36,37,38,40,41,42,43,45,47,48:B2,3,6,8,9,12,13,14,15,16,18,19,21,23,26,29	14-20	?	deel31:p113
W:W25,27,32,35,36,37,38,40,41,42,45,47,48:B2,3,4,8,9,11,12,13,16,17,21,26,29	27-22	!	deel31:p113
B:W17,25,27,30,32,34,35,36,37,38,40,41,42,43,45,47,48:B2,3,6,8,9,12,13,14,15,16,18,19,21,23,26,29	15-20	?	deel31:p113
B:W17,25,27,30,32,34,35,36,37,38,40,41,42,43,45,47,48:B2,3,6,8,9,12,13,14,15,16,18,19,21,23,26,29	29-33	?	deel31:p113
B:W14,17,27,30,32,34,35,36,37,38,40,41,42,43,45,47,48:B2,3,6,8,9,12,13,15,16,18,19,21,23,26,29	9x20	?	deel31:p113
B:W17,27,30,32,34,35,36,37,38,39,40,41,42,45,47,48:B2,3,6,8,9,10,12,13,15,16,18,21,23,26,29	2-7	?	deel31:p114
W:W27,30,32,34,35,36,37,38,39,40,41,42,45,47,48:B3,7,8,9,10,12,13,15,16,17,18,21,23,26,29	37-31	!	deel31:p114
W:W17,25,27,30,32,34,35,36,37,38,40,41,42,43,45,47,48:B3,6,7,8,9,12,13,14,15,16,18,19,21,23,26,29	27-22	!	deel31:p114
W:W25,30,35,36,37,38,40,41,42,43,45,47,48:B3,7,8,9,12,13,14,15,16,17,21,26,27,28,32	37-31	!	deel31:p114
B:WK2,25,30,35,36,38,40,43,45,48:B3,8,9,12,13,14,15,16,21,28,32	21-27	!	deel31:p114
B:WK2,14,34,35,36,38,42,43:B3,8,12,13,15,16,27,32,33	33-39	?	deel31:p114
B:W25,27,28,30,32,33,35,36,37,38,39,40,41,42,43,45,47,48:B2,3,6,8,9,12,13,14,15,16,17,18,19,20,21,23,24,26	6-11	?	deel31:p115
W:W25,27,28,31,33,35,36,41,42,43,46,48,49:B3,4,6,7,9,10,11,14,15,16,17,18,22,30	35x24	?	deel31:p116
B:W24,25,27,28,31,33,36,41,42,43,46,48,49:B3,4,6,7,9,10,11,14,15,16,17,18,22	16-21	!	deel31:p116
B:W16,24,25,28,31,33,36,41,42,43,46,48,49:B3,4,6,7,9,10,11,14,15,17,18,22	14-20	!	deel31:p116
B:WK5,16,19,24,31,33,36,41,42,43,46,48,49:B3,4,6,7,9,11,15,17,22	22-27	?	deel31:p116
W:W14,16,36,41,42,46,48,49:B3,6,7,11,15,45	42-38	!	deel31:p116
B:W24,25,27,28,31,33,37,41,42,43,46,48,49:B3,4,6,7,9,10,11,14,15,16,17,18,22	16-21	!	deel31:p116
B:W16,24,25,28,31,33,37,41,42,43,46,48,49:B3,4,6,7,9,10,11,14,15,17,18,22	14-20	!	deel31:p116
B:W24,25,27,28,31,32,33,37,40,41,42,43,48,50:B3,4,6,7,9,10,11,13,14,15,16,17,18,22	16-21	!	deel31:p117
B:W16,24,25,28,31,32,33,37,40,41,42,43,48,50:B3,4,6,7,9,10,11,13,14,15,17,18,22	13-19	!	deel31:p117
B:W16,24,25,28,31,32,33,37,40,41,42,43,48,50:B3,4,6,7,9,10,11,15,17,18,22	15-20	!	deel31:p117
B:W10,16,37,48,50:BK35,3,6,7,11,17,22	3-9	!	deel31:p117
B:W24,25,27,28,31,33,36,38,41,42,44,46,48:B6,7,8,9,10,11,13,14,15,16,17,18,22	14-19	?	deel31:p118
W:W25,29,32,33,36,37,38,41,43,45,48,49,50:B3,5,6,7,8,9,10,12,13,14,18,21,22	50-44	?	deel31:p119
W:W26,28,29,32,33,34,35,36,39,40,41,42,44,45,46,47,48,49:B2,3,4,5,6,7,8,9,10,12,13,14,15,17,18,19,22,25	42-38	?	deel31:p120
B:W26,28,29,32,33,34,35,36,38,39,40,41,44,45,46,47,48,49:B2,3,4,5,6,7,8,9,10,12,13,14,15,17,18,19,22,25	25-30	!	deel31:p120
W:W21,25,26,28,29,33,36,38,39,40,41,44,45,46,47,48,49:B2,3,4,5,6,7,8,9,10,12,13,14,15,17,23	29x18	?	deel31:p120
W:W23,26,29,33,34,35,36,38,40,41,42,43,44,45,46,47,48,49:B2,3,4,5,6,7,8,9,11,12,13,15,16,17,18,20,25,27	41-37	?	deel31:p120
W:W23,24,28,29,31,32,33,34,36,37,38,43,44,49,50:B3,5,6,7,8,10,11,12,13,15,16,17,18,20,25	44-40	?	deel31:p121
B:W23,24,28,29,31,32,33,34,36,37,38,40,43,49,50:B3,5,6,7,8,10,11,12,13,15,16,17,18,20,25	17-22	!	deel31:p121
B:WK23,24,29,31,32,33,34,36,37,38,40,43,49,50:B3,5,6,8,10,11,15,16,20,21,25	21-27	!	deel31:p121
W:W23,24,27,28,29,32,34,39,40,44,45,47,48,49:B3,5,7,8,10,12,13,15,16,17,18,20,25,26	48-42	?	deel31:p122
B:W23,24,27,28,29,32,34,39,40,42,44,45,47,49:B3,5,7,8,10,12,13,15,16,17,18,20,25,26	17-22	!	deel31:p122
W:W23,24,26,29,33,34,35,36,38,39,41,43,44,45,47,48,49:B3,5,6,7,8,9,10,11,12,13,14,15,16,17,18,25,27	48-42	?	deel31:p123
B:W21,25,26,29,32,35,36,42,43,44,45,49:B3,5,7,8,9,10,12,14,18,22	12-17	!	deel31:p123
B:W15,26,31,33,34,36,37,38,39,41,43,44,45,46,48:B2,4,6,9,10,12,16,17,18,19,22,23,25,27,28	9-13	?	deel31:p125
B:W26,27,28,31,33,34,36,38,41,42,46,48,49,50:B2,4,6,8,10,11,13,16,17,18,19,22,24,25	4-9	?	deel31:p125
W:W27,29,31,36,38,39,41,42,44,46,48:B6,8,9,10,11,13,15,16,17,18,22,30	39-34	!	deel31:p127
W:W24,25,27,31,36,38,41,43,44,46,48:B8,9,10,11,13,15,16,17,18,19,22	25-20	!	deel31:p127
B:W15,29,30,34,35,36,37,41,42,44,46,48:B4,8,9,10,13,16,17,18,21,22,23,26	13-19	?	deel31:p127
W:W15,29,30,34,35,36,37,41,42,44,46,48:B4,8,9,10,16,17,18,19,21,22,23,26	30-24	!	deel31:p127
W:W15,35,36,37,38,41,46,48:BK50,4,8,9,10,16,17,18,21,22,26,34	35-30	!	deel31:p127
W:W15,35,36,37,38,41,46,48:BK50,4,8,9,10,16,17,18,21,22,26,34	38-33	?	deel31:p127
B:WK5,15,35,36,46,48:B4,16,17,21,22,34	34-39	!	deel31:p127
B:W26,29,30,37,38,39,41,42,43,44,45,46,48:B1,2,6,8,9,10,11,13,14,15,17,18,22	14-19	?	deel31:p127
B:W24,29,31,33,36,37,38,41,42,43,44,46,48:B2,6,7,8,9,10,13,15,16,20,22,26,27	22-28	?	deel31:p127
W:W24,29,31,33,36,37,38,41,42,43,44,46,48:B2,6,7,8,9,10,13,15,16,20,26,27,28	31x22	!	deel31:p127
W:W22,24,28,29,33,36,37,38,41,42,44,45,46,48:B1,2,7,8,9,10,11,13,15,16,19,20,21,26	28-23	!	deel31:p128
W:W26,30,34,36,37,38,39,41,42,44,46,47,49:B1,6,8,9,10,13,16,17,18,22,23,27,28	39-33	!	deel31:p128
B:W22,23,33,34,37,38,41,42,44,45,46,48:B1,2,8,9,10,13,16,20,21,24,25,26	24-30	?	deel31:p128
W:W22,23,33,34,37,38,41,42,44,45,46,48:B1,2,8,9,10,13,16,20,21,25,26,30	33-29	!	deel31:p128
W:WK29,30,35,38,43,45,46,48,49:B2,3,7,11,12,13,14,17,18,36	46-41	!	deel31:p129
B:W26,30,31,33,34,35,36,38,39,41,42,43,44,45,46,48,49:B2,3,4,6,7,10,11,12,13,14,17,18,19,22,24,27,28	14-20	?	deel31:p129
B:WK5,29,38,43,45,46,48:B1,2,4,6,7,9,15,22,25	9-13	!	deel31:p129
W:W25,30,35,36,37,38,39,40,41,42,44,45,46,47:B6,7,8,10,11,12,13,15,17,18,19,21,22,26,27,28	39-33	!	deel31:p130
W:W19,24,27,29,32,34,35,37,38,39,42,44,47,48,49,50:B1,2,3,4,8,9,10,13,15,16,17,18,21,25,26	27-22	!	deel31:p148
W:W32,34,35,39,40,43,45:BK29,3,6,8,10,11,12,13,15,19,20,24	34x5	!	deel31:p151
B:W25,32,33,34,35,36,37,38,39,43,44,45,46,47,48,49:B1,2,3,4,5,6,7,8,9,12,13,15,17,19,21,23	7-11	?	deel31:p151
W:W25,27,28,32,33,35,36,37,38,39,40,42,43,44,45,47,48,50:B1,2,3,4,6,8,9,12,13,14,15,16,17,18,19,23,24,26	39-34	?	deel31:p151
W:W25,27,28,32,33,35,36,37,38,39,40,42,43,44,45,47,48,50:B1,2,3,4,6,8,9,12,13,14,15,16,17,18,19,23,24,26	40-34	?	deel31:p151
W:W27,28,31,32,33,34,35,36,38,39,40,42,43,45:B2,6,8,9,11,12,13,14,15,16,18,19,24,25	42-37	?	deel31:p152
B:W24,27,28,29,32,34,37,38,39,40,41,42,43,44,45,47,49:B2,3,4,7,8,9,11,12,13,15,16,17,18,20,21,23,25	21-26	?	deel31:p152
W:W24,29,32,34,37,38,39,40,41,42,43,44,45,47,49:B2,3,4,7,8,9,11,13,14,15,16,17,20,25,26	34-30	!	deel31:p152
W:W37,39,40,41,42,43,44,45,47,49:B2,3,4,7,8,9,11,13,14,15,17,23,26,27,38	43x1	!	deel31:p152
W:W14,24,29,32,34,37,38,39,40,41,42,43,44,45,47,49:B2,3,4,7,8,9,11,12,13,15,16,18,20,25,26,31	32-27	!	deel31:p152
W:W27,28,32,33,34,35,37,39,42,43,45,46,47,49:B3,4,6,7,9,11,12,13,14,16,17,19,23,24	42-38	?	deel31:p153
B:W17,27,32,34,35,37,38,39,43,45,46,47,49:B3,4,6,7,9,11,14,30	11x44	!	deel31:p153
B:W16,31,34,35,40,43,45,47,48:B7,12,14,18,19,20,23,24,29	7-11	?	deel32:p11
W:W16,21,34,35,36,38,40,45,48:B7,14,19,20,23,24,27,29,32	35-30	!	deel32:p12
B:W22,25,28,32,33,34,36,38,39,42,43,44,45,48:B2,3,4,6,9,11,12,13,14,16,17,19,21,23,24	23-29	!	deel32:p12
B:W15,27,28,32,34,35,42:B4,9,16,17,18,24,26	26-31	!?	deel32:p12
W:W25,26,27,28,32,33,35,38,39,42,43,45:B6,8,9,11,12,13,14,15,18,19,24,29	42-37	!	deel32:p13
B:W21,32,34:B4,6,9,33	9-13	!	deel32:p13
B:W21,33,35,37,38,39,42,43:B3,6,11,13,19,20,23,24	11-16	?	deel32:p14
B:W21,33,35,37,38,39,42,43:B3,6,11,13,19,20,23,24	20-25	!	deel32:p15
B:W22,35,37,42:B6,14,23,25	6-11	!	deel32:p15
B:W27,28,32,33,34,35,36,37,38,40,42,46,48,49,50:B3,6,8,9,11,13,15,16,18,19,20,21,23,24,26	24-29	?	deel32:p29
B:W22,25,28,32,33,38,39,42:B1,7,9,12,13,19,24,29	29-34	?	deel32:p30
W:W22,25,28,32,33,38,42:B1,7,9,12,13,19,35	33-29	!	deel32:p30
W:W27,28,32,37,40,43,47,49:B9,16,17,19,21,23,25,30	28-22	!	deel32:p32
W:W27,32,37,40,43,47,49:B9,16,19,21,23,25,28,30	37-31	!	deel32:p32
B:W22,30,32,33,34,35,36,37,38,42:B2,3,7,8,9,15,19,23,24,26	8-12	!	deel32:p40
B:W27,30,32,33,34,35,36,37,38,42:B2,3,7,8,9,15,19,23,24,26	23-29	!	deel32:p40
W:W18,27,30,32,34,35,36,37,42:B2,3,7,9,12,15,19,26	27-21	!	deel32:p40
W:W18,30,32,34,35,36,37,42:B2,3,7,9,12,15,17,19	32-27	!	deel32:p40
W:W27,28,30,32,33,34,35,36,37,38,42:B2,3,6,9,12,15,16,19,23,24,26	28-22	!	deel32:p40
W:W22,27,30,32,33,34,35,36,37,38,42:B3,6,7,9,12,15,16,19,23,24,26	22-18	?	deel32:p40
B:W18,27,30,32,33,34,35,36,37,38,42:B3,6,7,9,12,15,16,19,23,24,26	23-29	!	deel32:p40
W:W22,28,30,32,33,34,35,36,37,38,42:B2,3,9,11,13,15,16,19,23,24,26	22-18	!	deel32:p40
W:W25,27,35:BK30,2,7,8,9,15,19	35x4	!	deel32:p41
W:W25,27,28,35:BK30,2,7,8,9,15,19	35x4	!	deel32:p41
W:W18,22,28,30,32,34,35,36,37,42:B2,6,8,9,13,15,16,19,26	22-17	?	deel32:p41
B:W22,28,30,32,33,34,35,36,37,38,42:B3,6,7,8,9,15,16,19,23,24,26	6-11	?	deel32:p42
W:W27,28,30,31,32,33,34,35,37,38,42:B3,6,7,8,9,15,16,19,23,24,26	33-29	?	deel32:p43
B:W17,30,31,32,33,34,35,37,38,42:B3,6,8,9,16,19,20,23,24,26	16-21	?	deel32:p43
W:W12,17,30,31,32,34,35,37,42:B3,6,9,13,19,21,25,26	31-27	?	deel32:p43
W:W30,31,32,34,35,37,42:B3,6,7,9,19,20,22,26	32-28	!	deel32:p43
W:W25,35:BK30,3,6,7,9,19,20	35x4	!	deel32:p43
W:W30,31,32,34,35,37,42:B3,9,16,17,19,20,22,26	32-28	!	deel32:p43
W:W25,35:BK30,3,9,16,17,19,20	35x4	!	deel32:p43
W:W12,30,31,32,34,35,37,42:B3,9,11,16,19,20,22,26	32-28	!	deel32:p43
W:W12,25,35:BK30,3,9,11,16,19,20	35x4	!	deel32:p43
B:W20,25,26,30,31,33,35,36,41,43,47,48,49,50:B3,5,6,7,9,11,12,13,14,17,19,27,32	5-10	!!	deel32:p47
B:W20,25,26,30,34,35,36,41,47,48,49,50:B3,6,7,9,10,11,12,13,14,19,32	10-15	?	deel32:p47
W:W20,25,26,30,34,35,36,41,47,48,49,50:B3,6,7,9,11,12,13,14,15,19,32	30-24	!	deel32:p47
W:W20,25,26,35,36,41,47,48,49,50:B3,6,7,9,11,12,13,14,15,32,39	36-31	!	deel32:p47
W:W25,26,30,31,33,35,36,40,41,43,47,48,49,50:B3,5,6,7,9,11,12,13,14,16,17,19,24,32	47-42	?	deel32:p47
W:W25,26,30,31,33,35,36,40,41,43,47,48,49,50:B3,5,6,7,9,11,12,13,14,16,17,19,24,32	48-42	?	deel32:p47
B:W25,26,30,31,33,35,36,40,41,42,43,47,49,50:B3,5,6,7,9,11,12,13,14,16,17,19,24,32	14-20	!	deel32:p47
B:W23,26,30,31,33,35,36,40,41,42,43,47,49,50:B3,5,6,7,9,11,12,13,16,17,24,32	16-21	!	deel32:p47
B:W22,25,26,30,31,35,39,40,41,44,47,48,50:B3,5,6,8,9,11,12,13,14,19,29,32	19-23	?	deel32:p48
B:W25,26,30,31,33,34,35,36,40,41,43,47,48,49,50:B3,5,6,7,8,9,11,13,14,15,16,17,19,24,32	17-22	?	deel32:p49
B:W25,26,30,31,33,34,35,36,40,41,43,47,48,49,50:B3,5,6,7,8,9,11,13,14,15,16,17,19,24,32	17-21	!	deel32:p49
W:W25,30,35,36,39,40,41,44,47,48,49:B3,5,6,8,9,13,14,15,16,22,32	39-33	!	deel32:p49
B:W25,30,33,35,36,37,40,41,44,47,49:B3,5,6,8,9,13,14,15,16,22,32	22-28	!	deel32:p50
B:W22,25,30,35,36,37,40,41,44,47,49:B3,5,6,8,9,13,14,15,16,32	32-38	!	deel32:p50
B:W25,30,33,35,36,40,41,42,43,44,47:B3,5,6,8,9,13,14,15,16,22,32	14-20	!	deel32:p50
W:W25,30,33,35,36,39,40,41,42,43,44:B3,5,6,7,9,12,14,15,16,18,32	42-38	?	deel32:p50
W:W25,30,33,35,36,39,40,41,42,43,44:B3,5,6,7,9,12,14,15,16,18,32	42-37	?	deel32:p50
B:W25,30,33,35,36,37,39,40,41,43,44:B3,5,6,7,9,12,14,15,16,18,32	14-19	!	deel32:p50
W:W25,30,31,35,36,39,40,41,42,43,44,47:B3,5,6,8,9,12,13,14,16,17,20,32	42-37	?	deel32:p50
B:W23,30,31,35,36,37,39,40,41,43,44,47:B3,5,6,8,9,12,13,16,17,32	16-21	!	deel32:p50
B:W25,30,31,35,36,38,39,40,41,43,44:B3,5,8,9,11,12,13,14,16,20,32	12-17	!	deel32:p50
B:W25,30,31,34,35,36,40,41,42,43,44,47:B3,5,6,8,9,12,13,14,16,17,20,32	32-37	!	deel32:p51
W:W25,30,33,35,36,40,41,42,43,44,48:B3,6,8,9,10,13,14,15,16,27,32	42-37	?	deel32:p51
B:W25,28,30,33,35,36,40,41,43,44,48:B3,6,8,9,10,14,15,16,19,27	27-31	!	deel32:p51
W:W24,25,33,35,36,40,41,42,43,44,48:B3,6,8,9,10,13,14,15,21,27,32	42-37	?	deel32:p51
W:W25,28,30,33,35,36,39,40,41,43,44:B3,6,7,9,10,12,15,16,18,19	28-23	?	deel32:p51
B:W25,26,30,31,33,35,36,39,40,41,47,48,49,50:B3,5,6,8,9,11,12,13,14,16,17,19,24,32	5-10	?	deel32:p53
W:W25,26,29,30,31,33,34,35,36,41,42,43,45,49:B3,6,7,9,11,14,15,16,17,18,19,20,24,32	42-37	?	deel32:p56
B:W25,26,29,30,31,33,34,35,36,37,41,43,45,49:B3,6,7,9,11,14,15,16,17,18,19,20,24,32	16-21	!	deel32:p56
B:W25,26,28,29,30,31,33,34,35,36,41,43,45,49:B3,6,7,9,11,14,15,17,18,19,20,21,24	18-23	!	deel32:p56
B:W18,22,25,26,28,30,33,34,35,36,41,43,45,49:B3,6,7,9,11,14,15,17,19,20,24	9-13	!	deel32:p56
W:W25,26,30,31,33,34,35,36,40,41,43,47,48,49,50:B3,5,6,7,8,9,11,13,14,15,16,17,19,24,32	43-39	?	deel32:p56
B:W25,26,30,31,33,34,35,36,39,40,41,47,48,49,50:B3,5,6,7,8,9,11,13,14,15,16,17,19,24,32	32-38	!	deel32:p56
B:W25,26,30,31,34,35,36,39,40,41,42,47,48,49,50:B3,5,6,7,8,9,11,13,14,15,16,17,19,24	19-23	!	deel32:p56
W:W25,30,31,33,34,35,36,40,41,43,47,48,49,50:B3,5,6,7,8,9,13,14,15,16,19,22,24,32	43-39	?	deel32:p57
W:W25,30,31,33,35,36,40,41,43,44,47,48,50:B3,5,6,8,9,11,13,14,16,19,22,24,32	40-34	?	deel32:p57
B:W25,30,31,33,34,35,36,41,43,44,47,48,50:B3,5,6,8,9,11,13,14,16,19,22,24,32	22-28	!	deel32:p57
B:W25,30,31,33,34,35,36,39,40,41,44,47,48,50:B3,5,6,7,8,9,13,14,15,16,19,22,24,32	22-28	!	deel32:p57
B:W25,26,30,31,33,35,36,39,40,41,45,48,49:B3,6,9,10,11,12,13,14,16,17,19,24,32	24-29	!	deel32:p58
W:W21,25,26,35,36,38,41,42,43,45,48,49:B1,2,3,4,8,9,11,12,14,18,19,34	35-30	?	deel32:p63
W:W21,25,26,35,36,38,41,42,43,45,48,49:B1,2,3,4,8,9,11,12,14,18,19,34	49-44	?	deel32:p63
W:W21,25,26,35,36,38,41,42,43,45,48,49:B1,2,3,4,8,9,11,12,14,18,19,34	38-33	?	deel32:p63
W:W21,25,26,28,35,36,38,42,43,45,48,49:B1,3,4,7,9,11,12,13,14,18,24,34	38-33	?	deel32:p65
W:W21,25,26,28,35,36,38,42,43,45,48,49:B1,3,4,7,9,11,12,13,14,18,24,34	21-17	!	deel32:p65
W:W21,25,26,28,31,35,38,42,43,45,48,49:B1,3,7,9,10,12,13,14,17,18,19,34	49-44	?	deel32:p66
B:W21,25,26,28,31,35,38,42,43,44,45,48:B1,3,7,9,10,12,13,14,17,18,19,34	34-40	!	deel32:p66
W:W21,26,28,31,35,38,42,43,48:BK49,1,7,8,9,12,13,17	31-27	!	deel32:p66
B:W17,21,22,26,35,38,42,43,48:BK44,1,7,8,9,12,13	7-11	?	deel32:p66
B:W6,16,26,27,35,38,43,48:BK49,1,8,9,12,13,36	49-44	?	deel32:p66
B:W16,21,26,28,31,34,35,37,44:B1,7,9,13,17,18,20,24,25	7-11	!	deel32:p66
B:W20,26,27,28,31,32,36,37,38,41,43,50:B6,7,8,9,11,13,16,17,18,19,21,23	9-14	?	deel32:p69
B:W20,22,26,32,36,37,38,41,43,50:B6,7,8,9,11,12,13,16,19,23	23-29	!	deel32:p69
B:W26,27,30,31,32,33,35,36,37,38,39,41,43:B6,7,8,9,11,13,14,16,17,18,19,21,23	14-20	?	deel32:p69
W:WK10,26,27,31,32,35,36,37,38,41:B6,8,11,12,16,17,21,24,29,44	10-15	!	deel32:p69
W:W26,27,30,31,32,33,35,36,38,41,42,43,44,50:B2,3,6,8,11,13,14,16,17,18,19,20,21,23	30-24	?	deel32:p70
B:W24,26,27,31,32,33,35,36,38,41,42,43,44,50:B2,3,6,8,11,13,14,16,17,18,19,20,21,23	19x30	!	deel32:p70
W:W26,27,30,31,32,33,35,36,38,41,42,43,44,50:B2,3,6,8,11,13,14,16,17,18,19,20,21,23	30-25	?	deel32:p70
B:W21,25,26,27,31,33,35,36,41,42,43,44,50:B2,3,6,8,11,14,16,18,19,20	11-17	!	deel32:p70
B:W13,23,26,27,33,35,36,41,42,43,44,50:B2,3,6,8,11,24	8x46	!	deel32:p70
W:W26,27,28,31,32,35,36,38,39,41,42,43,49,50:B3,6,7,8,10,11,15,16,17,18,19,21,23,24	39-34	!	deel32:p71
W:W26,27,28,31,32,34,35,36,38,41,42,43,49,50:B3,6,7,8,10,11,15,16,17,18,19,21,23,29	50-45	!	deel32:p72
W:W25,32,33,35,36,37,38,39,41,43,49,50:B3,6,7,8,13,14,16,19,20,22,23,24,28	50-44	!	deel32:p72
W:W25,26,27,31,32,33,35,36,38,39,41,42,43,49,50:B6,7,8,9,11,13,14,15,16,17,18,19,21,23,24	25-20	!	deel32:p72
W:W25,26,27,31,32,33,35,36,37,38,39,41,43,49,50:B3,6,8,11,12,13,14,15,16,17,18,19,21,23,24	33-28	!	deel32:p72
W:W25,26,27,28,31,33,35,36,38,41,42,43,49,50:B3,6,7,8,11,12,13,14,15,16,18,19,24,34	50-44	?	deel32:p74
W:W22,25,28,32,33,35,37,43,49,50:B3,8,13,14,15,19,24,26,29,34	32-27	!	deel32:p75
B:W25,27,28,32,33,35,37,43,49,50:B3,8,13,14,15,19,21,23,24,34	23-29	!	deel32:p75
B:W16,25,28,32,35,49,50:B3,8,13,14,15,19,24,34	13-18	!	deel32:p75
B:W25,27,28,32,33,35,38,43,45,49:B3,12,13,14,15,18,19,24,26,34	3-9	!	deel32:p76
B:W22,25,27,32,33,35,37,38,49,50:B8,12,13,14,15,19,23,24,26,34	24-30	?	deel32:p77
W:W22,25,27,28,32,35,37,38,43,50:B8,12,13,15,18,19,23,26,29,34	50-45	?	deel32:p78
B:W22,25,27,28,32,35,37,38,43,45:B8,12,13,15,18,19,23,26,29,34	15-20	!	deel32:p78
B:WK2,27,32,35,37,38,43,45:B10,12,24,26,29,34	26-31	!	deel32:p78
W:W22,25,27,32,33,35,37,38,49,50:B8,12,13,14,15,19,23,24,26,34	22-17	?	deel32:p78
B:W16,25,27,32,33,35,38,45,49:B14,15,17,18,19,23,24,26,34	17-22	!	deel32:p78
B:W16,25,33,35,36,43,45:B14,15,18,19,24,26,34	18-22	!	deel32:p78
B:W11,25,33,35,36,43,45:B14,15,19,22,24,26,34	22-28	!	deel32:p78
W:W16,25,27,28,32,35,38,49,50:B14,15,17,18,19,23,26,29,34	27-22	?	deel32:p78
B:W12,16,25,35,38,50:B14,15,19,26,29,34	14-20	!	deel32:p78
W:W16,25,27,28,32,35,38,49,50:B14,15,17,18,19,23,26,29,34	25-20	!	deel32:p78
B:W16,25,28,32,35,37,38,49,50:B8,13,15,18,19,23,24,26,34	34-39	!	deel32:p79
W:W22,25,27,28,32,35,37,38,49,50:B8,13,14,15,18,19,23,24,26,34	22-17	?	deel32:p79
B:W22,25,27,28,32,37,39,44,49:B8,13,14,18,19,20,26,29	29-33	!	deel32:p80
B:W22,25,27,28,32,34,37,44,49:B8,13,14,18,19,20,26,33	26-31	!	deel32:p80
W:W11,27,32,37,49,50:B8,10,18,24,26,29,35	11-7	?	deel32:p80
W:W16,25,30,32,37,39,49,50:B13,14,19,20,22,23,26	39-33	!	deel32:p80
W:W16,25,30,37,49,50:B13,14,20,22,26,39	16-11	!	deel32:p80
B:W22,25,27,28,32,34,37:B12,13,14,19,26,33	13-18	!	deel32:p81
B:W6,25,28,32,37,40:B12,14,18,19,23,29	29-34	!	deel32:p82
B:WK1,25,28,32,37:B12,14,18,19,34	19-24	!!	deel32:p82
W:W26,33,34,37,38,39,42,43,44,48,49:B3,4,6,7,9,12,13,19,20,23,25,27	37-32	!	deel32:p84
W:W26,27,28,32,33,34,37,38,39,43,44,48,49:B3,4,6,9,11,12,13,16,18,19,23,24,25	44-40	?	deel32:p84
B:W21,27,28,32,33,34,37,38,39,40,42,48,49:B3,6,7,10,12,13,14,16,18,19,23,24,25	25-30	!	deel32:p85
B:W21,25,27,28,32,33,37,38,39,40,42,48,49:B3,6,7,10,12,13,14,16,18,19,23,24	18-22	!!	deel32:p85
B:W18,21,25,28,33,37,38,39,40,42,48,49:B3,6,7,10,12,19	12x45	!	deel32:p85
B:W21,26,27,28,32,33,34,37,38,39,40,48,49:B3,6,11,12,13,14,15,16,18,19,23,25,30	18-22	!	deel32:p86
B:W20,21,26,28,32,33,34,37,38,39,40,48,49:B3,6,11,12,15,16,19,23,25,30	25x14	!	deel32:p86
B:W21,26,27,28,32,33,34,38,39,40,42,43,44:B3,6,11,12,13,14,15,16,18,19,23,25,35	15-20	!	deel32:p86
B:W21,26,27,28,32,33,34,38,39,40,42,44,48:B3,6,11,12,13,14,15,16,18,19,23,25,30	18-22	!	deel32:p86
B:W20,21,26,28,32,33,34,38,39,40,42,44,48:B3,6,11,12,15,16,19,23,25,30	25x14	!	deel32:p86
B:W21,26,27,28,29,32,34,38,39,40,42,43,48:B6,8,11,12,13,14,15,16,18,19,23,25,30	12-17	!	deel32:p86
B:W21,26,27,28,29,32,34,38,39,40,42,48,49:B3,6,12,13,14,15,16,17,18,19,23,25,30	18-22	!	deel32:p86
B:W21,26,27,28,32,33,34,37,38,39,40,43,44:B6,8,12,13,14,15,16,17,18,19,23,25,30	18-22	!	deel32:p87
W:W10,26,37,44:B8,11,19,28,35,40	37-32	?	deel32:p87
W:W16,21,26,28,34,38,39,40,43,44:B12,13,14,15,17,19,25,30,41	28-22	!	deel32:p88
W:W16,17,34,39,40,43,44:BK20,13,14,15,19,25,28,30	34-29	!	deel32:p88
B:W22,23,26,28,32,35,38,39,40,42,43,44,45,48:B2,4,7,8,9,10,12,14,16,17,19,21,24,25	21-27	!	deel32:p92
B:W26,28,35,36,38,39,40,42,45:B2,4,5,10,12,14,15,16,29	2-8	?	deel32:p93
W:W23,26,28,35,36,38,40,42,45:B4,5,10,12,14,15,16,18	28-22	!	deel32:p93
B:W21,23,35,36,38,40,42,45:B2,5,10,12,14,15,16,27	27-32	!	deel32:p94
W:W26,27,32,35,38,40,45:B2,5,10,13,14,15,16	27-21	!	deel32:p94
B:W24,26,29,32,34,36,37,39,40,44,48:B2,4,5,10,13,15,16,17,18,20,28	18-23	!	deel32:p96
B:W24,26,29,33,34,36,37,39,40,44,48:B2,4,5,10,13,15,16,17,18,20,28	17-22	?	deel32:p96
W:W24,26,29,33,34,36,37,39,40,44,48:B2,4,5,10,13,15,16,18,20,22,28	37-32	!	deel32:p96
W:W26,29,30,36,37,38,39,40,44,45,48:B2,4,5,8,10,13,14,15,16,17,28	48-42	?	deel32:p97
B:W25,26,29,36,37,38,39,40,44,45,48:B2,4,5,8,10,12,13,15,16,20,28	13-18	!	deel32:p97
B:W26,32,33,36,37,39,40,44,45:B4,5,8,11,15,16,19,23,28	8-12	?	deel32:p97
B:W24,25,29,33,34,36,37,39,43,44:B4,5,10,12,14,15,18,22,27,28	14-19	?	deel32:p100
W:W25,29,33,34,36,37,39,43,44:B4,5,9,10,12,15,22,27,28	43-38	?	deel32:p100
W:W25,33,34,36,37,39,43,44:B4,5,9,10,12,15,19,22,27	25-20	!	deel32:p100
B:W25,29,33,34,36,37,38,39,44:B4,5,9,10,12,15,22,27,28	12-17	?	deel32:p100
B:WK2,25,27,33,34,38,39,44:B4,5,9,10,15,19,41	41-46	!	deel32:p100
B:W25,29,33,34,36,37,38,39,44:B4,5,9,10,12,15,22,27,28	12-18	?	deel32:p100
W:W25,29,33,34,36,37,38,39,44:B4,5,9,10,15,18,22,27,28	38-32	!	deel32:p100
B:W25,29,33,34,36,37,38,39,40:B4,5,10,12,13,15,22,27,28	4-9	?	deel32:p101
B:W25,32,33,34,36,38,39,40:B4,5,10,13,15,17,19,22,27	17-21	?	deel32:p101
W:W25,32,33,34,36,38,39,40:B4,5,10,13,15,19,21,22,27	32-28	!	deel32:p101
B:W25,32,33,34,36,38,39,40:B4,5,10,13,15,17,19,22,27	19-23	!	deel32:p101
B:W27,32,33,35,36,37,38,39,42,43,44,45,48,49:B3,6,9,10,11,12,13,14,15,17,18,19,20,23	23-29	!	deel32:p102
B:W27,28,32,35,36,37,38,39,42,43,44,45,48,49:B3,6,9,10,11,12,13,14,15,17,18,19,23,24	14-20	?	deel32:p102
W:W26,27,32,35,38,39,40,42,43,45,48:B6,8,9,13,15,17,18,19,20,23,29	39-34	!	deel32:p104
W:W26,32,34,35,38,40,42,43,45,48:B6,8,9,15,17,19,20,22,23,29	34-30	!	deel32:p104
W:W26,30,32,35,38,40,42,43,45,48:B6,8,9,15,17,19,22,23,25,29	30-24	!	deel32:p104
B:W21,25,26,27,35,36,39,40,42,45,48:B6,8,12,14,17,18,19,20,23,24,29	8-13	?	deel32:p105
W:W21,25,26,27,34,35,40,42,45,48:B8,11,12,14,18,19,20,23,24,29	21-16	?	deel32:p106
B:W21,25,26,27,32,34,35,40,45,48:B8,12,14,16,18,19,20,23,24,29	8-13	?	deel32:p106
B:W21,25,26,27,33,35,37,45,48:B8,11,12,14,19,20,23,24	23-29	!	deel32:p106
B:W21,26,27,31,32,34,35:B8,14,16,20,23,24	24-29	!	deel32:p107
B:W12,25,26,27,31,35,45:BK42,14,16,20,24,34	42-29	!	deel32:p108
B:W8,25,26,27,31,35,45:BK29,14,16,20,24,34	14-19	!	deel32:p108
B:W18,25,26,27,31,35,45:BK48,14,16,20,24,34	14-19	!	deel32:p108
B:W13,25,26,27,31,35,45:BK42,14,16,20,24,34	42-48	!	deel32:p109
B:W7,16,23,24,26,31,34:BK48	48x41	!	deel32:p110
B:W7,16,21,26:BK36	36-22	!	deel32:p110
W:W7,25,26,31,32,35,45:BK48,14,16,20,29,34	35-30	!	deel32:p110
W:WK50,25,26,30,31,32,45:BK42,14,16,20,43	50-39	!	deel32:p110
B:WK2,16,25,26,31,44:BK48,14,20,43	43-49	?	deel32:p111
W:WK35,16,25,26,31:BK40,K48,14,20	35x44	?	deel32:p111
B:WK44,16,25,26,31:BK48,14,20	48-34	!	deel32:p111
W:WK35,16,25,26,31:BK40,K48,14,20	35x49	!	deel32:p111
W:WK49,16,25,26,31:BK34,14,20	49-27	!	deel32:p111
B:WK1,14,16,26,35:BK15,43	15-4	!	deel32:p112
W:WK1,14,16,26,35:BK4,43	1-23	!	deel32:p112
B:W25,29,30,32,33,34,35,36,37,38,40,42,43:B3,6,8,10,11,12,13,14,18,19,20,22,24	22-28	?	deel32:p119
B:W25,29,30,32,33,34,35,36,37,38,39,40,42:B3,6,8,10,12,13,14,16,18,19,20,22,24	22-28	?	deel32:p119
W:W25,26,30,32,35,37,38,39,40:B7,8,9,10,13,14,20,21,24,27	26x17	?	deel32:p119
B:W17,25,30,32,35,37,38,39,40:B7,8,9,10,13,14,20,24,27	24-29	!	deel32:p119
B:W22,25,26,29,30,31,32,33,34,35,38,39:B9,12,13,14,15,16,17,18,19,20,21,24	17x37	?	deel32:p120
W:W7,14,23,24,32,33:B4,37,41	14-9	!	deel32:p123
W:W7,14,23,24,29,32:BK42,4,31	14-9	!	deel32:p123
W:W14,24,29:BK42,33,41	29x36	!	deel32:p123
W:WK13,14,23,24,29,32:BK47,9,41	13x4	?	deel32:p123
B:W17,24,25,29,33,37,38:B14,15,18,20,26,27	18-23	?	deel32:p124
W:W17,24,25,29,33,37,38:B14,15,18,20,26,31	24-19	!	deel32:p124
B:W17,23,32,33,34,35,38,39,40,42,44,47,49,50:B3,4,8,10,12,13,14,15,16,18,20,24,25	18x29	?	deel32:p127
B:W26,29,33,34,35,38,39,40,42,44,45,47,49:B2,3,4,8,10,13,14,15,18,20,24,25,27	18-22	?	deel32:p128
W:W26,29,33,34,35,38,39,40,42,44,45,47,49:B2,3,4,8,10,13,14,15,20,22,24,25,27	42-37	!	deel32:p128
W:W26,29,33,34,35,37,38,39,40,44,45,47,49:B2,3,4,8,10,13,14,15,20,22,24,25,31	29-23	!	deel32:p128
B:W17,29,33,34,35,38,39,40,44,45,47,49:B3,4,10,13,14,15,16,18,20,24,25	4-9	?	deel32:p128
W:W21,26,29,33,34,35,38,39,40,44,45,47,49:B3,4,10,12,13,14,15,16,18,20,24,25	35-30	!	deel32:p128
B:W17,28,29,33,34,35,38,39,40,44,47,49,50:B2,3,4,8,13,14,15,18,19,20,24,25,36	2-7	?	deel32:p129
W:W17,29,32,33,34,35,38,39,40,42,44,47,49,50:B3,4,8,10,12,13,14,15,16,18,20,24,25	35-30	!	deel32:p130
W:W16,28,29,33,34,35,38,39,40,43,44,45,47:B2,4,10,12,13,14,15,18,19,20,24,25,36	35-30	!	deel32:p130
W:W16,28,29,33,34,35,38,39,40,43,44,45,47:B4,7,10,12,13,14,15,18,19,20,24,25,36	28-22	!	deel32:p130
W:W16,28,29,33,34,35,38,39,40,43,44,45,47:B4,8,10,12,13,14,15,18,19,20,24,25,36	28-22	!	deel32:p130
W:W16,28,29,33,34,35,38,39,40,43,44,45,47:B2,9,10,12,13,14,15,18,19,20,24,25,36	28-22	!	deel32:p130
B:W13,21,29,34,38,39,40,44,47,49,50:B2,3,4,10,12,14,15,20,25,35,36	3-9	?	deel32:p131
W:W16,29,34,38,39,40,44,47,49,50:B2,4,10,12,14,15,19,20,25,35,36	16-11	?	deel32:p131
W:W13,21,29,34,38,39,40,44,47,49,50:B2,4,8,10,12,14,15,20,25,35,36	38-33	!	deel32:p131
B:W8,21,29,34,38,39,40,44,47,49,50:B3,4,7,10,12,14,15,20,25,35,36	20-24	!	deel32:p131
W:W27,28,30,31,32,33,35,37,38,39,45,49:B3,5,6,13,16,17,18,19,23,24,25,26	39-34	?	deel32:p142
W:W27,28,30,31,32,33,34,35,37,38,45,49:B5,6,9,13,16,17,18,19,23,24,25,26	34-29	?	deel32:p143
B:W27,28,31,32,33,35,37,38,39,45,49:B5,6,9,13,16,17,18,19,24,25,26	24-29	!	deel32:p143
W:W27,28,32,34,35,37,38:B13,14,15,16,17,21,26	34-29	?	deel32:p160
B:W25,27,28,29,32,37,38:B15,16,17,18,19,21,26	19-23	!	deel32:p160
B:W27,28,29,30,32,35,37:B13,16,17,19,20,21,26	20-25	!	deel32:p161
B:W24,27,28,29,32,37:B13,16,17,21,25,26	13-18	!	deel32:p161
B:W24,27,28,29,32,37:B16,17,18,21,25,26	18-23	!	deel32:p161
B:W27,28,32,33,34,35,37:B9,13,15,16,17,21,26	13-19	?	deel32:p162
W:W27,28,32,33,34,35,37:B9,15,16,17,19,21,26	28-22	!	deel32:p162
B:W25,27,28,29,32,33,35,37,38:B9,13,15,16,17,18,19,21,26	18-22	!	deel32:p162
W:W18,28,29,35,47:B4,16,21,26,36	18-12	?	deel32:p164
B:W18,32,33,34,35,37,38:B9,15,16,17,21,26,27	26-31	?	deel32:p166
W:W18,28,32,33,34,35,38:B9,15,21,27	18-13	!	deel32:p166
W:W18,23,32,33,35,47:B9,15,16,17,21,36	35-30	?	deel32:p166
W:W13,32,33,35,47:B4,16,21,22,36	32-28	?	deel32:p166
B:W13,17,33,35,47:B4,16,26,36	16-21	!	deel32:p166
B:WK31,12,33,35,47:B26,36	26x37	!	deel32:p166
W:WK3,23,33,35,36:B16,26,42	23-19	!	deel32:p167
W:WK3,23,33,35,38:B16,26,41	23-19	!	deel32:p167
W:WK3,19,33,35,38:B21,26,41	38-32	!	deel32:p167
W:WK3,19,32,33,35:BK46,21,26	35-30	!	deel32:p167
W:W24,25,27,28,29,32,37,38:B13,15,16,17,18,19,21,26	38-33	?	deel32:p168
W:W24,25,27,28,29,32,37,38:B13,15,16,17,18,19,21,26	29-23	!	deel32:p168
W:WK25,27,28,32,33,37:B16,17,21,26,44	37-31	!	deel32:p169
W:W10,27,28,29,32,37:B16,17,21,26,35	27-22	!	deel32:p169
W:WK4,28,29,32,37:B7,21,26,44	28-22	!	deel32:p169
W:W23,32,33,34,35,37,38:B9,15,16,17,21,26,31	23-18	!	deel32:p170
W:W27,28,32,33,34,35,36,37,38,39,42,43,50:B2,3,6,8,9,13,14,15,16,19,21,23,24	34-29	!	deel32:p184
W:W27,28,32,33,34,35,36,37,38,39,42,43,50:B2,3,6,8,9,13,14,15,16,19,21,23,24	36-31	!	deel32:p185
W:W29,30,31,32,34,35,37,38,42:B3,6,7,8,9,16,19,20,26	30-25	!	deel32:p185
W:W23,24,27,29,32,35,37,42:B3,11,12,14,16,18,25,26	32-28	?	deel32:p185
W:W23,24,27,29,32,35,37,38:B3,12,14,16,17,18,25,26	27-21	!	deel32:p185
W:W21,23,24,29,35,37,38:B3,12,14,17,22,25,26	38-33	!	deel32:p185
B:W20,23,27,28,29,32,35,37:B12,13,14,16,17,18,25,26	18-22	!	deel32:p185
B:W23,27,28,29,32,35,37:B4,12,16,17,18,25,26	16-21	!	deel32:p185
B:W10,22,27,32:B12,13,26,29	12-18	?	deel32:p185
W:W24,26,28,29,31,33,35,36,38,39,43,47,49:B6,7,8,9,11,12,13,15,17,18,20,22,27	47-41	!	deel32:p186
W:W24,26,28,29,31,33,35,36,38,39,41,43,49:B6,7,8,9,12,13,15,16,17,18,20,22,27	24-19	!	deel32:p186
B:W23,24,26,29,31,33,35,36,38,39,43,47,49:B6,7,8,9,11,12,13,15,17,18,20,22,27	27-32	!	deel32:p186
B:W23,24,26,27,29,31,33,35,36,39,43,47,49:B6,7,8,9,11,12,13,15,17,18,20,22	22-28	!	deel32:p186
B:W27,28,32,33,34,35,36,37,38,40,42,46,48,49,50:B3,6,8,9,11,13,15,16,18,19,20,21,23,24,26	24-29	??	deel32:p186
W:W27,32,35,36,37,38,40,42,46,48,49,50:B3,6,8,9,11,15,16,18,20,21,24,26,39	37-31	!	deel32:p186
B:W27,28,30,31,32,33,35,38,40,43,45,47,48,49:B3,5,6,7,9,12,13,14,16,18,19,21,23,24	7-11	!	deel32:p186
B:W27,28,30,31,32,33,35,38,40,42,43,45,48,49:B3,5,6,9,11,12,13,14,16,18,19,21,23,24	21-26	!	deel32:p186
B:W27,28,30,31,32,33,35,38,39,40,45,48,49:B3,5,6,9,11,12,13,14,16,18,19,23,24	12-17	!	deel32:p186
W:W25,27,28,30,31,32,33,35,37,38,39:B3,13,14,16,17,18,19,21,23,24,26	28-22	!	deel32:p187
B:W27,28,29,32,34,37:B12,13,15,16,18,26	15-20	!	deel32:p188
B:W27,28,29,30,32,37:B12,13,16,18,20,26	13-19	!	deel32:p188
B:W23,24,27,29,37:B12,16,18,25,26	16-21	!	deel32:p188
W:W24,25,28,32,33,37,38:B9,15,16,17,21,22,26	28-23	!	deel32:p188
W:W27,28,31,32,33,34,38,39,43,47:B1,3,8,11,13,16,19,20,23,25	34-30	?	deel32:p189
B:W22,25,28,32,33,37,38,43:B1,7,12,13,14,19,24,29	29-34	!	deel32:p189
B:W22,25,28,32,33,37,49:B1,7,12,13,14,19,24	14-20	!	deel32:p189
B:W24,26,27,28,29,31,33,36,39,40,44,45,49:B2,4,8,9,10,12,13,15,17,18,20,22,25	13-19	?	deel32:p190
W:W26,27,28,29,31,33,36,39,40,44,45,49:B2,4,9,10,12,15,17,18,19,20,22,25	49-43	?	deel32:p190
W:W26,27,28,29,31,33,36,39,40,44,45,49:B2,4,9,10,12,15,17,18,19,20,22,25	26-21	!	deel32:p190
W:W25,26,28,31,33,34,38,39,40,41,42,43,47,49:B3,4,6,7,8,9,11,13,14,16,17,18,19,24	34-29	?	deel32:p190
B:W20,25,26,28,31,33,38,39,40,41,42,43,47,49:B3,6,7,8,9,10,11,13,14,16,17,18,19	19-23	?	deel32:p190
B:W20,25,26,28,31,33,38,39,40,41,42,43,47,49:B3,6,7,8,9,10,11,13,14,16,17,18,19	19-24	!	deel32:p190
B:W25,30,33,34,35,37,38,39,43:B8,12,13,14,15,16,18,19,24	18-23	!	deel32:p191
B:W25,30,32,33,34,35,37,39,43:B8,12,13,14,15,16,19,23,24	16-21	!	deel32:p191
W:W27,28,31,32,33,34,36,37,38,40,42,43,45,48:B1,3,4,6,8,13,14,16,18,19,21,23,25,26	27-22	!	deel32:p191
W:W18,22,28,32,33,36,37,38,42,43,45,48:B3,6,7,8,9,13,14,16,19,21,26	43-39	!	deel32:p191
W:W27,28,30,32,33,35,37,38,40,42,43,45,47,48,49:B3,5,6,9,11,12,13,14,16,18,19,21,23,24,26	37-31	!	deel32:p191
W:W16,26,27,33,40,44,48:B7,12,14,17,18,24,30	40-35	?	deel32:p192
B:W16,26,27,33,35,44,48:B7,12,14,17,18,24,30	18-22	!	deel32:p192
B:W16,26,33,35,43,44:B7,14,17,23,24,30	17-22	?	deel32:p192
B:W16,26,33,35,43,44:B7,14,17,23,24,30	30-34	!	deel32:p192
B:W16,26,33,35,39,43:B7,14,17,23,24,34	24-30	!	deel32:p192
B:W24,25,28,29,31,33,36,38,39,40,41,43,46,48:B1,2,3,6,8,9,11,12,13,14,15,16,18,21	14-19	?	deel32:p192
W:W24,25,28,29,31,33,36,38,39,40,41,43,46,48:B1,2,3,6,8,9,11,12,13,15,16,18,19,21	25-20	!	deel32:p192
B:W24,25,29,30,33,35,36,37,38,48:B3,13,14,15,16,18,19,22,26,27	3-8	??	deel32:p193
W:W24,25,29,30,33,35,36,37,38,48:B8,13,14,15,16,18,19,22,26,27	24-20	!	deel32:p193
W:W24,25,29,32,33,34,38,47:B9,13,14,15,20,22,26,36	32-27	!!	deel32:p193
W:W24,25,29,33,34,41,47:B9,13,14,15,20,31,36	47-42	!!	deel32:p193
W:WK3,29,34,37:B15,18,28,36	3-21	!	deel32:p193
B:W24,26,28,29,34,40,42:B3,13,15,17,18,20,25	3-8	?	deel32:p194
W:W24,26,28,29,34,40,42:B8,13,15,17,18,20,25	28-23	!	deel32:p194
W:W23,24,26,29,34,40,42:B12,13,15,17,18,20,25	26-21	!	deel32:p194
W:W25,26,27,31,32,33,35,36,38,39,41,42,43,49,50:B3,6,7,8,11,13,14,15,16,17,18,19,21,23,24	41-37	!	deel32:p195
W:W25,26,27,31,32,33,35,36,37,38,39,42,43,49,50:B3,6,8,11,12,13,14,15,16,17,18,19,21,23,24	27-22	!	deel32:p195
W:W25,32,33,35,36,37,38,39,42,43,49,50:B3,6,8,12,13,14,15,16,19,22,23,24,28	49-44	!	deel32:p195
W:W25,26,27,31,32,33,35,36,38,39,41,42,43,49,50:B3,6,7,8,11,13,14,15,16,17,18,19,21,23,24	35-30	!	deel32:p195
B:W24,25,29,30,34,36,38:B13,15,18,19,22,23,27	23-28	!	deel32:p196
B:W24,25,29,30,36,43:B13,15,18,19,22,27	19-23	?	deel32:p196
W:W26,28,31,32,33,34,36,37,38,39,42,43,44,48,49:B3,4,6,7,8,9,11,13,15,16,17,18,19,23,25	31-27	?	deel32:p196
B:W26,27,28,32,33,34,36,37,38,39,42,43,44,48,49:B3,4,6,7,8,9,11,13,15,16,17,18,19,23,25	17-22	!	deel32:p196
B:W26,28,31,32,33,34,36,37,38,39,42,43,44,48,49:B3,4,6,7,8,9,11,13,15,16,17,18,19,23,25	25-30	!	deel32:p197
B:W25,26,28,31,32,33,36,37,38,39,42,43,44,48,49:B3,4,6,7,8,9,11,13,15,16,17,18,19,23	18-22	!!	deel32:p197
B:W21,26,27,28,32,33,34,37,38,39,40,43,44:B8,11,12,13,14,15,16,17,18,19,23,25,30	18-22	!	deel32:p197
B:W16,21,26,28,29,34,39,40,43,44:B12,14,15,17,18,19,25,30,41	18-22	!	deel32:p198
B:WK1,K2,16:BK6,K45,K47,14,15,19,25,34	19-23	!	deel32:p198
W:W26,27,31,32,33,35,36,38,39,40,43,44:B3,6,8,11,12,13,15,16,18,23,24,25	27-22	?	deel32:p200
B:W22,26,32,33,35,36,38,39,40,43,44:B3,6,8,11,12,13,15,16,23,24,25	23-29	!	deel32:p200
B:W22,26,28,32,34,35,36,38,40,43,44:B3,6,8,11,13,15,16,17,24,25,29	15-20	!	deel32:p200
W:W22,25,26,30,35,36,39,40,41,44,47,48,50:B3,5,6,8,9,11,12,13,14,19,29,32	22-17	!	deel32:p200
B:W25,26,27,28,30,32,34,35,36,38,39,42:B4,6,9,11,13,14,15,17,18,19,23,24	24-29	!	deel32:p200
W:W25,26,27,28,30,32,34,35,36,38,39,42:B4,6,9,11,13,14,15,17,18,19,23,29	39-33	?	deel32:p200
B:W26,28,29,32,33,34,39,41,42,43,44:B6,8,10,13,14,16,17,18,19,22,25	25-30	?	deel32:p201
B:W25,26,27,29,30,32,33,34,35,37,39,43:B3,8,10,13,14,16,17,18,19,20,21,24	3-9	!	deel32:p203
W:W25,26,27,29,30,31,32,33,34,35,38,39:B9,12,13,14,15,16,17,18,19,20,21,24	27-22	!	deel32:p203
W:W25,27,28,29,32,33,35,37,38:B9,13,15,16,17,18,19,21,26	27-22	!	deel32:p203
B:W24,25,29,32,33,37,38:B14,15,17,18,20,21,27	17-22	!	deel32:p204
B:W24,25,28,29,33,37,38:B14,15,18,20,21,22,27	21-26	!	deel32:p204
B:W17,24,25,29,33,37,38:B14,15,18,20,26,27	27-31	!!	deel32:p204
B:W6,32:B16,21,26	21-27	?	deel32:p205
W:W13,21,29,34,38,39,40,44,47,49,50:B3,4,7,10,12,14,15,20,25,35,36	13-8	??	deel32:p206
W:W27,35,36,38,40,42,46,48,49,50:B3,6,8,9,11,15,16,18,20,21,24,28,39	38-33	!	deel32:p211
W:W28,32,34,36,37,39,40,41,43,48,49:B2,3,6,7,8,9,12,15,18,19,23,29	39-33	!	deel32:p211
B:W20,25,26,28,31,33,38,39,40,41,42,43,47,49:B3,6,7,8,9,10,11,13,14,16,17,18,19	17-21	!	deel32:p211
B:W24,25,29,30,33,35,36,37,38,48:B3,13,14,15,16,18,19,22,26,27	3-8	?	deel32:p211
W:W25,27,28,31,32,36,38,39,42,43,44,45,46,47,48,49:B1,3,4,7,8,9,11,12,13,14,16,17,18,19,23,24	46-41	?	deel32:p212
B:W25,27,28,31,32,36,38,39,41,42,43,44,45,47,48,49:B1,3,4,7,8,9,11,12,13,14,16,17,18,19,23,24	17-22	!	deel32:p212
W:W25,26,27,30,32,33,34,35,36,38,42,44,50:B4,6,9,10,11,13,14,15,17,18,19,23,24	44-39	?	deel32:p214
B:W25,26,27,30,32,33,34,35,36,38,39,42,50:B4,6,9,10,11,13,14,15,17,18,19,23,24	17-21	!	deel32:p214
B:W7,19,25,26,33,35,36,38,39,50:BK48,4,6,9,10,14,15	48x43	!	deel32:p214
W:W27,28,32,35,37,49:B16,17,19,21,23,34	28-22	!	deel32:p214
W:W27,32,35,37,49:B16,19,21,23,28,34	37-31	!	deel32:p214
W:W25,29,33,34,36,37,38,39,40:B4,5,10,12,13,15,22,27,28	29-23	!	deel32:p215
B:W26,27,29,30,34,35,36,39,40,42,43,44,45:B2,4,7,8,9,13,14,15,16,17,18,19,25	7-12	!	deel32:p216
W:W28,38,47:B13,29,36,40	47-41	!	deel32:p216
W:W22,27,32,35,37,38,39,44:B12,13,14,15,18,24,25,26	22-17	?	deel32:p217
B:W16,32,37,38,44:B8,15,25,26,29	8-12	!	deel32:p217
B:W11,32,37,38,44:B12,15,25,26,29	12-17	!	deel32:p217
W:W27,28,32,33,35,37,39,42,49:B9,12,13,15,17,18,20,24,26	28-22	?	deel32:p218
W:W22,27,32,35,37,38,39,44:B8,12,13,15,18,25,26,29	22-17	?	deel32:p218
B:W25,27,28,32,38,39,40,41,42,44,45,48:B3,6,7,8,12,13,14,15,16,19,23,24	12-18	?	deel32:p220
W:W22,26,27,32,33,34,35,37,38,42,45,47,48,49:B3,4,6,8,11,12,13,15,18,19,23,24,36	27-21	!	deel32:p220
B:W27,28,32,35,37,38,40,42,47,48:B4,6,8,11,12,16,18,19,23,26	11-17	?	deel32:p220
W:W27,28,31,32,34,35,37,38,41,42,46,48:B2,6,8,11,13,16,17,18,19,21,24,26	28-22	?	deel32:p220
B:W25,27,28,31,32,33,38,43,47:B1,3,8,11,13,16,19,23,24	23-29	!	deel32:p222
B:W25,27,28,31,32,33,38,39,47:B1,3,8,11,13,16,19,24,29	29-34	?	deel32:p223
W:W25,27,28,31,32,33,38,47:B1,3,8,11,13,16,19,35	33-29	!	deel32:p223
W:W22,25,27,32,33,38,43:B9,13,16,19,23,24,29	22-18	!	deel32:p223
W:W22,25,28,32,33,37,38,43:B1,11,12,13,14,19,24,29	43-39	!	deel32:p223
B:W21,22,25,32,33,38,42,43:B1,7,12,13,14,19,24,29	29-34	?	deel32:p224
B:W21,22,25,32,33,38,42,43:B1,9,11,12,13,19,24,29	11-16	?	deel32:p224
B:W27,28,30,31,32,33,38,43,47:B1,3,8,11,13,16,19,20,23	20-24	!	deel32:p225
B:W22,25,28,32,33,38,42,43:B1,7,9,12,13,19,24,29	9-14	!	deel32:p225
W:W21,22,25,32,33,38,42,43:B1,7,12,13,14,19,24,34	43-39	?	deel32:p226
B:W21,22,25,32,33,42,49:B1,7,12,13,14,19,24	14-20	!	deel32:p226
W:W16,22,32,37,41,44:B7,15,19,23,26,34	22-17	!	deel33:p13
W:W27,28,30,32,35,36,37,40,45,46:B8,11,15,16,19,20,21,24,26,29	30-25	?	deel33:p13
B:W25,27,28,32,35,36,37,40,45,46:B8,11,15,16,19,20,21,24,26,29	29-33	!	deel33:p13
W:W27,30,32,35,36,37,40,45,46:B8,11,15,16,18,19,20,21,24,26	37-31	!	deel33:p13
W:W25,35,36,40,45,46:B8,11,15,16,18,19,20,24,28,32	25x3	!	deel33:p13
B:WK3,35,36,40,45,46:B11,15,16,24,28,32	32-37	?	deel33:p14
W:WK3,35,36,40,45,46:B11,15,16,24,28,37	3-20	!	deel33:p14
B:W18,28,31,33,35,36,38,43,48:B2,3,9,14,15,16,17,24,34	16-21	!	deel33:p15
W:W28,30,31,32,33,34,35,36,38,43,48:B2,3,9,13,14,15,16,17,19,24,25	33-29	!	deel33:p16
W:W18,28,31,32,33,35,36,44:B6,9,11,15,17,19,20,25	31-27	!	deel33:p17
B:W18,28,31,32,33,35,36,40:B6,9,11,15,17,19,20,25	17-22	?	deel33:p17
B:W18,23,24,29,31,36,38,42,43:B3,6,9,11,14,15,17,40	40-44	?	deel33:p17
B:W21,23,24,26,32,36,38,43:BK49,6,9,11,14,15	11-17	!	deel33:p17
W:W15,26,31,32,33,36,37,38,39,40,41,42,43,44,48,50:B1,3,4,6,8,10,11,12,13,16,17,18,19,23,24,25	40-34	?	deel33:p21
W:W15,16,26,33,34,38,44,50:B4,12,17,18,23,24,35,45	34-29	!	deel33:p22
B:W6,15,33,38,39,50:B4,17,24,26,29,35,45	35-40	!	deel33:p23
B:W6,15,23,32,33,50:BK49,4,17,24,26,45	49x16	!	deel33:p23
B:WK1,15,23,33,50:BK16,4,17,24,26,45	17-22	!	deel33:p23
B:WK1,K3,15,50:BK48,4,35,36,40,45	40-44	?	deel33:p24
W:WK3,15:B4,36,44,45	3-14	!!	deel33:p24
W:W15,22,38,50:B4,26,29,35,45	22-17	!	deel33:p26
W:WK1,15:BK47,4,26,33	1-23	!	deel33:p26
W:WK2,15,38:BK28,4,26,45	38-33	!	deel33:p27
B:W24,25,29,31,32,33,36,37,38,39,40,47,48:B1,2,3,6,9,10,12,13,14,15,16,17,26	14-19	?	deel33:p29
W:W24,25,29,31,32,33,36,37,38,39,40,47,48:B1,2,3,6,9,10,12,13,15,16,17,19,26	24-20	!	deel33:p29
W:W26,28,29,33,35,36,38,39,40,42,43,45,48,49:B2,3,4,6,8,9,11,12,13,15,16,18,20,24	38-32	?	deel33:p30
W:W26,28,31,32,33,35,36,38,41,42,43,45,48,49:B1,3,6,8,9,11,12,13,16,17,18,19,23,24	42-37	?	deel33:p34
W:W20,26,27,28,36,38,41:B6,11,16,17,18,19,35	38-33	?	deel33:p34
W:W14,26,34,35,36,38,39,40,42:B2,3,4,7,8,17,18,27,28	35-30	?	deel33:p34
W:W22,26,27,28,32,34,36,37,38,40,43,45,49:B3,5,6,9,11,12,13,15,16,17,18,24,25	43-39	?	deel33:p34
W:W22,26,27,28,32,34,36,37,38,40,43,45,49:B3,5,6,9,11,12,13,15,16,17,18,24,25	36-31	?	deel33:p34
W:W22,27,36,37,38,39,40,42:B11,12,13,14,16,23,24,26	37-31	!	deel33:p34
W:W15,23,26,28,33,37,38,40,43,45,48:B2,4,7,13,14,16,17,19,24,25,27	43-39	?	deel33:p34
W:W22,28,32,33,34,35,36,37,38,39,42,43,44:B3,6,9,11,12,13,14,17,19,21,24,25,26	36-31	?	deel33:p34
B:W26,33,34,36,37,38,42,45,47,49:B2,3,11,12,17,19,20,22,23,27	23-28	?	deel33:p35
W:W27,31,32,33,34,35,36,38,39,40,41,42,43,44,45,47,48,49,50:B1,2,3,4,6,7,8,9,10,11,12,13,15,16,18,20,21,23,25	31-26	?	deel33:p35
B:W26,27,32,33,34,35,36,38,39,40,41,42,43,44,45,47,48,49,50:B1,2,3,4,6,7,8,9,10,11,12,13,15,16,18,20,21,23,25	20-24	!	deel33:p35
B:W25,27,32,33,35,36,37,42,45,46,48,49:B4,8,9,13,14,16,18,19,21,23,24,26	23-29	?	deel33:p35
W:W25,27,32,33,35,36,37,42,45,46,48,49:B4,8,9,13,14,16,18,19,21,24,26,29	37-31	!	deel33:p35
W:W25,27,28,32,35,36,37,38,45,46,47,48,49:B4,8,9,12,13,14,16,17,18,19,23,24,26	47-42	!	deel33:p35
W:W27,29,30,31,32,34,35,36,39,40,42,45,46,48:B1,4,7,11,12,13,14,15,17,18,19,22,23,25	30-24	?	deel33:p36
B:W28,29,33,34,35,36,38,42,43:B8,11,15,17,19,20,22,25,26	11-16	?	deel33:p41
W:W28,29,33,34,35,36,38,42,43:B8,15,16,17,19,20,22,25,26	36-31	!	deel33:p41
W:W16,23,33,37,38,39,40,42,43,45,47,49:B1,4,7,9,12,13,14,15,25,26,27,36	39-34	?	deel33:p41
B:W22,25,27,31,32,33,35,38,39:B8,9,13,16,18,19,21,24,29	21-26	?	deel33:p41
B:W15,26,31,34,35,36,38,39:B4,8,13,16,18,22,23,25	8-12	?	deel33:p41
W:W23,24,27,28,29,33,38,42,43,45:B7,8,9,12,13,14,15,17,18,25	43-39	?	deel33:p41
B:W23,24,27,28,29,33,38,39,42,45:B7,8,9,12,13,14,15,17,18,25	14-20	!	deel33:p41
B:W20,24,27,28,35,37,38,39,45:B7,8,9,12,13,15,17	17-21	!	deel33:p41
W:W26,27,28,32,33,34,35,36,39,40,41,42,43,44,45,46,47,48,49,50:B2,3,4,5,6,7,8,9,10,11,12,13,14,15,16,17,18,19,23,24	36-31	?	deel33:p41
W:W26,31,33,34,35,36,37,38,39,42,43,44,48,49:B3,5,6,9,10,11,17,18,19,22,23,24,27,28	37-32	!	deel33:p42
B:W25,26,29,33,34,37,38,40,42,43,47,48,49:B3,6,7,9,11,12,14,15,18,20,22,24,27	24-30	?	deel33:p42
B:W27,28,30,32,33,35,36,37,38,39,40,43,45,47,48,49:B2,3,4,6,8,9,11,13,14,15,16,18,19,21,23,24	8-12	?	deel33:p42
W:W27,28,30,32,33,35,36,37,38,39,40,43,45,47,48,49:B2,3,4,6,9,11,12,13,14,15,16,18,19,21,23,24	27-22	!	deel33:p42
W:W25,27,28,30,31,32,36,37,38,44,45:B11,12,13,14,15,18,19,23,24,26	38-33	!	deel33:p42
W:W25,27,28,31,32,33,36,37,44,45:B11,12,13,14,15,18,19,23,26,35	27-22	!	deel33:p42
B:W18,28,31:B2,19,40	2-8	!	deel33:p42
B:W25,27,31,36,38,39,43,45,48:B3,7,11,12,13,14,15,17,29	12-18	?	deel33:p42
B:W28,29,32,33,34,35,36,39,40,41,42,43,44,45,47,48,49:B1,2,3,6,7,9,10,12,13,14,15,16,18,19,20,24,25	16-21	?	deel33:p43
W:W28,29,32,33,34,35,36,39,40,41,42,43,44,45,47,48,49:B1,2,3,6,7,9,10,12,13,14,15,18,19,20,21,24,25	29-23	!	deel33:p43
B:W27,28,29,33,35,37,39,42,43,45,47,49:B6,8,9,12,13,15,18,24,25,26,30,36	12-17	?	deel33:p43
B:W16,27,32,34,36,37,38,39,44,48:B4,6,7,17,18,19,21,25,26,30	17-22	?	deel33:p43
W:W27,28,32,34,35,36,39,44,45,48,49:B3,6,7,9,13,14,15,17,18,19,24	48-42	?	deel33:p44
W:W26,27,31,33,34,35,36,38,39,40,43,44,45,48:B3,7,9,11,12,13,15,16,17,18,19,20,23,25	38-32	?!	deel33:p44
B:W19,27,31,32,34,35,36,37,38,39,40,41,42,44,45,47,48,49:B3,4,6,7,8,9,10,11,12,13,14,15,16,17,18,20,22,33	13x24	?	deel33:p44
W:W27,31,32,34,35,36,37,40,41,42,44,45,47,48,49:B3,4,6,7,8,9,10,11,12,14,15,16,17,18,20,33	27-21	!	deel33:p44
B:W24,25,26,28,30,33,36,38,40,41,42,43,47,48:B3,5,6,7,8,9,11,12,13,14,15,17,18,27	14-20	!	deel33:p50
B:W24,29,30,36,40,41,42,43,47,48:B3,5,6,7,8,12,13,15,18,27	15-20	!	deel33:p50
B:WK18,29,30,36,40,41,42,43,47,48:B3,6,7,8,12,22,27	12x45	!	deel33:p50
B:W29,31,32,33,34,35,36,37,38,40,41,43,44,46,47,48,49,50:B2,3,4,5,6,7,8,9,10,11,13,14,15,16,18,19,20,21	21-26	?	deel33:p53
B:W25,26,28,29,31,32,33,35,36,37,38,39,40,42,43,44,46,47,48:B1,3,5,6,8,9,10,11,12,13,14,16,17,18,19,20,21,22,24	1-7	?	deel33:p53
B:W19,26,29,31,34,37,40:B6,12,15,16,17,20,25,28	12-18	?	deel33:p53
W:W24,25,26,28,33,35,36,38,41,42,43,45,47,48:B2,3,5,6,8,9,11,12,13,14,15,17,18,27	41-37	?	deel33:p53
B:W24,25,26,28,33,35,36,38,41,42,43,45,47,48:B2,3,5,6,8,9,11,12,13,14,15,17,18,27	14-20	!	deel33:p53
B:W24,25,31,33,36,37,38,40,42,43,45,47,48,49:B3,4,6,8,9,10,12,13,14,15,16,18,22,26	18-23	?	deel33:p53
W:W7,24,25,36,40,43,45,47,48,49:B3,4,6,8,9,10,13,14,15,16,37	36-31	!	deel33:p53
B:W24,26,29,31,33,34,35,36,37,38,39,43,44,45,46,49:B3,5,6,8,9,11,12,13,14,15,16,17,18,20,22,23	20-25	?	deel33:p53
B:W17,29,33,35,36,48:BK49,2,15	49-44	!	deel33:p53
W:W27,28,31,32,34,35,36,37,38,39,40,42,43,44,45,47,48,49:B3,4,6,7,8,9,10,11,12,13,14,15,16,18,19,20,23,25	39-33	?	deel33:p53
W:W24,31,33,34,37,39,41,43,44,45,47,48,49:B2,3,4,6,8,9,11,13,15,16,18,21,23,25	24-20	!	deel33:p53
B:W16,26,29,33,34,35,36,37,38,39,40,43,44,45:B6,8,9,11,12,13,14,15,17,18,19,20,24,25	18-22	!!	deel33:p56
W:W25,26,35,38,39,40,41,43,45,47,49:B3,5,8,12,13,14,15,19,20,27,36	41-37	!	deel33:p57
W:W23,24,29,32,33,36,37,38,39,40,43,45,47:B2,4,12,13,14,15,16,17,20,21,25,26,27	24-19	!	deel33:p57
B:W24,27,29,32,33,34,35,37,38,39,40,43,45,47,48,49:B2,3,4,7,8,9,10,12,13,15,16,17,18,20,23,25	23-28	!	deel33:p57
W:W15,20,26,29,36,42,48:B9,16,17,18,22,27,28	15-10	?	deel33:p57
B:W10,20,26,29,36,42,48:B9,16,17,18,22,27,28	9-14	!	deel33:p57
W:W27,28,32,34,35,37,38,40,42,45,48:B8,9,12,15,16,18,19,23,24,25,26	28-22	!	deel33:p62
W:W25,27,28,32,33,36,37,38,42,45,46,48,49:B2,3,6,7,9,12,13,14,16,18,19,21,24	28-23	!	deel33:p63
W:W25,32,36,37,42,45,46,48:BK31,2,3,6,7,9,12,13,14,16,18,21,24	37x10	!	deel33:p63
B:W24,25,27,29,31,32,36,37,41,42,43,44,45:B3,4,6,8,12,14,15,16,17,18,20,21,22	8-13	!	deel33:p63
B:W19,21,24,26,29,32,41,42,43,44,45:B3,4,15,16	16x36	!	deel33:p63
B:W28,31,32,34,35,36,37,38,39,40,41,42,43,45,46,47,48,49,50:B1,2,3,4,5,6,7,8,9,11,12,13,15,16,17,18,19,20,23	5-10	?	deel33:p64
W:W25,26,27,30,31,35,38,43:B6,11,14,16,17,19,24,28	27-22	?	deel33:p73
W:W25,26,27,30,31,35,38,39:B6,11,14,16,17,19,28,29	39-33	!	deel33:p73
B:W24,27,32,33,36,37,38,39,43,44,45,48:B2,8,9,10,13,14,16,17,18,21,23,26	26-31	!	deel33:p73
W:W25,27,28,32,35,37,38,39,42,45,48:B3,13,14,16,17,18,19,21,24,26,29	28-23	!	deel33:p74
W:W26,28,31,35,36,39,42,43,44,47,48,49:B3,5,6,7,8,11,13,15,17,18,20,21,22,24,29,40	39-34	!	deel33:p74
B:WK1,25,26,31,35,36,42,43,44,47,48,49:B3,5,6,8,9,11,13,15,17,19,21,24,33,40	15-20	!	deel33:p74
B:W24,27,29,32,33,34,36,37,38,39,40,41,42,43,44,45,48,49:B2,3,4,6,7,8,9,11,12,13,14,15,16,17,18,20,23,25	4-10	?	deel33:p74
W:W27,29,32,33,34,36,37,38,39,40,41,42,43,44,45,48,49:B2,3,6,7,8,9,10,11,12,14,15,16,17,18,20,23,24,25	27-21	?	deel33:p74
W:W28,33,35,37,39,42,43,45,47,49:B6,8,9,13,17,24,25,26,27,30,36	47-41	!	deel33:p75
B:W22,28,32,33,35,37,38,39,43:B8,11,12,13,14,19,24,26,29	12-17	?	deel33:p75
B:W28,30,31,32,33,35,36,38,40,43,45,48,49:B3,6,7,8,9,13,15,18,19,20,21,23,24	21-26	?	deel33:p77
W:W24,26,29,32,33,34,35,36,37,39,41,44,45,47,49:B2,3,4,6,8,9,11,12,13,14,15,16,17,18,25	47-42	?	deel33:p77
B:W15,26,27,30,35,36,37,38,39,45:B4,6,11,12,13,16,19,23	19-24	!	deel33:p78
W:W26,30,34,36,38,39,41,42,43,48:B3,9,12,17,18,19,20,22,23,27	30-25	?	deel33:p78
W:W18,22,27,32,34,36,37,38,50:B6,7,9,11,13,16,25,26,30	32-28	!	deel33:p79
W:W18,23,27,36,37,38:BK17,6,7,9,11,13,16,25,26	27-21	!	deel33:p79
B:W17,25,29,31,33,35,36,37,38,43,45,48:B2,3,6,9,14,15,18,19,20,24,26	19-23	!	deel33:p87
B:W27,29,32,33,37,39,44,47,50:B3,4,9,12,13,16,19,26,35	12-18	?	deel33:p88
B:W24,27,31,33,36,37,38,43:B8,9,11,13,15,16,18,22	22-28	!	deel33:p89
B:W25,27,28,32,33,35,37,38,43:B13,14,16,17,18,19,23,24,26	16-21	!	deel33:p89
B:W16,25,28,32,33,35,37,38,43:B13,14,17,18,19,23,24,26	14-20	!	deel33:p89
B:W24,27,31,32,33,36,38,39:B8,13,14,15,16,17,18,22	14-19	?	deel33:p90
B:W24,27,31,32,33,36,38,39:B8,13,14,15,16,17,18,22	14-20	?	deel33:p90
W:W24,27,29,31,32,33,36,38:B12,13,15,16,17,18,22,25	32-28	?	deel33:p90
B:W24,27,28,29,31,33,36,38:B12,13,15,16,17,18,22,25	17-21	!	deel33:p90
W:W25,26,30,33,35,36,37,38,39,41,42,43,47,49:B2,4,6,7,8,9,14,15,16,17,22,23,27,28	39-34	!	deel33:p91
B:W24,25,26,29,35,37,44,47:B2,4,11,15,16,17,18,20,28	18-23	!	deel33:p92
W:W14,24,26,37,44,47:B2,4,11,15,16,17,25,28	37-32	!	deel33:p92
B:W10,24,26,44,47:B2,4,11,15,16,17,25,37	25-30	!	deel33:p92
B:W10,26,35,44,47:B2,4,11,15,16,17,37	16-21	!	deel33:p92
B:W10,24,26,37,44,47:B2,4,11,15,16,17,25,28	25-30	!	deel33:p92
B:W10,26,35,37,44,47:B2,4,11,15,16,17,28	15-20	!	deel33:p92
B:W25,26,27,28,32,35,38,43:B7,12,17,18,19,20,23,24	18-22	!	deel33:p93
B:W22,27,30,32,35,38,43:B7,12,18,19,20,23,24,26	26-31	!	deel33:p93
B:W27,28,32,35,38,43:B7,8,12,20,31	31x42	!	deel33:p93
B:W27,28,32,34,35,40,45:B1,14,17,18,19,24,25	14-20	!	deel33:p94
B:W16,27,28,33,34,35,40,45:B7,12,17,18,19,20,24,25	18-22	?	deel33:p94
B:W16,27,32,35,38,45:B7,12,17,18,19,20	19-23	!	deel33:p94
W:W28,31,33,34,37,38,40,45,48:B3,13,15,16,18,20,21,24,26	28-23	!	deel33:p95
B:W23,31,33,34,37,38,39,45:B12,13,15,16,20,21,26,30	21-27	?	deel33:p95
B:WK4,26,33,38,39,45:B12,15,16,24,41	41-47	?	deel33:p96
W:WK36,24,26,34,38,45:BK14,15,16,17	36-22	!	deel33:p96
W:W24,29,31,32,34,35,39,40,45,47:B4,7,9,12,13,15,18,20,22,25	39-33	?	deel33:p97
B:W25,26,27,28,32,33,35,45,49:B3,12,13,15,16,17,18,19,24	3-8	!	deel33:p98
B:W26,27,28,43,45,49:B8,12,15,16,17,30	17-21	!	deel33:p98
W:W28,34,35,36,37,38,39,40,43,44,45,48,49,50:B2,3,6,7,9,10,11,12,13,14,15,19,20,27	28-23	!!	deel33:p98
B:W27,28,32,34,37,38,39,40,44,50:B7,12,14,15,16,17,18,20,25,30	30-35	!	deel33:p99
W:W25,30,31,35,36,37,49:B6,7,12,13,14,17,19,23,24,27	31x2	!	deel33:p99
W:W18,39,45:BK35,11,29	39-34	?	deel33:p100
W:W18,39,45:BK35,11,29	39-33	!	deel33:p100
B:W26,33,34,35,36,37,39,41,43,44,45:B1,11,12,13,14,17,18,19,20,22,23	22-28	!	deel33:p100
B:W26,34,35,36,37,38,39,41,44,45:B1,11,12,13,14,18,19,20,23,28	20-25	!	deel33:p100
B:W25,26,30,31,36,41,45:B1,11,12,13,14,18,19,34	14-20	!	deel33:p100
W:W25,26,33,35,36,37,38,39,40,41,42,43,44,45,47,48,49:B2,3,4,5,6,7,8,9,11,13,14,15,18,19,23,24,27	33-28	!	deel33:p101
W:W25,27,28,31,32,33,34,36,38,39,42,44:B2,3,4,6,9,12,13,15,16,18,19,24	27-21	?	deel33:p102
B:W21,25,28,33,34,36,38,39,42,44:B2,3,4,6,9,12,13,15,19,24	15-20	!	deel33:p102
B:W24,28,29,32,33,37,38,43,45,46,49:B2,3,4,8,11,12,13,14,17,18,22	14-19	?	deel33:p109
W:W24,28,29,32,33,37,38,43,45,46,49:B2,3,4,8,11,12,13,17,18,19,22	37-31	!	deel33:p109
W:W28,29,31,32,33,38,43,45,46,49:B2,3,4,8,11,12,13,17,18,22,30	32-27	!	deel33:p109
W:W27,28,29,31,33,38,43,45,46,49:B2,3,4,8,11,12,13,17,18,22,30	29-23	?	deel33:p109
B:W16,28,31,33,38,43,45,46,49:B2,3,4,8,13,17,29,30	17-22	!	deel33:p109
B:W15,20,25,30,33,36,37,38:B4,9,13,14,18,22,26,27	14-19	?	deel33:p112
W:W15,20,25,30,33,36,37,38:B4,9,13,18,19,22,26,27	38-32	!	deel33:p112
B:W15,20,25,30,33,36,37,38:B4,9,13,14,18,22,26,27	13-19	?	deel33:p112
B:W15,20,25,36,37,44:B4,9,14,22,26,27	14-19	!	deel33:p112
W:W15,20,24,25,32,33,37:B4,9,14,22,23,26,36	24-19	?	deel33:p113
B:W15,19,20,25,32,33,37:B4,9,14,22,23,26,36	36-41	!	deel33:p113
B:W15,20,24,25,29,36,37,38:B4,9,13,14,22,26,27,28	26-31	!	deel33:p113
W:W15,20,25,30,36,38:B4,9,13,14,23,28	36-31	?	deel33:p114
W:W15,20,25,30,36,38:B4,9,13,14,23,28	30-24	!	deel33:p114
B:W15,20,24,25,29,36,37,38:B4,9,13,14,22,26,27,28	28-33	?	deel33:p114
W:W15,20,24,25,29,36,37,38:B4,9,13,14,22,26,27,33	24-19	!	deel33:p114
W:W15,20,25,39,47:B4,9,13,14,31	47-41	?	deel33:p115
B:W10,15,42:BK47,4,23	47x20	!	deel33:p115
W:W15,20,30,33,41:B4,9,18,23,31	30-25	!	deel33:p116
W:WK5,15,20:BK48,4,13,22,26	20-14	?	deel33:p118
B:WK5,14,15:BK48,4,13,22,26	48-42	!	deel33:p118
B:WK5,9,15:BK42,4,13,22,26	42-37	!	deel33:p118
W:WK5,15,20:BK48,4,13,22,26	5-23	?	deel33:p118
B:WK7,15,20:BK48,4,22,26	48-37	!	deel33:p118
B:WK32,15,20:BK48,4,13,22,26	22-27	!	deel33:p119
B:WK16,15,20:BK48,4,13,26	48-37	!	deel33:p119
W:WK41,15,20,36:BK48,4,13,22,44	20-14	?	deel33:p121
W:WK41,15,20,36:BK48,4,13,22,44	36-31	!	deel33:p121
W:WK41,14,15:BK3,4,13,22,44	15-10	!	deel33:p121
W:WK36:BK25,13,15,22,44	36x4	!	deel33:p121
W:W15,20,36,41:B4,13,22,26,39	20-14	?	deel33:p122
B:W14,15,36,41:B4,13,22,26,39	13-19	!	deel33:p122
B:W15,23,36,41:B4,22,26,39	4-10	!	deel33:p122
W:WK5,15,31:BK50,3,4,22	31-27	!	deel33:p125
B:W28,29,32,33,34,35,36,37,38,39,42,43,44,48,50:B1,2,3,6,8,9,12,13,14,15,18,19,20,24,26	2-7	?	deel33:p127
B:W23,29,32,33,34,37,38,39,43,44,45,47,49:B2,3,4,11,12,14,15,17,18,20,21,25,36	17-22	?	deel33:p127
W:W24,27,29,32,33,34,36,37,38,39,40,42,43,44,47,48:B1,2,3,4,8,9,10,11,13,16,17,18,21,23,25,26	47-41	?	deel33:p128
W:W24,27,29,32,33,34,36,37,38,39,40,42,43,44,47,48:B1,2,3,4,8,9,10,11,13,16,17,18,21,23,25,26	40-35	?	deel33:p128
B:W20,33,36,40,43,44,47,48:B1,2,3,4,8,11,27,31	31-37	!	deel33:p128
B:W29,33,36,40,42,43,44,47:B1,2,4,8,9,11,24,26,27	27-32	!	deel33:p128
W:W24,27,29,31,32,34,37,38,40,42,44,47,48:B1,2,4,8,10,11,13,16,18,21,23,25,26	24-20	!	deel33:p129
W:W25,26,30,31,35,36,42,43,47,49:B6,7,12,14,15,18,19,20,22,23,38	42x33	!	deel33:p133
W:W25,26,31,32,35,36,41,49:B7,12,14,15,17,18,19,22,34	35-30	!?	deel33:p134
B:W25,26,30,31,32,36,41,49:B7,12,14,15,17,18,19,22,34	7-11	!	deel33:p134
B:W22,25,26,32,36,39,41,49:B11,15,17	17x46	!	deel33:p134
W:W27,28,32,33,35,37,38,39,45:B3,13,15,16,18,21,24,25,26	39-34	?	deel33:p134
B:W27,28,32,33,34,35,37,38,45:B3,13,15,16,18,21,24,25,26	3-9	!	deel33:p134
W:W21,22,31,33,38,39,40,43,45,48:B2,6,8,11,13,14,19,23,24,25	33-28	?	deel33:p137
B:W21,22,27,31,39,40,43,45,48:B2,6,8,11,13,14,19,24,25	13-18	!	deel33:p137
B:W27,33,40,43,45,48:B14,16,19,24,25,37	37-41	?	deel33:p138
W:W27,33,40,43,45,48:B14,16,19,24,25,41	33-29	!	deel33:p138
B:W16,25,31,32,35,36,39,43,47,49:B7,9,12,14,15,17,18,19,24,29	29-33	!	deel33:p139
W:W16,25,28,31,32,35,36,43,47,49:B7,9,12,14,15,17,19,22,24	31-27	?	deel33:p139
W:W16,21,25,26,35,38,43:B7,12,15,17,19,29,34	35-30	?	deel33:p141
B:W16,21,25,26,38,39,43:B7,12,15,17,23,29	23-28	!	deel33:p141
W:W16,21,25,26,32,35,43:B7,12,15,17,19,33,34	35-30	!	deel33:p141
B:W16,21,25,35,37,43:B7,12,15,23,24,34	24-29	!	deel33:p141
W:W16,21,25,35,37,43:B7,12,15,23,29,34	37-32	!	deel33:p141
W:W16,21,25,32,35,43:B7,12,15,23,33,34	43-38	!	deel33:p141
B:W16,21,25,33,35,37:B7,12,15,24,28,39	24-30	!	deel33:p142
W:W25,29,34,36,37,42,48:B6,11,12,14,17,18,26,28	29-24	!	deel33:p142
W:W14,20,29,31,36,48:B4,12,17,18,28,38	20-15	?	deel33:p143
B:W16,26,30,33,37,38,39,40,42,45,47,48,49:B3,4,6,7,8,12,14,15,17,18,19,23,36	8-13	?	deel33:p143
B:WK36,34,45,47,49:B3,13,18,19,20,23,24	3-9	!	deel33:p144
B:WK41,34,45,47,49:B9,13,18,19,20,23,24	9-14	!	deel33:p144
B:WK36,34,45,47,49:B13,14,18,19,20,23,24	20-25	!	deel33:p144
W:W25,26,27,28,32,33,35,38,39,40,41,42,43,44,45,48,49,50:B2,3,5,6,8,9,10,11,13,14,16,17,18,19,20,21,23,24	39-34	!	deel34:p5
W:W25,32,33,35,38,39,42,43,45,48,49,50:B3,5,6,8,9,11,14,15,16,19,20,24	33-28	!	deel34:p5
B:W25,26,27,32,33,36,38,40,42,44:B5,12,13,14,15,16,17,18,23,29	29-34	!	deel34:p6
B:W25,26,27,28,32,36,37,38,44:B5,12,14,15,16,17,18,19,34	5-10	!	deel34:p6
W:WK1,8,25,26,36:BK47,10,14,19,20,24	8-3	?	deel34:p7
B:WK1,K3,25,26,36:BK47,10,14,19,20,24	24-30	!	deel34:p7
B:WK1,K3,26,34,36:BK47,10,14,19,20	20-25	!	deel34:p7
B:WK1,K2,25,26,36:BK47,10,14,19,20,24	10-15	!	deel34:p7
W:W16,25,26,31,32,33,36:B10,12,14,17,20,23,24	16-11	?	deel34:p7
B:W8,25,33,36:B6,10,14,20,24	10-15	!	deel34:p7
W:W25,26,28,31,32,36:B6,10,12,14,20,24,29	32-27	?	deel34:p7
B:W25,26,27,28,31,36:B6,10,12,14,20,24,29	29-33	!	deel34:p7
B:W25,26,27,31,36,39:B6,10,12,14,20,24	24-29	!	deel34:p7
B:W17,25,26,31,32,33,36,44:B6,10,14,18,19,20,34	18-22	!	deel34:p8
B:WK3,14,17,22,26,27,36:BK29,6,15,44	29-7	?	deel34:p9
W:W17,21,25,26,31,33,36:B6,14,15,18,24,34	31-27	!	deel34:p10
B:W8,21,25,26,27,36:BK11,6,14,15,24	24-29	!	deel34:p10
B:W23,26,28,31,33,35,36,38,40,41,43,47,48:B6,7,11,12,15,16,17,19,20,22,24,25,27	24-29	!	deel34:p12
W:W25,26,27,28,30,32,33,35,38,39,43:B7,12,14,15,16,17,18,19,20,24,29	28-22	!	deel34:p13
W:W25,26,27,30,33,35,38,39,43:B7,12,14,15,16,18,19,20,24,29,37	38-32	!	deel34:p13
W:W25,27,34,35,38,40:B12,14,15,20,24,26	34-30	?	deel34:p16
B:W25,27,30,35,38,40:B12,14,15,20,24,26	26-31	!	deel34:p16
B:W15,27,30,32,33,35,37,38,39,40,42,47,48:B4,6,8,9,11,13,14,16,17,18,19,21,26	17-22	?	deel34:p17
W:W15,32,35,37,38,40,42,47,48:B4,6,8,9,11,13,14,16,18,21,26,28,31	32x3	!	deel34:p17
B:W15,27,30,32,33,35,37,38,39,40,42,47,48:B4,6,8,9,11,13,14,16,17,18,19,21,26	8-12	!!	deel34:p17
B:W15,27,28,30,32,35,37,38,39,40,42,47,48:B4,6,9,11,12,13,14,16,17,18,19,21,26	4-10	!	deel34:p17
B:W23,27,30,35,37,38,39,40,42,47,48:B3,6,11,16,21,26	21x45	!	deel34:p17
B:W12,13,25,30,35,49:BK47,11,14,15,20	47-41	!	deel34:p18
B:W8,13,25,30,35,49:BK41,11,14,15,20	41-36	!	deel34:p18
B:WK16,25,30,35,49:BK4,14,15,20	4-18	!	deel34:p18
B:WK5,25,30,49:BK27,15	15-20	!	deel34:p19
B:WK5,14,25,49:BK13	13-4	!	deel34:p19
B:W25,27,28,31,33,36,37,38,48,50:B3,6,11,12,13,14,16,18,19,26	11-17	!	deel34:p20
W:W15,29,30,31,32,34,36,39,47:B4,13,14,16,17,18,19,23,26	15-10	!	deel34:p21
B:WK5,29,30,34,36,39,47:B4,13,14,16,17,18,19,23,28	19-24	!	deel34:p21
B:W15,29,30,31,32,34,36,39,47:B4,13,14,16,17,18,19,21,23	14-20	!	deel34:p21
B:W10,33,37,48:BK49,13,18,22,26,27	18-23	!	deel34:p23
B:W23,24,33,37,38,39,48:B2,12,13,14,17,25,26,27	25-30	!	deel34:p24
B:W23,33,35,37,38,39,48:B2,12,13,14,17,26,27	17-22	!	deel34:p24
B:W24,30,37,38,39,48:B2,12,14,22,26,27,28	12-18	?	deel34:p24
W:W20,30,37,38,48:B9,19,22,26,27,28	30-25	?	deel34:p24
B:W20,25,37,38,48:B9,19,22,26,27,28	19-24	!	deel34:p24
B:W24,27,29,31,32,33,34,37,38,39,40,41,42,43,44,45,48:B3,4,6,8,9,10,11,12,13,15,16,17,18,21,23,25,26	17-22	!	deel34:p27
B:W19,24,27,29,31,32,34,37,38,40,41,42,43,44,45,48:B3,4,6,8,9,10,11,12,13,15,16,18,21,25,26	11-17	!	deel34:p27
W:W24,27,31,32,34,36,37,38,40,43,44,45,48:B4,6,8,10,13,15,16,17,18,21,23,25,26	27-22	!	deel34:p27
B:W24,29,31,32,34,35,36,37,42,44,45,48:B6,8,9,10,11,13,15,16,25,26	25-30	!	deel34:p28
W:W24,29,31,35,36,37,44,45,48:BK47,6,10,13,26	35-30	!	deel34:p28
B:W27,28,30,32,35,37,38,42:B11,13,14,16,18,19,21,24,26	18-23	?	deel34:p29
B:W26,28,29,33,37,38,47:B12,13,16,17,18,19,36	16-21	?	deel34:p30
W:W26,28,29,33,37,38,47:B12,13,17,18,19,21,36	29-23	!	deel34:p30
W:W15,27,28,32,33,34,39,40,41,44,50:B3,4,13,16,17,19,21,23,25,30,35	27-22	?	deel34:p31
B:W15,22,28,32,33,34,39,40,41,44,50:B3,4,13,16,17,19,21,23,25,30,35	19-24	!	deel34:p31
B:W15,27,28,32,34,39,40,44,50:B4,9,16,17,19,25,26,30,35	9-13	!	deel34:p31
W:W6,15,29,34,39,40,44,50:BK46,3,4,13,17,19,25,30,35	39-33	!	deel34:p31
B:W12,15,31,33,34,39,40,44,50:B3,4,11,13,19,25,30,32,35	32-38	!!	deel34:p32
W:W18,29,31,33,34,35,36,38,39,40,41,43,44,46,47,48,49,50:B2,3,4,5,6,7,8,9,10,11,12,15,16,17,20,23,24	35-30	!	deel34:p34
W:W27,30,32,33,35,38,42,44,48:B3,4,7,9,13,16,17,21,23	33-28	?	deel34:p34
W:W25,26,27,28,32,33,36,37,38,40,42,43,44,45:B3,6,8,9,10,11,12,13,14,16,18,19,20,23	33-29	!	deel34:p36
B:W25,26,27,28,29,32,36,37,38,42,43,44,45:B3,6,8,9,10,11,12,13,14,16,18,19,20	19-24	!	deel34:p36
W:W23,25,26,27,29,32,36,37,38,40,42,45:B3,6,8,9,12,14,15,16,17,18,19,20	37-31	!	deel34:p37
W:W25,27,28,35,36,37,38,39,40,42,48:B7,8,9,12,13,14,15,17,19,26,29	38-32	!	deel34:p40
B:W22,25,28,31,33,34,35,36,37,38,39,42,48:B2,6,7,9,11,13,14,15,17,19,20,24,26	24-30	?	deel34:p40
W:W22,25,28,31,33,34,35,36,37,38,39,42,48:B2,6,7,9,11,13,14,15,19,20,21,24,26	34-29	?	deel34:p40
B:W24,25,27,28,30,31,33,35,36,42:B6,8,9,12,13,14,15,16,18,19	18-23	?	deel34:p41
W:W22,24,25,30,31,33,35,36,42:B6,8,9,12,13,14,15,16,19,32	33-28	!	deel34:p41
W:W27,28,31,32,36,37,38,39,40,43,44,46:B4,6,9,11,12,15,16,19,21,24,25,26	28-22	!	deel34:p42
B:W27,28,31,32,34,36,37,38,39,43,44,46:B4,6,9,11,12,15,16,19,21,24,25,26	24-29	!	deel34:p42
W:W36,39,42,43,44,46:B4,6,16,20,25,28,32	42-37	!	deel34:p42
W:WK2,15,18,27,50:B4,16,29,34,40,42	50-44	!	deel34:p43
B:W24,28,30,31,33,35,36,37,38,40,41,42,43,44,45,46,48:B2,3,4,5,6,7,9,11,12,13,14,15,17,18,21,22,26	13-19	!	deel34:p43
W:W16,23,25,28,32,33,37,38,42,48:B7,8,9,12,14,18,19,24,26	48-43	!	deel34:p45
W:W16,22,25,28,32,37,38,42,43:B7,8,12,13,14,19,24,26,34	16-11	!	deel34:p45
B:WK2,16,25,32,37,38,42,43:B8,13,14,19,24,26,29,33	26-31	!	deel34:p45
B:W27,28,32,33,34,35,37,39,40,41,42,43,45,46,47,48,49:B2,3,4,6,7,8,10,11,12,15,16,18,19,20,23,25,26	4-9	?	deel34:p55
W:W27,28,32,33,34,35,37,39,40,41,42,43,45,46,47,48,49:B2,3,6,7,8,9,10,11,12,15,16,18,19,20,23,25,26	27-22	!	deel34:p55
B:W28,31,32,34,35,36,37,38,39,40,42,43,45,47,48,49:B2,3,6,7,8,9,10,11,12,13,15,16,17,18,23,24	13-19	?	deel34:p55
W:W26,29,33,35,36,38,39,41,42,43,44,45,47,48,49,50:B2,3,4,5,6,7,8,9,11,12,13,14,15,17,20,27	45-40	?	deel34:p55
B:W26,27,31,32,33,36,38,39,42,44,45,48:B6,8,9,12,13,15,16,18,22,23,25,30	30-35	?	deel34:p56
W:W28,32,33,35,36,37,38,39,41,42,43,44,45,46,47,48,49:B1,2,3,4,5,6,8,9,10,11,13,14,16,18,19,21,24	39-34	?	deel34:p56
B:W27,28,29,32,33,34,35,36,37,39,42,44,45,47,48:B2,3,6,7,9,12,13,15,17,18,19,20,24,25,26	17-21	!	deel34:p56
B:W25,28,32,37,38,39,40,45,48:B6,8,13,14,15,19,23,26,29	13-18	?	deel34:p56
W:W25,28,32,33,37,38,45,48:B6,8,14,15,18,19,26,34	25-20	!	deel34:p56
B:W28,29,32,33,34,35,36,38,39,40,41,42,43,44,45,48:B3,6,7,8,9,10,11,12,13,14,15,16,19,20,24,26	13-18	?	deel34:p57
W:W25,26,31,33,35,39,47,49:B11,13,14,15,17,22,24,28	47-41	?	deel34:p57
B:W25,26,31,33,35,39,41,49:B11,13,14,15,17,22,24,28	22-27	!	deel34:p57
W:W24,29,31,33,34,36,37,38,39,40,42,43,44,45,46,48,49:B2,3,4,6,8,9,11,12,13,14,15,16,18,20,21,22,23	24-19	!	deel34:p57
W:W27,32,33,37,38,39,41,42,45,48,49:B2,3,6,7,11,12,15,19,20,23,26	27-22	!?	deel34:p57
B:W22,32,33,37,38,39,41,42,45,48,49:B2,3,6,7,11,12,15,19,20,23,26	26-31	!	deel34:p57
B:WK11,22,26,32,38,39,41,42,45,48,49:B3,6,12,15,16,20	6x46	!	deel34:p57
W:W16,26,40,42,45,47,48,49:B3,4,6,7,12,13,14,15,17,18,23,27,37	42x2	!	deel34:p57
W:W22,30,32,33,35,36,37,38,39,41,42,43,44,45,46,48,49:B1,2,3,4,6,8,9,11,12,13,15,16,19,20,21,24,26	30-25	?	deel34:p58
B:W22,25,32,33,35,36,37,38,39,41,42,43,44,45,46,48,49:B1,2,3,4,6,8,9,11,12,13,15,16,19,20,21,24,26	24-30	!	deel34:p58
W:W25,26,31,35,36,37,38,41,43,48,49,50:B3,5,9,10,11,12,13,14,17,19,22,27,34	37-32	?	deel34:p58
B:W27,29,33,34,35,36,37,38,39,40,42,43,44,45,46,47,48,49:B1,2,4,5,6,7,8,9,10,13,15,16,17,18,19,23,25,26	7-12	?	deel34:p58
B:W22,27,32,33,34,35,38,39,42,43,50:B8,9,11,13,18,19,20,23,24,25,26	8-12	?	deel34:p58
W:W24,29,32,33,34,36,37,38,39,40,41,44,45,47,49:B2,3,6,8,9,10,11,12,13,15,18,20,22,23,25	47-42	?	deel34:p62
B:W24,29,32,33,34,36,37,38,39,40,41,42,44,45,49:B2,3,6,8,9,10,11,12,13,15,18,20,22,23,25	22-27	!	deel34:p62
B:W21,24,29,33,34,36,37,38,39,40,41,42,44,45,49:B2,3,6,8,9,10,11,12,13,15,18,20,23,25	25-30	!	deel34:p62
B:WK23,15,21,28,33,36,40,41,42,44,45,49:B2,3,6,8,9,11,12,18	18x47	!	deel34:p62
W:W26,29,33,34,35,36,37,38,39,40,41,42,43,45,46,47,48,49,50:B1,2,3,4,5,7,8,9,10,11,12,13,15,17,18,20,21,22,23	35-30	?	deel34:p62
B:W26,29,30,33,34,36,37,38,39,40,41,42,43,45,46,47,48,49,50:B1,2,3,4,5,7,8,9,10,11,12,13,15,17,18,20,21,22,23	22-28	!	deel34:p62
B:W6,29,30,34,36,37,38,39,40,41,42,43,45,46,47,48,49,50:B1,2,3,4,5,7,8,9,10,12,13,15,18,20,23,28	28-32	!	deel34:p62
B:W17,23,27,28,32,37,38,43,44:B12,13,15,16,21,24,26	26-31	!	deel34:p63
W:W25,26,28,33,34,35,38,39,40,42,45,47,48,49:B2,3,5,6,7,9,10,12,14,15,17,22,24,27	49-43	?	deel34:p63
B:W14,23,26,31,32,35,36,38,41,48,49,50:B3,5,9,10,11,13	10x46	!	deel34:p63
B:W15,28,29,31,33,34,39,41,44:B4,6,9,14,17,18,19,22,35	6-11	?	deel34:p64
W:W25,28,30,32,34,35,38,42,43,46,48,50:B2,6,8,9,11,13,14,15,16,18,19,20	34-29	?	deel34:p64
B:W25,29,30,32,35,42,43,46,48,50:B2,6,8,9,11,14,15,16,19,20	19-24	!	deel34:p64
B:W21,29,32,35,42,43,46,48,50:B2,4,6,16	16x47	!	deel34:p64
B:W27,33,35,36,37,38,40,41,42,43,44,45,47,48,49:B1,2,3,6,8,9,10,11,12,13,15,16,23,24,26	13-18	?	deel34:p65
W:W27,33,35,36,37,38,40,41,42,43,44,45,47,48,49:B1,2,3,6,8,9,10,11,12,15,16,18,23,24,26	37-31	!	deel34:p65
B:WK4,29,32,34,36,37,38,39,41,43:B3,7,18,19,21,23,25,26,27	19-24	!	deel34:p69
B:W24,25,28,29,33,36,38,39,40,44,47,48:B2,3,4,6,9,10,13,14,15,17,26,27	17-22	!	deel34:p73
B:W16,25,28,33,34,35,37,39,40,43,45,47:B4,7,9,10,12,13,14,17,19,22,24,36	24-29	!	deel34:p75
W:W16,28,33,34,35,37,43,45,47:B4,7,12,13,17,18,19,22,24,36	47-41	!	deel34:p75
W:W16,28,33,34,35,37,43,45:BK47,4,7,12,13,17,18,19,22,24	45-40	?	deel34:p75
B:W9,16,34,35,37,40:B4,7,12,13,17,18,24	24-29	!	deel34:p75
W:W16,28,33,34,35,37,43,45:BK47,4,7,12,13,17,18,19,22,24	16-11	!	deel34:p75
W:WK2,35,37,43,45:BK40,4,12,13,17,18,19,24,33	35x44	?	deel34:p75
B:W16,25,28,30,33,34,35,37,40,43,45,47:B4,7,10,12,13,14,17,18,19,22,24,36	14-20	!	deel34:p75
B:W25,26,28,31,32,33,34,36,37,38,39,40,41,42,43,44,45,49:B3,4,6,7,8,9,10,11,12,13,14,16,17,18,19,21,22,35	21-27	?	deel34:p75
B:W25,26,27,29,31,36,37,39,40,41,42,43,44,45,49:B3,4,6,7,9,10,11,12,13,15,16,17,18,22,35	10-14	?	deel34:p76
W:W25,26,27,29,31,36,37,39,40,41,42,43,44,45,49:B3,4,6,7,9,11,12,13,14,15,16,17,18,22,35	26-21	!	deel34:p76
W:W25,26,31,36,39,40,41,43,44,45,49:BK20,4,6,7,8,9,10,11,12,13,15,17,18,22,35	25x5	?	deel34:p76
B:WK5,26,31,36,39,40,41,43,44,45,49:B3,6,7,8,9,11,12,13,15,17,18,22,35	22-27	?	deel34:p76
W:W7,24,29,30:B4,13,14,28,41	29-23	?	deel34:p81
W:WK2,24,29,30:BK46,4,13,14,28	2x10	!	deel34:p81
B:W32,33,35,36,38,42,45,48,49:B3,8,9,10,11,18,22,24,29	24-30	?	deel34:p81
W:W32,33,36,38,42,45,48,49:B3,8,9,10,11,18,20,22	32-28	!	deel34:p81
W:W21,26,29,32,33,35:B2,11,12,18,20,24	33-28	!	deel34:p82
B:W27,29,30,32,34,37,39,40,41,42,43,45,47,48:B2,6,8,10,12,13,14,15,16,18,21,23,25,26	23-28	!!	deel34:p83
B:W23,28,29,30,34,39,40,41,42,43,45,47,48:B2,6,8,10,12,13,14,15,16,18,25,26	13-19	?	deel34:p83
B:W27,28,30,32,33,36,37,42,44:B3,12,13,16,18,19,20,23,26	20-24	!	deel34:p84
B:W25,27,28,32,33,36,37,42,44:B3,12,13,16,18,19,23,24,26	24-30	!	deel34:p84
B:WK2,23,25,26,34,35:BK50,14,15,16,17,20,21,22	22-28	!	deel34:p85
W:W22,23,28,34,37,38,40,43,45,48:B9,11,13,14,15,16,17,24,25,26	38-33	?	deel34:p86
B:W28,30,32,33,34,36,37,38,39,40,41,42,43,45,48,49:B2,3,4,6,8,9,10,11,12,14,17,18,19,20,21,23	20-24	!	deel34:p88
W:W28,30,32,33,34,36,37,38,39,40,41,42,43,45,48,49:B2,3,4,6,8,9,10,11,12,14,17,18,19,21,23,24	28-22	!	deel34:p88
B:W24,32,33,34,36,37,38,39,41,42,43,45,48,49:B2,3,4,6,8,9,10,11,12,14,17,21,23,44	44-50	?	deel34:p88
W:W24,32,33,34,36,37,38,39,41,42,43,45,48,49:BK50,2,3,4,6,8,9,10,11,12,14,17,21,23	33-29	!	deel34:p88
W:W18,24,33,36,37,39,41,42,43,45,48,49:BK50,2,3,4,6,9,10,13,17	37-31	!	deel34:p89
W:W24,32,36,39,41,42,43,44,45,48:BK50,2,3,4,6,8,10,23	42-37	!	deel34:p90
W:W19,24,36,37,39,41,42,43,44,45,48:BK50,2,3,4,6,8,10,13	24-20	!	deel34:p90
W:W19,24,28,36,38,39,41,42,44,45,48:BK50,2,4,6,8,10,14,18	19-13	!	deel34:p90
W:W17,19,24,32,36,39,41,42,44,45,48:BK50,4,6,8,9,10,11	17-12	!	deel34:p90
W:W8,32,36,37,39,42,44,45,48:BK50,4,6,10,11,17,30	39-33	!	deel34:p90
W:W19,24,32,36,37,39,42,44,45,48:BK50,4,6,9,10,11,22	19-13	!	deel34:p90
W:W19,23,24,32,36,39,42,44,45,48:BK50,2,4,8,10,14,17	36-31	!	deel34:p90
W:W19,23,24,31,32,39,42,44,45,48:BK50,2,4,8,10,14,22	31-27	!	deel34:p90
B:W19,23,24,28,36,39,42,44,45,48:BK50,2,4,8,10,14,17	14-20	!	deel34:p90
W:W19,32,36,39,41,42,43,44,45,48:BK50,2,3,4,8,10,17	32-28	?	deel34:p91
W:W32,36,37,39,42,43,44,45,48:BK50,2,3,9,10,19,22	39-33	!	deel34:p92
W:W32,36,37,42,43,45,48:BK28,2,3,9,10,19,22	32x5	!	deel34:p92
W:W32,36,37,38,42,45,48:BK28,2,4,9,10,19,22	32x5	!	deel34:p92
W:W19,21,32,36,38,39,42,44,45,48:BK50,2,3,8,10,14	32-27	!	deel34:p92
W:W21,27,36,38,39,42,44,45,48:BK50,2,3,8,10,23	21-16	!	deel34:p92
W:W17,26,27,36,39,43,44,45,48:BK50,2,3,6,8,24	17-12	!	deel34:p93
W:W17,29,31,32,34,36,39,40,44,48:BK50,2,3,6,8,14	17-12	!	deel34:p94
B:W17,29,31,32,34,36,39,40,44,48:BK50,2,3,6,8,9	8-12	?	deel34:p95
W:W29,31,32,34,36,39,40,44,48:BK50,2,6,9,12	32-28	!	deel34:p95
B:W17,31,32,36,38,39,43,44,45,48:BK50,2,3,6,8,13,19	19-23	?	deel34:p95
B:W23,24,29,32,34,36,37,39,42,43,44,45,47,48,49:B2,3,4,8,9,11,12,13,14,15,16,20,21,25,26	12-18	?	deel34:p97
W:WK5,34,36,41,42,43,44,48,49:B2,3,10,11,14,15,16,17,19,26	34-30	?	deel34:p99
B:WK5,24,36,41,42,43,44,48,49:B2,3,10,11,14,15,16,17,23,26	3-8	!	deel34:p99
B:WK5,30,33,36,37,41,48,49:B3,10,11,13,14,16,17,20,26	20-25	!	deel34:p100
B:WK5,28,30,36,38,41,43,49:B8,10,11,14,16,17,18,20,26	26-31	!	deel34:p100
B:WK5,28,30,36,37,41,43,49:B8,10,11,14,16,17,18,20,26	20-25	!	deel34:p101
B:WK21,24,28,36,37,41,43,49:B8,11,16,20,25,26	20x29	!	deel34:p101
B:WK21,28,36,37,41,43,49:B16,25,26,29	16x27	!	deel34:p101
B:WK5,23,36,37,42,43,44,48,49:B2,3,10,11,14,15,16,19,26,28	14-20	!?	deel34:p102
W:WK5,23,36,37,42,43,44,48,49:B2,3,10,11,15,16,19,20,26,28	5x25	?	deel34:p102
B:WK25,23,36,37,42,43,44,48,49:B2,3,11,15,16,19,26,28	19-24	!	deel34:p102
B:WK5,29,30,36,41,42,43,48,49:B3,10,11,13,14,16,17,19,20,26	26-31	!	deel34:p103
W:WK5,25,29,36,37,42,43,48,49:B3,10,14,16,17,18,19,20,22,26	29-24	?	deel34:p104
B:WK5,25,36,40,42,48,49:B3,10,14,16,17,18,20,26	18-23	!	deel34:p104
W:WK5,25,29,36,37,38,42,44,48:B3,14,15,16,17,18,19,20,26,28	38-32	?	deel34:p105
B:WK5,25,29,32,36,37,42,44,48:B3,14,15,16,17,18,19,20,26,28	18-23	!	deel34:p105
B:WK5,18,25,32,36,37,42,44,48:B3,14,15,16,17,19,20,26,28	19-24	!	deel34:p105
B:WK21,18,25,32,36,37,42,44,48:B3,15,16,26,28	16x47	!	deel34:p105
B:WK5,25,34,36,37,42,48:B3,10,14,16,17,20,23,26	20-24	?	deel34:p106
B:WK5,25,34,36,37,42,48:B3,10,14,16,17,20,23,26	14-19	!	deel34:p106
B:WK5,14,34,36,37,42,48:B3,10,16,17,19,23,26	23-28	!	deel34:p106
B:WK5,32,34,36,37,42,48:B3,10,16,17,26	3-9	!	deel34:p106
W:W16,25,32,33,34,35,37,39,40,43,45,47:B4,7,9,10,12,13,14,18,19,22,24,36	25-20	!	deel34:p107
W:WK5,25,36,37,39,42,44,48:B9,14,16,17,18,19,22,24,26	39-33	!	deel34:p108
W:WK5,25,36,38,40,43,48:B10,13,14,16,17,18,22,23,29,37	40-34	!	deel34:p108
B:W6,16,25,26,34,41,47:B2,7,8,12,14,15,24,36	12-17	!	deel34:p114
B:W6,25,29,47:B20,32,36	20-24	!	deel34:p118
W:W29,34,36,37,38,39,40,41,44,47:B7,12,14,18,19,21,22,23,25,27	34-30	!	deel34:p133
W:W8,36,41,47:B7,14,18,19,21,27,34	36-31	!	deel34:p133
W:W8,41,47:B7,14,18,19,21,34,36	47-42	!	deel34:p133
W:W25,28,29,30,33,38,39,40,43,47:B12,13,14,15,17,19,20,22,27,31	38-32	!	deel34:p133
W:W25,28,29,30,33,39,40,47:BK49,12,13,14,15,17,19,20,22,31	29-24	!	deel34:p133
W:W25,28,30,39,40,47:BK49,12,13,14,15,17,19,22,31,38	39-33	!	deel34:p133
W:W12,29,32,33,39,42,44,48,50:B2,13,19,20,21,24,27,30,35	39-34	!	deel34:p134
W:W15,32,38,39,40,48,49,50:BK47,1,4,8,10,11,12,13,21,23	50-44	!	deel34:p134
W:W29,30,39,41,47,48,50:BK49,3,7,11,12,13,14,22,36	47-42	!	deel34:p134
W:W24,29,32,33,37,38,42,44,45,47:B8,9,10,11,15,18,20,21,22,27	37-31	!	deel34:p134
W:W25,28,32,34,35,36,37,38,39,40,42,43:B12,13,14,15,17,18,19,20,23,26,29	37-31	!	deel34:p135
W:W25,35,38,39,44,45,47:BK48,8,9,14,15,18,20,23,29,36	45-40	!	deel34:p135
W:W25,28,30,32,33,38,41,43,45,47,48:B2,4,12,13,14,15,16,17,18,19,21,31	28-22	!	deel34:p135
W:W25,30,38,43,45,47,48:BK23,2,4,12,13,14,15,16,18,19,21,31	45-40	!	deel34:p135
W:W43,47,48:BK42,2,4,12,13,14,15,16,18,21,31	48x10	!	deel34:p135
B:W6,49:B2,9,14,25	2-7	!	deel34:p135
W:W6,49:B7,9,14,25	6-1	!	deel34:p135
W:W23,34,40,49,50:BK46,3,9,12,13,14,22,25,33	34-30	!	deel34:p136
W:W6,34,48:B13,18,31	6-1	?	deel34:p136
B:W26,28,30,33,34,37,40,42,43,47,48:B8,9,11,13,16,17,18,19,22,27,36	19-23	!	deel34:p137
W:WK20,15:B4,10,37	20-9	!	deel34:p139
W:WK20,15:B4,14,32	20x9	!	deel34:p139
W:W22,28,30,31,32,33,34,49:B11,12,13,14,17,19,24,25	34-29	!	deel34:p139
W:W28,30,32,34,43,44:BK46,7,9,12,17,19,20,25	28-22	!	deel34:p139
W:W24,26,30,31,34,36,37,38,40,47,49:BK48,4,7,9,13,15,16,17,18,19,20,21,22	31-27	!	deel34:p139
W:W25:B7,17,22,27,30,38,39	25x1	!	deel34:p139
B:W27,28,30,32,33,34,35,38,47:B12,14,15,17,18,19,23,24,36	23-29	?	deel34:p140
B:W27,28,30,32,33,34,35,38,47:B12,14,15,17,18,19,23,24,36	17-21	?	deel34:p140
B:W27,28,30,32,33,34,35,38,47:B12,14,15,17,18,19,23,24,36	15-20	!	deel34:p140
W:W27,31,34,36,38,41,42,44,50:B12,13,14,16,18,22,24,35	27-21	!	deel34:p140
W:W31,34,36,38,41,42,44,50:B12,13,14,18,22,24,27,35	38-32	!	deel34:p140
W:W38,39,40,45,47,49,50:BK48,2,10,13,14,20,22,23,29,30	50-44	!	deel34:p140
W:W25,27,30,37,38,44,46:BK47,2,7,8,9,14,15,20,23	46-41	!	deel34:p141
W:W25:B2,4,7,8,9,20	25x1	!	deel34:p141
W:W25,27,37,44,46,50:BK33,K48,9,11,12,13,14,15,18,20,29	44-39	!	deel34:p141
B:WK14,43,45:B15,31,33	33-38	!	deel35:p12
B:WK14,32,45:B15,31	15-20	!	deel35:p12
W:W21,25,27,28,32,35,39,42,43:B3,6,12,13,14,19,23,24,29	39-34	?	deel35:p12
B:W21,25,27,28,32,35,37,39,43:B3,6,12,13,14,19,23,24,29	29-33	?	deel35:p12
W:W6,25,27,32,34,35,36,37,38,39,47,48:B1,2,3,7,8,10,15,18,24,26,30	25-20	?	deel35:p13
B:W6,18,24,27,32,34,36,37,38,39,47,48:B1,2,3,7,8,14,15,26	7-11	!	deel35:p13
B:W8,18,24,27,32,34,36,37,38,39,47,48:B1,2,3,14,15,26	2x44	!	deel35:p13
W:W26,27,28,32,33,36,37,38,39,40,44:B3,6,9,11,13,16,17,18,19,23,30	37-31	?	deel35:p13
B:W26,27,28,31,32,33,36,38,39,40,44:B3,6,9,11,13,16,17,18,19,23,30	23-29	!	deel35:p13
W:W27,30,31,32,34,35,36,37,40,41,42,43,45,46,48,49:B1,2,3,6,8,9,10,13,14,16,18,19,20,23,25,26,33	42-38	!	deel35:p14
W:W24,26,29,30,31,37,40,41,42,43,46,48,49:B2,3,4,6,7,8,12,13,15,16,17,21,22	42-38	?	deel35:p15
W:W24,26,29,30,31,37,40,41,42,43,46,48,49:B2,3,4,6,7,8,12,13,15,16,17,21,22	40-34	?	deel35:p15
W:W15,24,29,34,36,38,39,42,46,48:B4,11,12,13,18,22,23,25,27,28	34-30	!	deel35:p16
B:W11,16:BK26,7,28,34	26-17	!	deel35:p16
B:W13,24,42,48:B12,14,17,32	17-21	!	deel35:p18
B:W9,42,48:B12,21,23,32	23-29	?	deel35:p18
B:WK3,25,43,47:B7,11,33,34	33-39	?	deel35:p20
B:W22,27,28,32,33,34,35,37,38,39,40,48:B1,3,7,9,12,15,16,19,20,24,25,26	9-14	!	deel35:p36
B:W22,27,28,32,33,34,35,37,38,39,40,48:B1,3,7,9,12,15,16,19,20,24,25,26	3-8	?	deel35:p36
B:W25,26,27,28,30,32,35,36,38,39:B12,13,14,15,16,17,18,19,23,24	16-21	?	deel35:p37
W:W16,25,26,28,30,32,35,36,38,39:B12,13,14,15,17,19,22,23,24	32-27	!	deel35:p37
B:W25,27,28,30,31,32,35,36,38,44:B9,12,14,15,16,17,18,19,23,24	24-29	!	deel35:p37
W:W16,21,25,26,30,33,35,36,44:B9,12,14,15,17,19,24,32	36-31	?	deel35:p37
W:W24,25,32,35,37,39,47:B13,14,15,18,21,22,23	24-19	!	deel35:p38
W:W24,25,32,35,37,39,47:B13,15,18,19,21,22,23	37-31	!	deel35:p38
B:W24,25,30,32,35,37,47:B13,15,17,18,19,23,28	17-22	?	deel35:p39
W:W17,20,24,30,35,47:B13,15,18,19,38	20-14	!	deel35:p39
W:W17,24,30,35,47:B10,13,15,18,38	47-42	!	deel35:p39
B:W24,25,27,35,38,39,47:B13,14,15,17,18,23,28	17-22	?	deel35:p39
W:W24,25,30,32,38,47:B13,14,15,21,23,31	38-33	!	deel35:p40
W:W24,25,30,32,33,47:B13,14,15,21,29,31	24-20	!	deel35:p40
W:W24,25,30,38,47:B13,14,15,17,23	38-33	!	deel35:p40
W:W24,25,30,33,47:B13,14,15,17,29	24-20	!	deel35:p40
B:W24,25,30,31,33,39,47:B13,14,15,18,21,22,28	21-26	?	deel35:p40
W:W24,25,30,31,33,39,47:B13,14,15,18,22,26,28	24-19	!	deel35:p40
B:W24,25,30,31,33,39,47:B13,14,15,18,21,22,28	18-23	?	deel35:p40
W:W24,25,30,31,33,39,47:B13,14,15,21,22,23,28	25-20	!	deel35:p40
B:W24,25,30,31,33,39,47:B13,14,15,18,21,22,28	28-32	?	deel35:p40
W:W24,25,26,30,33,39,41:B13,14,15,22,23,28,32	26-21	?	deel35:p41
B:W24,25,26,30,33,39,41:B13,14,15,22,23,28,32	23-29	?	deel35:p41
W:W24,25,26,30,33,39,41:B13,14,15,22,28,29,32	24-20	!	deel35:p41
B:W24,28,33,36,39,41,43,47,48,49:B3,4,8,11,12,14,17,18,22,26	22-27	!	deel35:p42
B:W24,28,36,39,41,43,47,49:B3,10,11,12,13,14,17,26,38	12-18	!	deel35:p43
B:W15,25,27,28,32,33,37,38,39,43,44,47,48,50:B2,4,6,8,9,10,13,14,16,18,19,21,26,45	6-11	?	deel35:p46
B:W15,25,27,28,32,33,37,38,39,43,44,47,48,50:B2,4,6,8,9,10,13,14,16,18,19,21,26,45	19-23	?	deel35:p46
B:W15,20,27,32,33,37,38,39,43,44,47,48,50:B2,4,6,8,9,10,13,16,18,21,23,26,45	10-14	?	deel35:p46
B:W15,25,27,32,33,37,39,47,48,50:B2,4,6,8,14,16,18,21,23,26	2-7	!	deel35:p47
W:W15,25,27,32,37,38,43,47,48,50:B2,4,6,8,10,16,18,21,24,26	25-20	!!	deel35:p48
W:W15,20,27,32,37,38,39,47,48,50:B2,4,6,10,12,16,18,21,26,29	37-31	?	deel35:p49
B:W13,15,20,39,47,50:B2,4,6,10,12,16,32	12-18	!	deel35:p49
W:W15,20,27,32,33,37,38,47,48,50:B2,4,8,10,16,17,18,21,26,34	33-28	?	deel35:p50
W:W15,20,27,32,37,47,48,49:B2,4,10,12,13,16,18,26	32-28	!	deel35:p51
W:W15,20,27,32,33,37,41,48,49:B4,6,8,10,12,16,21,23,26	27-22	!	deel35:p52
B:W12,15,20,31,33,37,41,48,49:B4,6,10,11,16,26	4-9	!!	deel35:p52
W:W16,21,26,32,38,39,42,44,45,48:B3,7,8,9,12,17,18,24,25,29	16-11	!	deel35:p60
W:W16,21,25,26,31,32,38,39:B3,7,12,13,14,17,22,29	31-27	!	deel35:p61
W:W16,25,32,37,38,39:B3,7,12,13,14,26,29	32-28	!	deel35:p61
B:W16,21,26,32,35,38,39,42,45,48:B3,7,8,9,12,17,18,25,29,30	30-34	!	deel35:p61
W:W27,34,35,38:B14,16,24,28	27-22	!	deel35:p62
W:W38:B16,20,25	38-32	!	deel35:p62
W:W25,26,27,31,33,36,38,39,40,43,45:B3,6,9,12,13,14,16,18,22,24,28	26-21	!	deel35:p64
B:W25,27,31,33,34,36,39,43,45:B8,9,11,12,13,14,16,19,24	11-17	!	deel35:p65
B:W25,27,29,31,33,36,39,43,45:B8,9,12,13,14,16,17,19,24	13-18	!	deel35:p65
B:W15,27,28,29,38,39:B4,13,18,19,41	41-46	?	deel35:p66
B:W20,29,33,36,38,39:B4,13,18,19,21,37	21-26	?	deel35:p66
W:W20,29,33,36,38,39:B4,13,18,19,26,37	33-28	!	deel35:p66
W:W20,28,29,36,38,39:B4,13,18,24,26,37	29-23	!	deel35:p66
W:W26,29,32,33,34,35,37,38,39,40,42,43,44,45,47:B2,3,4,8,9,13,15,17,18,19,20,22,23,24,31	32-28	!	deel35:p67
B:W26,29,32,33,34,35,37,39,40,41,42,43,44,45,49:B2,3,4,8,9,11,13,15,17,18,19,20,23,24,31	31-36	?	deel35:p67
W:W26,29,32,33,34,35,37,39,40,41,42,43,44,45,49:B2,3,4,8,9,11,13,15,17,18,19,20,23,24,36	34-30	!	deel35:p67
B:W6,34,35,36,40,42,43,44,45,49:B2,3,4,8,9,13,15,18,19,20,26	2-7	!	deel35:p68
W:W25,27,31,34,35,37,38,39,45:B14,15,17,18,20,22,24,26,28	38-32	?	deel35:p68
B:WK26,25,34:B14,15,20,22,35,41	35-40	!	deel35:p69
W:WK3,25,34:BK46,14,15,20,27	34-29	!	deel35:p69
W:WK3,25,29:BK19,14,15,20,27	3-9	!	deel35:p69
B:W26,27,32,33,34,35,38,39,43,47:B3,7,10,12,14,16,17,18,20,23	20-24	?	deel35:p70
W:W26,27,32,33,34,35,38,39,43,47:B3,7,10,12,14,16,17,18,23,24	34-29	!	deel35:p70
B:W26,27,30,32,33,38,43,47:B3,7,10,12,16,17,18,23	17-22	?	deel35:p71
W:W30,32,33,37,38,41,43:B7,9,10,12,16,18,23	30-24	!	deel35:p71
B:W24,26,27,32,33,38,43,47:B7,10,12,14,16,17,18,23	17-22	!	deel35:p71
W:W24,26,27,32,33,38,43,47:B7,10,12,14,16,18,22,23	26-21	!	deel35:p71
W:W21,24,32,33,38,43,47:B7,10,12,14,16,18,23,31	32-27	!	deel35:p71
W:W24,32,37,38,41,43:B10,11,12,16,18,23	24-20	!	deel35:p71
W:W20,37,38,39,41:B10,11,16,18,29	39-33	!	deel35:p71
W:W20,33,37,38,41:B10,11,16,18,34	33-29	!	deel35:p71
W:W20,37,38,41:B10,11,16,18,23	38-33	!	deel35:p71
W:W20,26,27,32,38,39,47:B10,11,12,16,17,23,29	38-33	!	deel35:p72
W:W20,26,27,38,39,47:B10,11,16,17,18,29	39-33	!	deel35:p72
W:W20,26,27,33,38,47:B10,11,16,17,18,34	33-29	!	deel35:p72
W:W16,21,26,32,38,39,42,44,45,48:B3,7,8,9,12,17,18,24,25,29	39-33	?	deel35:p72
B:W24,27,28,32,34,37,38,39,40,47:B2,9,12,13,15,16,17,18,21,25	2-7	!	deel35:p74
B:W23,31,32,34,35,36,37,46:B8,12,16,20,21,25,26,29	29x18	?	deel35:p75
W:W31,32,34,35,36,37,46:B8,12,16,18,20,21,25,26	32-27	!	deel35:p75
B:W26,27,28,33,34,39,49:B6,13,16,18,19,24,25	24-30	?	deel35:p76
W:W26,27,28,33,34,39,49:B6,13,16,18,19,25,30	33-29	!	deel35:p76
W:W33,35,36,38,42,43,45,46,48,49:B2,6,8,9,11,12,15,17,27,34	49-44	!	deel35:p77
W:WK3,33,35,36,38,42,43,45,46,48,49:B2,4,6,8,10,11,12,13,15,16,21,27,32	3-25	?	deel35:p77
B:W24,27,29,32,33,37,39,48:B4,8,12,13,16,18,21,25	4-9	!	deel35:p78
B:W24,32,34,37,38,48:B8,9,16,17,21,25	17-22	!	deel35:p78
B:W23,24,26,29,34,48:B9,12,17,22,25,27	27-32	?	deel35:p80
B:W24,27,28,34,37:B16,17,18,25,26	16-21	!	deel35:p81
B:W16,24,28,34,37:B17,18,25,26	25-30	!	deel35:p81
B:W24,28,34,36:B18,25,27	25-30	!	deel35:p82
B:W24,29,31,32,48:B9,16,18,21,25	25-30	!	deel35:p82
B:W29,31,32,35,48:B9,16,18,21	18-22	!	deel35:p82
W:WK17,16,32,48:B31,40	32-27	!	deel35:p82
B:W16,24,28,34,37:B17,18,25,26	18-22	?	deel35:p84
B:W19,24,25,28,29,33,35,36,38,42,43,45,46,48,49:B2,4,6,8,9,10,11,12,13,14,15,16,17,18,27	14x34	?	deel35:p89
B:WK26,33,35,36,38,42,43,45,46,48,49:B2,4,6,8,9,11,12,13,15,16,17	17-21	!	deel35:p89
W:W20,24,30,35,36,37,38,42,43,47,49:B1,7,8,11,13,15,18,19,23,27,28	20-14	!	deel35:p90
B:W25,28,30,31,32,33,35,36,37,38,39,40,42,43,45,48:B3,5,6,7,8,9,12,13,14,15,16,17,19,21,23,24	12-18	?	deel35:p98
W:W29,32,33,34,35,36,37,38,39,40,41,42,43,44,48:B1,3,6,8,9,13,14,15,16,18,19,20,22,24,25,31	37x26	?	deel35:p98
B:W27,28,32,33,34,35,37,38,39,42,43,44,45,47,48:B3,4,6,7,8,9,10,12,15,16,18,20,21,24,26	7-11	?	deel35:p98
W:W26,33,35,37,39,40,42,43,45,48,49:B2,3,4,7,8,9,13,14,22,24,28	37-32	?	deel35:p98
B:W24,26,27,31,36,38,39,40,42,43,45,47,48,49:B2,3,6,8,9,11,12,13,14,15,16,17,18,22	17-21	?	deel35:p98
W:W27,30,32,33,34,35,36,37,38,39,40,41,42,43,45,47,48:B1,3,4,6,8,9,11,12,13,14,16,18,19,21,23,24,26	30-25	?	deel35:p99
W:W27,30,32,33,34,35,36,37,38,39,40,41,42,43,45,47,48:B1,3,4,6,8,9,11,12,13,14,16,18,19,21,23,24,26	33-28	?	deel35:p99
W:W25,33,35,39,40,41,43,47:B2,9,14,16,17,19,21,24	40-34	!	deel35:p99
B:W27,29,30,31,33,34,35,36,39,41,44,48:B3,4,8,9,11,12,13,14,15,18,22,23	15-20	?	deel35:p100
W:W22,25,26,27,33,35,36,38,39,40:BK48,1,3,7,9,12,13,14,16,18,24	25-20	!	deel35:p100
W:W24,26,28,29,32,33,36,38,39,41,43,45,46,47,48,49:B2,4,6,7,8,9,11,12,13,15,16,17,18,20,22,25	41-37	?	deel35:p101
W:W12,22,37,40:BK48,11,13	22-17	!	deel35:p102
W:W12,30,35,37:B11,13,43	12-8	!	deel35:p102
B:W14,24:BK4,8,11	8-13	!	deel35:p102
B:W25,27,28,32,33,37,38,44:B3,6,14,16,17,18,19,21,23	21-26	?	deel35:p102
B:WK4,28,32,37,39:B3,6,26,35,45	45-50	?	deel35:p102
B:W23,25,27,28,32,33,35,36,37,39,40,41,42,44,46,47,48:B2,3,4,6,8,9,11,12,13,14,15,16,17,19,21,24,26	13-18	?	deel35:p103
W:W23,25,27,28,32,33,35,36,37,39,40,41,42,44,46,47,48:B2,3,4,6,8,9,11,12,14,15,16,17,18,19,21,24,26	25-20	!	deel35:p103
B:W24,25,26,27,36,38,40,41,42,43,44,45,48:B2,3,6,8,11,12,13,14,15,16,17,18,28	28-32	?	deel35:p103
B:W23,24,26,29,31,33,34,36,38,39,40,41,44,45:B2,4,6,10,11,12,13,14,15,18,20,22,25,27	2-7	?	deel35:p103
W:W26,28,30,31,32,33,35,36,38,42,43,44,47,48,49:B2,4,6,7,8,10,11,12,15,16,17,18,19,23,24	30-25	?	deel35:p103
W:W21,29,30,33,34,36,38,39,40:B7,10,12,13,15,18,22,25	38-32	!	deel35:p103
W:W21,29,30,32,33,34,36,39,40:B7,10,12,13,15,18,25,27	29-24	!	deel35:p103
W:W25,26,27,29,30,31,32,34,36,37,41,42,43:B3,6,8,11,13,14,15,16,17,18,19,21,23	43-39	?	deel35:p104
B:W25,26,27,29,30,31,32,34,36,37,39,41,42:B3,6,8,11,13,14,15,16,17,18,19,21,23	17-22	!	deel35:p104
W:W28,32,33,35,36,38,39,43,45,46,48:B3,8,9,12,13,15,16,17,19,24,25	32-27	?	deel35:p104
W:W18,27,28,32,34,37,39,40,43,47:B2,4,8,15,16,20,21,24,25,26	43-38	?	deel35:p104
W:W25,26,31,34,35,36,37,38,43,44,46,47,48,49:B2,3,4,6,11,12,13,14,15,17,19,22,23,27	47-41	?	deel35:p104
B:W27,31,33,34,35,36,37,38,39,40,42,43,44,45,46,47,48,49,50:B1,2,3,4,5,6,7,8,9,10,11,12,15,16,18,19,20,22,24	10-14	?	deel35:p105
W:WK1,49:B18,45	1x40	!	deel35:p110
W:W14,24,29,34,36,37,38,39,47,48,49,50:B11,12,13,15,16,18,22,23,25,27,28,35	36-31	!	deel35:p111
W:W14,15,24,29,34,36,37,38,39,47,48,49,50:B4,5,11,12,13,16,18,22,23,25,27,28,35	15-10	?	deel35:p111
W:W6,21,47,50:B5,16,18,27,32,35,39	6-1	?	deel35:p111
B:WK1,21,47,50:B5,16,18,27,32,35,39	32-37	!!	deel35:p111
W:W14,15,24,29,34,36,37,38,39,47,48,49,50:B4,5,11,12,13,16,18,22,23,25,27,28,35	14-10	!	deel35:p111
W:W15,24,29,34,37,38,39,47,48,49,50:B4,11,12,13,14,16,18,22,23,25,28,35,36	47-41	!	deel35:p111
W:W15,24,29,34,37,38,39,48,49,50:BK47,4,11,12,13,14,16,18,22,23,25,28,35	15-10	!	deel35:p111
B:W16,17,22,27,32,33,39,48,49:B1,2,4,6,8,9,10,13,18	1-7	?	deel35:p112
B:W25,26,27,28,30,32,33,35,36,38,39,40,42,48:B3,6,9,11,13,14,15,16,17,18,19,21,23,24	14-20	?	deel35:p120
B:W25,26,27,28,30,32,33,35,36,38,39,40,42,48:B3,6,9,11,13,14,15,16,17,18,19,21,23,24	24-29	?	deel35:p120
B:W24,25,32,35,37,39,47:B13,14,15,18,21,22,23	23-28	!	deel35:p120
B:W12,24,25,35,37,39,47:B13,14,15,21,22	14-20	!	deel35:p120
W:W25,33,34,35,36,37,38,39,40,42,50:B3,5,10,13,15,16,18,19,22,27,28	34-30	?	deel35:p120
W:W30,32,33,36,38,39,40,44,47,48:B1,2,3,10,13,14,15,16,18,22,26	32-28	?	deel35:p120
B:W28,30,33,36,38,39,40,44,47,48:B1,2,3,10,13,14,15,16,18,22,26	15-20	!	deel35:p120
B:W25,29,30,35,36,37,38,39,40,47:B3,4,8,13,14,15,17,18,27,28	18-23	!	deel35:p121
W:W10,35,36,38:BK45,2,3,13,15,16	10-5	!	deel35:p123
B:W25,33,35,36,37,38,40,42,43,45,47,48:B11,12,13,15,16,18,19,20,21,23,24,27	27-32	?	deel35:p124
W:W14,33,35,36,38,40,42,43,45,47,48:B11,12,13,15,16,18,19,21,23,24,41	40-34	!	deel35:p124
W:W6,35,41,46:B5,10,18,21,28	6-1	?	deel35:p124
B:WK1,35,41,46:B5,10,18,21,28	28-32	!	deel35:p124
W:W27,28,30,32,33,34,35,36,40,42,45,47,48,49:B1,3,5,9,11,12,13,16,18,19,20,23,24,25	27-21	!	deel35:p126
W:W26,33,36,37,38,42,47,48:B9,11,12,13,16,17,22,23,24,27,34	36-31	!	deel35:p126
B:W28,32,33,34,35,37,38,41,42,45,48:B1,2,3,8,11,12,15,18,21,24,25	8-13	?	deel35:p126
B:WK46,39:B5,29,36	5-10	!	deel35:p139
B:WK5,39:B29,36	29-33	!	deel35:p139
W:W27,32,38,43,47,48:B11,12,13,16,21,23,24	32-28	!	deel35:p140
W:W24,29,32,35,36,38,39,42,48:B7,11,12,13,15,16,20,21,26	35-30	!	deel35:p140
B:W24,29,30,32,36,38,39,42,48:B7,11,12,13,15,16,20,21,26	21-27	!	deel35:p141
B:WK3,24,48:B7,11,15,37	15-20	!	deel35:p141
W:W21,26,33,34,35,38,48:B7,12,13,18,22,23,24,25	21-17	!	deel35:p141
W:W28,32,33,34,35,36,38,39,40,41,42,44,45,46,48:B2,3,4,7,10,11,12,13,15,16,19,20,21,23,24,25,27	36-31	!	deel35:p141
W:W24,33,34,35,43,48:BK47,2,11,12,13,15,16,32,45	24-20	!	deel35:p142
W:W24,25,26,30,34,36,39,42,43,48:B7,11,12,13,14,15,16,22,23,27	25-20	!	deel35:p142
W:W24,26,30,34,36,39,42,43,48:B7,11,12,13,15,16,22,23,25,27	34-29	!	deel35:p142
W:W24,26,30,36,39,42,43,48:B7,11,12,13,15,16,22,25,27,34	43-38	!	deel35:p142
W:W24,26,30,36,42,48:B7,11,12,13,15,16,22,25,27,32	26-21	!	deel35:p142
W:W6,18:B7,27	18-12	!	deel35:p143
W:W22,28,32,33,35,37,39,40,43,44,46,47,48:B1,2,8,9,11,13,16,18,19,21,23,24,25	32-27	!	deel35:p144
W:W28,33,35,36,39,40,43,44,46,48:B1,2,8,9,11,13,16,19,23,24,25,27	35-30	!	deel35:p144
W:W33,34,36,39,40,41,43,44,46,48:B3,9,11,12,13,18,19,22,23,25,28,32,35,37	34-30	!	deel35:p144
W:W26,32,37,38,41,42,43,44,47,48:B11,12,13,17,23,24,28,34,35,36	37-31	!	deel35:p145
W:W26,31,38,42,43,44,47,48:BK46,11,12,13,17,23,24,34,35,36	38-33	!	deel35:p145
W:W26,44,48:B11,12,13,24,28,34,35,43	48x6	!	deel35:p145
W:W22,32,33,34,37,38,39,40,41,42,43,44,47,48:B1,2,8,9,11,13,16,18,19,21,23,24,25	34-30	!	deel35:p146
W:W20,23,24,25,33,36,42,43,48:B9,11,12,13,14,15,21,26,32	23-19	!	deel35:p147
W:WK6,36:B21,26,32	6-11	!	deel35:p147
W:WK11,36:B26,27,32	11-16	!	deel35:p147
W:WK16,36:B27,31,32	16-21	!	deel35:p147
W:W25,27,32,33,34,38,39,42,48:B2,11,12,13,16,19,21,23,24	25-20	!	deel35:p147
W:W23,24,25,27,33,39,43,47,48,50:B2,11,12,13,14,15,16,21,36,40	23-19	!	deel35:p148
W:W22,27,28,30,31,32,34,39,40,41,44,48,49:B1,2,8,9,11,13,18,19,23,29,35,45	27-21	!	deel35:p148
W:W21,28,32,34,39,40,43,44,48:BK47,1,2,8,9,11,13,19,23,24,29,45	39-33	!	deel35:p148
B:WK2,K29,25:B10,15,42	15-20	!	deel35:p150
B:WK1,K30,25:B10,15,42	15-20	!	deel35:p150
W:W26,36,43,44,48:B7,11,12,13,15,17,20,24,32,34	26-21	!	deel35:p153
B:W21,24,29,33,34,36,37,38,39,41,42,43,44,45,46,48:B3,6,7,8,9,10,11,12,13,15,16,18,23,25,26	16x27	?	deel36:p12
W:WK24,25,38:B14,36	24-15	!	deel36:p15
B:W21,26,29,32,33,34,35,39,42,43,44,45:B2,4,6,7,8,9,12,13,15,18,20,24	12-17	!	deel36:p17
W:W27,28,30,32,35,36,38,40,42,43,45:B8,9,13,15,16,17,18,19,21,23,29	36-31	?	deel36:p20
B:W28,30,31,32,35,37,38,40,42,43,45,49:B3,6,9,10,12,13,15,16,19,21,26,29	21-27	?	deel36:p21
W:W25,29,30,33,34,37,38,39,40,41,42,45,47:B3,7,8,9,14,15,17,18,22,23,26,27,28	25-20	!	deel36:p25
B:W21,24,33,36,37,38,39,40,41,43:B4,9,11,12,13,18,22,23,26	26x17	!	deel36:p25
W:W24,29,32,33,34,36,38,39,41,43,46:B4,8,9,11,13,18,21,22,23,25,27	41-37	?	deel36:p25
B:W21,24,27,30,31,32,34,35,36,38,42,43:B6,8,9,12,13,15,16,18,19,22,23	9-14	?	deel36:p32
B:W16,25,30,33,34,35,37,38,40,42,45,47,48:B4,6,7,9,10,11,12,13,14,18,19,24,36	10-15	?	deel36:p34
W:W26,27,28,32,33,34,35,36,38,39,43:B3,6,11,12,13,17,18,19,23,24,25	34-30	?	deel36:p35
B:W26,27,28,30,32,33,35,36,38,43:B3,6,11,12,13,17,18,19,23,24	23-29	!	deel36:p35
B:W21,26,27,28,32,33,34,38,39,42,50:B1,7,8,12,13,14,18,19,24,25,35	25-30	?	deel36:p38
B:W24,26,29,31,33,34,36,38,39,40,41,42,43,44,47,49:B2,4,6,8,10,11,12,13,15,16,17,18,22,23,25,27	2-7	?	deel36:p41
B:W25,30,31,33,35,36,37,38,42,44,45:B3,4,9,10,11,12,13,14,19,23,24	12-17	!	deel36:p44
B:W25,26,30,31,32,33,35,38,42,44,45:B3,4,9,11,14,15,17,18,19,23,24	14-20	!	deel36:p44
B:W18,22,27,32,34,36,37:B9,13,16,19,20,21,26	19-23	!	deel36:p45
W:W23,29,34,36,37,38,48:B4,13,14,17,20,26,27	34-30	?	deel36:p50
B:W25,26,27,30,32,35,36,37,38,39,40,42,44,45,47,49:B2,3,5,8,9,11,13,14,15,16,17,18,19,23,24,28	8-12	?	deel36:p51
B:W26,27,30,32,34,35,36,37,38,40,42,44,45,47,49:B2,3,5,8,11,13,15,16,17,18,19,20,23,24,28	24-29	?	deel36:p51
B:W26,27,30,32,34,35,36,37,38,39,40,42,45,47,49:B2,3,5,11,12,13,15,16,17,18,19,20,23,24,28	5-10	?	deel36:p51
W:W27,31,32,33,35,37,38,39,41,42,43,44,46,48:B3,4,7,9,11,12,13,16,17,18,21,22,24,26,30	33-28	?	deel36:p52
W:W30,31,34,35,43,47:B7,17,18,19,23,25,26	34-29	!!	deel36:p58
W:W16,26,27,33,34,39,40:B1,7,8,10,18,19,23	16-11	!	deel36:p58
W:W26,27,33,34,39,40:B1,8,10,16,18,19,23	26-21	!!	deel36:p58
B:W25,29,30,31,33,35,36,37,43,45,46,47,49:B5,6,7,10,12,13,14,16,17,18,22,26,27	27-32	?	deel36:p65
W:W23,25,27,29,32,36,37,40:B3,4,12,13,14,16,17,26	32-28	?	deel36:p69
B:W23,25,27,28,29,31,37,40:B3,4,12,14,16,17,18,26	14-19	!	deel36:p69
B:W10,15,24:BK41,3,16,17,37	17-21	?	deel36:p69
B:W16,21,25,26,30,32,34,35,37,38,40,42,43,44,45,47,48:B1,3,5,7,8,11,12,14,17,18,19,20,22,23,24,29,36	8-13	?	deel36:p70
B:W16,21,25,26,30,32,34,35,37,38,40,42,43,44,45,47,48:B1,3,5,7,8,11,12,14,17,18,19,20,22,23,24,29,36	3-9	?	deel36:p70
B:W16,21,25,26,30,32,34,35,37,38,40,42,43,44,45,47,48:B1,3,5,7,8,11,12,14,17,18,19,20,22,23,24,29,36	5-10	?	deel36:p70
B:W16,25,26,30,31,32,34,35,40,43:B1,7,12,14,15,17,19,20,23,29,33	33-39	?	deel36:p70
W:W16,25,26,30,31,32,34,35,40,43:B1,7,12,14,15,17,19,20,23,29,39	30-24	?	deel36:p70
B:W17,28,37,40,50:B3,4,16,19,29,30,36	4-9	?	deel36:p78
W:W25,32,35,36:B3,8,9,14,16,19,20,21,22,30	35x4	?	deel36:p79
B:W25,28,33,35,37,38,40,41,43,45,47,48,49:B3,4,5,8,9,12,13,14,15,16,17,19,24	24-29	?	deel36:p80
W:W28,33,34,35,37,38,39,40,43,44,46:B3,4,6,8,13,16,18,19,21,24,25	38-32	?	deel36:p81
B:W23,24,33,34,37,39,40,42,43,45,47,49:B2,4,8,9,10,12,14,15,16,17,25,36	14-20	?	deel36:p83
B:W25,26,29,33,36,37,38,39,43,44,45,46,48,49:B2,3,4,7,8,11,12,14,17,18,19,21,22,28	4-10	?	deel36:p84
B:W24,27,28,29,32,34,39,40,43,45,47,49:B2,4,6,8,9,12,13,15,18,20,25,26	12-17	?	deel36:p89
W:W24,27,28,29,32,34,39,40,43,45,47,49:B2,4,6,8,9,13,15,17,18,20,25,26	29-23	!	deel36:p89
B:W16,26,31,33,34,36,37,38,39,43,44,49:B4,7,8,11,12,15,17,18,20,22,23,35	8-13	?	deel36:p93
B:W25,27,28,30,31,32,33,34,35,36,37,38,43,45:B3,4,6,9,10,12,13,14,16,18,19,23,24,26	3-8	!	deel36:p95
B:W27,31,32,33,34,35,36,37,38,39,42,43,44,46,47,48,49,50:B1,2,3,4,5,7,8,9,12,13,14,15,16,17,19,20	17-21	?	deel36:p95
B:W24,26,27,29,32,33,34,35,36,38,39,40,41,42,43,45,48,49:B2,3,4,7,8,9,11,12,13,14,15,16,17,18,20,23,25	23-28	?	deel36:p100
W:W15,26,27,29,31,33,34,37,38,39,41,43,44,45,47,49:B1,4,7,8,10,11,12,13,14,16,17,18,22,23,25,35	41-36	?	deel36:p110
W:W27,28,29,32,33,35,37,38,39,40,41,42,43,44,48:B1,8,9,10,11,13,14,15,16,17,19,20,21,24,25,26	40-34	?	deel36:p112
W:W32,33,36,37,38,39,41,42,43,44,45,47,48:B3,4,6,7,8,9,10,11,15,16,17,20,23,34	39x30	?	deel36:p115
W:W27,28,30,32,33,35,37,43,44:B1,4,9,10,11,17,18,19,24	44-39	?	deel36:p116
W:W27,28,30,32,33,35,37,43,44:B1,4,9,10,11,17,18,19,24	28-23	!	deel36:p116
B:W26,27,32,35,37,38,39,40,44,47,49,50:B3,9,10,11,12,13,15,16,18,23,24,28	24-29	?	deel36:p120
W:W26,30,32,38,47,50:BK22,K49,3,9,10,11,12,13,15,16,18,23	32-27	!	deel36:p120
W:W22,25,27,32,33,34,35,37,38,39:B12,13,14,16,18,19,21,23,24,26	35-30	!	deel36:p123
W:W25,26,30,31,33,35,36,43,49:B8,14,15,17,18,19,22,24,32	43-39	?	deel36:p123
W:W24,28,29,31,32,33,36,37,38,39,40,42,43,44,45,46,48,49:B2,3,4,5,6,7,8,9,10,12,13,14,15,16,18,21,25,26	46-41	?	deel36:p127
W:W23,24,27,28,29,33,34,38,39,40,43,44,45,46,48:B2,4,5,6,8,10,12,13,14,15,17,18,20,25,26	48-42	?	deel36:p127
B:W24,28,29,31,32,33,36,37,38,39,40,42,43,44,45,46,48,49:B2,3,4,5,6,7,8,9,10,12,13,14,15,16,18,21,25,26	15-20	!	deel36:p130
W:W22,26,28,32,33,35,36,37,38,39,40,43,45:B6,7,8,9,11,12,13,15,16,17,19,20,24,34	39x30	!	deel36:p134
B:W15,25,26,27,30,31,32,36,37,38,39,49:B4,6,7,8,11,12,14,16,18,19,22,23	4-10	!	deel36:p137
B:W17,24,29,31,34,36,37,38,39,40,41,42,43,45,46,48,49:B2,3,6,7,8,9,10,11,12,13,15,16,18,20,25,28	11x22	?	deel36:p138
B:W28,29,30,33,34,35,37,39,40,43,45:B4,10,11,12,13,14,15,17,18,22,25	11-16	!	deel36:p138
B:W23,25,27,30,32,33,35,38,40,42,43,45,48:B3,8,9,12,13,14,15,16,18,19,21,24,29	19x37	!	deel36:p139
B:W15,23,29,32,33,34,36,38,39,41,45,47,49:B3,4,6,7,9,11,12,13,14,21,26,27,35	4-10	?	deel36:p139
B:W24,27,29,37,39,40,43,45:B2,8,10,11,13,15,25,28	13-18	!	deel36:p140
W:W23,27,28,29,32,33,37,38,44,47,49:B2,4,12,14,15,16,17,18,25,26,35	49-43	?	deel36:p147
B:W23,27,28,29,32,33,37,38,43,44,47:B2,4,12,14,15,16,17,18,25,26,35	2-7	!	deel36:p147
W:W13,32,33,36,37,39,43:BK50,7,15,22,30,35	32-28	?	deel36:p147
B:W22,25,33,35,36,38,39,43:B7,8,9,12,13,19,21,24	21-26	?	deel36:p149
W:W26,32,33,34,36,37,38,40,42,43,44,45,47,49:B6,8,9,11,12,13,14,15,16,17,19,23,24,29	47-41	!	deel36:p151
W:W25,26,29,30,34,35,36,42,47,48,49:B11,12,13,14,16,17,18,19,22,23,32	29-24	?	deel36:p151
B:W16,26,29,34,35,40,44:B7,10,11,12,19,28	19-23	?	deel36:p152
B:W13,21,25,26,36,38,39,42:B7,11,12,14,15,17,22	14-20	!!	deel37:p7
W:W26,27,28,30,32,35,38,39,40,42,45,50:B3,6,8,9,11,13,14,17,18,19,23,29	40-34	?	deel37:p7
B:W24,28,29,33,34,36,42,44,47,48:B1,2,3,8,13,14,15,18,20,26	18-22	!!	deel37:p7
B:W20,26,31,32,33,35,36,37,38,39,42,44,45,48:B3,6,7,9,11,13,15,16,17,18,19,22,24,29	9-14	?	deel37:p9
W:W9,29,30,34,36,39,40:B4,8,13,16,17,18,28	9-3	?	deel37:p9
W:WK26,34,36:B4,13,16,18,33	26-42	?	deel37:p9
B:WK42,34,36:B4,13,16,18,33	18-23	!!	deel37:p9
W:W27,30,32,35,36,38,40,43,45:B2,9,10,16,18,19,23,24,26	43-39	?	deel37:p9
W:WK4,21,26,36,37,38,43,45:BK50,6,8,12,13,18,19,32,34	38x27	??	deel37:p10
B:W25,26,28,32,35,36,40,42,44,45,47,48,49:B2,3,6,7,8,9,10,12,13,14,15,17,19	15-20	??	deel37:p11
W:W24,26,34,35,36,38,39,42,43,44,47,49:B5,8,10,11,12,13,17,18,22,25,27,28	34-30	?	deel37:p13
B:W27,28,30,32,33,35,37,38,39,40,42,43,44,45,46,47,48,50:B2,3,4,5,6,7,8,9,12,13,14,15,16,18,19,20,23,29	29-34	!	deel37:p14
W:W22,27,33,34,35,36,37,39,40,43,45:B3,9,11,13,15,16,18,20,23,25,26	37-31	?	deel37:p16
B:W21,22,33,34,35,36,39,40,43,45:B3,9,11,13,15,16,18,20,23,25,37	16x27	!	deel37:p16
B:W23,27,28,32,33,34,37,39,42,43,44:B3,9,12,13,14,15,16,19,21	13-18	!	deel37:p18
B:W20,21,25,26,30,42,43,47,49:B1,4,12,13,14,18,22,28,36	4-10	?	deel37:p23
W:W29,32,33,34,35,36,37,38,45:B2,8,10,11,18,21,23,26,27	33-28	??	deel37:p26
B:W25,27,28,31,32,34,35,36,37,38,39,40,42,43,45,48:B3,4,6,9,10,11,12,13,14,15,16,18,19,23,24,26	23-29	?	deel37:p26
W:W26,27,31,32,34,35,36,37,38,39,42,43,45:B3,6,7,9,10,11,12,16,17,18,22,23,24	39-33	?	deel37:p27
B:W26,27,31,32,33,34,35,36,37,38,42,43,45:B3,6,7,9,10,11,12,16,17,18,22,23,24	16-21	!	deel37:p27
W:W25,33,34,35,36,37,42,43,47,49:B4,7,12,14,15,16,17,18,22,27	37-31	??	deel37:p27
B:W15,25,27,32,33,34,37,38,42,45,46,48:B4,6,8,9,10,11,13,16,18,21,23,26	11-17	?	deel37:p28
B:W23,24,28,29,31,32,34,39,42,44:B4,7,9,12,13,15,17,18,21,25	21-26	??	deel37:p28
W:W23,24,28,29,31,32,34,39,42,44:B4,7,9,12,13,15,17,18,25,26	28-22	!	deel37:p28
B:W24,26,28,29,32,33,36,38,39,40,41,42,48,49:B2,6,7,8,10,12,13,14,15,17,18,20,22,25	14-19	?	deel37:p30
W:W26,28,31,32,33,34,35,36,38,39,40,42,43,44,45,46,48:B2,3,4,6,8,9,10,11,12,14,15,17,19,21,22,24,27	46-41	??	deel37:p30
B:W27,28,30,31,32,36,38,40,43,45,48:B6,7,8,9,12,13,15,16,18,19,29	16-21	!	deel37:p31
B:W23,28,33,36,38,39,45,50:B2,3,4,10,13,16,26,27	2-8	?	deel37:p32
B:W18,28,32,33,35,36,37,38,39,43,44,45:B4,6,7,8,11,14,15,16,19,20,24,26	8-12	??	deel37:p32
B:W27,28,31,33,34,35,36,38,39,40,43,45,47,48:B2,3,6,8,9,11,12,13,15,16,18,20,24,25	24-30	?	deel37:p34
W:W27,28,30,32,35,38,39,41,42,43,45,48,49:B1,3,6,10,11,12,13,15,18,19,23,26,29	30-25	?	deel37:p35
B:W18,25,26,27,28,31,32,33,34,37,38,39,42:B3,6,7,8,9,11,14,16,17,19,21,35	8-12	?	deel37:p40
B:W25,27,28,30,32,33,35,37,38,40,45,48,49:B1,2,3,4,9,14,17,18,19,23,24,26,29	2-8	?	deel37:p40
W:W24,26,30,35,36,38,42,43,45,46,47,48,49:B2,3,4,7,8,11,12,13,14,15,17,18,27	43-39	?	deel37:p41
B:W26,27,28,29,32,33,34,35,38,39,40,42,43,47,49:B2,3,5,6,8,11,12,13,14,15,16,17,18,21,25	17-22	?	deel37:p42
B:W25,26,27,28,32,34,35,38,39:B12,13,14,16,17,18,19,23,24	16-21	?	deel37:p42
B:W13,23,26,36,42,44,49:B3,6,12,15,20,22,32	22-28	??	deel37:p43
B:W15,25,26,27,33,39,40,43,45,47:B4,6,8,11,12,13,14,18,19,23	19-24	?	deel37:p47
W:W25,27,28,32,33,35,36,38,39,40,41,43,45,48,49:B2,3,6,8,9,13,14,15,16,17,18,19,21,23,24	40-34	??	deel37:p47
W:W24,28,29,31,32,34,37,39,40,42,45,47,48,49:B2,4,8,9,10,11,12,13,15,16,17,19,20,25	28-22	!	deel37:p49
W:W25,30,31,33,35,36,37,38,40,43,44,45,46,48,49:B1,2,3,4,6,8,9,11,14,15,18,19,21,22,24	48-42	?	deel37:p51
W:W25,26,30,35,36,38,39,42,44,48:B8,12,13,14,16,18,19,22,23,24	39-33	??	deel37:p52
B:W26,27,31,33,34,35,36,37,39,46,48:B1,4,7,11,12,13,16,17,18,20,22	20-24	?	deel37:p55
W:W27,30,31,32,33,35,36,38,40,42,43,44,45,46,47,48,49,50:B1,2,3,4,5,6,8,9,10,11,12,13,15,16,17,20,23,26	33-28	??	deel37:p56
W:W28,32,34,35,36,37,38,39,45,47,49,50:B3,4,5,6,11,13,15,17,19,21,23,24,27	34-29	?	deel37:p58
W:W11,17,24,36,37,49:BK48,8,13,14,15,34	24-20	!	deel37:p59
W:W16,21,26,30,34,38,39,40,43,44,45,48,49:B3,7,8,9,12,13,14,15,17,18,19,23,29	48-42	?	deel37:p62
B:W25,27,28,30,31,32,35,37,38,39:B12,13,14,16,17,18,19,23,24,26	16-21	?	deel37:p65
W:W27,28,32,34,37,38,39,42,44,47,48:B3,6,8,11,12,15,16,20,24,26,35	34-30	??	deel37:p66
W:W24,28,29,31,36,37,38,39,43,44,49:B2,3,4,13,14,15,16,18,21,25,26	44-40	?	deel37:p66
W:W13,23,24,28,34,37,47:B12,14,15,16,21,26,31	37-32	??	deel37:p66
B:W13,23,24,28,32,34,47:B12,14,15,16,21,26,31	12-18	!	deel37:p66
W:W16,25,30,32,33,36,37,38,42,45,48:B3,4,7,11,12,14,17,18,22,23,26	33-29	??	deel37:p69
W:W26,27,28,30,32,35,36,37,38,39,43,44:B3,6,8,9,11,13,16,18,19,20,23,24	39-33	??	deel37:p70
W:W25,26,30,31,36,39:B4,9,10,16,17,18,27,40	31x13	?	deel37:p72
B:W20,25,30,42,43,47,49:B1,4,12,13,14,18,28,36	4-10	?	deel37:p73
B:W28,32,34,35,36,37,38,39,45,47,49,50:B3,4,5,6,11,13,15,17,19,21,23,24,27	4-10	?	deel37:p73
W:W21,25,35,36,41,43,47,49:B1,4,10,12,16,18,28	35-30	!	deel37:p73
B:W26,27,29,30,33,34,46,49:B4,8,16,17,18,19,20,23	17-22	?	deel37:p75
W:W26,27,29,30,33,34,46,49:B4,8,16,18,19,20,22,23	26-21	!	deel37:p75
W:W21,29,30,33,34,46,49:B4,8,16,18,19,20,23,31	33-28	!	deel37:p75
B:W25,26,29,33,36,37,38,42,47,50:B4,6,8,11,13,14,15,16,18,27	14-19	?	deel37:p76
B:W22,25,28,35,36,37,38,39,42,48:B2,8,12,13,15,16,19,21,26,29	12-18	?	deel37:p76
B:W30,32,33,34,35,36,37,38,41,43:B3,6,8,11,15,16,17,19,21,26	17-22	?	deel37:p77
W:W22,26,27,28,30,35,38,39,43:B6,8,13,14,16,19,23,24,29	39-34	!	deel37:p77
B:W25,29,31,33,36,39,42,43,44,47,48:B4,7,8,9,11,12,14,19,22,27,35	19-23	?	deel37:p80
W:W25,31,33,36,39,42,43,44,47,48:B4,7,8,9,11,14,22,23,27,35	33-28	!	deel37:p80
B:W26,27,30,33,34,35,36,38,42,47,49:B6,7,9,12,13,16,17,19,23,24	12-18	?	deel37:p81
W:W16,26,32,34,36,39,40,42,43,44,45:B1,6,12,13,14,15,18,19,23,25,29,31	36x27	?	deel37:p81
B:W20,21,25,26,30,42,43,47,49:B1,4,12,13,14,18,22,28,36	14-19	?	deel37:p81
W:W20,25,28,29,30,37,45:B4,12,18,19,26,36	20-14	!	deel37:p90
W:W30,33,35,36,37,38,41,42,43,45,47,48,50:B1,2,3,5,8,9,10,11,13,15,18,21,27,32	37x28	?	deel37:p90
W:W7,25,35,36,37,41:BK49,9,14,22,24,26,28	7-2	?	deel37:p90
W:W24,29,33,38,39,41,42,43,44,48,50:B1,3,4,7,8,13,15,18,20,26,27,32	42-37	?	deel37:p91
B:W24,29,33,38,39,43,44,47,48,50:B1,4,7,8,9,13,15,18,20,26,27	27-32	!	deel37:p91
W:W22,25,26,35,37,39,41,43,44:B6,8,10,11,13,15,16,17,21,29	35-30	!	deel37:p92
B:WK1,28,29,33,34,35,38,39,40,44,49:B3,10,12,14,15,18,20,24,25,41	41-46	?	deel37:p94
W:WK1,28,29,33,34,35,38,39,40,44,49:BK47,3,10,12,14,15,18,20,24,25	29-23	!	deel37:p94
W:WK1,28,33,34,35,38,39,40,44,49:BK47,3,10,12,14,15,20,24,25,29	1x23	!	deel37:p94
B:WK23,28,29,33,34,35,38,39,40,44,49:B3,10,14,15,17,20,24,25,41	41-46	?	deel37:p94
B:W27,28,30,32,33,35,36,37,38,39,42,43,45,47,48,49,50:B2,3,4,5,6,8,11,12,13,15,16,18,19,20,23,24,26	5-10	?	deel37:p94
B:W27,29,31,32,33,34,35,36,37,38,39,40,41,42,43,44,45,48:B2,3,4,6,7,8,9,10,12,13,15,16,18,20,21,22,23,26	23-28	?	deel37:p95
W:W17,23,29,33,34,35,36,38,39,40,42,43,44,45,48:BK46,2,3,4,6,7,8,9,10,12,13,15,16,18,20	29-24	!!	deel37:p95
B:W25,30,33,34,36,37,39,41,43:B3,9,11,13,14,19,23,26,27,28	26-31	!	deel37:p96
B:W22,23,25,26,30,32,36,39,41:B3,9,11,13,14,19	19x46	!	deel37:p96
B:W30,33,34,36,37,39,41,43:B3,9,11,13,19,23,25,26,27,28	13-18	!	deel37:p96
W:W24,25,28,29,35,36,37,38,48:B10,12,13,15,16,18,19,21,26	29-23	?	deel37:p96
W:W23,24,25,29,35,36,38,48:B10,13,14,15,16,21,26,27	23-18	!!	deel37:p96
B:W27,32,34,35,37,38,39,41,42,43,45,47,48,49:B2,3,5,6,8,13,15,16,17,18,19,21,23,26	2-7	?	deel37:p97
W:W30,32,33,35,36,37,38,41,42,43,45,47,48,50:B1,2,3,5,8,9,10,11,13,15,18,21,23,27	32-28	?	deel37:p97
B:W28,30,33,35,36,38,41,42,43,45,47,48,50:B1,2,3,5,8,9,10,11,13,15,18,21,27	11-16	!	deel37:p97
B:W24,25,29,35,36,37,38,39,40,42,48:B7,8,9,10,12,13,14,15,17,20,28	13-18	?	deel37:p97
W:W27,28,30,32,35,38,39,41,42,43,45,48,49:B1,3,6,10,11,12,13,15,18,19,23,26,29	39-33	?	deel37:p97
B:W23,24,29,34,35,36,37,39,40,44,46,48:B2,3,5,10,13,15,16,20,21,25,26,27	25-30	!	deel37:p98
B:W16,24,25,28,33,34,35,41,47:B5,7,12,14,15,18,21,27,36	15-20	?	deel37:p99
W:W16,25,28,33,34,35,47:BK46,7,12,14,36	33-29	!	deel37:p100
B:W16,25,29,30,35,47:BK19,7,12,14,36	7-11	?	deel37:p100
B:W25,28,29,30,33,36,37,38,39:B2,4,9,10,12,14,16,18,21	14-19	?	deel37:p101
W:W18,34,36,41,42,48,50:B3,11,16,17,21,24,26,32	18-13	?	deel37:p101
B:W25,26,29,30,35,36,38,42,43,45,47,48,49:B1,4,7,9,11,13,14,15,17,20,22,27,28	28-32	?	deel37:p101
W:W25,26,29,30,35,42,43,45,47,48,49:B1,4,7,9,11,14,15,17,20,22,36	42-37	!	deel37:p101
B:W12,33,35,37,38,39,41,42,45,48:B3,8,13,18,19,20,23,24,26	8x17	?	deel37:p102
W:W15,24,25,28,33,41,47,50:B3,4,8,9,13,18,26,27	50-44	?	deel37:p102
W:W23,28,29,30,36,41,42,44,48:B2,3,14,16,19,21,25,26,27	29-24	?	deel37:p102
W:W25,28,30,33,35,36,37,38,39,48:B4,8,10,12,17,18,19,22,26,27	28-23	!	deel37:p103
B:W24,25,28,29,30,32,33,35,36,38,39,48:B8,10,12,13,14,15,17,18,19,22,26,27	27-31	?	deel37:p103
B:W24,25,28,29,30,32,33,35,36,38,39,48:B8,10,12,13,14,15,17,18,19,22,26,27	26-31	?	deel37:p103
B:W15,23,31,34,35,37,41,42,47,49:B3,4,6,13,16,21,22,26	13-18	!	deel37:p104
B:W12,22,34,35,42,47,49:BK46,3,11,16	46-23	?	deel37:p104
B:W16,27,30,33,34,35,37,38,43,48:B4,7,8,11,13,17,18,19,20,23	17-21	?	deel37:p113
W:W16,27,30,33,34,35,37,38,43,48:B4,7,8,11,13,18,19,20,21,23	33-28	!	deel37:p113
B:W22,27,30,32,33,37,38,44:B8,13,14,16,18,19,21,23	21-26	?	deel37:p113
B:W22,27,29,30,32,33,35,37,39,42,44:B2,8,13,14,15,16,18,20,21,24,26	14-19	?	deel37:p113
B:W27,28,30,32,34,35,36,38,39,42,48,50:B2,5,6,8,14,15,16,18,19,21,23,26	14-20	?	deel37:p113
B:WK14,24,41,48,50:BK49,2,5,6,15,16	49-35	!	deel37:p113
W:W30,31,33,35,36,40,45,48:B8,11,13,16,18,19,20,21,24,26	33-29	!	deel37:p115
B:WK3,33,35,36,40,45,48:B11,13,16,21,24,37	24-29	!	deel37:p115
B:WK42,33,35,36,40,45,48:B11,13,16,29	29x47	!	deel37:p115
W:W26,27,28,30,32,33,36,40,50:B8,13,16,17,18,19,20,23	27-21	!	deel37:p115
B:W27,28,30,32,35,36,37,39,40,45:B8,12,13,15,16,17,19,20,23,26	12-18	?	deel37:p116
W:W27,28,30,32,35,36,37,39,40,45:B8,13,15,16,17,18,19,20,23,26	27-21	!	deel37:p116
W:W15,29,32,33,34,38,41,43:B2,4,13,14,18,21,23,27	41-36	?	deel37:p116
W:W28,30,31,32,33,35,38,43,47:B3,7,9,12,18,19,20,21,24	30-25	?	deel37:p117
W:W10,35,38,47:BK25,3,7,9,12,18	10-4	?	deel37:p117
W:W17,27,28,30,31,32,33,34,35,37:B8,13,15,16,18,19,20,23,24,26	27-21	!	deel37:p118
W:W27,29,30,32,33,34,36:B8,16,18,19,20,21,23	36-31	!	deel37:p119
W:W27,29,30,31,32,33,34:B8,16,18,19,20,23,26	32-28	!	deel37:p119
W:W26,27,29,30,33,34,42,43:B8,16,18,19,20,22,23	26-21	!	deel37:p119
W:W21,29,30,33,34,42,43:B8,16,18,19,20,23,31	33-28	!	deel37:p119
W:W22,27,28,31,32,36,38,39,40,43,45:B6,8,13,15,16,19,20,21,23,25,29	39-34	?	deel37:p119
B:W22,27,28,31,32,34,36,38,40,43,45:B6,8,13,15,16,19,20,21,23,25,29	13-18	!	deel37:p119
B:W25,28,31,32,33,35,43:B3,17,19,20,21,22,24	19-23	!	deel37:p120
W:W28,30,32,34,36,38,40,45:B1,7,8,18,19,20,23,29	38-33	!	deel37:p120
B:W27,28,32,34,35,36,37,40,45,46:B8,11,15,16,18,19,20,21,24,26	18-23	?	deel37:p120
W:W27,28,32,34,35,36,37,40,45,46:B8,11,15,16,19,20,21,23,24,26	34-30	!	deel37:p120
W:W27,28,30,32,35,36,37,40,45,46:B8,11,15,16,19,20,21,24,26,29	28-23	!	deel37:p120
W:W22,25,30,32,33,35,37,38,43:B4,8,11,12,14,19,21,24,29	37-31	?	deel37:p120
W:W25,27,28,30,32,33,35,37,38,41,43,45,49:B3,4,6,7,9,12,14,15,16,18,19,21,24	37-31	?	deel37:p121
B:W25,27,28,30,31,32,33,35,38,41,43,45,49:B3,4,6,7,9,12,14,15,16,18,19,21,24	19-23	!	deel37:p121
W:W22,28,32,33,34,35,36,37,38,40,41,42,43,45,48,49,50:B1,2,3,4,6,8,9,11,12,13,15,16,19,20,24,25,26	36-31	?	deel37:p121
B:W28,31,32,33,34,37,38,43,45,49,50:BK41,1,2,3,4,6,8,9,11,15,18,21	18-23	!	deel37:p121
W:W27,31,32,33,34,35,38,43:B8,13,14,16,18,21,23,25	34-29	!!	deel37:p124
W:W21,25,26,27,30,31,35,36,39,43,44,45:B4,8,9,10,11,12,13,14,16,19,20,24,28,34	43-38	!	deel37:p124
W:W32,34,40,43,44:B7,8,9,10,15,18,22,24,25,26,29	34x5	!	deel37:p125
W:W19,31,32,33,35,36,38,39,40,43,45:B6,8,12,13,15,16,20,21,24,25,30	32-27	?	deel37:p126
W:WK4,26,36:B12,16,17,19,42	26-21	!	deel37:p128
W:W21,26,27,31,32,33,36,43:B2,6,9,12,16,17,18,22,23	33-28	!	deel37:p129
B:W25,26,27,30,32,34,36,37,38,40,42,43,44,45,47,48,49:B1,3,5,7,9,10,11,12,13,14,15,16,17,18,19,23,29	15-20	?	deel37:p132
W:W25,26,30,31,34,36,38,40,42,43,44,45,47,48,49:B1,3,5,7,9,10,11,12,13,14,16,18,19,20,23,29,37	38-32	!	deel37:p132
B:W23,28,31,32,33,34,36,38,39,40,42,43,44,45,47,48,49:B1,3,6,7,8,9,10,12,13,14,15,16,17,20,22,25,35	13-18	?	deel37:p132
B:W25,33,34,36,37,39,41,42,43,44,47,48,49,50:B2,3,4,6,7,8,9,11,13,14,16,21,24,27	7-12	?	deel40:p17
B:W25,33,34,36,37,39,41,42,43,44,47,48,49,50:B2,3,4,6,7,8,9,11,13,14,16,21,24,27	14-20	?	deel40:p17
W:W33,34,36,37,38,39,41,43,44,47,48,49,50:B2,3,4,6,7,8,11,13,16,20,21,24,27	44-40	!	deel40:p17
W:W33,34,35,36,37,38,39,41,43,47,48,49,50:B2,3,4,6,7,8,11,16,19,21,24,25,27	49-44	!	deel40:p17
W:W28,34,35,36,37,38,39,41,43,44,47,48,50:B2,3,4,6,8,11,12,16,19,24,25,26,27	28-23	?	deel40:p17
B:W33,34,35,36,37,38,39,40,41,43,47,48,50:B2,3,4,6,7,8,11,16,19,24,25,26,27	4-10	?	deel40:p17
W:W33,34,35,36,37,38,39,40,41,43,47,48,50:B2,3,6,7,8,10,11,16,19,24,25,26,27	38-32	!!	deel40:p17
W:W32,33,34,35,37,40,45:B9,10,12,15,22,24,26	34-29	?	deel40:p20
B:W24,29,30,32,35,37,45:B9,10,15,21,22,26	22-27	?	deel40:p21
W:W24,29,30,32,35,37,45:B9,10,15,21,26,27	37-31	!	deel40:p21
W:W27,36,43,45,49:B4,6,8,9,13,16,19,28,34,38	43x12	!	deel40:p21
B:W27,28,32,33,34,36,38,43,45,48:B6,8,9,13,16,19,23,24,25,26	24-29	!	deel40:p22
B:W27,32,34,36,38,45,48:B6,8,9,16,24,25,26	16-21	!	deel40:p22
B:W28,29,33,36,45,48:B8,9,11,24,25,37	11-17	?	deel40:p23
W:W28,33,36,45,48:B8,9,14,17,37	33-29	!	deel40:p23
W:W18,34,36,43:B7,19,24,42	43-38	!!	deel40:p23
W:W18,34,36:B7,19,24,33	34-29	!	deel40:p23
W:W26,27,31,32,35,36,37,38,39,40,43,45:B6,7,8,11,12,13,15,16,18,23,24,25	27-22	!	deel40:p27
B:W22,26,32,35,36,37,38,39,40,43,45:B6,7,8,11,12,13,15,16,23,24,25	12-17	?	deel40:p27
B:W22,26,32,35,36,37,38,39,40,43,45:B6,7,8,11,12,13,15,16,23,24,25	12-18	?	deel40:p27
B:W22,26,28,35,36,38,39,40,43,45:B6,7,8,11,13,15,16,24,25,29	13-18	!	deel40:p27
W:W25,27,30,31,35,36,37,38,41,43:B7,11,12,15,16,17,18,19,22,24	25-20	?	deel40:p28
B:W20,27,30,31,35,36,37,38,41,43:B7,11,12,15,16,17,18,19,22,24	22-28	!	deel40:p28
W:W25,27,30,31,35,36,37,38,41,43:B7,11,12,15,16,17,18,19,22,29	43-39	?	deel40:p28
B:W25,27,30,31,35,36,37,38,39,41:B7,11,12,15,16,17,18,19,22,29	18-23	!	deel40:p28
W:W25,27,30,31,35,36,37,38,41,43:B7,11,12,15,16,17,18,19,22,29	38-32	!	deel40:p28
W:W25,27,30,31,32,35,36,37,41,43:B7,11,12,15,16,17,18,19,22,33	43-38	!	deel40:p28
W:W25,27,30,31,35,36,37,38,39,41:B7,11,12,14,16,17,18,20,22,34	27-21	!	deel40:p29
B:W25,27,30,31,32,35,36,37,41,43:B7,11,12,15,16,17,18,19,22,29	29-33	?	deel40:p29
W:W23,24,26,29,33,34,37,38,39,40,42,44,47:B2,4,6,7,8,9,11,12,14,15,18,20,22,25,27	33-28	!	deel40:p30
W:W23,24,26,29,33,34,37,38,39,40,42,44,47:B2,4,6,7,8,9,11,12,14,15,18,20,22,25,27	33-28	?	deel40:p30
B:W24,26,29,33,34,35,36,37,38,39,40,42,44,47:B2,4,6,7,8,9,11,12,13,15,18,22,25,27	18-23	!	deel40:p30
B:W27,28,32,33,34,35,37,38,39,42,43:B8,9,12,13,15,16,17,18,24,25,26	25-30	?	deel40:p31
B:W25,26,27,28,30,32,35,36,38,41,42,43,45,48:B1,3,6,8,9,13,14,15,16,17,19,21,23,29	1-7	!	deel40:p34
W:W25,26,27,28,30,32,35,36,38,41,42,43,45,48:B3,6,7,8,9,13,14,15,16,17,19,21,23,29	41-37	?	deel40:p34
W:W20,26,27,31,33,36,39:B6,9,16,17,19,23,40	27-21	!	deel40:p35
W:W28,33,34,35,36,37,38,39,40,43,44,45:B8,9,10,13,15,16,19,20,21,24,25,26	37-32	?	deel40:p35
B:W11,29,33,34,39,44,47:B14,15,18,20,24,25,26,35	25-30	!	deel40:p38
B:WK1,26:B23,27,39,42	27-31	!!	deel40:p43
B:W12,25,30,31,35,36,40,48:B5,14,15,19,20,23,24,39	23-29	!	deel40:p45
W:W24,27,31,32,33,36,41,43,46,47,48,49:B2,6,7,8,10,12,13,15,16,18,21,22	49-44	?	deel40:p47
B:W27,29,31,32,36,41,42,46,48,49:B2,6,7,8,12,13,16,18,21	13-19	!	deel40:p48
B:W24,27,32,33,39,41,46,47,48,49:B2,6,7,8,13,14,15,16,18,21	14-19	?	deel40:p48
B:W24,33,38,39,41,46,47,48,49:B2,6,7,8,13,14,15,16,21	7-12	?	deel40:p48
W:W27,32,33,39,41,46,47,48,49:B2,6,7,8,13,16,18,19,21,24	39-34	!	deel40:p48
W:W28,32,33,35,36,37,38,39,40,45,48:B3,4,6,8,9,11,15,16,17,20,22	37-31	!	deel40:p50
W:W28,31,32,33,34,35,36,38,48:B6,8,11,14,16,17,18,22,24	32-27	!	deel40:p50
B:W25,26,31,35,36,38,39,40,43,44,48:B3,4,8,9,11,12,13,15,16,23,29	12-17	!	deel40:p51
B:W26,30,31,33,36,38,40,43,48:B3,8,13,15,16,17,18,23,29	17-22	!	deel40:p51
W:W25,27,28,32,33,35,37,38,39,40,42,43,45,47,48:B3,6,7,8,9,13,14,15,16,19,20,21,23,24,26	39-34	?	deel40:p51
B:W25,27,28,32,33,34,35,37,38,39,42,43,45,47,48:B3,6,7,8,9,13,14,15,16,19,20,21,23,24,26	24-30	!	deel40:p52
B:W16,28,32,33,34,43:B7,13,14,19,23,24,25	14-20	!	deel40:p52
B:W26,27,28,32,34,36,37,39,40,45,49:B6,8,12,13,16,17,18,19,23,24,25	24-29	?	deel40:p54
W:W26,27,28,32,34,36,37,39,40,45,49:B6,8,12,13,16,17,18,19,23,25,29	40-35	!	deel40:p54
W:W26,27,32,34,36,37,39,45,49:B8,11,12,16,17,18,24,25,30	32-28	!	deel40:p54
W:W26,28,31,34,36,39,45,49:B1,8,17,18,24,25,30	31-27	!	deel40:p54
W:W26,27,28,31,36,43,44,45:B11,12,16,17,19,23,24,25	27-22	!	deel40:p54
B:W26,27,28,31,32,37,39,40,45,49:B6,8,12,13,16,17,18,19,23,30	19-24	!	deel40:p55
B:W19,26,27,31,32,37,39,40,45,49:B6,8,12,13,16,17,18,24,30	30-35	!	deel40:p55
B:W23,25,26,29,30,35,38,42,43,44,48:B3,7,9,12,13,14,15,16,17,22,27	13-19	?	deel40:p59
W:W20,24,25,26,35,38,42,43,48:B3,9,12,14,16,17,21,27,28	24-19	?	deel40:p60
B:W25,26,29,31,33,36,37,40,42,43,45:B6,9,11,12,13,14,15,16,18,19,22	19-23	?	deel40:p61
B:W24,28,29,32,34,36,37,39,44,48,49:B2,3,4,6,8,12,13,15,16,20,25	4-9	?	deel40:p67
W:W23,24,27,28,29,32,34,37,39:B2,8,13,15,16,17,20,25,26	23-19	!	deel40:p67
W:W25,27,28,30,32,35,36,38,39,42,48:B3,6,8,9,13,14,16,17,19,23,29	39-34	?	deel40:p69
W:W25,27,28,30,32,35,36,38,39,42,48:B3,6,8,9,13,14,16,17,19,23,29	27-22	?	deel40:p69
W:W24,25,32,36,38,42,48:B3,9,14,17,44	24-19	!	deel40:p69
B:WK4,K5,16,26,32:BK47,7,12,23	47-36	!	deel40:p72
B:WK22,K28,16,26,32:BK36,7	36x18	!	deel40:p72
W:W23,32,33,36,37,38,39,40,42,44,45,47,48,49:B2,3,4,5,6,8,11,12,14,15,16,20,22,24	37-31	?	deel40:p81
B:W26,27,28,32,33,34,35,38,39,43,45:B3,12,13,15,16,17,18,19,23,24,25	15-20	!	deel40:p81
B:W27,28,31,32,33,34,35,38,39,43,45:B3,12,13,15,16,17,18,19,23,24,25	3-9	?	deel40:p82
W:W21,25,27,30,33,34,35,38,42:B4,7,9,12,14,15,19,23,24	33-29	!	deel40:p85
B:W16,25,27,28,30,42:B4,7,13,14,19,29	19-24	!	deel40:p86
W:W25,27,28,30,32,37,38:B12,13,14,16,17,18,29	28-22	?	deel40:p87
W:W27,32,33,34,39,44,45,48:B6,8,9,12,18,23,24,25	33-29	?	deel40:p88
B:W19,27,32,34,44,45,48:B6,8,9,12,18,25	9-13	!	deel40:p88
W:W19,27,32,34,44,45,48:B6,8,12,13,18,25	27-22	!	deel40:p88
B:WK2,19,45,48:B6,37,42	6-11	!	deel40:p88
W:W23,27,28,29,32,33,34,41,43,50:B6,8,9,12,14,15,16,17,18,25	23-19	!	deel40:p94
B:W19,27,29,32,33,34,39,41,50:B6,8,9,12,16,17,18,20,25	9-13	?	deel40:p94
W:W23,28,29,31,33,34,38,40,43:B3,6,12,13,15,16,18,20,25,32	38x27	?	deel40:p94
B:W23,27,28,29,31,33,34,40,43:B3,6,12,13,15,16,18,20,25	16-21	!	deel40:p94
W:W29,36,37,38,40,44,46,47,48,49:B2,3,4,6,11,14,15,17,20,25,28	38-32	?	deel40:p94
B:W15,26,31,34,36,37,38,40,43,44,45,46,47,49:B2,4,6,8,9,10,11,12,13,14,17,18,22,27	14-20	!	deel40:p95
B:W24,26,31,34,36,37,38,40,43,44,45,46,47,49:B2,4,6,8,9,10,11,12,13,17,18,22,27	17-21	!	deel40:p95
B:W28,29,32,34,35,36,37,38:B12,13,14,15,16,17,19,25	16-21	!	deel40:p96
W:W28,29,31,32,34,35,37,38:B12,13,14,15,17,19,25,26	31-27	?	deel40:p96
B:W23,29,34,35,36,37,38:B12,13,14,15,16,17,25	17-22	!	deel40:p96
W:W25,26,27,28,32,33,34,35,36,37,38,39,43,49:B3,6,8,9,12,13,14,15,16,17,18,19,23,24	49-44	?	deel40:p97
B:W16,22,36,38,49:B6,12,20,24,45	45-50	?	deel40:p98
W:W16,22,36,38,49:B6,12,20,24,45	22-17	!	deel40:p98
W:W25,26,31,32,40,41,43,44:B3,13,14,17,19,21,22,23	41-36	?	deel40:p98
W:W16,24,33,34,36,37,38,42,48:B6,7,8,12,13,17,22,25,35	16-11	!	deel40:p101
W:WK2,24,26,29:BK46,25	24-20	!	deel40:p102
W:W14,25,36,37,42,48:B2,6,8,11,12,29	48-43	!	deel41:p32
W:WK10,42:B2,28,29	10x32	!	deel41:p33
B:W14,47:B2,13,17	13-19	?	deel41:p33
W:W23,47:B8,17	23-18	?	deel41:p33
B:W18,47:B8,17	17-22	!	deel41:p33
B:WK23,36:B12,13,21,27	21-26	?	deel41:p36
B:WK37,36:B26,33	26-31	!	deel41:p36
B:W25,29,30,35,38,42,47,48:B4,12,14,15,18,21,22,26	14-19	?	deel41:p38
B:W23,24,25,29,37,38,47:B12,13,14,15,26,27,36	13-18	!	deel41:p41
B:W14,24,29,37,38,47:B15,17,18,25,26,27,36	17-22	!	deel41:p41
B:W23,24,25,29,37,38,47:B12,13,14,15,26,27,36	12-17	!	deel41:p41
W:WK5,35,38,47:B15,17,23,26,27,28	35-30	?	deel41:p42
B:WK5,30,38,47:B20,21,23,26,27,28	20-25	?	deel41:p43
B:WK6,K19,47,48:BK49,26,28	49-32	!	deel41:p45
W:WK14,35,47,48:B15,17,18,22,26,33	14-25	?	deel41:p46
B:W14,30,47,48:B15,17,18,26,27,29	15-20	?	deel41:p47
W:WK2,32:BK48,K50,19,23,24,25	2-7	?	deel41:p55
B:WK2,28,34,39,45,49:B6,14,15,25,37	37-42	?	deel41:p77
W:WK2,28,34,39,45,49:B6,15,20,25,41	39-33	?	deel41:p77
B:WK2,28,33,34,45,49:B6,15,20,25,41	25-30	!	deel41:p77
W:W28,34,39,40,48,49:B6,8,14,15,18,25,26,30	28-23	!	deel41:p77
B:WK48,34,39,44:B25,32,35,38	25-30	!	deel41:p79
W:W26,33,38,39,42,43,45,47,48,49:B2,3,6,7,11,15,17,20,22,24,29,36	38-32	!	deel42:p5
W:W25,26,27,28,30,32,33,35,38,43:B12,13,14,15,16,17,18,19,24,29	28-23	!	deel42:p6
W:W25,26,32,35,38:BK48,3,14,15,17,18,27,29	32x34	!	deel42:p6
B:W25,26,29,30,33,34,35,36,38,42,43,48:B2,4,11,12,13,14,15,17,18,22,23,27	23-28	?	deel42:p6
W:W26,27,28,30,31,32,35,36,39,40,43,44,45,47,49:B2,3,4,6,9,11,14,15,16,17,18,19,21,23,29	39-33	?	deel42:p14
B:W26,27,29,31,32,33,35,36,37,38,39,40,43,45:B3,6,8,9,11,13,15,16,17,18,19,20,21,25	18-22	!	deel42:p19
W:W33,35,36,37,38,40,42,43,48:B6,7,8,9,19,20,23,26,27	37-31	?	deel42:p22
B:W22,33,35,36,38,40,43,48:B6,7,8,9,19,20,23	20-24	?	deel42:p22
W:W23,26,27,28,29,32,33,34,35,36,38,39,40,42,43,45,48,49:B1,2,3,4,6,8,12,13,14,15,16,18,19,20,21,22,24,25	28x17	!	deel42:p25
B:W28,29,33,34,35,38,39,40,41,44,45:B6,9,11,13,14,15,18,19,20,24,25	18-23	!	deel42:p26
W:W33,34,35,38,39,40,41,44,45:B6,9,14,15,19,20,22,24,25	41-37	?	deel42:p26
W:W25,26,27,28,32,33,38,44,45,49:B1,12,14,15,17,18,19,23,24,35	27-22	!	deel42:p31
W:W27,32,33,34,35,36,37,38,39,41,42,43,45,47,48:B3,6,8,10,11,13,16,17,18,19,20,21,23,24,26	34-29	?	deel42:p34
W:W24,29,30,32,34,36,37,38,40,41,42,43,45,49:B2,4,8,9,11,13,14,15,19,20,21,25,26,27	32-28	?	deel42:p35
W:W24,28,29,30,33,34,36,37,40,41,43,45,49:B2,4,9,13,14,15,16,17,19,20,21,25,26,38	33x42	?	deel42:p35
B:W21,30,31,34,38,43,45,49:B4,7,12,13,14,15,25,28	14-19	?	deel42:p36
B:W22,27,28,31,32,33,34,37,38,40,42,45:B8,11,13,15,16,18,19,21,23,24,25,26	24-30	?	deel42:p36
W:W22,27,28,31,32,33,34,37,38,40,42,45:B8,11,13,15,16,18,19,21,23,25,26,30	40-35	?	deel42:p36
W:W25,26,27,28,32,35,36,37,38,39,45,47,48:B1,3,8,11,13,14,15,16,17,18,19,23,29	39-33	?	deel42:p37
B:W13,23,25,28,29,31,33,37,39,43,48:B2,8,12,14,15,17,18,20,22,26	18x9	!	deel42:p41
B:W27,28,31,32,33,34,35,36,37,38,39,40,43,46,49,50:B6,7,8,9,10,12,13,14,15,16,18,19,23,24,25,26	15-20	?	deel42:p41
W:W25,27,32,35,36,38,39,41,43,44,45,47:B2,6,9,11,12,13,14,15,19,23,26,29	39-33	?	deel42:p42
W:WK7,25,26,30,35,40,45:BK28,5,15,17,19,20,23	7x34	?	deel42:p42
B:W27,28,29,32,33,43,48,50:B13,16,17,18,19,24,25,26	18-22	!	deel42:p46
W:W31,32,33,34,35,36,37,38,39,42,44,45,48:B3,4,6,9,11,13,16,17,19,20,21,23,26	48-43	?	deel42:p47
B:W31,32,33,34,35,36,37,38,39,42,43,44,45:B3,4,6,9,11,13,16,17,19,20,21,23,26	9-14	!	deel42:p47
B:W16,26,27,28,32,34,35,38,40,43,45:B6,7,12,13,14,15,18,19,23,25,29	15-20	?	deel42:p53
W:W26,27,31,33,34,36,37,38,39,40,42,44:B2,6,7,11,12,14,15,16,17,18,22,28	33-29	?	deel42:p57
W:W27,30,32,33,35,36,37,38,40,41,42,43,46,48:B1,2,6,12,13,14,15,16,18,19,21,23,24,26	40-34	?	deel42:p63
W:W22,26,30,31,36,37,40,41,42,48,50:B3,5,6,7,8,11,13,16,19,20,23	40-35	?	deel42:p63
W:W26,31,34,36,46:BK41,2,6,8,11,12,13,14,17,19,21,22,23,33,42	36x20	!	deel42:p74
B:W26,30,32,33,35,36,38,40,41,42,43,45,49:B6,7,8,11,12,13,15,17,18,19,20,24,27	17-21	?	deel42:p74
W:W30,32,33,35,36,38,40,41,42,43,45,49:B6,7,8,11,13,15,18,19,20,21,24,27	33-29	!	deel42:p74
B:W24,26,29,30,31,33,34,35,36,37,38,39,40,41,42,43,45,47,49:B2,4,6,7,8,9,11,12,13,14,15,17,18,19,20,22,25,27,28	18-23	!	deel42:p76
B:W24,26,29,30,31,34,35,36,37,38,39,40,41,42,43,45,47,49:B2,4,6,7,8,9,11,13,14,15,17,19,20,22,23,25,27,28	28-33	?	deel42:p76
B:W25,33,34,35,36,40,41,42,45,48:B2,3,6,8,9,13,15,16,22,27	16-21	?	deel42:p79
B:W26,27,28,32,33,34,35,36,38,40,43,45,48:B1,3,8,9,12,13,15,16,17,19,20,23,24	24-29	?	deel42:p81
B:W21,25,26,30,33,35,36,37,38,41,42,43,48:B1,3,6,8,9,11,12,14,17,18,19,24,29	18-22	!	deel42:p89
B:W22,27,28,29,30,32,34,35,38,42:B8,9,11,13,14,16,19,20,21,23	20-24	?	deel42:p93
B:W24,27,29,31,32,33,34,37,38,39,42,43,44,48,49:B1,3,7,8,9,12,13,15,16,17,18,20,21,23,25	21-26	?	deel42:p96
W:W29,30,33,34,35,36,37,38,40,42,43,44,45,47,48,49:B3,6,7,8,9,10,12,13,14,15,17,18,20,23,25,27	29-24	!	deel42:p98
W:W33,34,35,37,38,39,40,43,45,47,48:B10,11,12,13,14,15,18,21,23,25,36	33-29	?	deel42:p99
W:W27,28,30,32,33,34,35,37,38,40,42,43,45,48:B4,8,9,12,13,14,16,18,19,20,21,23,24,25	34-29	?	deel42:p100
W:W21,25,26,29,30,32,33,34,38,42:B2,4,7,9,11,12,15,18,19,23	33-28	?	deel42:p107
W:W25,26,27,28,32,33,34,39,40,46:B7,8,9,10,12,14,15,17,18,19	33-29	?	deel42:p110
W:W26,33,34,35,36,37,38,39,40,41,42,43,44,45:B2,6,7,8,12,15,17,18,19,20,22,24,25,27	37-32	?	deel42:p114
W:W26,33,34,35,36,38,39,40,41,42,43,45,49:B2,6,7,8,12,15,18,19,20,22,24,25,27	49-44	?	deel42:p114
W:W17,27,28,35,41,43,45:B3,7,13,19,24,29,34	41-36	?	deel42:p117
B:W17,27,28,35,36,43,45:B3,7,13,19,24,29,34	24-30	!	deel42:p117
B:W22,25,27,30,32,33,35,37,39,40,41,42,45,47:B2,4,6,9,11,12,14,16,18,19,21,23,24,26	11-17	?	deel42:p118
B:W22,28,30,32,33,35,37,38,43:B3,6,8,11,13,15,19,24,26	8-12	?	deel42:p125
B:W23,26,28,32,33,34,35,37,39,40,41,42,43,44,45,47,48,49:B2,3,5,6,7,8,9,10,11,12,13,14,15,17,19,20,22,25,36	22-27	?	deel42:p126
B:W16,25,32,33,35,38,42,47,49:B2,6,8,15,18,19,22,23,36	6-11	?	deel42:p127
W:W25,28,31,32,33,34,35,36,37,39,40,42,43,45,47,48,49:B2,3,4,6,7,8,9,11,12,13,14,15,16,19,23,24,26	34-29	?	deel42:p130
W:W25,28,29,31,33,35,36,39,41,42,43,46,48,49:B3,6,8,10,11,12,13,14,15,16,17,18,19,21	31-26	?	deel42:p133
B:W15,29,30,34,36,37,38,39,43,49:B4,13,14,17,18,19,25,26,27,28	18-22	?	deel42:p134
W:W27,31,32,33,34,35,36,37,38,39,40,42,43,44,45,46,47,48:B1,3,6,7,8,9,11,12,13,14,15,16,17,18,19,20,23,25	27-21	!	deel42:p135
B:W13,32,37,38,40:B12,15,16,17,23	12-18	!	deel42:p142
B:W27,28,31,32,35,38,39,40,45,47,48:B3,8,10,12,13,14,16,20,21,25,29	20-24	?	deel42:p150
W:W27,28,30,32,34,35,36,37,39,40,42,43,45:B6,8,10,13,14,15,16,18,19,20,21,24,25,26	42-38	?	deel42:p150
B:W27,28,30,32,34,35,36,37,38,39,40,43,45:B6,8,10,13,14,15,16,18,19,20,21,24,25,26	24-29	!	deel42:p150
B:W27,28,29,32,33,35,37,38,40,41,42,43,45,48,50:B1,3,6,7,9,12,14,15,16,18,19,20,23,24,26,34	12-17	?	deel42:p151
W:W25,31,32,35,37,38,39,42,43,45,47,48,49:B3,4,6,8,9,11,12,13,15,16,18,23,24	25-20	!	deel42:p154
W:W42,43,45,47,48,49:B3,4,6,8,9,11,12,19,23,29,35,38	42x2	!	deel42:p154
B:W26,27,28,31,32,34,35,36,37,38,39,40,41,44,45,48,49:B1,3,6,8,9,11,12,13,14,15,16,18,19,20,23,25,29	29-33	?	deel42:p155
W:W26,27,28,29,31,32,34,35,36,37,39,40,41,44,45,48,49:B1,3,6,8,9,11,13,14,15,16,17,18,19,20,23,25	39-33	!	deel42:p155
W:W12,17,27,29,31,33,34,35,36,37,40,41,44,45,48,49:B1,3,6,8,9,13,14,15,16,19,20,30	35x24	!	deel42:p155
W:W10,16,32,33,45,47,49:B1,2,7,9,18,25,31,36	32-27	!	deel42:p165
W:W46,48:BK5	48-42	!	deel43:p3
B:W27,28,32,33,34,37,38,39,40:B7,8,11,12,18,19,25,26,30	19-24	?	deel43:p15
W:W26,28,29,33,35,38,39,42,45:B7,8,10,12,13,18,20,24,25	38-32	?	deel43:p15
W:W26,28,29,33,35,38,39,42,45:B7,8,10,12,13,18,20,24,25	42-37	?	deel43:p15
B:W29,30,33,35,37,38,39,45:B7,10,20,25	25x41	!	deel43:p15
B:W19,24,27,29,32,34,36,37,38,39,40,42,43,44,45,48:B2,3,7,8,9,10,12,13,15,16,17,18,20,25,26	17-21	?	deel43:p15
B:W27,28,32,33,35,36,38,39,45:B9,12,13,15,17,18,24,25,26	9-14	?	deel43:p15
B:W24,25,30,33,35,37,42,47,48:B2,8,10,14,18,22,23,26,27	23-29	?	deel43:p15
B:W23,28,29,34,37,38,47:B4,12,14,15,18,21,27	15-20	?	deel43:p16
W:W27,28,32,34,35,36,37,39,40,41,42,43,45,47,48:B3,6,8,10,11,12,13,14,16,17,18,20,21,25,26	28-23	?	deel43:p16
B:W25,28,29,32,33,34,36,37,38,39,40:B3,4,7,10,12,13,15,16,17,22,26	22-27	?	deel43:p16
W:W25,28,29,33,34,36,38,39,40:B3,4,7,10,12,13,15,17,27,37	28-22	!	deel43:p16
W:W14,26,31,32,36,39,41,45,49:B3,5,6,7,12,22,23,25,35	31-27	?	deel43:p17
W:W23,25,33,34,35,37,38,39,44,47,48:B3,4,6,9,11,13,14,15,17,26,31	38-32	?	deel43:p18
W:W26,27,31,32,33,34,35,38,45:B6,10,11,16,17,18,20,23,24	34-30	?	deel43:p18
B:W16,25,26,34,35,37,38,41,43,45,47,48:B1,2,4,7,11,13,14,15,17,18,22,23	7-12	?	deel43:p19
B:W25,27,28,32,33,34,35,37,38,39,43,44,45,48,50:B3,4,8,9,10,13,14,16,17,18,19,20,21,23,24	24-29	!	deel43:p20
W:W27,28,32,33,34,35,36,37,38,40,42,43,45,48:B3,6,8,12,13,15,16,17,18,19,23,24,25,26	37-31	?	deel43:p20
W:W23,27,28,29,31,32,33,36,37,38,40,42,48:B2,6,7,9,12,13,14,16,19,21,25,26,30	40-34	?	deel43:p20
B:W24,25,26,31,34,35,36,38,43:B11,12,13,14,15,17,22,23,27	22-28	!	deel43:p21
W:W15,25,26,29,30,31,33,34,36,39,41,43,47,48:B2,4,6,12,16,17,18,19,21,22,23,27,28,32	30-24	!	deel43:p21
W:W22,23,33,37,40,43,47:B9,12,13,21,25,26,30	40-35	?	deel43:p22
B:W22,23,33,35,37,43,47:B9,12,13,21,25,26,30	21-27	!	deel43:p22
W:W27,29,32,34,35,36,37,42,45:B7,9,13,15,16,17,18,20,21	27-22	!	deel43:p23
W:W15,33,34,36,38,39,40,43,48,50:B4,5,8,13,14,16,21,22,27,28	48-42	?	deel43:p23
B:W24,26,29,31,33,34,36,38,39,40,41,43,45,46,48,49:B1,2,4,5,6,7,9,12,13,14,15,18,22,25,27,28	14-19	?	deel43:p23
W:W25,28,32,33,38,42,43,44,45,48:B2,3,7,9,13,14,17,19,23,24,37	42x31	?	deel43:p24
B:W25,32,33,34,35,36,38,42,48:B6,9,13,14,15,16,17,18,24	16-21	?	deel43:p25
W:W22,26,27,28,29,32,33,34,36,38,39,40,42,43:B2,6,8,10,11,12,13,14,15,16,18,20,25,35	28-23	?	deel43:p25
B:W26,28,32,33,34,35,36,38,39,40,43,45,47,48,49:B1,3,4,7,9,13,14,15,17,19,20,21,23,24,25	23-29	?	deel43:p26
W:W26,28,32,33,36,38,39,40,43,45,47,48,49:B1,3,4,7,9,13,14,15,17,18,19,21,25	28-23	!	deel43:p26
B:W26,27,32,33,34,35,39,47,48:B3,6,8,11,13,17,24,25,30	13-19	?	deel43:p26
B:W27,28,32,33,35,38,39,42,45:B3,8,9,11,13,17,19,24,25	11-16	?	deel43:p27
B:W27,28,33,35,37,38,39,45:B9,12,13,16,19,24,25,26	13-18	?	deel43:p27
W:W30,31,32,33,35,37,38,40,41,42,43,45,48,49:B2,3,5,6,8,9,10,11,13,17,18,20,23,26	32-28	!	deel43:p28
B:W16,25,28,30,32,37,38,39,40,42,44,45,48,49:B3,7,8,9,10,12,13,14,17,19,20,23,26,29	20-24	?	deel43:p28
B:W24,29,33,36,37,38,39,40,45,48,49:B2,3,9,10,12,13,15,17,18,20,21,22	22-28	!	deel43:p29
W:W24,28,31,32,33,34,35,36,37,38,39,41,42,43,44,45,46,48,49:B2,4,5,6,7,8,9,10,11,12,13,14,15,16,17,18,21,25,26	34-30	?	deel43:p29
W:W25,30,31,33,34,35,36,38,40,41,46,48:B2,4,12,14,16,19,21,22,23,24,27,29	31-26	?	deel43:p29
B:W25,26,30,33,34,35,36,38,40,41,46,48:B2,4,12,14,16,19,21,22,23,24,27,29	12-18	!	deel43:p29
B:W18,26,31,34,35,36,38,40,43,45,48:B8,9,13,14,15,17,19,23,25,29	13x22	?	deel43:p30
W:W27,31,32,33,34,36,38,39,40,42,45,48:B6,8,11,12,13,15,16,17,18,23,24,25	33-28	?	deel43:p30
W:W27,31,34,36,38,40,42,43,44,48,50:B3,7,9,12,13,15,16,18,21,22,35	38-33	!	deel43:p31
W:W12,24,29,32,33,34,38,47:B3,4,9,14,16,21,26,42	33-28	!	deel43:p32
B:W29,30,32,33,34,35,37,39,43,44,47,49:B2,3,4,8,11,12,13,15,18,20,22,23	23-28	?	deel43:p33
W:W22,27,28,29,33,39,41,45,48:B7,12,13,16,18,19,20,25,35	41-37	?	deel43:p34
B:W24,25,27,31,34,36,37,41,42,43,44,46,48,50:B2,3,6,7,8,12,13,14,15,16,17,18,22,28	14-20	!	deel43:p34
B:W14,24,27,31,34,36,37,41,42,43,44,46,48,50:B2,3,6,7,8,12,13,15,16,17,18,22,28	13-19	!	deel43:p34
W:W23,27,29,31,33,34,35,36,37,38,39,40,42,44,48:B1,2,8,9,10,11,12,13,14,15,16,18,20,24,26	23-19	!	deel43:p35
B:W18,26,31,33,34,35,36,38,48:B7,9,12,13,16,17,24,25	12x23	?	deel43:p36
W:W26,31,33,34,35,36,38,48:B7,9,13,16,17,23,24,25	34-30	!	deel43:p36
B:W24,29,31,34,36,37,38,39,40,43:B2,3,4,8,14,15,18,22,27,28	28-33	!	deel43:p36
B:W22,25,26,34,36,38,40,42,44:B3,6,9,14,16,17,19,28,35	14-20	!	deel43:p36
W:W24,25,28,29,32,39,40,43,47,49:B3,4,9,13,14,15,16,17,18,31	28-23	?	deel43:p36
B:W27,29,31,33,34,35,36,38,39,40,41,42,43,44,45,46,48,49:B1,2,3,4,5,6,7,8,9,12,14,15,16,17,18,20,24,25	25-30	!	deel43:p37
W:W25,32,34,37,38,42,44,48:B12,13,18,19,23,24,26,28	34-29	?	deel43:p38
W:W24,25,36,41,42,43:B3,14,15,23,26,27	43-39	?	deel43:p38
W:W16,27,28,32,35,37,38,39,47,48,49,50:B2,6,7,8,9,13,15,18,19,23,26,29	39-33	?	deel43:p39
W:W24,25,26,29,30,35,36,37,39,41,43,47,49,50:B3,6,7,9,12,13,14,15,17,18,19,27,28,32	25-20	?	deel43:p41
B:WK2,26,35,36,39,41,43,47,49,50:B3,6,9,12,13,15,18,23,28,30,32	9-14	!	deel43:p41
B:W24,26,32,36,39,41,47,49,50:B3,4,6,12,18,23,28	28x46	!	deel43:p41
W:W27,31,36,37,38,42,43:B9,12,16,25,40	27-21	!	deel43:p41
W:W22,36,37,38,42,43:B9,12,25,45	37-31	!	deel43:p41
B:W22,25,27,28,31,32,35,37,38,39:B8,12,13,14,16,18,19,23,24,26	12-17	?	deel43:p42
W:W25,27,28,31,32,35,37,38,39:B7,8,13,14,18,19,23,24,26	27-21	!	deel43:p42
W:W26,29,31,33,34,36,39,40,41,43,44,45,48,49:B2,4,6,7,11,12,14,15,17,18,19,20,22,25,38	43x32	?	deel43:p43
B:W26,27,28,30,31,32,34,35,36,37,38,39,42,44:B6,8,11,12,13,15,16,17,18,19,20,21,23,25	23-29	?	deel43:p43
B:W14,26,27,28,30,31,32,35,36,37,38,39,42,44:B6,8,11,12,13,15,16,17,18,20,21,25	25x43	!	deel43:p43
W:W21,26,31,32,34,35,36,37,39,40,42,43:B1,6,7,11,12,15,17,22,23,24,25,28	32-27	?	deel43:p44
B:W21,26,27,31,34,35,36,37,39,40,42,43:B1,6,7,11,12,15,17,22,23,24,25,28	23-29	!	deel43:p44
B:W28,29,31,32,34,35,36,38,39,40,43,44,45,48,49:B2,3,4,5,6,7,8,9,11,13,15,16,20,21,25	21-26	?	deel43:p44
W:W16,25,26,34,35,37,38,41,43,45,47,48:B1,2,7,9,11,13,14,15,17,18,22,23	25-20	!	deel43:p45
W:W15,16,25,36,37,40,42,43,44,47:B4,5,6,7,11,12,14,17,19,26,33	43-38	?	deel43:p45
B:W15,16,25,36,37,38,40,42,44,47:B4,5,6,7,11,12,14,17,19,26,33	17-22	!	deel43:p45
B:W15,16,25,29,36,37,40,42,44,47:B4,5,6,7,11,12,14,19,22,26	26-31	!	deel43:p45
B:W23,33,34,42,43,48:B9,12,21,24,25,27	27-32	?	deel43:p47
W:W26,29,30,31,32,34,36,39,40,42,44,47,48,49:B2,3,4,6,7,11,12,13,14,15,18,19,23,25	30-24	!	deel43:p47
W:W25,28,32,33,34,35,36,38,39,42,43,45:B3,6,7,8,9,14,15,18,19,21,23,24	32-27	?	deel43:p47
B:W24,25,30,35,36,37,38,39,42,43,46,48:B3,9,11,12,13,15,18,21,22,23,27,28	3-8	?	deel43:p48
W:W26,27,30,31,32,35,36,37,38,39,44,49:B6,7,11,12,13,14,16,17,18,20,22,23	26-21	!	deel43:p52
W:W30,31,32,35,36,37,38,39,44,49:B6,7,11,12,13,14,16,17,18,20,22,23	31-27	!	deel43:p52
W:W26,27,29,31,32,33,35,36,38,39,41,42,43,44,45,48,49,50:B2,3,4,6,7,8,9,11,12,13,14,15,16,18,20,22,23,25	27-21	!	deel43:p52
W:W25,27,28,32,33,35,36,37,38,39,40,42,43,45,48:B3,6,11,13,14,15,16,17,18,19,20,21,23,24,26	27-22	?	deel43:p52
B:W25,29,30,33,37,38,42,44,47:B6,14,15,17,18,19,20,22,27	19-23	?	deel43:p52
W:W24,25,27,29,31,32,36,37,38,39,45:B2,4,6,9,13,14,15,16,17,18,21	27-22	?	deel43:p55
B:WK3,24,25,29,31,36,37,38,39,45:B4,6,9,13,14,15,16,21	21-27	!	deel43:p55
B:W25,27,28,32,33,39,42,45,48,49,50:B8,12,13,14,15,16,17,18,19,20,23	19-24	!	deel43:p55
W:W20,23,25,29,38,42:B4,9,12,13,16,27	20-14	?	deel43:p56
B:WK3,23,29,38,42:B12,13,16,27	13-19	!	deel43:p56
B:W27,28,32,34,35,36,37,38,39,40,43,45:B8,9,11,13,14,15,16,18,19,24,25,26	24-30	?	deel43:p56
B:W24,27,30,31,33,35,36,37,38,39,42,43,46,47,48,49,50:B1,3,6,7,8,9,10,11,12,13,14,15,16,17,18,19,22	14-20	?	deel43:p56
B:W22,23,27,28,31,35,36,37,38,40,42,43,45:B3,6,7,8,11,13,15,16,17,20,25,26	25-30	?	deel43:p57
W:W26,27,31,32,33,34,35,38,39,40,45,46,47,48,49,50:B1,2,3,6,8,9,11,13,14,15,16,17,19,20,21,23	33-28	?	deel43:p58
W:W27,29,31,33,35,36,37,39,43,44,45,48,49:B3,6,7,8,9,13,15,16,17,18,20,22,24	27-21	!	deel43:p59
W:W27,28,31,32,33,34,35,36,37,38,39,45,46,48:B2,6,8,9,11,12,13,14,15,16,18,24,25,26	48-43	?	deel43:p59
B:W16,25,26,30,35,38,40,47,48:B7,8,14,15,19,22,24,28,36	24-29	?	deel43:p60
W:W33,34,36,37,38,39,40,43,44,46,49:B5,6,7,8,10,11,15,16,19,22,27,28	33-29	?	deel43:p61
W:W26,27,30,33,35,40,41,42,45:B3,9,13,16,17,18,19,23,24	42-38	?	deel43:p61
W:W24,27,28,29,32,37,38,47,48,49:B2,6,8,13,14,15,16,20,25,26	28-23	?	deel43:p62
B:W25,27,28,30,32,33,35,37,38,40,48:B12,13,14,15,16,17,18,19,23,24,26	23-29	?	deel43:p62
W:W29,31,33,35,36,37,38,40,42,45,49:B6,7,9,10,12,15,18,19,20,22,26	37-32	!	deel43:p63
B:W22,27,28,32,33,34,36,37,38,40:B1,2,6,7,9,11,16,17,24,25	24-30	?	deel43:p63
W:W22,27,28,32,33,34,36,37,38,40:B1,2,6,7,9,11,16,17,25,30	28-23	!	deel43:p63
B:W22,30,32,34,35,36,37,38,40,41,42,43,44,45,47,48:B2,3,4,6,7,8,11,12,13,14,15,16,20,23,25,26	12-18	?	deel43:p64
W:W22,30,32,34,35,36,37,38,40,41,42,43,44,45,47,48:B2,3,4,6,7,8,11,13,14,15,16,18,20,23,25,26	32-28	!	deel43:p64
W:W27,28,31,32,33,35,36,38,39,44,45,46,47,48:B1,3,4,7,8,9,11,12,15,16,18,20,24,26	27-22	?	deel43:p66
W:W25,28,30,33,34,35,38,39,40,41,42,45,47,48,49:B3,4,5,8,9,12,13,14,15,17,19,23,24,26,27	25-20	?	deel43:p66
B:W29,30,31,34,35,38,39,40,41,42,45,47,48:B3,4,5,8,9,12,13,14,15,19,26	26x46	!	deel43:p66
W:W25,30,33,34,35,38,39,40,41,42,43,45,47,49:B3,4,5,8,9,12,13,14,15,17,19,24,26,27,32	49-44	?	deel43:p66
W:W15,20,24,25,29,38,39,41,47,50:B3,4,9,12,13,14,21,22,31,45	24-19	!	deel43:p67
W:WK46,29,36:BK13,16,21,25,26	46-37	?	deel43:p67
W:W24,26,29,31,33,34,36,38,39,42,43,44,47,49,50:B2,3,4,6,7,8,12,13,14,15,18,22,23,25,27	33-28	?	deel43:p68
B:W24,26,28,29,31,34,36,38,39,42,43,44,47,49,50:B2,3,4,6,7,8,12,13,14,15,18,22,23,25,27	22x33	!	deel43:p68
W:W26,31,38,44,47,49,50:B2,4,5,6,7,15,25,42	38-33	!	deel43:p68
B:W24,26,28,29,31,34,36,38,39,42,43,44,47,49,50:B2,3,4,6,7,8,12,13,14,15,18,22,23,25,27	23x32	?	deel43:p68
W:W27,31,32,34,35,36,37,38,39,42,48,49:B7,8,11,12,13,14,15,16,18,19,22,23	31-26	?	deel43:p68
W:W22,28,29,32,34,36,37,38,39,42,43,44,48:B1,3,7,10,11,12,13,14,17,19,21,25,35	38-33	?	deel43:p69
B:WK12,22,28,29,32,33,36,37,39,42,43,44,48:B1,3,7,11,13,17,21,35	7x40	!	deel43:p69
B:W27,28,30,32,34,36,38,40,41,42,43,45,47,48,49,50:B1,2,3,4,6,8,9,12,14,15,16,18,19,20,21,23	20-24	?	deel43:p69
W:W25,30,32,33,37,39,41,42,44,47:B2,10,14,16,17,18,19,20,22,23	39-34	?	deel43:p69
B:W25,30,32,33,34,37,41,42,44,47:B2,10,14,16,17,18,19,20,22,23	19-24	!	deel43:p69
B:W25,28,32,33,34,37,41,42,44,47:B2,10,14,16,17,18,20,22	14-19	!	deel43:p69
W:W27,30,31,33,36,38,41,42,43,44,48:B3,5,6,8,11,16,17,18,19,20,22	30-25	?	deel43:p70
B:W25,27,31,33,36,38,41,42,43,44,48:B3,5,6,8,11,16,17,18,19,20,22	18-23	!	deel43:p70
B:W20,26,31,33,35,36,37,38,39,41,43,45,46,47,48,49:B2,4,6,8,9,11,12,13,14,16,17,18,22,25,27,28	13-19	?	deel43:p70
B:W26,28,31,32,33,34,40,44,45,48:B3,6,11,15,16,17,19,20,23,24	3-9	?	deel43:p71
W:W26,28,31,32,33,34,40,44,45,48:B6,9,11,15,16,17,19,20,23,24	26-21	!	deel43:p71
B:W18,22,27,28,32,34,35,36,37,40,42,43,46,48:B2,6,7,8,9,11,14,15,16,19,20,25,26	8-12	?	deel43:p71
W:W22,27,31,32,34,37,39,45:B8,13,16,19,23,24,26,35	22-18	!	deel43:p72
B:W17,27,28,34,37,39,40,43,44:B3,9,13,15,18,19,24	24-30	!	deel43:p73
B:W17,25,27,28,37,39,40,43,44:B3,9,13,15,18,19	19-23	!	deel43:p73
W:W24,28,29,31,32,33,36,37,38,40,45,48,49:B5,7,9,10,13,15,16,17,18,20,22,25,26	29-23	!	deel43:p73
W:W28,30,32,33,35,36,43:B1,3,17,19,20,22,24	30-25	?	deel43:p74
B:W25,28,32,33,35,36,43:B1,3,17,19,20,22,24	22-27	!!	deel43:p74
W:W19,20,26,34,39:B9,17,22,35,41	19-14	?	deel43:p74
W:W24,25,29,31,33,36,38,39,41,43,48,49,50:B3,4,6,8,9,13,14,16,18,21,22,27,32	25-20	!	deel43:p74
B:W22,27,32,33,34,35,36,37,38,39,43,45:B8,11,12,13,16,18,19,20,23,24,25,26	12-17	?	deel43:p75
W:W20,22,27,38,39,44:B12,13,18,23,30,35	20-15	?	deel43:p75
B:W27,28,31,32,34,35,36,38,40,42,45,48:B7,8,9,10,12,15,16,17,18,19,24,25	17-22	?	deel43:p75
B:W24,28,29,32,34,37,38,39,40,41,44:B2,3,8,10,13,14,15,16,20,21,25	14-19	?	deel43:p75
W:W24,28,29,32,34,37,38,39,40,41,44:B2,3,8,10,13,15,16,19,20,21,25	29-23	!	deel43:p75
B:W27,28,30,31,32,33,34,36,38,39,40,42,43,45,49:B2,3,4,6,7,8,9,10,12,13,14,17,18,19,23	23-29	!	deel43:p76
B:W27,28,30,32,33,35,36,37,38,39,40,42,46,47,48,49,50:B2,3,4,6,8,10,11,12,13,14,16,17,18,19,21,23,24	24-29	!	deel43:p76
B:W24,27,28,30,32,35,36,37,38,39,40,42,46,47,48,49,50:B2,3,4,6,8,10,11,12,13,14,16,17,18,19,21,23	18-22	!	deel43:p76
B:W20,21,28,30,35,36,37,38,39,40,42,46,47,48,49,50:B2,3,4,6,10,11,12,16,17,19,23	23x14	!	deel43:p76
B:W25,27,28,32,33,35,38,39,40,41,42,45,48:B2,3,4,9,12,14,15,16,18,19,21,23,24	24-29	!	deel43:p77
B:W22,25,27,28,32,35,38,39,40,41,42,45,48:B2,3,4,9,12,14,15,16,21,23	12-17	!	deel43:p77
B:W26,27,29,30,31,32,34,36,37,44:B7,10,12,16,17,18,19,20,23,28	19-24	!	deel43:p81
B:W23,26,27,29,31,34,36,37,44:B7,10,12,14,16,17,18,20	16-21	!	deel43:p81
B:WK21,7,26,31,36,37:BK49,10,18	49x2	!	deel43:p81
B:W26,27,29,30,31,32,34,36,37,39:B7,10,12,16,17,18,19,20,23,28	16-21	!	deel43:p81
B:W16,26,29,30,31,32,34,36,37,39:B7,10,12,17,18,19,20,23,28	20-24	!	deel43:p81
B:W28,30,32,34,36,37,38,40,42,43,45,48:B2,4,12,13,14,15,16,17,19,23,26,29	29-33	?	deel43:p81
B:W28,30,32,34,36,37,38,40,42,43,45,48:B2,4,12,13,14,15,16,17,19,23,26,29	26-31	!!	deel43:p81
B:W24,26,27,29,30,32,34,38,39,40,42,43,44,45,48:B2,6,8,10,11,12,13,15,16,17,18,19,20,23,25	17-21	?	deel43:p82
B:W29,30,31,32,34,35,36,37,38,39,40,41,43,44,46,47,48,49,50:B1,2,3,4,5,6,7,8,9,10,11,12,13,14,16,18,19,22,25	19-24	!	deel43:p82
B:W22,25,27,32,33,35,38,43,44,48:B3,6,7,14,16,18,19,21,23,24	7-12	?	deel43:p83
B:W27,28,32,33,34,37,38,50:B8,9,13,16,18,24,25,26	24-30	?	deel43:p83
W:W27,28,32,33,34,37,38,50:B8,9,13,16,18,25,26,30	28-22	!	deel43:p83
W:W27,28,32,33,34,37,38,50:B8,9,13,16,18,25,26,30	33-29	!	deel43:p83
W:W25,26,30,32,34,35,38,42,48:B5,8,11,13,14,17,18,22,23	34-29	?	deel43:p83
B:W14,26,32,35,38,39,42,48:B5,8,11,13,17,18,22	5-10	!	deel43:p83
B:W22,26,27,31,32,36,37,38,39,42,44,45,47,50:B2,3,4,6,11,12,13,15,16,18,19,23,24,25	23-28	!	deel43:p84
B:W14,22,26,27,31,36,37,38,39,42,44,45,47,50:B2,3,4,6,11,12,13,15,16,18,24,25	16-21	!	deel43:p84
B:W11,25,27,28,32,34,35,37,38,39,41,45,48:B3,4,6,13,14,16,18,19,21,23,24,26	16x7	!	deel43:p84
B:W26,27,28,32,33,34,35,36,37,38,40,43,45,48:B3,4,6,7,8,13,14,15,16,18,19,23,24,25	14-20	?	deel43:p84
B:W22,24,29,32,33,37,38,40,42,44,45:B3,5,6,7,8,12,13,14,15,16	13-19	!	deel43:p85
B:W11,22,29,32,33,37,38,40,42,44,45:B3,5,6,12,14,15,16	6x50	!	deel43:p85
B:W27,28,32,33,34,38,39,42,44,48:B3,8,12,13,16,18,19,21,24,35	18-23	?	deel43:p85
W:W27,28,32,33,34,38,39,42,44,48:B3,8,12,13,16,19,21,23,24,35	28-22	!	deel43:p85
W:W15,28,38,39,40,42,47:B5,6,9,16,19,23,29	40-34	!	deel43:p87
B:W24,32,34,38,39,42,44,47:B13,15,16,18,21,26,31,35,36	21-27	!	deel43:p88
W:W24,28,29,34,35,36,37,38,39,40,49:B4,7,8,13,14,15,20,21,25,26,27	29-23	!	deel43:p88
W:W25,26,27,28,30,31,32,33,35,36,38,40,42,43,45:B3,4,6,9,11,12,13,14,15,16,17,19,23,24,29	40-34	?	deel43:p89
B:W27,28,29,30,32,34,35,37,38,42,47,48:B2,4,7,8,12,13,16,17,18,19,23,25	17-22	?	deel43:p89
B:W29,32,33,34,35,36,37,38,39,40,41,43,44,45,46,47,49:B2,3,4,6,7,8,9,10,12,13,15,16,18,19,20,22,23	22-27	?	deel43:p90
W:W23,26,27,32,33,37,38,39,40,43,44,45:B1,8,9,12,13,15,16,17,20,25,30,35	39-34	!	deel43:p90
W:W24,27,32,35,38,41,43,45,46,49:B2,6,7,8,13,14,15,17,18,20,25,26	41-37	!	deel43:p91
W:W28,29,32,33,36,38,40,42,44,45,49:B2,3,4,9,14,15,17,19,21,22,25	40-34	?	deel43:p91
B:W16,21,28,31,33,34,36,38,39,43,49:B2,6,7,8,9,13,15,18,19,25,30	19-23	?	deel43:p91
W:W16,21,31,33,34,36,38,39,43,49:B2,6,7,8,9,15,18,24,25,30	16-11	!	deel43:p91
W:W32,37,42,45,48:B1,2,3,8,10,15,19,20,28	32x5	!	deel43:p92
W:W24,27,29,33,34,37,38,39,40,41,42,43,44,45,46,47,48,49:B2,3,4,6,7,8,9,10,11,12,13,14,15,16,18,20,22,23	41-36	?	deel43:p92
W:W30,33,34,36,37,38,39,40,42,48,49:B2,3,4,12,13,16,18,19,20,22,23	30-25	?	deel43:p92
B:WK28,25,33,36,37,38,39,40,42,48,49:B2,4,16,18,19,23	23x45	!	deel43:p92
B:W27,29,31,32,35,36,38,39,42,43,44,45,47,48,49:B2,3,6,7,8,9,10,12,13,15,16,18,21,22,25	21-26	?	deel43:p93
W:W27,29,31,32,35,36,38,39,42,43,44,45,47,48,49:B2,3,6,7,8,9,10,12,13,15,16,18,22,25,26	29-24	!	deel43:p93
W:W15,27,28,32,38,44,48:B4,8,11,12,17,18,19	48-42	?	deel43:p93
B:WK4,19,27,32,38,42,44:B8,11,12,17,18	8-13	!	deel43:p93
W:W30,33,35,36,37,40,42,43,46,48,49:B2,3,4,8,10,12,13,15,18,20,22	30-25	?	deel43:p93
B:WK5,33,35,36,37,40,42,43,46,48,49:B2,3,4,8,12,13,15,18,27	27-32	!	deel43:p93
B:W13,23,26,33,35:B17,24,41	17-21	!	deel43:p94
B:W31,32,33,34,35,36,38,39,40,41,42,45,47,48:B2,3,6,8,9,11,12,13,15,16,19,20,22,25	25-30	!	deel43:p94
B:W29,31,32,33,34,35,38,39,41,42,43,45,48:B3,6,7,8,10,12,13,15,16,20,22,24,25	22-27	!	deel43:p95
W:W25,26,27,33,34,38,39,40,42,43,49:B1,3,6,9,11,13,14,18,19,23,30	40-35	?	deel43:p95
W:W24,27,32,33,34,37,38,39,40,42,45:B2,5,6,8,9,11,13,15,18,19,25	34-30	!	deel43:p95
W:W24,26,27,28,29,32,34,38,39,40,43,44,45,49:B2,4,5,6,8,12,13,14,15,16,17,18,21,25	28-23	?	deel43:p96
B:W23,24,26,29,31,33,34,36,38,39,40,41,42,43,44,47,49:B2,4,6,7,8,9,11,12,13,14,15,17,18,20,22,25,27	27-32	!	deel43:p96
B:W25,29,32,34,37,39,40,42,43,44,45,48:B1,3,5,7,9,12,14,15,16,17,19,30	14-20	!	deel43:p97
W:W27,28,30,31,32,35,36,38,39,42,43,44,45:B3,6,8,9,11,13,15,16,19,20,21,24,29	39-33	?	deel43:p98
B:W27,28,30,31,32,33,35,36,38,42,43,44,45:B3,6,8,9,11,13,15,16,19,20,21,24,29	19-23	!	deel43:p98
W:W22,25,27,28,32,33,34,36,37,38,39,42,43,45,47,48,49:B1,2,3,6,9,11,12,13,14,15,16,17,19,20,23,24,26	37-31	?	deel43:p99
B:W26,28,29,31,32,33,35,36,38,39,40,43,44,45,47:B2,3,4,6,10,12,15,16,17,19,20,21,22,24,25	21-27	?	deel43:p99
B:W23,24,27,29,31,32,33,34,36,39,42,44:B4,6,7,9,12,13,15,16,17,18,20,21	18-22	?	deel43:p100
B:W17,32,33,34,35,37,38,39,40,41,42,43,44,48,49,50:B2,3,4,6,7,8,9,13,14,15,16,19,23,24,25	7-12	?	deel43:p100
W:W21,26,32,38,39,41,42,44,45,48:B2,8,11,12,14,23,24,25,29,30	21-16	?	deel43:p102
B:W16,26,32,38,39,41,42,44,45,48:B2,8,11,12,14,23,24,25,29,30	23-28	!	deel43:p102
B:W16,26,34,38,39,41,42,44,45,48:B2,8,11,12,14,24,25,30	24-29	!	deel43:p102
B:W24,25,29,31,33,36,37,40,48,49:B3,8,9,11,14,15,18,21,22,26	14-20	?	deel43:p103
B:W10,27,35,47,48,49:B3,6,8,9,16,17,28	17-22	!	deel43:p103
B:W22,28,29,31,32,33,34,35,36,37,38,40,42,43,45,48:B1,3,7,8,9,10,11,12,13,14,15,16,19,20,25,26	20-24	?	deel43:p103
W:W6,27,28,30,31,32,33,34,35,36,48:B1,9,12,13,16,18,19,23,24,25	34-29	?	deel43:p104
B:W6,27,28,31,32,33,35,36,39,48:B1,9,12,13,16,18,19,24,25	12-17	!	deel43:p104
W:W23,25,26,28,30,32,33,35,37,38,40,41,49:B2,9,10,12,14,16,17,18,19,21,22,24	41-36	!	deel43:p108
W:W25,26,28,30,32,33,35,36,37,38,40,49:B2,9,10,12,14,16,17,19,21,22,24,29	28-23	!	deel43:p108
W:W25,26,32,35,36,37,38,40:BK48,2,9,10,12,16,17,21,22,23,29	35-30	!	deel43:p108
W:WK2,46,48:BK41,14,23,24,34,38	2x10	!	deel43:p108
B:W23,24,26,29,33,34,35,36,38,42:B3,6,8,11,12,15,18,22,25,27	22-28	!	deel43:p109
B:WK2,23,24,26,29,34,35,36,38,42:B3,6,11,12,15,25,27	25-30	!	deel43:p109
W:W27,31,32,33,34,35,36,37,38,42,48:B6,7,8,9,12,13,16,18,22,24,25	48-43	?	deel43:p110
B:W22,24,27,31,32,34,36,37,38,42,43:B6,7,8,9,12,13,16,18,25	13-19	!	deel43:p110
B:W27,29,30,32,34,35,37,40,43,45,47,48,50:B3,6,7,8,10,13,15,17,18,20,23,25,26	7-11	?	deel43:p110
W:W27,29,30,32,34,35,37,40,43,45,47,48,50:B3,6,8,10,11,13,15,17,18,20,23,25,26	37-31	!	deel43:p110
W:W34,35,40,43,45,47,48,50:B6,8,10,11,14,15,17,25,27,28,29	34x3	!	deel43:p110
W:W24,27,28,29,32,33,35,36,37,38,40,42,43,44:B2,3,4,5,8,9,12,13,15,16,17,18,20,26	43-39	?	deel43:p111
B:W24,32,33,35,36,40,42,44,49:B2,4,5,15,16,20	20x47	!	deel43:p111
B:W26,31,33,34,35,36,37,38,39,42,43,47,49:B6,8,10,11,12,13,17,18,20,22,23,27,28	13-19	?	deel43:p111
W:W26,31,33,34,35,36,37,38,39,42,43,47,49:B6,8,10,11,12,17,18,19,20,22,23,27,28	34-29	!	deel43:p111
W:W26,30,31,35,36,37,38,42,47,49:BK48,6,8,10,11,12,17,18,19,20,22,27	47-41	!	deel43:p111
W:W28,30,32,33,35,36,43:B1,15,17,19,20,22,24	30-25	?	deel43:p111
B:W25,28,32,33,35,36,43:B1,15,17,19,20,22,24	22-27	!!	deel43:p111
W:W20,27,32,33,34,35,36,37,38,40,41,42:B1,3,4,9,10,11,16,17,18,21,23,26	35-30	?	deel43:p112
B:W20,27,30,32,33,34,36,37,38,40,41,42:B1,3,4,9,10,11,16,17,18,21,23,26	26-31	!	deel43:p112
B:W20,26,27,30,32,33,34,36,38,40,41,42:B1,3,4,9,10,11,16,17,18,21,23	17-22	!	deel43:p112
B:W25,28,31,35,37,38,39,44,45,47,48:B7,8,9,13,14,15,16,19,21,24,29	13-18	?	deel43:p112
B:W23,24,27,29,31,32,33,34,36,39,42,44:B4,6,7,9,12,13,15,16,17,18,20,21	21-26	?	deel43:p113
B:W25,27,28,31,35,36,39,45,47,48,49:B1,2,3,4,9,12,14,15,16,18,24	9-13	?	deel43:p116
B:W26,29,30,31,32,34,36,39,40,42,44,47,48,49:B2,3,4,6,7,9,11,12,13,15,18,19,23,25	9-14	?	deel43:p116
B:W26,27,29,31,32,33,35,36,38,39,41,42,43,44,45,48,49,50:B2,3,4,6,7,8,9,11,12,13,14,15,16,18,19,20,22,25	19-23	?	deel43:p116
B:W26,28,32,33,34,35,36,37,38,39,41,42,43,44,45,47,48,49:B2,3,4,6,7,9,11,12,13,14,15,16,17,18,19,21,22,24	24-29	?	deel43:p117
W:W22,26,27,31,32,36,37,38,39,44,45,47,48,50:B2,3,4,6,11,12,13,15,16,18,19,23,24,25	48-42	?	deel43:p117
B:W22,27,28,29,33,37,39,45,48:B7,12,13,16,18,19,20,25,35	12-17	!	deel43:p117
W:W30,32,35,36,37,39,43,44,45,47,48,49:B3,6,7,9,12,14,15,19,22,23,24,28	43-38	?	deel43:p117
W:W30,33,34,36,37,38,39:B8,15,16,20,22,26,27,28	34-29	?	deel43:p123
W:W16,21,25,26,27,31,42,45,48,49:B3,6,7,12,13,14,18,22,23,24,35,37	21-17	!	deel43:p123
B:W26,27,28,31,32,36,38,43,45,48:B3,6,7,9,11,12,13,16,18,24,30	9-14	?	deel43:p123
B:W10,17,24,40:B6,43	43-49	?	deel43:p124
B:W26,27,28,32,34,35,38,39,47,49,50:B2,3,11,12,13,14,15,16,18,19,23	12-17	?	deel43:p124
B:W26,27,28,32,34,38,40,48,49:B12,13,14,16,18,19,23,25,29	29-33	!	deel43:p125
W:W26,49:BK21,12,13,14,16,18,25	26x10	!	deel43:p125
B:W26,27,28,32,34,35,38,39,47,49,50:B2,3,11,12,13,14,15,16,18,19,23	15-20	?	deel43:p125
W:W31,37,38,39,45,48:B6,8,13,14,21,25	31-26	?	deel43:p126
B:W26,37,38,39,45,48:B6,8,13,14,21,25	14-20	!	deel43:p126
W:W22,27,28,33,35,36,37,38,40,43,45:B3,8,11,12,13,15,16,20,24,25,29	36-31	?	deel43:p126
B:W26,27,28,32,34,35,37,38,43,48:B3,6,12,13,14,16,18,19,23,24	23-29	?	deel43:p126
W:W26,27,28,32,35,37,38,43,48:B3,6,12,13,14,16,19,24,29	38-33	!	deel43:p126
B:W22,27,28,31,33,35,37,38,40,43,45:B3,8,11,12,13,15,16,20,24,25,29	29-34	!	deel43:p126
W:W26,27,29,30,31,33,34,36,37,38,39,40,44,45:B6,10,11,12,13,15,16,17,18,19,20,22,25,28	27-21	!	deel43:p127
B:WK25,26,31,33,36,40,44,45:B6,15,17,22,41	41-47	?	deel43:p127
W:W22,23,27,28,31,32,34,35,36,37:B4,6,11,12,13,14,16,19,21	22-17	?	deel43:p127
B:W23,27,34,35,36,37:B6,15,16,33	33-38	!	deel43:p127
B:W9,24,28,29,30,32,33,35,37,38:B15,16,17,19,20,21,26	21-27	!	deel43:p127
B:W25,27,31,32,36,37,40,48,50:B8,12,13,14,16,17,18,23,39	17-21	!?	deel43:p127
W:W25,27,31,32,36,37,40,48,50:B8,12,13,14,16,18,21,23,39	48-43	!	deel43:p127
W:W25,27,31,32,36,37,40,50:BK48,8,12,13,14,16,18,21,23	31-26	!	deel43:p127
W:W22,23,27,28,33,38,39,40,41,44,45,48:B3,6,9,11,13,14,15,16,17,19,24,25,35	41-37	?	deel43:p127
B:W22,23,27,28,33,37,38,39,40,44,45,48:B3,6,9,11,13,14,15,16,17,19,24,25,35	14-20	!	deel43:p127
B:W14,22,27,28,33,37,38,39,40,44,45,48:B3,6,9,11,13,15,16,17,20,24,25,35	13-18	!	deel43:p127
W:W23,28,29,30,33,35,36,37,38,40,42,43,44,45,47,48,49:B2,3,5,6,7,8,9,10,11,12,14,15,18,19,20,24,27	43-39	?	deel43:p128
B:W27,28,31,35,38,43,45,48:B1,12,13,14,16,19,20,24	24-29	?	deel43:p128
W:W27,28,31,35,38,43,45,48:B1,12,13,14,16,19,20,29	38-33	!	deel43:p128
B:W25,26,27,30,31,35,36,38,43:B6,8,13,14,16,18,19,22,29	19-23	?	deel43:p128
W:W23,28,31,37,38,39,40:B3,12,13,16,17,20,25,26	31-27	?	deel43:p128
B:W23,27,28,37,38,39,40:B3,12,13,16,17,20,25,26	17-22	!	deel43:p128
W:W15,29,31,34,35,36,37,38,39,41,42,45,48:B3,4,6,12,13,14,16,17,18,22,23,27,28	38-32	!	deel43:p128
W:W10,15,17,34,35,36,45,48:BK46,4,6,8,16,18,23	17-11	!	deel43:p129
W:W25,30,31,32,34,35,37,38,47,49:B4,11,12,13,14,15,19,21,23,28	30-24	!	deel43:p129
W:WK2,39,45:BK35,4	39-34	!	deel43:p132
W:WK2,34,45:BK40,4	2-30	!	deel43:p132
W:W22,27,31,32,33,34,35,38,39,43,46:B4,6,8,11,12,13,16,19,24,25,30	46-41	?	deel44:p20
B:W22,27,31,32,33,34,35,38,39,41,43:B4,6,8,11,12,13,16,19,24,25,30	24-29	!	deel44:p20
B:W26,27,28,33,34,35,38,39,41,43:B6,7,8,9,12,13,19,24,25,30	13-18	?	deel44:p21
W:W26,27,28,33,34,35,38,39,41,43:B6,7,8,9,12,18,19,24,25,30	33-29	!	deel44:p21
W:W23,26,33,35,38,41:B9,11,12,34	41-36	!	deel44:p23
B:W26,27,33,34,35,39,41:B6,9,17,23,24,25,30	24-29	?	deel44:p23
W:W26,27,34,35,39,41:B6,9,17,19,23,25	27-22	!	deel44:p23
B:W23,34,35,36,39,40,42,43,44,48:B2,3,6,8,9,10,11,13,16,20,37	16-21	!	deel44:p24
W:W23,27,34,35,36,39,40,43,44,48:B2,3,6,8,9,10,11,13,20,31	35-30	!	deel44:p25
W:W28,32,33,34,35,36,37,38,39,40,47,48:B2,3,5,6,8,9,10,11,12,13,14,15,18,19,20,26	28-23	!	deel44:p25
W:W23,29,30,34,36,37,38,39,40,42,44,47,48:B2,3,5,6,8,10,12,13,14,15,18,22,26	30-24	?	deel44:p25
W:W23,29,30,34,36,37,38,39,40,42,44,47,48:B2,3,5,6,8,10,12,13,14,15,18,22,26	37-31	!	deel44:p25
B:W25,26,30,31,32,33,35,36,38,43:B6,8,11,12,13,14,17,18,19,24	17-21	!	deel44:p26
B:W25,30,33,34,35,47:B6,8,13,14,16,19,24	24-29	!	deel44:p27
B:W25,27,28,30,32,33,34,35,36:B6,12,13,14,16,19,23,24,26	12-17	?	deel44:p27
W:W25,30,33,34,35,41:B6,13,14,16,17,19,21,24	34-29	!	deel44:p27
W:W26,27,28,31,32,33,34,36,38,42,43,44,48:B6,7,8,9,11,12,13,16,17,18,19,22,35	34-29	!	deel44:p31
B:W26,27,29,31,32,34,35,38,43:B6,8,10,11,16,17,18,21,23	18-22	?	deel44:p33
W:W26,27,30,31,32,33,35,43:B6,10,11,13,16,17,18,21	33-28	!	deel44:p33
W:W26,27,28,29,31,32,34,35,43:B6,10,11,16,17,18,19,21,23	35-30	!	deel44:p34
B:W26,27,28,29,31,32,34,35,43:B6,10,11,16,17,18,19,21,23	17-22	?	deel44:p34
B:W26,28,29,30,31,32,33,35:B6,10,11,16,17,18,19,21	18-23	!	deel44:p34
W:W24,26,29,31,34,36,37,38,42:B6,8,11,12,14,16,17,18,28	26-21	!	deel44:p36
B:W24,27,32,33,34,36,37,42:B6,11,12,13,14,16,23,26	13-18	!	deel44:p36
B:W22,27,28,32,34,36,37,42:B6,11,12,16,23,26	26-31	!	deel44:p36
W:W24,26,30,31,32,36,38,43:B6,11,13,14,16,17,19,23	32-28	!	deel44:p36
B:W24,26,30,31,32,36,38,43:B6,11,13,14,16,17,18,19	17-22	?	deel44:p37
W:W23,29,37,44,47,49:B12,13,14,17,22,36	29-24	!	deel44:p41
W:W31,34,37,38,44,47,49:B4,12,14,17,22,27,28	34-29	!	deel44:p41
W:W31,32,37,38,39,44:B9,18,23,26,28,29	39-34	!	deel44:p42
B:W10,25,37,42:B18,19,26,31,43	43-49	!	deel44:p43
W:W31,34,37,40,42:B9,12,18,26,33	42-38	!	deel44:p44
W:W19,30,31,37,42:BK49,21,26,28	19-14	!	deel44:p44
B:W15,23,30,31,37:BK50,14,21,26	50-11	!	deel44:p44
B:W27,31,32,33,34,35,36,37,38,39,42,44,45:B1,6,7,8,12,14,15,16,20,21,24,25,30	12-18	?	deel44:p49
B:W26,28,31,33,34,35,38,39,43,44:B8,9,12,13,16,17,18,19,24,25	17-21	!	deel44:p50
W:W27,28,30,32,33,35,43,44:B9,13,16,17,18,19,21,24	43-39	!	deel44:p50
B:W27,28,30,32,33,35,39,40:B9,13,16,17,19,21,23,24	13-18	?	deel44:p50
B:W22,27,32,33,34,35,39,43,44:B9,12,13,16,18,19,21,24,25	18-23	?	deel44:p51
W:W25,26,27,31,33,35,36,37,38,41,43,45,47,48,49:B3,4,6,7,8,11,12,13,16,17,18,19,22,23,24	49-44	?	deel44:p54
W:W16,25,26,31,32,36,38,42,45,48,49:B3,4,6,7,8,12,17,18,23,24,39	49-43	?	deel44:p55
B:W16,25,26,31,32,36,38,40,42,48,49:B3,4,6,7,8,12,17,18,23,24,39	39-44	?	deel44:p55
W:W28,32,33,34,35,36,37,38,43,45,48:B6,7,8,12,14,15,19,23,24,25,26	37-31	!	deel44:p56
B:W22,27,33,34,35,36,37,38,39,45,48:B6,7,13,14,15,18,19,23,24,25,26	23-28	?	deel44:p56
W:W22,28,32,33,34,35,37,38,43,45,48:B7,11,13,14,15,18,19,23,24,25,26	48-42	!	deel44:p57
W:W33,34,35,38,42,43,45:B7,13,14,15,19,22,24,25,26,41	34-30	!	deel44:p57
B:W8,32,33,35,37,38,43,45:B7,14,16,19,23,24,26,34	7-12	!	deel44:p58
B:W17,32,33,35,37,38,43,45:B14,16,19,23,24,26,34	16-21	!	deel44:p58
W:WK1,30,33,35,38,43,45:B13,14,19,20,24,26,41	33-28	!	deel44:p58
B:W16,25,27,32,37,39,45,48:B7,8,9,14,18,19,21,24	8-13	?	deel44:p69
W:W16,25,27,32,37,39,45,48:B7,9,13,14,18,19,21,24	37-31	!	deel44:p69
B:W16,25,27,31,32,39,45,48:B7,9,13,14,18,19,21,24	21-26	?	deel44:p69
W:W16,25,27,32,37,39,45,48:B7,8,9,14,18,19,21,24	48-43	?	deel44:p69
B:W32,33,34,36,37,39,42,44,45:B2,3,4,6,7,8,11,12,13,14,15,16,17,18,20,25,26	17-22	?	deel44:p73
W:W28,33,34,36,37,39,40,42,45:B2,3,4,6,7,8,12,13,14,15,16,17,18,20,22,26,30	34x25	?	deel44:p73
W:W14,17,25,31,36,40,45,46,48,49:B2,3,6,7,8,9,12,13,15,16,18,26,29	25-20	!	deel44:p73
W:W34,36,40,45,46,48:B2,3,6,7,8,13,16,18,20,21,24,29,37	34x1	!	deel44:p73
B:W15,25,29,30,33,38,42,46,48:B4,12,13,14,17,19,26,27,36	13-18	?	deel44:p75
W:W15,24,25,30,33,38,42,46,48:B4,12,13,14,17,23,26,27,36	25-20	!	deel44:p75
W:W24,25,37,42:B14,18,26,31,39	25-20	?	deel44:p76
W:W15,25,29,30,33,37,38,46,48:B4,12,13,14,19,22,26,27,41	25-20	!	deel44:p76
W:W15,25,29,30,33,37,38,46,48:B4,13,14,17,19,22,26,27,36	37-32	?	deel44:p76
B:W27,29,30,32,33,35,38,39,41,43,45:B8,9,10,13,14,15,16,18,20,21,24	20-25	!	deel44:p79
W:W27,32,33,34,35,41:B13,16,18,19,21,24,25	35-30	!	deel44:p80
W:W27,32,33,34,35,41:B13,16,18,19,20,24,26	35-30	!	deel44:p80
W:W22,25,30,35,38,40,42,48,50:B5,12,13,14,15,19,20,24,31	38-32	!	deel44:p82
W:W25,26,27,30,32,35,36,39,40,42,43,44,47:B5,6,11,13,14,15,16,17,18,19,20,24,29	39-34	?	deel44:p83
W:W25,26,31,35,36,38,41,42,43,44,48,49,50:B2,4,5,7,8,9,12,13,14,15,17,22,27,34	44-39	!	deel44:p85
B:W25,26,30,31,35,36,37,38,41,43,48,49,50:B4,5,7,8,9,11,12,13,14,15,17,22,27	13-18	?	deel44:p86
W:W25,26,30,31,35,36,37,38,41,43,48,49,50:B4,5,7,8,9,11,12,14,15,17,18,22,27	25-20	!	deel44:p86
W:W25,26,30,31,35,36,38,43,48,49,50:B4,5,8,9,12,14,15,17,19,22,27	30-24	!	deel44:p86
B:W26,31,34,35,36,38,43,48,49,50:B4,5,8,9,12,14,15,17,22,27	14-19	?	deel44:p86
W:W26,31,34,35,36,38,43,48,49,50:B4,5,8,9,12,15,17,19,22,27	26-21	!	deel44:p86
W:W26,27,29,31,35,36,49,50:B4,5,12,13,14,15,17,19	29-23	!	deel44:p86
W:W11,26,31,35,36,49,50:B4,5,12,13,14,15,38	49-43	!	deel44:p86
W:W26,31,34,35,36,38,41,42,43,44,45,48,49:B2,4,5,6,8,9,12,13,14,17,22,23,27	34-29	!	deel44:p88
B:W21,26,28,32,35,36,38,39,40,42,45:B3,6,11,12,13,15,18,19,23,24,25	11-16	!	deel44:p90
W:W27,28,30,32,33,34,35,38,40,43,45,46,47,48:B1,2,3,4,7,11,12,13,15,17,19,20,23,24	46-41	?	deel44:p92
B:W25,33,36,37,38,48:B4,11,22,24,26,29	22-28	!	deel44:p97
W:W20,25,28,36:BK47,4,21,26	20-14	!	deel44:p98
W:W14,25,28,36:BK47,4,26,27	25-20	!	deel44:p98
B:WK35,25,42,48:BK50,4,26,41	41-47	!	deel44:p99
B:W25,32,34,36,37,38,47:B4,21,23,24,26,27,28	24-30	?	deel44:p100
B:W25,32,34,36,37,38,47:B4,21,23,24,26,27,28	24-29	?	deel44:p101
B:W25,32,34,36,37,38,47:B4,21,23,24,26,27,28	4-10	?	deel44:p101
W:W32,34,36,37,38,47:B10,15,21,23,26,27,28	34-29	!	deel44:p101
W:W25,32,34,36,37,38,47:B4,21,23,24,26,27,28	47-42	?	deel44:p101
B:W28,30,31,32,33,34,35,36,38,40,43,48,50:B3,4,6,7,8,9,13,14,15,18,19,23,24	15-20	!	deel44:p104
B:W25,28,31,32,33,34,35,36,38,40,43,48,50:B3,4,6,7,8,9,13,14,18,19,20,23,24	24-30	!	deel44:p104
W:W15,30,33,35,36,40,43,48:B3,4,6,9,13,14,26,27	48-42	?	deel44:p104
B:W23,26,28,29,32,33,36,38,39,43,44,49:B2,4,6,8,9,12,15,17,20,22,24,27	8-13	?	deel44:p106
W:W21,23,26,28,29,33,36,38,39,43,44,49:B2,4,6,9,12,15,17,18,20,22,24	23-19	!	deel44:p106
W:W21,26,28,29,33,36,38,39,43,44,49:B2,4,6,9,12,13,15,17,18,20,22	21-16	!	deel44:p106
B:W21,23,26,28,29,33,36,38,39,43,44,49:B2,4,6,8,12,13,15,17,20,22,24	13-18	!	deel44:p106
W:W21,23,26,28,29,33,36,38,39,43,44,49:B2,4,6,8,12,15,17,18,20,22,24	39-34	!	deel44:p106
W:W21,26,28,33,35,36,38,43,49:B2,4,6,8,12,14,15,17,22	28-23	!	deel44:p106
W:W21,23,26,33,35,36,38,43,49:B4,6,7,8,10,12,14,17,22	33-28	!	deel44:p107
W:W21,23,24,26,35,36,38,43,49:B4,6,10,12,13,14,16,17,22	23-18	!	deel44:p107
B:W23,26,28,29,32,33,34,36,37,44,49:B4,6,7,8,10,12,13,17,20,22,24	22-27	!	deel44:p108
B:W21,23,26,28,29,33,34,36,37,44,49:B4,6,7,8,10,12,13,17,20,24	13-18	!	deel44:p108
W:W28,29,32,34,37,44:B10,11,12,13,19,21,35	28-23	!	deel44:p108
W:W23,26,34,35,36,37,38,39,41:B8,9,13,16,20,24,25,27,30	23-19	!	deel44:p109
B:W22,27,29,31,32,34,36,37,39,41,42,44:B6,7,8,9,11,13,14,15,16,20,21,25	13-19	?	deel44:p109
B:W22,23,27,31,32,34,36,37,38,39,41,44:B6,7,8,9,11,13,14,15,16,24,25,26	24-29	?	deel44:p109
W:W22,27,31,32,34,36,37,38,39,40,41:B6,7,8,9,11,13,14,15,16,18,25,26	27-21	!	deel44:p109
W:W28,32,33,34,44:B8,11,16,24,25	32-27	?	deel44:p110
W:W23,24,28,29,31,34,37,38,40,48:B2,8,12,14,15,17,20,22,25,26	48-42	!	deel44:p112
W:W23,28,29,31,33,34,35,37,38:B7,9,12,15,17,20,22,25,26	35-30	?	deel44:p113
W:W28,31,34,37:B1,4,14,26	28-22	!	deel44:p114
W:W12,18,22,34,37:B11,24,25,26	22-17	!	deel44:p114
W:WK3,19,24,29,33,34:B15,16,18,20,25,37,41	34-30	!	deel44:p114
W:WK26:B14,15,16,18,37,38,41	26x47	!	deel44:p114
B:W19,24,28,29,33,34,36:B12,13,15,20,21,25,27	27-32	!	deel44:p115
B:W7,19,22,24,33,34,36:B15,20,21,25,27	20x38	?	deel44:p115
B:WK3,22,29,36:B21,25,35	25-30	!	deel44:p117
B:W20,26,31,32,33,36,38,39,41,42,43,44:B6,9,11,13,15,16,17,18,19,22,25	15x24	?	deel44:p121
W:W26,27,31,33,36,37,38,39,42,43,44:B6,9,11,13,16,17,18,22,23,25,30	27-21	!?	deel44:p122
B:W25,33,36,37,42,48:B4,11,22,23,24,26	22-28	!	deel44:p122
B:W22,25,36,37,42,48:B4,11,23,24,26	23-29	!	deel44:p122
B:W26,29,31,32,33,36,38,39,41,42,43,44:B6,9,11,13,15,16,17,18,19,20,22,24	19-23	?	deel44:p122
W:W26,29,31,32,33,36,38,39,41,42,43,44:B6,9,11,13,15,16,17,18,20,22,23,24	32-28	!	deel44:p122
W:W26,27,31,33,36,37,38,39,42,43,44:B6,9,11,13,15,16,17,18,19,22,23	27-21	?	deel44:p123
B:W26,31,32,33,36,38,39,42,43,44:B6,9,11,13,15,17,18,19,22,23,27	17-21	!	deel44:p123
W:W26,28,31,33,36,38,39,40,41,42,44:B6,11,13,14,17,18,19,22,25,27	40-34	?	deel44:p123
B:W26,28,31,33,34,36,38,39,41,42,44:B6,11,13,14,17,18,19,22,25,27	25-30	!	deel44:p123
B:W28,32,33,34,36,37,39,40,41,42:B6,11,13,16,17,19,23,24,25,30	13-18	!	deel44:p124
B:W21,28,32,33,35,36,37,39,41,42:B6,11,16,19,24,25,30	16x47	!	deel44:p124
W:W28,32,33,34,36,37,39,40,41,42:B6,11,16,17,18,19,23,24,25,30	42-38	?	deel44:p124
B:W28,32,33,34,36,37,38,39,40,41:B6,11,16,17,18,19,23,24,25,30	24-29	!	deel44:p124
B:W19,22,27,32,34,41:B6,11,16,17,25	17x46	!	deel44:p124
W:W27,33,35,37,38,39,40,42,43,44,45,49:B3,6,7,8,9,14,15,19,20,24,25,26,34	40x29	!	deel44:p127
B:W29,32,33,34,35,36,37,38,39,40,42,43,44,45,49:B3,6,7,8,9,12,13,14,15,19,20,22,24,25,26	7-11	?	deel44:p127
W:W29,32,33,34,35,36,37,38,39,40,42,43,44,45,49:B3,6,8,9,11,12,13,14,15,19,20,22,24,25,26	34-30	!	deel44:p127
B:W29,32,33,34,35,36,37,38,39,40,42,43,44,45,49:B3,6,7,8,9,12,13,14,15,19,20,22,24,25,26	13-18	?	deel44:p127
W:W29,32,33,34,35,36,37,38,39,40,42,43,44,45,49:B3,6,7,8,9,12,14,15,18,19,20,22,24,25,26	32-27	!	deel44:p127
W:W29,33,34,35,36,37,38,39,40,42,43,44,45,49:B3,6,8,9,13,14,15,18,19,20,22,24,25,26	37-32	?	deel44:p128
W:W29,33,34,35,36,37,38,39,40,42,43,44,45,49:B3,6,8,9,13,14,15,18,19,20,22,24,25,26	38-32	?	deel44:p128
W:W22,25,28,34,36,38,39,40,43,45,47,48,49,50:B1,2,3,4,8,9,11,12,13,14,15,21,30	47-42	!	deel44:p130
B:W6,25,30,33,43,45,48,50:B3,4,7,9,13,15,19,32	32-37	?	deel44:p131
W:W6,25,30,33,43,45,48,50:B3,4,7,9,13,15,19,37	30-24	!	deel44:p131
B:W17,25,30,33,43,45,48,50:B3,4,9,13,15,19,32	19-24	!	deel44:p131
W:W27,30,32,33,35,37,38,39,43,44,47,49:B6,7,9,11,13,14,15,17,19,23,24,36	37-31	!	deel44:p136
W:W27,30,31,32,33,35,38,39,43,44,47,49:B6,9,11,12,13,14,15,17,19,23,24,36	47-41	!	deel44:p136
B:W25,27,31,33,35,39,43,44,47,49:B6,7,9,11,13,14,20,24,28,36	7-12	?	deel44:p137
B:W25,27,31,33,35,39,43,44,47,49:B6,7,9,11,13,14,20,24,28,36	28-32	?	deel44:p137
W:W25,27,28,30,35,47,49:B1,14,19,20,23,24,29	27-22	?	deel44:p138
W:W22,25,30,35,47,49:B1,14,19,20,24,29,32	22-18	?	deel44:p138
B:W27,28,32,33,35,36,37,38,39,42,43,45,48,49:B3,6,8,9,11,12,13,14,16,18,19,24,25,26	11-17	?	deel44:p140
B:W27,28,31,32,33,34,35,36,38,39,45,48,49:B3,6,9,11,12,13,14,16,18,19,23,24,25	12-17	?	deel44:p141
W:W27,28,31,32,33,34,35,36,38,39,45,48,49:B6,8,9,11,12,13,14,16,18,19,23,24,25	27-21	!	deel44:p141
B:W26,29,33,34,35,36,38,39,43,45,46,48,49:B2,4,6,7,8,9,12,13,15,17,18,20,27	18-23	!	deel44:p143
B:W22,28,32,33,34,35,39,40:B2,16,17,19,20,23,24,25	25-30	!	deel44:p144
B:W19,27,32,35,36,38,39:B6,7,8,12,16,26,45	45-50	?	deel44:p144
W:W10,27,32,35,36,38,39:BK50,6,7,8,16,23,26	36-31	!	deel44:p145
W:W24,27,29,32,34,38,39,42,44,45:B3,8,9,13,15,16,18,21,23,25	39-33	!	deel44:p146
B:W25,27,28,32,33,34,36,37,38,39,42,43,44,47,48,50:B1,3,4,6,8,9,11,12,13,14,16,18,19,23,26,35	12-17	?	deel44:p148
B:W27,28,32,33,34,35,38,45,48:B3,4,7,13,19,23,24,25,26	3-8	!	deel44:p150
B:W25,33,35,36,40,41:B4,14,16,21,23,27	23-29	?	deel44:p152
W:W25,33,35,36,40,41:B4,14,16,21,23,27	41-37	?	deel44:p152
W:W25,33,35,36,40,41:B4,14,16,21,23,27	25-20	!	deel44:p152
W:WK1,25,35,40:BK6,9,14,16,19,24	1-18	!	deel44:p153
W:W15,25,33,35,38,40:BK47,9,14,16,19	25-20	?	deel44:p153
B:W10,33,35,38,40:BK47,9,16,19,25	19-24	!	deel44:p153
B:W17,31,32,34,35,37:B7,13,16,19,23,24,26	16-21	?	deel44:p155
W:W27,32,34,35,37:B13,18,19,21,24,26,28	32x14	!	deel44:p155
B:WK7,27,32,37:BK6,16,23,26,29	6-22	!	deel44:p157
B:W22,27,28,32,37:BK49,13,16,18,26,34	16-21	?	deel44:p157
W:W27,28,32,33,35,36,37,38,39,42,43,45,48,49:B3,6,8,9,12,13,14,16,17,18,19,24,25,26	27-22	!	deel44:p161
W:W28,33,35,36,37,38,39,42,43,45,48,49:B3,6,8,9,12,13,14,17,19,24,25,26,27	28-22	!	deel44:p161
W:W16,22,24,25,32,37,49:B9,12,13,14,23,26,33	16-11	?	deel44:p162
B:W11,22,24,25,32,37,49:B9,12,13,14,23,26,33	33-38	!	deel44:p162
B:WK21,11,22,33,37,43,49:B13,26	26x48	!	deel44:p162
W:W21,26,28,34,38,39,44,45:B11,12,15,17,19,22,24,25	28-23	!	deel44:p164
B:W20,35,38,39,43:B8,15,18,24,28	18-22	!	deel44:p164
B:W29,34,35,38,43:B8,15,27,28	28-33	?	deel44:p164
W:W24,30,35,38,43:B8,15,28,41	24-20	?	deel44:p165
W:W19,34,35,38,39:BK46,8,15,28	19-13	!	deel44:p165
B:W24,27,31,32,33,34,36,37,38,43,45,48:B6,8,11,12,14,15,16,23,25,26,40	40x20	!	deel44:p167
W:W27,28,30,31,32,33,35,36,38,40,42,43,45,48:B1,2,4,6,7,11,13,14,16,18,19,21,23,24	30-25	!	deel44:p168
B:W25,27,28,31,32,33,35,36,38,40,42,43,45,48:B1,2,4,6,7,11,13,14,16,18,19,21,23,24	21-26	?	deel44:p168
W:W25,27,28,31,32,33,35,36,38,40,42,43,45,48:B1,2,4,6,7,11,13,14,16,18,19,23,24,26	43-39	!	deel44:p168
B:W25,26,30,31,35,36,37,38,39,43,44,48,49:B3,7,9,11,12,13,14,15,19,20,22,27,28	13-18	?!	deel44:p174
B:W25,26,31,34,35,36,37,39,44,48,49:B3,7,9,11,12,14,15,18,19,22	14-20	!	deel44:p174
B:W23,26,31,34,35,36,37,39,44,48,49:B3,7,9,11,12,15,18,22	18x40	!	deel44:p174
W:W21,26,28,30,38,44,49:B7,12,15,17,19,22,29	30-24	!	deel44:p175
B:W9,21,26,44,49:B7,12,15,22,29,42	42-47	!!	deel44:p175
B:W9,21,26,39,49:BK47,7,12,15,22,29	29-34	!	deel44:p175
B:W9,21,26,30,49:BK47,7,12,15,22	47-41	!	deel44:p175
B:W21,26,28,30,38,39,44,49:B7,12,13,15,17,19,45	45-50	?	deel44:p175
W:W21,26,28,30,38,39,44,49:BK50,7,12,13,15,17,19	28-23	!	deel44:p175
W:W21,26,30,38,39,44,49:BK50,7,12,13,15,17,28	39-33	!	deel44:p175
B:W21,26,28,33,35,38,44,49:B7,12,15,17,18,19,45	18-23	!	deel44:p176
W:W21,26,28,33,35,38,44,49:B7,12,15,17,19,23,45	49-43	?	deel44:p176
B:W24,27,32,36,37,38,39:B6,11,12,13,14,15,17	14-19	?	deel44:p177
W:W24,27,32,34,36,37,38:B6,12,13,14,15,16,21	37-31	!	deel44:p178
B:W27,30,32,33,35,37,38,39,43,44,47,49:B2,6,9,11,13,14,15,17,19,23,24,36	13-18	?	deel44:p178
W:W26,32,34,35,36,37,38,43,47,48:B11,13,14,15,16,17,21,23,24,28	34-29	?	deel44:p182
B:W6,35,43,47,48:B13,14,15,16,23,28,37	14-20	!	deel44:p182
W:W26,27,28,29,31,32,33,38,45:B6,8,9,11,12,13,16,18,30	29-23	?	deel44:p184
B:W26,27,28,31,32,35,38,45:B6,8,9,11,12,13,16	16-21	!	deel44:p184
B:W20,27,28,32,33,35,36,38,40,45:B3,8,11,13,16,18,19,23,26,34	23-29	!	deel44:p185
B:W26,28,32,33,34,35,36,37,38,39,42,43,44,49:B2,3,6,8,9,13,17,18,19,23,24,25,30	6-11	?	deel44:p195
B:W19,21,26,31,32,33,34,35,36,39,44:B1,2,8,9,12,17,22,25,30	1-7	!	deel44:p195
W:W21,24,26,28,31,32,34,35,36,38,39,44:B1,2,8,12,13,17,19,22,23,25,30	31-27	!	deel44:p195
W:W21,26,27,28,31,32,33,34,35,36,38:B3,4,7,11,12,16,17,19,20,23,24	28-22	!	deel44:p195
W:W21,23,26,30,32,36,40,44,50:B6,8,12,13,15,16,18,25,33	32-27	!	deel44:p195
B:W21,26,27,28,32,33,34,35,38,43:B6,12,13,16,17,19,20,23,24,25	23-29	!	deel44:p196
B:W21,26,27,28,32,33,35,38,39:B6,9,12,13,16,17,24,25	13-19	?	deel44:p196
B:W26,27,31,32,34,35,36,38,39,40,42,43,45,48:B3,6,7,11,12,13,15,16,18,19,23,24,25,30	3-9	?	deel44:p196
B:W21,26,27,32,33,49:B8,12,13,16,17,18	17-22	?	deel44:p196
W:W21,26,27,32,33,39:B8,12,16,17,23,24	27-22	?	deel44:p196
B:W11,26,39:B8,12,23,24,29	12-17	!	deel44:p197
W:W21,34,35,37,38,39,40,43,45:B6,12,13,14,18,23,24,25,30	38-32	?	deel44:p197
W:W21,27,28,32,34,35,37,38,39,40,42,43:B7,12,13,14,15,17,18,19,24,25,26,30	39-33	!	deel44:p197
W:W27,28,35,37,38,40,42:BK48,7,12,13,14,15,17,18,19,24,25,39	37-32	!	deel44:p197
W:W16,23,28,32,34,35,38,39,41,42,43,45:B7,9,10,12,13,14,15,19,24,25,30,36	32-27	!	deel44:p197
W:W23,28,34,35,38,39,42,43,45:BK47,9,10,12,13,14,15,19,24,25,27,30	23-18	!	deel44:p197
W:WK4,20,26,32:BK45,10,12,15,17	32-28	!	deel44:p197
W:W37,47:B18	37-32	!	deel44:p198
W:W21,26,27,28,32,38,40,47,48,50:B8,9,10,12,16,17,18,19,20,35,39	28-22	!	deel44:p198
W:W21,26,27,38,40,47,48,50:B8,9,10,12,16,18,19,20,35,37,39	21-17	!	deel44:p198
W:W21,25,26,28,32,34,37,38,39,43,49:B6,8,11,12,14,16,17,19,23,24,27,30	39-33	!	deel44:p198
W:W29,33,35,38,39,47,48:B12,13,19,20,21,24,25,30,31,37	39-34	!	deel44:p199
W:W29,35,38,47,48:B12,13,19,20,21,24,25,28,31,37	47-41	!	deel44:p199
W:W26,28,31,32,33,36,37,38,39,41,42,43,45,49:B6,7,8,9,11,13,14,15,16,17,18,19,22,30	28-23	!	deel44:p200
W:W26,28,31,32,33,36,37,38,39,41,42,43,45,49:B6,7,8,9,11,13,14,15,16,17,18,19,22,30	26-21	?	deel44:p200
B:WK1,31,36,37,38,41,42,45:B6,8,9,13,14,15,16,19,22,26	22-28	!!	deel44:p200
W:WK1,31,36,37,38,41,42,45:B6,8,9,13,14,15,16,19,26,28	1-40	?	deel44:p200
W:W15,27,28,31,32,33,36,37,38,46,48,50:B4,6,7,8,9,11,12,16,17,18,19,22	33-29	!	deel44:p207
W:W15,27,28,31,32,33,36,38,42,46,48,50:B4,6,7,8,9,11,12,14,16,17,18,22	48-43	?	deel44:p207
B:W15,27,28,31,32,33,36,38,42,43,46,50:B4,6,7,8,9,11,12,14,16,17,18,22	16-21	!	deel44:p207
W:W15,27,28,31,32,33,36,38,40,42,46,48:B4,6,7,8,11,12,14,16,17,18,19,22	40-34	?	deel44:p208
B:W15,27,28,31,32,33,36,38,40,42,43,46:B4,6,7,8,11,12,14,16,17,18,19,22	4-10	!	deel44:p208
W:W28,31,32,33,34,35,36,37,38,41,42,44,45,47,48:B2,3,4,6,7,8,9,11,12,13,16,17,18,19,24	34-29	?	deel44:p209
B:W28,29,31,32,33,35,36,37,38,41,42,44,45,47,48:B2,3,4,6,7,8,9,11,12,13,16,17,18,19,24	18-22	!	deel44:p209
B:W22,28,32,33,36,37,38,39,42,43,44,48:B2,6,7,11,14,15,16,17,20,25,45	45-50	?	deel44:p210
B:W24,28,29,31,32,33,34,36,37,38,42,43,46,48:B2,6,7,8,11,12,13,14,15,16,17,20,22,25	14-19	?	deel44:p210
W:W24,28,29,31,32,33,34,36,37,38,42,43,46,48:B2,6,7,8,11,12,13,14,15,16,17,20,22,25	34-30	?	deel44:p210
W:W28,29,31,32,33,34,36,37,38,40,41,42,45,48:B3,6,7,8,9,11,12,15,16,17,19,20,22,25	29-23	?	deel44:p211
W:W28,29,31,32,33,34,36,37,38,40,41,42,45,48:B3,6,7,8,9,11,12,15,16,17,19,20,22,25	48-43	?	deel44:p211
B:W22,25,27,30,31,32,33,34,35,43:B3,7,10,11,14,16,18,19,23,24	3-8	!	deel44:p217
W:W25,27,28,30,32,35,36,39,40,43,45,48,49:B4,5,10,11,12,14,16,18,19,20,23,24,26	28-22	?	deel44:p217
W:W25,27,28,30,32,35,36,38,39,40,45,48,49:B4,5,10,12,14,16,17,18,19,20,23,24,26	28-22	!	deel44:p217
W:W25,27,28,30,32,35,38,39,42:B6,10,12,14,19,23,24,26,29	28-22	!	deel44:p218
B:W25,27,28,32,35,36,39,40,43,45,48,49:B4,5,8,10,11,12,14,16,20,31	31x44	!	deel44:p218
B:W25,27,28,32,33,35,37,47:B14,16,18,19,21,23,24,26	23-29	?	deel44:p218
W:W25,27,28,32,33,35,37,47:B14,16,18,19,21,24,26,29	25-20	!	deel44:p218
W:W25,27,28,32,33,35,37,47:B14,16,18,19,21,23,24,26	35-30	!	deel44:p219
B:W22,25,28,35,39,41,43:B11,13,15,16,19,24,26	26-31	!	deel44:p219
B:W27,28,32,33,35,37,40,41,44,48:B8,14,16,17,18,19,21,23,24,26	23-29	?	deel44:p220
W:W27,28,32,33,35,37,40,41,44,48:B8,14,16,17,18,19,21,24,26,29	40-34	!	deel44:p220
B:W25,27,28,32,33,34,37,41:B12,13,14,16,19,21,23,24	23-29	?	deel44:p220
W:W23,25,27,28,32,33,37,41:B12,14,16,18,19,21,24	25-20	!	deel44:p220
B:W26,32,33,35,37,39:B15,17,19,21,24,25,36	17-22	!	deel44:p220
B:W21,22,25,27,30,31,32,35,38,41:B2,6,10,11,14,16,18,19,23,24	24-29	!	deel44:p220
B:W21,25,27,30,31,32,33,35,38,41:B2,6,10,11,14,16,23	14-20	!	deel44:p220
B:W21,22,25,27,30,31,32,34,35,40,44:B6,7,10,11,14,15,16,18,19,23,24	24-29	!	deel44:p221
B:W21,25,27,30,31,32,33,34,35,40,44:B6,7,10,11,14,15,16,23	14-20	!	deel44:p221
B:W21,22,25,27,30,31,32,34,35,42,43:B1,3,7,10,11,14,16,18,19,23,24	11-17	!	deel44:p221
B:WK2,21,25,27,30,31,32,34,35,42,43:B1,3,10,14,16,18,19,23,24	3-8	!	deel44:p221
W:WK41,16,26:B43	41-32	!	deel44:p223
W:W16,26,27,32,33,39,40,50:B1,7,17,18,20,21,23,24	33-28	?	deel44:p227
W:W16,26,27,28,32,33,34,39,40:B7,13,17,18,19,21,24,25	27-22	?	deel44:p227
B:W14,16,26,28,39,40:B7,13,17,21,24,25	13-18	!	deel44:p227
W:W16,21,26,27,30,33,34,43,44,47:B7,11,12,18,19,22,24,25,35,36	21-17	!	deel44:p227
B:W6,17,30,34,37,38,44,45,49,50:B7,13,15,18,19,20,23,24,25,28,35	7-11	?	deel44:p228
W:WK1,37,43,44,45,49,50:B13,15,18,19,20,22,23,24,34,35	1-12	!	deel44:p228
W:WK31,37,38,45,50:B12,15,23,24,25,28	31-26	?	deel44:p228
W:W17,26,27,33,34,35,38,39,43,45:B4,6,8,13,14,16,19,23,24,25	34-30	?	deel44:p229
B:W17,26,27,30,33,35,38,43,45:B4,6,8,13,14,16,19,23,24	14-20	!	deel44:p229
W:W28,33,35,38,40,43,45:B3,9,15,20,25,37	28-22	!	deel44:p229
W:W16,26,27,30,32,34,35,44:B7,13,17,19,21,23,25,29	32-28	!	deel44:p230
B:W12,30,33,34,41,44:B3,16,19,24,25,27,32,35	27-31	?	deel44:p230
B:W8,15,26,30,31,33,34,38,41,42,43,44:B3,4,6,11,12,16,17,24,25,35	16-21	!	deel44:p231
B:WK2,26,27,31,34,44:BK46,3,6,11,16,25,35	46-28	!	deel44:p231
B:W21,26,27,30,32,33,34,36,44:B7,12,17,18,19,23,24,25,35	17-22	?	deel44:p231
W:W22,26,27,30,32,33,34,38,39,44:B7,12,13,14,18,19,23,24,25,35	33-29	!	deel44:p232
W:W22,26,27,30,32,34,39,44:B7,12,13,14,18,19,23,25,35,42	30-24	!	deel44:p232
B:W22,26,27,30,32,33,34,38,39,44:B7,9,12,13,18,19,23,24,25,35	7-11	?	deel44:p232
W:W22,26,27,30,32,33,34,38,39,44:B9,11,12,13,18,19,23,24,25,35	33-29	!	deel44:p232
W:W30,34,36,37,38,44:B12,19,22,24,25,35	34-29	!	deel44:p235
W:W25,33,38,39,50:B14,15,20,23,24,44	33-28	!	deel44:p235
W:W22,28,30,32,34,41,44:B1,12,19,24,25,31,35	22-18	!	deel44:p236
W:W30,34,38,39,44:B13,14,19,22,24,25,35	34-29	!	deel44:p236
W:WK1,16,25,43,48:BK29,2,4,8,9,13,14,20,24,32,45	1x40	!	deel44:p236
W:W15,16,20,26,27,29,32,37,39,41,43:B2,4,7,8,10,12,17,18,21,23,30	39-34	!	deel44:p237
W:W22,46,47:B6,11,21	22-18	!	deel44:p237
B:W15,30,32,33,35,36,40,43,48:B3,4,6,9,13,14,16,22,26	14-20	!	deel44:p238
W:W15,28,30,32,33,34,38,42,44,47:B3,4,6,9,13,14,17,19,22,26	42-37	?	deel44:p243
B:W15,28,30,32,33,34,37,38,44,47:B3,4,6,9,13,14,17,19,22,26	14-20	!	deel44:p243
W:W15,25,27,31,32,33,36,38,39,42,43,48,49,50:B2,3,4,6,8,9,11,13,14,16,17,19,23,24	49-44	?	deel44:p243
B:W15,22,27,29,33,34,37,42,44,47,48:B3,4,7,9,12,13,14,16,25,26,36	14-19	?	deel44:p243
W:W15,27,33,34,35,36,37,39,40,41,43,45,46:B2,4,7,9,12,13,14,16,17,19,23,25,26	37-31	?	deel44:p243
B:W30,32,33,34,35,37,38,42,43,45,47,48:B3,8,9,13,14,15,16,19,21,23,25,36	13-18	?	deel44:p243
B:W28,29,30,32,33,34,37,40,44,46,47,48:B2,10,12,14,17,18,19,22,25,26,36	2-7	?	deel44:p243
W:W26,28,36,37,38,42,45,48:BK49,3,4,6,16,35	38-32	!	deel44:p244
W:W26,28,36,37,42,45,48:BK27,3,4,6,16,35	37-31	!	deel44:p244
W:W15,25,28,30,32,33,36,42,43,48,50:B3,4,6,7,9,12,14,16,17,19,22,37	42x31	?	deel44:p244
B:W15,25,28,30,31,32,33,36,43,48,50:B3,4,6,7,9,12,14,16,17,19,22	22-27	!	deel44:p244
B:W24,26,31,34,35,37,38,39,42,43,44,45,47,48,49:B2,3,4,6,9,10,11,12,13,15,16,17,18,23,25	2-8	?	deel44:p245
B:W15,25,27,30,31,32,33,34,36,37,41,44,45,46,48:B3,4,6,8,9,11,14,16,17,18,19,21,22,23,26	22-28	!	deel44:p245
B:W25,27,31,32,33,35,38,39,42,43,44,45,47,48,49:B3,6,7,8,9,11,13,14,15,17,19,20,23,24,36	11-16	?	deel44:p246
B:WK1,15,37,38,42,43,47:B4,6,13,14,16,21,26,28,36	13-19	?	deel45:p6
W:W26,28,32,33,35,36:B1,3,19,24,30,34	28-22	?	deel45:p7
W:W16,23,27,32,33,37,39,48:BK50,6,7,8,24,26,30	33-29	!	deel45:p8
W:W25,28,30,32,33,35,37,38,40,42,45,47,48:B3,6,8,9,10,11,14,15,18,19,21,24,36	37-31	?	deel45:p8
B:W22,25,30,32,33,35,38,40,42,45,47,48:B3,6,8,9,10,11,14,15,18,19,21,24,27	14-20	!!	deel45:p8
W:W26,27,28,32,33,35,36,37,38,40,42,44,45,48:B3,6,8,10,11,12,13,15,16,17,18,20,21,24	37-31	?	deel45:p13
B:W26,27,28,31,32,33,35,36,38,40,42,44,45,48:B3,6,8,10,11,12,13,15,16,17,18,20,21,24	24-30	!	deel45:p13
W:W26,27,28,31,32,33,35,36,37,38,39,40,45,48:B6,8,9,11,12,13,14,15,16,17,18,20,21,24	28-22	!	deel45:p14
B:WK2,19,26,28,35,36,37,40,44,47,49,50:B3,4,6,8,9,10,12,13,14,18	14x41	!	deel45:p21
B:W26,28,31,32,33,34,35,36,38,39,40,42,47,48,49,50:B1,3,4,7,8,13,15,16,17,18,19,20,21,22,23,24	24-29	?	deel45:p22
W:W25,26,35,36,40,41,43,45,48,49:B3,6,8,9,10,11,12,14,17,20,21,22,27,39,42	48x37	!	deel45:p26
W:W25,26,35,36,37,41,45,49:BK30,3,6,8,9,10,11,12,14,17,20,21,22,27	35x2	!	deel45:p26
B:W25,26,30,31,35,36,37,38,41,42,43,45,48,49:B3,4,6,8,9,10,11,12,13,14,16,17,19,22,27	13-18	?	deel45:p29
W:W25,26,30,31,35,36,37,38,41,42,43,45,48,49:B3,4,6,8,9,10,11,12,14,16,17,18,19,22,27	25-20	!	deel45:p29
W:W24,25,26,31,34,36,37,38,39:B3,11,13,14,15,18,22,23,27	39-33	?	deel45:p31
B:W24,25,26,31,33,34,36,37,38:B3,11,13,14,15,18,22,23,27	22-28	!	deel45:p31
W:W26,29,36,38,42:B17,18,19,22,27	36-31	!	deel45:p32
W:W26,29,38,42:B17,18,19,22,36	38-32	!	deel45:p32
W:W26,30,31,35,36,37,38,39,42,48,49:B3,4,6,11,15,17,21,22,27,28,29	39-34	?	deel45:p33
B:W25,26,31,35,36,37,38,39,42,48,49:B3,4,6,11,15,17,21,22,27,28,29	15-20	!	deel45:p33
B:W25,26,30,31,32,33,35,36,38,41,42,43,45,48,49:B3,4,6,8,9,11,12,13,14,15,17,21,22,23,27	23-29	?	deel45:p35
W:W30,35,36,38,41,42,43,45,48,49:B3,4,6,8,12,13,15,22,28,29,33	42-37	!	deel45:p35
W:W10,25,26,35,36,37,38,40:BK49,3,6,8,11,17,21	35-30	!	deel45:p36
W:W15,20,26,31,32,36,37,41,49:B4,6,11,17,21,22,23,28,34	20-14	!	deel45:p37
B:W25,26,31,32,35,36,37,38,42,43,44,45,48,49:B3,4,6,8,9,10,11,12,13,17,21,22,23,27	23-29	?	deel45:p42
B:W25,26,30,31,32,33,36,37,38,42,43,45,48,49:B3,4,6,8,11,12,14,15,17,19,21,22,23,27	23-28	?	deel45:p42
B:W25,26,31,32,33,35,36,37,38,39,42,44,48:B6,8,11,13,14,17,18,19,20,21,22,23,27	20-24	?	deel45:p43
W:W25,26,31,32,35,36,39,44,48:BK47,4,6,8,11,17,18,19,21,23	48-42	!	deel45:p43
W:W25,26,31,35,36,39,44:BK27,4,6,8,11,17,18,19,21,23	31x2	!	deel45:p43
W:W25,26,28,31,32,35,36,37,38,42,44,48:B6,11,12,13,14,17,19,20,21,22,23,27	48-43	!	deel45:p43
W:W25,26,28,31,32,35,36,38,44,48:B6,11,14,17,19,21,22,23,24,27	48-42	!	deel45:p43
W:W9,25,26,31,35,36,44:BK47,6,11,17,19,21,23	9-3	!	deel45:p43
B:W25,26,29,31,32,34,35,36,37,38,42,48,49:B6,11,12,13,14,17,18,19,20,21,22,23,27	19-24	?	deel45:p44
W:W25,26,29,31,32,34,35,36,37,38,42,48,49:B6,11,12,13,14,17,18,20,21,22,23,24,27	34-30	!	deel45:p44
W:W25,26,29,30,31,35,36,37,48,49:BK47,6,11,12,13,14,17,18,20,21,22,23	48-42	!	deel45:p44
W:W7,25,26,31,36,37,38,42,48,49:B6,13,14,16,17,21,22,27,28,40	37-32	!	deel45:p44
W:W25,26,31,32,33,36,38,41,42,43,45,48,49:B3,6,8,9,11,13,14,15,17,21,22,23,27	32-28	!	deel45:p46
W:W25,26,31,32,33,36,37,38,41,43,45,48,49:B3,6,8,9,11,14,15,17,19,21,22,23,27	32-28	!	deel45:p46
W:W25,26,30,31,33,35,36,37,38,39,48:B6,11,13,15,17,19,21,23,24,27,28	31x22	?	deel45:p48
B:W22,25,26,30,33,35,36,37,38,39,48:B6,11,13,15,17,19,21,23,24,28	21-27	!	deel45:p48
B:W17,25,28,31,35,36,37,38,39,48:B6,8,11,15	11x44	!	deel45:p48
W:W25,31,35,36,37,38,48:B6,8,15,44	31-27	!	deel45:p48
W:W25,26,30,31,33,35,36,37,38,39,48:B6,11,13,15,17,19,21,23,24,27,28	33x22	!	deel45:p48
W:W25,26,30,31,35,36,37,38,39,48:B6,11,13,15,17,18,19,21,23,24	37-32	!	deel45:p48
W:W26,28,31,33,34,36,38,40,41,42,49:B3,6,8,11,17,19,21,22,25,27,30	38-32	!	deel45:p48
W:W15,19,26,31,33,36,37,38,42,49:BK50,6,8,11,17,21,22,27	19-13	!	deel45:p49
B:W18,25,26,31,33,36,38,40,41,43,49:B3,6,9,11,13,15,17,21,22,24,27	24-29	!	deel45:p49
B:W18,24,25,26,31,36,38,40,41,43,49:B3,6,9,11,13,15,17,21,22,27	15-20	!	deel45:p49
W:W23,25,26,28,31,33,36,38,41,44,48:B6,8,11,12,17,18,21,22,24,27,35	48-42	?	deel45:p50
W:W25,26,31,32,33,34,36,37,38,41,43,48,49:B3,6,8,11,13,14,15,17,21,22,23,24,27	49-44	?	deel45:p51
B:W25,26,31,32,33,34,36,37,38,41,43,44,48:B3,6,8,11,13,14,15,17,21,22,23,24,27	23-28	!	deel45:p51
W:W25,26,30,31,32,35,36,38,39,41,42,43,45,48,49:B3,4,6,8,9,11,12,13,14,15,17,21,22,23,27	45-40	?	deel45:p52
B:W25,26,30,31,32,35,36,38,39,40,41,42,43,48,49:B3,4,6,8,9,11,12,13,14,15,17,21,22,23,27	14-20	!	deel45:p52
B:W25,26,31,32,35,36,38,39,40,41,42,43,48,49:B3,4,6,8,11,12,13,15,17,20,21,22,23,27	13-18	!	deel45:p52
W:W24,25,26,31,32,35,36,37,38,39,41,43,45,48,49:B3,6,8,9,10,11,12,13,15,17,19,21,22,23,27	38-33	!	deel45:p53
B:W25,26,30,31,32,34,35,36,37,38,45,48,49:B3,4,6,9,11,13,14,15,17,18,21,22,27	13-19	?	deel45:p53
W:W26,31,32,34,35,36,37,38,39,41,43,45,48,49:B3,4,6,8,9,11,12,15,17,19,21,22,23,27	35-30	?	deel45:p54
B:W26,28,31,33,34,35,36,38,40,41,43,48,49:B3,4,6,8,11,12,14,15,17,21,22,24,27	8-13	?	deel45:p56
B:W26,28,31,33,34,35,36,38,40,41,43,48,49:B3,4,6,8,11,12,14,15,17,21,22,24,27	14-19	?	deel45:p56
B:W26,28,31,33,34,35,36,38,40,41,43,48,49:B3,4,6,8,11,12,14,15,17,21,22,24,27	3-9	?	deel45:p56
W:W26,28,31,33,34,35,36,38,40,41,43,48,49:B4,6,8,9,11,12,14,15,17,21,22,24,27	38-32	!	deel45:p56
B:W26,28,31,33,35,36,38,40,41,42,43,49:B3,4,6,8,11,12,17,21,22,24,25,27	24-29	?	deel45:p56
W:W26,28,31,33,34,35,36,38,40,41,43,48,49:B3,4,6,8,11,12,14,15,17,21,22,24,27	33-29	!?	deel45:p56
W:W34,35,36,37,40,41,43,49:B3,4,6,8,12,14,15,22,28,33	43-38	!	deel45:p56
B:W26,28,31,33,34,35,36,38,41,43,48,49:B3,4,6,8,11,12,17,21,22,24,25,27	3-9	?	deel45:p57
W:W26,28,31,33,34,35,36,38,41,43,48,49:B4,6,8,9,11,12,17,21,22,24,25,27	34-29	!	deel45:p57
W:W26,28,31,33,34,35,36,38,41,48,49:B4,6,8,11,13,17,18,19,21,22,27	34-29	!	deel45:p57
W:W26,31,33,35,36,38,41,48,49:B4,6,8,11,15,17,21,22,27	33-29	!	deel45:p57
B:W26,28,31,33,34,35,36,38,41,42,43,49:B4,6,8,9,11,12,17,21,22,24,25,27	12-18	!	deel45:p57
B:W26,28,29,31,33,35,36,38,41,42,43,49:B4,6,8,9,11,17,18,21,22,24,25,27	18-23	!	deel45:p57
B:W20,26,28,31,33,35,36,38,40,41,42:B6,8,11,12,17,19,21,22,27,30	19-24	!	deel45:p58
W:W15,26,28,31,33,35,36,38,41,42:BK45,6,8,11,12,17,21,22,27	28-23	!	deel45:p58
B:W26,28,30,31,33,36,38,41,43,44,48:B3,6,8,11,12,14,17,19,21,22,27	12-18	?	deel45:p60
W:W26,28,30,31,33,36,38,41,43,44,48:B3,6,8,11,14,17,18,19,21,22,27	33-29	!	deel45:p60
W:W23,26,28,31,33,36,38,41,44,48:B6,8,11,12,15,17,18,21,22,27,35	33-29	!	deel45:p60
W:W20,26,28,31,33,34,36,38,41,43:B6,9,11,13,17,18,19,21,22,27	34-29	?	deel45:p60
B:W20,26,28,29,31,33,36,38,41,43:B6,9,11,13,17,18,19,21,22,27	18-23	!	deel45:p60
W:W23,26,28,31,33,36,38,41,43,48:B6,8,11,12,17,21,22,27,40	23-19	?	deel45:p61
B:W23,26,28,31,33,36,38,41,42,43:B6,8,11,12,17,21,22,27,40	40-44	?	deel45:p61
B:W23,26,28,31,32,33,36,38,41,43:BK50,6,8,11,12,17,21,22,27	50-45	?	deel45:p61
W:W23,26,28,31,32,33,36,38,41,43:BK45,6,8,11,12,17,21,22,27	43-39	!	deel45:p61
B:W23,26,28,31,32,33,36,38,39,48:BK50,6,8,11,12,17,21,22,27	50-45	?	deel45:p62
B:W23,26,28,31,32,33,36,38,39,42:BK50,6,8,12,16,17,21,22,27	50-45	?	deel45:p62
B:W8,26,31,32,33,36,38,39,48:BK50,6,11,17,21,22,27	22-28	!	deel45:p62
B:W26,28,30,31,33,34,36,38,41,42,43:B6,8,11,13,14,17,18,19,21,22,27	14-20	?	deel45:p63
W:W26,28,30,31,33,34,36,38,41,42,43:B6,8,11,13,17,18,19,20,21,22,27	38-32	!	deel45:p63
W:W26,28,30,31,33,34,36,38,41,43:B6,8,11,13,17,19,20,21,22,27	30-25	?	deel45:p63
B:W25,26,28,31,33,34,36,38,41,43:B6,8,11,13,17,19,20,21,22,27	19-24	!	deel45:p63
B:W14,26,28,31,33,34,36,38,41,43:B6,8,11,13,17,21,22,24,27	13-19	!	deel45:p63
W:W25,26,28,29,31,33,36,38,41,43,48:B6,11,13,14,17,18,19,20,21,22,27	29-24	!	deel45:p65
B:W25,26,28,29,31,33,36,38,41,42,43:B6,11,13,14,17,18,20,21,22,24,27	24-30	!	deel45:p65
B:W26,28,29,31,33,34,36,38,41,42,43:B6,11,13,14,17,18,20,21,22,27	14-19	!	deel45:p65
W:W26,28,29,31,33,34,36,37,38,42,43:B6,11,13,17,18,19,20,21,22,27	37-32	?	deel45:p65
B:W26,28,29,31,32,33,34,36,38,42,43:B6,11,13,17,18,19,20,21,22,27	19-23	!	deel45:p65
W:W25,26,28,31,33,34,36,38,41,43,48:B6,8,11,12,14,17,20,21,22,24,27	48-42	?	deel45:p66
B:W19,29,36:BK46,6,11	46x14	!	deel45:p66
B:W25,26,28,29,31,33,36,38,41,43,48:B6,8,11,12,14,17,20,21,22,24,27	12-18	?	deel45:p66
B:W23,25,26,28,31,33,36,38,41,43,48:B6,11,12,13,14,17,20,21,22,24,27	13-18	?	deel45:p66
B:W23,25,26,28,31,33,36,38,41,43,48:B6,11,12,13,14,17,20,21,22,24,27	13-19	!	deel45:p66
W:WK5,26,36,40:BK46,6,17,25	26-21	!	deel45:p68
B:W23,25,26,31,33,36,38,40,41,43:B6,8,11,13,14,17,21,22,24,27	22-28	?	deel45:p69
W:W22,23,25,26,36,38,40,41:BK48,6,8,11,13,14,17,21,24	22-18	!	deel45:p69
W:W23,25,26,31,33,36,38,40,41,43:B6,8,11,14,17,19,21,22,24,27	33-29	!	deel45:p69
W:W25,26,31,32,33,36,38,39,41:B6,13,14,16,17,18,20,21,22	33-29	!	deel45:p69
B:W26,28,29,30,31,33,36,38,41,43:B6,8,11,17,18,19,20,21,22,27	11-16	!	deel45:p70
W:W24,25,26,31,33,36,37,38,39,41:B6,13,14,16,17,18,21,22,29	24-20	?	deel45:p70
B:W20,25,26,31,33,36,37,38,39,41:B6,13,14,16,17,18,21,22,29	18-23	!	deel45:p70
B:W30,36,38,41,42,43:B6,11,28,40	11-17	?	deel45:p71
W:W25,26,31,34,35,36,37,38,40,41,42,43,44,48,49:B3,4,6,8,9,10,11,12,13,14,16,17,22,23,27	37-32	?	deel45:p89
B:W25,26,31,32,34,35,36,38,40,41,42,43,44,48,49:B3,4,6,8,9,10,11,12,13,14,16,17,22,23,27	14-20	!	deel45:p89
W:W25,26,31,35,36,40,41,43,45,48,49:B3,6,8,9,10,11,12,14,17,20,21,22,27,39,42	48x37	!	deel45:p89
W:W25,26,31,35,36,37,41,45,49:BK30,3,6,8,9,10,11,12,14,17,20,21,22,27	35x2	!	deel45:p89
B:W25,26,30,31,33,35,36,38,39,40,41,42,43,44,45,48:B3,4,6,8,9,11,12,13,14,15,16,17,19,22,24,27,32	24-29	!	deel45:p90
B:W24,25,26,30,31,35,36,38,39,40,41,42,43,44,45,48:B3,4,6,8,9,11,12,13,14,15,16,17,19,22,27,32	22-28	!	deel45:p90
W:W25,26,30,31,35,36,37,38,39,41,42,43,45,48,49:B3,4,6,8,9,11,12,13,14,15,16,17,22,23,27	38-33	?	deel45:p90
B:W25,26,30,31,33,35,36,37,39,41,42,43,45,48,49:B3,4,6,8,9,11,12,13,14,15,16,17,22,23,27	23-29	!	deel45:p90
B:W14,24,26,30,33,35,36,37,39,41,42,43,45,48,49:B3,4,6,8,9,11,12,13,15,16,17	9x47	!	deel45:p90
W:W25,26,30,31,35,36,37,38,41,43,45,49:B6,10,11,12,13,14,17,19,20,21,22,27	30-24	?	deel45:p90
B:W20,25,26,35,45,49:B6,10,17,19,38	10-15	!	deel45:p90
W:W9,25,26,31,35,36,37,48,49:BK47,6,8,11,13,17,18,19,21,34	37-32	!	deel45:p91
B:WK2,25,26,35,36,49:B4,6,11,17,19,21,34	11-16	!	deel45:p91
W:W26,28,31,33,34,36,37,38,40,42,49:B6,8,9,11,17,19,21,22,25,27,30	38-32	!	deel45:p91
W:W23,25,26,31,33,35,36,38,41,43,49:B6,8,11,13,14,15,17,21,22,24,27	33-28	!	deel45:p92
B:W25,26,31,32,33,34,36,37,38,41,43,44,48:B3,6,8,11,13,14,15,17,21,22,23,24,27	24-29	!	deel45:p92
B:W24,25,26,31,32,34,36,37,38,41,43,44,48:B3,6,8,11,13,14,15,17,21,22,23,27	15-20	!	deel45:p92
W:W25,26,28,31,33,36,37,38,44,48:B6,8,11,12,17,21,22,24,27,29,35	44-40	!	deel45:p92
W:W26,28,31,33,34,35,36,38,41,43,45,48,49:B3,4,6,8,11,14,15,17,18,19,21,22,27	33-29	?	deel45:p92
B:WK2,26,34,35,36,38,41,43,45,48,49:B3,4,6,11,14,15,17,19,21,24	21-27	!	deel45:p92
B:WK32,23,26,35,36,38,41,43,45,48,49:B3,4,6,14,15,17,19	19x46	!	deel45:p92
W:W26,28,31,33,34,35,36,38,40,41,43,48,49:B3,4,6,8,11,12,14,15,17,21,22,24,27	38-32	!	deel45:p92
W:W15,26,28,30,31,33,36,39,41,43,44:B3,5,6,11,12,13,17,19,21,22,27	30-24	!	deel45:p92
B:W25,26,28,31,33,34,36,38,41,42,43:B6,8,11,12,14,17,20,21,22,24,27	14-19	!	deel45:p93
B:W22,23,24,26,34,36,41,43:B6,8,11,17,21,42	17x48	!	deel45:p93
B:W25,26,29,31,32,33,36,38,42,43:B6,8,11,13,14,17,19,21,22,27	22-28	!	deel45:p93
B:W25,26,30,31,32,33,36,38,42,43:B6,8,11,13,14,17,19,21,22,27	22-28	!	deel45:p93
B:W25,26,28,31,33,34,36,37,38,40:B6,11,13,14,17,19,21,22,24,27	14-20	?	deel45:p93
W:W25,26,28,31,33,34,36,37,38,40:B6,11,13,14,17,19,21,22,27,30	25-20	!	deel45:p93
W:W25,26,28,31,33,34,36,37,38,40:B6,11,13,14,17,19,21,22,27,30	34-29	?	deel45:p94
B:W26,31,35,36,42,43,46,47,49:B6,11,14,17,21,22,27,32,34	22-28	!	deel45:p99
B:W26,33,35,36,42,43,46,47,49:B6,11,14,17,21,32,34	32-37	!	deel45:p99
B:W26,31,33,35,36,43,46,47,49:B6,11,14,17,21,34	21-27	?	deel45:p99
B:W26,31,33,35,36,43,46,47,49:B6,11,14,17,21,34	34-40	!	deel45:p99
W:W24,25,26,31,36,37,43,49:BK47,6,11,12,13,14,15,17,21,22	37-32	!	deel45:p100
W:W26,28,31,33,34,36,37,38,40,42:B6,8,11,13,17,20,21,22,24,27	33-29	!	deel45:p106
B:W18,34,40:B6,19,20	6-11	!	deel45:p106
B:W18,34,40:B6,19,20	19-23	?	deel45:p106
B:W25,26,30,31,33,34,35,36,43,44,47,49:B4,6,11,14,17,18,19,20,21,22,27,32	18-23	?	deel45:p106
B:W26,28,31,33,36,37,38,39,40,43,49:B6,9,11,13,17,18,19,21,22,25,27	18-23	?	deel45:p106
W:WK3,26,31,36,40,43,49:BK47,6,11,13,17,21,22,25	31-27	?	deel45:p106
W:W25,26,29,30,31,32,36,37,38,40,43,49:B6,9,11,12,14,15,17,18,19,21,22,27	32-28	!	deel45:p107
W:W25,26,31,32,33,36,38,42,43,44,48,50:B6,8,9,11,13,14,17,19,21,22,23,27	33-28	!	deel45:p107
W:W18,25,26,31,36,42,48,50:B6,8,9,11,13,14,17,19,21,40	31-27	!	deel45:p107
B:W18,23,26,31,32,33,36,37,38,39,44,49:B3,6,8,9,11,13,17,20,21,22,25,27	20-24	?	deel45:p107
W:W26,28,31,33,34,36,37,40,44:BK47,6,8,11,12,17,19,21,22,24,25	37-32	!	deel45:p107
W:W25,26,29,33,34,36,42,43:B6,11,14,17,18,21,23,27,35	29-24	?	deel45:p108
B:W24,25,26,34,36,42,43:B6,11,14,17,18,21,27,32,35	32-38	!	deel45:p108
W:W24,26,31,32,34,36,38,39,42,44,46,49:B4,6,11,12,15,17,18,21,22,23,25,27	24-19	!	deel45:p108
B:W23,26,31,32,34,35,36,38,42,43,50:B2,3,6,9,10,11,17,20,21,22,27	2-8	?	deel45:p109
B:W7,26,28,29,30,34,35,38,45:BK48,3,9,15,18,20,25	20-24	!	deel45:p109
W:W26,28,31,33,34,36,37,38,40,42,44:B6,8,11,12,17,19,21,22,24,25,27	38-32	?	deel45:p110
W:W25,26,30,31,32,35,36,37,38,48:B6,11,14,17,19,21,22,24,27,29	48-42	?	deel45:p110
B:W26,28,29,31,32,33,36,37,38,39,42:B6,11,12,13,14,17,19,21,22,27,30	30-35	?	deel45:p110
B:W26,28,29,31,32,33,36,37,38,39,42:B6,11,12,13,14,17,19,21,22,27,30	12-18	?	deel45:p110
B:W26,28,29,31,32,33,36,37,38,39,42:B6,11,12,13,14,17,19,21,22,27,30	14-20	?	deel45:p110
W:W24,26,30,31,32,33,34,36,38,39,40,43,44,45,48:B3,4,6,8,10,11,12,13,15,17,21,22,23,25,27	24-19	!	deel45:p111
B:W26,31,32,36,37,38,39,41,42,43,44,49:B6,7,8,10,11,12,14,17,21,22,23,27	23-28	!	deel45:p111
B:W23,26,31,36,37,38,39,41,42,43,44,49:B6,7,8,10,11,12,14,17,21,22,27	27-32	!	deel45:p111
B:W24,27,29,30,32,33,34,40,41,43,45,49:B8,9,10,13,15,16,17,18,20,23,25,26	18-22	?	deel45:p112
W:W24,29,30,32,33,34,36,37,38,40,42,43,45,46:B2,4,9,12,13,14,15,16,18,19,20,23,25,26	46-41	?	deel45:p113
W:W24,29,30,34,36,37,38,40,41,42,43,45:B2,4,9,12,13,14,15,19,20,25,26,27	37-32	?	deel45:p113
B:W24,29,30,32,34,36,38,40,41,42,43,45:B2,4,9,12,13,14,15,19,20,25,26,27	13-18	!	deel45:p113
W:W35:B1,6,8,19,25,30	35x2	!	deel45:p115
W:W21,24,26,29,30,34,37,40,41,42,45,47:B13,14,15,16,18,20,22,23,25,31,36	42-38	!	deel45:p115
W:W26,30,34,37,38,40,45,47:B13,14,15,18,22,23,25,27,29,36	26-21	!	deel45:p116
W:W20,26,28,29,30,31,34,35,36,38,40,41:B1,3,6,8,11,13,17,19,21,22,27	30-24	!	deel45:p116
W:W36,38,41,44,50:B6,8,13,14,19,22,25,29,33,39	41-37	!	deel45:p117
W:W15,24,26,31,33,34,35,36,37,38,40,41,43:B1,5,6,8,11,13,17,21,22,25,27,28,32	34-29	!	deel45:p117
B:W25,27,28,30,32,33,35,36,37,39,40,42,45,47,48:B2,3,6,8,10,12,13,14,16,17,18,19,20,23,26	3-9	?	deel46:p7
W:W25,27,28,30,32,33,35,36,37,38,39,40,45,47,48:B2,3,6,8,10,12,13,14,16,18,19,21,23,24,26	27-22	!	deel46:p7
B:W24,25,33,36,41,45,47,48:B3,6,8,10,11,16,21,27	8-13	?	deel46:p8
B:W23,24,28,29,31,32,33,34,40,42:B8,12,14,15,16,17,18,20,22,25	22-27	!	deel46:p9
W:W24,28,29,31,32,33,34,36,38,39,40,44,48,49:B2,3,4,5,8,13,15,16,17,18,20,21,22,25	28-23	?	deel46:p13
B:W23,24,26,29,33,34,35,36,38,39,44,48,49:B2,3,4,5,12,13,15,17,18,20,22,25,27	4-10	!	deel46:p13
B:W23,26,29,33,36,38,39,42,44:B2,12,13,14,15,17,20,22,27	13-19	?	deel46:p13
W:W15,25,29,34,35,36,37,38,39,42,46,47,48,49:B2,4,8,9,11,12,14,17,18,19,22,23,26,27	37-31	!	deel46:p18
B:W15,25,29,31,33,34,35,36,39,46,47,48,49:B2,4,8,9,12,14,16,17,18,19,22,23,27	9-13	?	deel46:p18
W:W15,24,25,26,33,34,36,39,46,47,48,49:B2,4,8,10,13,16,17,18,21,22,27,28	36-31	?	deel46:p18
W:W15,25,26,30,33,39,46,47,48,49:B2,4,10,16,17,18,19,21,22,28,36	25-20	!	deel46:p18
W:W15,25,29,30,33,34,36,39,46,47,48,49:B2,4,8,13,14,16,18,19,21,22,27,28	29-24	!	deel46:p18
W:W15,24,25,30,33,34,36,39,46,47,48,49:B2,4,8,13,14,16,19,21,22,23,27,28	24-20	!	deel46:p18
W:W15,25,30,34,36,46,47,48,49:B4,7,9,16,21,22,23,27,28	36-31	!	deel46:p19
W:W15,20,25,30,36,43,46,47,48,49:B7,9,13,14,16,19,21,22,23,27	30-24	!	deel46:p19
W:W15,25,30,33,34,36,39,40,46,47,48:B2,4,8,16,18,19,21,22,23,27,28	25-20	!	deel46:p19
B:W15,20,24,25,26,29,34,36,39,42,46,48,49:B2,8,9,13,14,16,17,18,21,22,23,27,28	27-31	!	deel46:p19
W:W15,20,25,30,33,39,42,46,48:B4,12,16,18,19,22,23,28,32	39-34	!	deel46:p19
W:W15,20,25,30,42,43,46,48:B4,12,16,18,19,22,28,32	43-39	!	deel46:p19
W:W15,20,25,30,39,42,46,48:B4,12,16,19,22,23,28,32	39-33	!	deel46:p19
B:W14,15,33,34,37,39,48:B4,12,18,22,23,27,28	27-32	?	deel46:p19
W:W14,15,31,33,34,39,48:B4,17,18,22,23,28,32	31-27	!	deel46:p20
W:W29,32,33,35,37,38,39,43,44,47,48:B3,4,8,12,13,14,16,18,19,22,36	29-24	!	deel46:p22
B:W15,25,29,32,34,35,37,47,48:B3,4,17,18,19,21,22,23,36	22-27	?	deel46:p23
W:W15,25,29,30,34,37,47,48:B3,4,17,18,19,21,23,36,38	47-42	!	deel46:p23
B:W15,20,29,30,32,34,37,47,48:B3,4,18,19,21,22,23,26,36	3-9	?	deel46:p23
B:W15,25,29,30,32,34,37,47,48:B4,9,17,18,19,21,22,23,36	22-27	?	deel46:p23
B:W15,25,29,34,35,37,38,47,48:B3,4,12,18,19,21,22,23,36	21-26	?	deel46:p23
W:W15,25,34,35,37,48:BK20,3,4,12,18,19,22,23,26	15x13	!	deel46:p23
B:W10,24,30,34,37,47:B9,13,17,22,25,28,36	17-21	!	deel46:p24
B:WK5,20,34,47:BK17,18,31	17-3	?	deel46:p26
B:W17,33,34,35,36,38,40,43,44,46,48,50:B2,3,4,5,6,7,8,9,14,15,24,37	7-11	!	deel46:p32
W:W17,22,28,31,34,35,38,42,46,50:B3,4,6,7,9,11,13,15,19,24	28-23	!	deel46:p33
B:W17,22,26,28,33,34,35,42,46,50:B3,4,6,7,9,11,13,15,24,25	24-30	?	deel46:p33
W:W17,26,28,33,34,42,46,50:B3,4,6,7,11,15,25,27	28-22	!	deel46:p33
B:W17,26,32,33,35,46,50:B3,4,6,7,8,24,25	25-30	!	deel46:p34
W:W17,22,26,28,33,34,35,42,46,50:B3,4,6,7,9,11,13,15,25,29	34x23	?	deel46:p34
B:W17,22,24,26,28,33,34,42,46,50:B3,4,6,7,9,11,13,15,25	13-19	?	deel46:p34
B:W19,26,35,38,42,46,50:B3,4,6,7,15,18,25	15-20	!	deel46:p34
B:W25,27,28,30,32,35,36,37,38,40,42,43,45,47,48:B2,3,4,6,8,12,13,14,16,17,18,19,20,23,26	23-29	!	deel46:p36
W:W27,29,30,33,34,35,36,37,39,40,41,42,43,45,47,48,49:B2,3,4,5,6,7,9,11,12,13,15,16,18,19,20,23,25	42-38	?	deel46:p48
B:W22,27,29,30,34,35,36,37,38,39,40,41,43,45,47,48,49:B2,3,4,5,6,7,9,11,12,13,15,16,18,19,20,25	19-24	!	deel46:p48
B:W24,25,29,31,33,36,37,38,39,43,44,47,49:B2,6,8,10,12,13,14,15,18,21,22,28,35	6-11	?	deel46:p48
W:W24,25,29,31,33,36,37,38,39,43,44,47,49:B2,8,10,11,12,13,14,15,18,21,22,28,35	44-40	!	deel46:p48
B:W22,27,30,32,34,37,38,39,40,41,43,45:B7,8,9,13,14,15,16,21,23,25,26,29	13-19	?	deel46:p49
B:W22,27,30,32,34,37,38,39,40,41,43,45:B7,8,9,13,14,15,16,21,23,25,26,29	7-12	?	deel46:p49
B:W22,27,30,32,34,37,38,39,40,41,43,45:B7,8,9,13,14,15,16,21,23,25,26,29	8-12	?	deel46:p49
W:W25,27,28,32,33,36,39,40,42,45:B7,8,9,13,16,18,19,23,24,26	36-31	!	deel46:p49
W:W16,27,28,32,33,34,35,37,40,42,45,47:B6,7,8,9,12,13,15,17,18,20,24,25	42-38	?	deel46:p50
W:W16,21,25,26,28,32,33,35,37,38,42,47:B1,7,11,12,14,15,17,19,23,24,31,36	28-22	!	deel46:p50
B:W25,27,28,32,33,35,37,38,39,40,41,45:B3,13,14,15,16,17,18,19,21,23,24,26	17-22	?	deel46:p51
B:W22,28,33,34,35,36,38,39,43,48:B11,12,13,14,15,16,19,20,24,26	12-18	?	deel46:p51
B:W26,27,28,32,33,34,39,40,43:B8,12,16,17,18,19,23,24,25	25-30	!	deel46:p52
W:W10,25,26,27,30,31,32,38:BK49,6,12,13,16,17,18,29	10-4	?	deel46:p52
B:WK4,25,26,27,29,30,31,32:BK49,6,12,13,16,17,18	17-21	!	deel46:p52
B:WK4,19,25,27,29,30,31,32:BK49,6,16,18	16-21	!	deel46:p52
W:W24,26,27,31,34,36,37,38,39,40,41,42,43,45:B2,6,8,10,11,12,13,15,16,17,18,19,23,25	34-30	?	deel46:p52
W:W22,26,28,29,32,36,39,41,43,45,49,50:B2,3,6,11,12,13,15,17,20,21,25,35	41-37	?	deel46:p58
B:W22,26,28,29,32,36,37,39,43,45,49,50:B2,3,6,11,12,13,15,17,20,21,25,35	13-18	!	deel46:p58
W:W25,27,28,32,33,35,36,37,38,39,40,41,42,43,45,48,49:B2,3,6,8,9,11,13,14,15,16,17,18,19,21,23,24,26	39-34	?	deel46:p58
W:W25,30,32,35,37,38,41,42,43:B11,12,13,14,15,18,23,26,29,31	32-27	!	deel46:p59
W:WK4,34,35,38,39,43,45:B1,3,6,14,15,41	39-33	!	deel46:p59
B:W27,28,32,34,36,37,38,39,40,42,45,47,48:B2,3,6,8,11,12,14,16,18,19,21,23,24	8-13	?	deel46:p59
B:W28,29,34,35,37,38,39,48:B3,6,12,13,15,20,26,27	6-11	?	deel46:p59
W:W25,26,27,30,33,35,36,38,40,42,43,45:B4,8,9,11,12,14,15,17,18,19,23,24	26-21	?	deel46:p60
B:W15,25,32,33,36,38,39:B4,14,16,19,23,26,27	16-21	?	deel46:p60
W:W27,28,32,33,37,38,41,42,48,49,50:B3,9,11,12,13,15,16,18,19,24,26,34	37-31	!	deel46:p60
B:W6,24,25,29,33,37,38,42,45,47:B1,3,9,14,15,18,22,26,27,36	26-31	!	deel46:p60
W:W6,18,36,37,45:BK47,1,3,15	18-12	!	deel46:p60
B:W26,27,31,35,36,37,38,39,42,43,45,48,50:B1,3,8,9,12,13,14,16,17,18,20,22,23	13-19	?	deel46:p60
B:W22,27,28,30,32,35,37,38,39,41,42,43:B3,11,12,13,14,16,18,19,21,24,26,29	18-23	?	deel46:p61
B:W18,36,41,42,43,45,48:B2,6,14,15,16,19,20	2-8	!	deel46:p61
W:W22,24,27,30,32,33,35,37,39,47,48:B4,6,7,9,13,14,16,18,19,21,26	30-25	!	deel46:p61
W:W22,24,25,27,32,33,37,39,47,48:B4,6,7,9,13,16,18,19,21,26	37-31	!	deel46:p61
W:W24,25,26,33,36,39,42,43,48:B12,13,14,15,16,17,22,23,32	33-28	!?	deel46:p61
W:W24,25,26,33,36,39,42,43,48:B12,13,14,15,16,17,22,23,32	24-20	!	deel46:p61
B:W17,26,31,32,34,36,37,38,39,40,42,44,45,49:B6,7,8,9,12,13,15,16,20,21,24,25,35	12-18	?	deel46:p61
B:W16,24,30,32,33,34,35,37,40,43,44,45,47,48:B2,4,7,8,9,10,13,14,15,19,22,25,26,36	8-12	?	deel46:p62
W:W16,21,31,32,33,35,37,38,40,42,43:B7,9,12,13,17,18,22,23,24,25,26	32-28	!?	deel46:p62
W:W16,21,31,33,35,38,40,42,43:B7,9,12,13,17,18,22,24,25,26,41	16-11	!	deel46:p62
W:WK2,35,38,40:B9,12,13,18,22,24,25,26,28,41	2x46	!	deel46:p62
B:W25,30,33,34,36,37,38,42,48:B3,7,12,14,15,16,17,23,27	14-19	?	deel46:p62
W:W24,30,33,35,38:BK41,23	33-29	!	deel46:p81
B:WK28,26,38:B7,11,40	11-17	!!	deel46:p87
B:W19,23,25,32:B20,36	36-41	!	deel46:p90
B:WK23,37:BK17,6,13,27	17-26	?	deel46:p92
B:WK4,31,36,38:B11,21,44	21-27	!	deel46:p93
W:W15,29,32,37,38:B6,16,19,21,26	29-23	?	deel46:p95
W:W25,30,33,34,35,36,38,48:B8,13,14,17,18,19,23,24	38-32	!	deel48:p59
W:W28,30,31,32,33,35,36,37,38,40,41,42,43,44,45,46,48,49:B1,2,3,4,5,6,8,10,11,12,15,17,18,19,20,22,24,26	33-29	?	deel48:p118
W:W16,28,31,32,33,35,38,40,45,48:B2,4,7,8,9,14,17,19,22,24	40-34	?	deel48:p123
B:W16,27,28,32,33,34,35,38,40,45:B4,7,9,12,13,17,18,19,20,24	18-22	!	deel48:p124
B:W17,25,26,28,32,33,35,38,39,40,41,42,43,44,45,46,47,48,50:B1,2,3,5,6,7,8,9,10,13,14,15,16,18,19,20,23,24	18-22	?	deel48:p126
B:W25,26,28,31,32,35,38,39,40,41,42,43,44,45,47,48,50:B1,2,3,5,6,9,10,11,13,14,15,17,18,19,21,23,29	18-22	?	deel48:p126
W:W25,26,31,32,35,38,39,40,41,42,43,44,45,47,48,50:B1,2,3,5,6,9,10,11,12,13,14,15,18,19,23,29	39-33	?	deel48:p127
B:W26,27,31,32,35,36,39,40,42,43,45,48:B1,2,3,11,13,14,15,17,18,19,23,29	17-22	!	deel48:p127
B:W26,27,31,32,36,39,42,43,44,45,48:B1,2,3,11,13,14,15,18,19,22,23	11-17	!	deel48:p127
W:W16,26,27,32,33,39,44,45:B7,12,13,17,18,23,25,30	27-21	?	deel48:p128
B:W16,21,26,38,44,45:B7,12,17,18,19,34	18-22	!	deel48:p128
W:W16,26,27,32,33,39,44,45:B7,12,13,17,18,23,25,30	44-40	!	deel48:p128
W:W6,26,27,28,29:B1,12,16,17,18,19	26-21	!	deel48:p128
W:W16,26,27,28,32,33,44,45:B7,12,17,18,19,23,25,34	44-40	?	deel48:p129
W:W16,26,27,28,32,33,44,45:B7,12,17,18,19,23,25,35	26-21	!	deel48:p129
W:W16,24,27,32,33,45:BK49,7,12,23,25,26	24-19	!	deel48:p129
W:W16,24,27,32,33,45:BK49,7,12,23,25,26	33-29	?	deel48:p130
B:W19,27,28,45:B7,12,25,26,39	39-43	!	deel48:p130
B:W26,28,45:BK48,25	48-34	!	deel48:p130
B:W13,29:B12,14,37	14-19	!	deel48:p130
W:W26,28,30,33,34,35:B7,12,13,15,19,24,27	26-21	!	deel48:p133
W:W17,24:B15,23	24-19	!	deel48:p133
W:W22,27,28,32,33,34,39,45,47,49:B4,13,14,16,19,21,23,24,25,26	33-29	!	deel48:p143
W:W27,28,31,32,33,36,37,39,40,42,43,45,48:B7,8,10,12,13,14,16,17,18,19,20,21,35	28-23	!	deel48:p144
W:W27,31,32,36,37,39,40,43,45,48:BK47,7,8,10,12,13,14,16,17,19,20,21,35	32-28	!	deel48:p144
W:W26,28,33,37,38,39,43,45,50:BK47,3,7,9,12,13,14,17,19,22,24,44	28-23	!	deel48:p144
W:W32,33,35,42,43,44,47,48,50:B9,10,18,19,21,23,24,31,36	42-38	!	deel48:p144
W:W26,29,31,35,36,39,42,43,44,47:B4,10,13,16,18,20,22,24,28,32	29-23	!	deel48:p145
B:W23,26,31,35,36,39,42,43,44,47:B4,10,13,16,18,20,22,24,28,32	18x29	?	deel48:p145
W:W25,27,32,37,38,42,46,47,48,49:B2,9,13,14,15,16,17,18,19,26,34	25-20	!	deel48:p146
W:W37,38,42,46,47,48,49:B2,9,13,14,24,26,28,34	37-32	!	deel48:p146
W:W22,27,30,31,32,33,34,38,47:B11,12,13,14,16,18,19,23,24,35	27-21	!	deel48:p146
W:W22,30,32,33,34,38,47:B11,12,13,14,18,19,23,24,35,36	33-28	!	deel48:p146
B:W22,27,30,31,32,33,34,38,47:B9,11,12,14,16,18,19,23,24,35	23-29	!	deel48:p147
W:WK1,27,31,32,33,38,47:B11,14,16,19,24,44	31-26	!	deel48:p147
W:W16,30,32,34,37,43,44,50:B6,12,13,14,18,19,23,33,35	30-24	!	deel48:p147
W:W28,30,32,34,41,44:B1,19,23,24,25,31,35	34-29	?	deel48:p147
W:W22,27,28,29,32,34,35,37,40,41,42:B2,3,5,8,11,13,18,19,20,23,26	27-21	!	deel48:p150
W:W15,26:B4,6,11	26-21	!	deel48:p151
W:W24,46,49:BK47,4,11,12,13,14,21,32,43	49x20	!	deel48:p151
W:W26,29,33,35,36,37,39,41,42,49:B5,9,12,13,17,18,19,20,22,28	36-31	!	deel48:p152
W:W26,29,31,33,35,37,39,41,42,49:B5,9,12,13,17,18,20,22,23,28	49-44	!	deel48:p152
W:W25,26,27,32,35,36,37,38,39,41,42,48:B4,8,9,11,12,13,14,18,20,23,28,29	39-33	!	deel48:p153
B:W25,26,27,32,35,36,37,38,41,42,43:B4,8,9,11,12,13,14,18,20,23,29,39	39x48	!	deel48:p153
W:W25,27,28,32,35,37,38,42,45:B14,16,17,18,19,23,26,29	28-22	!	deel48:p153
W:W25,27,32,35,37,38,42,45:B14,16,18,19,23,26,28,29	37-31	!	deel48:p153
W:W22,25,26,28,32,33,35,38,39:BK49,7,9,11,12,13,16,17,19,23,24	32-27	!	deel48:p153
W:W16,27,28,32,33,35,38,39,44,47:B7,10,14,17,18,19,21,23,24,36	39-34	!	deel48:p153
B:W16,27,28,32,33,34,35,38,44,47:B7,10,14,17,18,19,21,23,24,36	14-20	?	deel48:p153
W:W27,28,29,31,32,33,35,36,37,38,41,43,45,46,48:B6,7,9,11,12,13,16,17,18,19,20,21,24,25,26	29-23	!	deel48:p154
W:W27,28,31,32,33,35,36,37,38,41,43,45,46,48:B6,7,9,11,12,13,16,17,19,20,21,24,25,26,29	35-30	!	deel48:p154
W:W29,30,33,34,35,37,38,39,40,42,43,44,45,47:B4,7,8,9,11,14,15,16,18,19,22,23,26,36	37-31	!	deel48:p157
W:W25:BK20,9,11,15,16	25x3	!	deel48:p158
B:W24,25,33,34,37,38,39,40,42,43,44,45,47:B4,7,9,11,13,14,15,16,18,22,23,26,36	4-10	?	deel48:p158
W:WK2,46,48:BK41,11,12,14,24,34,38	2x10	!	deel49:p10
W:W15,20,46,48:B25	15-10	!	deel49:p13
W:W46,48:B5	48-42	!	deel49:p13
W:W10,29,30,34,46,49:B19,38,45	10-5	?	deel49:p46
W:WK1,46,48:BK41,7,14,18	1x10	!	deel49:p46
B:W15,29,37,44,46,48:B8,9,18,19,45	45-50	?	deel49:p56
B:WK4,10,39,46,48:B20,29,38,45	45-50	?	deel49:p56
B:W6,15,16,33,46:B2,22,32,45	45-50	?	deel49:p56
B:W10,30,44,46:B29,38,45	45-50	?	deel49:p56
B:W22,26,31,38,46:B13,16,45	45-50	?	deel49:p56
B:W22,26,31,33,39,46:B8,13,24,45	45-50	?	deel49:p56
B:W20,29,39,47:B4,5,10,28,38,45	45-50	?	deel49:p65
B:W20,32,39,43:B4,5,10,31,41,45	45-50	?	deel49:p65
B:W20,36,43,46:B4,5,10,32,42	42-47	?	deel49:p65
B:W9,18,20,27,47:B5,10,15,24,26,33,43	26-31	?	deel49:p65
W:W35,37,38,40,44,46,48:B12,13,14,22,23,24,29	40-34	!	deel49:p73
W:W37,38,42,43,46,49,50:B12,13,14,22,29,33,40	49-44	!	deel49:p73
W:W37,38,42,43,46,49,50:B12,13,14,22,29,33,40	50-45	?	deel49:p73
B:W37,38,42,43,45,46,49:B12,13,14,22,29,33,40	33-39	!	deel49:p73
W:W19,37,38,39,46,48:BK49,7,8,9,10,17,28	39-33	!	deel49:p74
B:W24,27,29,32,33,34,36,37,38,39,42,43,47,48:B2,3,5,6,7,8,9,12,13,16,18,21,23,26	5-10	!	deel49:p78
W:W25,26,27,28,30,32,33,35,38,43,45,47:B3,4,5,7,12,14,16,17,18,19,24,29	25-20	!	deel49:p79
B:W25,26,27,28,30,32,33,35,38,39,45,47:B3,4,5,7,12,14,16,17,18,19,24,29	29-34	?	deel49:p79
B:WK24,35:BK25,4,5,8,37	4-9	!	deel49:p79
B:W23,24,29,32,33,34,37,39,43,44,45,47,49,50:B2,3,4,5,9,10,12,14,15,18,22,25,26,36	3-8	!	deel49:p84
W:W23,24,28,29,32,33,34,37,39,42,44,45,49,50:B2,4,5,8,10,12,13,15,18,20,25,26,31,36	32-27	?	deel49:p85
W:W23,24,28,29,32,33,34,37,39,42,44,45,49,50:B2,4,5,8,10,12,13,15,18,20,25,26,31,36	49-43	?	deel49:p85
B:W23,24,28,29,32,33,34,37,39,42,43,44,45,50:B2,4,5,8,10,12,13,15,18,20,25,26,31,36	12-17	!	deel49:p85
B:W23,24,28,29,32,33,34,37,39,42,44,45,49,50:B2,4,5,8,10,12,13,15,18,20,25,26,31,36	18-22	!	deel49:p85
W:W24,26,28,29,33,34,35,42,44,49,50:B2,4,5,8,9,13,15,17,25,41	29-23	!	deel49:p86
W:WK2,46,48:BK41,11,14,23,27	2x10	!	deel49:p91
W:WK2,46,48,49:BK50,13,14,17,18,29,31,44	2x10	!	deel49:p100
W:WK4,46,48:BK41,8,11,14,21,22	4x10	!	deel49:p101
W:WK2,46,48:BK41,11,14,24,27,34	2x10	!	deel49:p101
W:WK4,46,48:BK28	4-10	!	deel49:p102
W:W15,46,48:BK14	15-10	!	deel49:p102
B:W32,34,37,38,39,44,46,48:B8,11,14,16,18,23,24,28	8-12	!	deel49:p102
W:W24,33,36,37,38,41,42,43,46,48:B7,13,14,17,22,23,27,28,32,34	36-31	!	deel49:p102
W:WK15,46,48:BK14	15-10	!	deel49:p103
W:WK3,46,47:BK41,12,14,22	3x10	!	deel49:p103
W:WK4,46:BK5	4-31	!	deel49:p103
W:WK3,46:BK5	3-26	!	deel49:p104
W:WK25,46:BK5	25-48	!	deel49:p104
W:W21,27,34,37,38,46,48,49:B8,11,14,16,18,23,29	49-44	!	deel49:p104
W:WK3,16,46:BK5,6	3-26	!	deel49:p104
W:W16,25,32,33,34,37,44,46:B6,9,12,13,14,20,22,30	34-29	?	deel49:p105
W:W15,30,31,38,41,43,44,46,47:B9,12,13,14,18,22,27,32,36	47-42	!	deel49:p105
W:WK26,7,46:BK23	7-1	!	deel49:p105
W:W25,28,30,31,35,36,38,39,41,42,43,44,45,46,47,48,49:B1,3,4,6,7,8,9,10,11,12,13,14,16,17,18,19,20	30-24	!	deel50:p15
B:W23,26,29,33,34,35,38,39,42,43,45,47,48,49:B2,4,6,7,9,10,12,13,14,15,17,20,24,27	17-22	?	deel50:p34
W:W24,29,31,42,48:B11,12,13,15,18,21,23,32	31-27	!?	deel50:p49
W:W24,29,31,42,48:B11,12,13,15,18,21,23,32	24-20	!	deel50:p49
W:W21,28,29,33,35,36,37,38,39,41,42,43,44,47,48,49,50:B1,2,4,6,7,8,9,10,12,13,14,15,17,18,20,24,26	50-45	?	deel50:p61
B:W21,22,30,33,36,37,38,41,42,43,44,45,47,48,49:B1,2,4,6,7,9,10,15,20,26	26x50	!	deel50:p61
W:W23,28,33,38,39,40,42,44,48,50:B7,12,13,14,19,21,25,30,31,35	39-34	!	deel50:p61
W:W23,28,33,38,40,42,44,48,50:B7,12,13,14,19,21,25,31,35,39	48-43	!	deel50:p61
B:W23,29,32,33,34,35,39,41,43,47:B6,12,13,14,15,16,17,18,22,25	14-20	!	deel50:p65
W:W15,26,31,36,37,38,39,40,43,44,45,46,47,49:B2,4,6,8,9,10,11,12,13,14,17,18,22,27	39-34	?	deel50:p69
B:W16,21,24,28,33,36,37,38,39,42,48:B6,7,8,11,12,13,17,25,26,35	17-22	?	deel50:p69
W:W25,28,30,31,32,35,36,38,39,42,48:B3,6,8,9,13,14,16,17,19,23,24	31-27	?!	deel50:p69
B:W25,27,28,30,32,35,36,38,39,42,48:B3,6,8,9,13,14,16,17,19,23,24	24-29	?	deel50:p69
B:W25,26,27,28,30,32,33,35,38,43:B9,12,14,15,16,17,18,19,24,29	9-13	?	deel50:p77
W:W25,28,30,31,33,34,35,36,38,40,45,49:B2,4,9,10,14,15,17,18,19,22,24,26	31-27	?	deel50:p93
B:W25,27,28,30,33,34,35,38,40,45,49:B2,4,9,10,14,15,17,18,19,24,26	18-22	!	deel50:p93
W:W25,28,30,31,33,34,35,36,38,40,45,49:B2,4,9,10,14,15,17,18,19,22,24,26	38-32	!	deel50:p93
B:W25,28,30,33,34,35,36,40,41,45,49:B2,4,9,10,14,15,17,18,19,22,24	18-23	?	deel50:p93
W:W24,27,28,29,30,32,33,34,36,37,40,42,44,47,48,50:B2,4,6,9,11,13,15,16,17,18,19,20,21,23,25,26	44-39	?	deel50:p101
W:W24,29,32,33,34,39,42,46,49:B4,11,12,13,14,18,21,23,25	24-19	?	deel50:p101
W:W24,29,32,33,34,39,42,46,49:B4,11,12,13,14,18,21,23,25	32-28	!	deel50:p101
W:W24,29,33,34,39,42,46,49:B4,11,12,13,14,18,21,25,32	29-23	!!	deel50:p101
W:W24,32,35,37,42,43,44,45,46,48:B3,4,5,6,8,9,14,16,17,26,33	43-38	?	deel51:p3
B:W24,32,35,37,38,42,44,45,46,48:B3,4,5,6,8,9,14,16,17,26,33	14-19	!	deel51:p3
B:WK2,29,32,35,37,42,44,45,46,48:B3,4,5,6,13,16,17,26	4-9	!	deel51:p3
W:W15,21,22,31,37,38,41,42,45,49:B1,6,8,13,14,19,23,24,25,34,40	49-44	!	deel51:p3
W:W15,29,37:BK26,1,6,8,19,25	29-24	!	deel51:p3
B:W23,27,28,32,33,34,36,37,38,39,42,43,44:B1,2,4,7,9,12,13,14,16,19,24,26,35	16-21	!	deel51:p9
B:W23,26,28,32,33,34,38,39,42,43,44:B1,2,4,9,14,19,24,35	24-29	!	deel51:p9
B:W13,23,26,28,32,34,38,39,42,43,44:B1,2,4,9,14,35	9x49	!	deel51:p9
W:W21,26,28,31,32,34,35,36,37,39,40,43,44,45:B3,6,7,8,9,12,13,15,16,19,20,23,24,25	31-27	?	deel51:p9
B:W28,29,31,33,34,35,36,38,39,40,44:B3,7,9,10,12,13,15,20,21,24,27	12-18	?	deel51:p10
B:W28,29,31,33,34,35,36,38,39,40,44:B3,7,9,10,12,13,15,20,21,24,27	20-25	!	deel51:p10
B:WK18,22,25,28,29,33,36,38,39,40,44:B3,7,12,14,21	12x45	!	deel51:p10
B:W27,28,30,32,35,37,38,42,43:B8,9,11,13,16,18,19,23,29	9-14	?	deel51:p10
B:W25,27,30,31,32,35,36,37,38,39,48,50:B6,8,9,12,13,14,16,19,23,26,29	13-18	?	deel51:p11
W:W25,27,30,31,32,35,36,37,38,39,48,50:B6,8,9,12,14,16,18,19,23,26,29	27-21	!	deel51:p11
B:W22,34,35,39:B9,17,19,23,25,29,38	17x28	!	deel51:p12
W:W31,36,37,43,45,48,49:B6,7,8,9,10,12,15,16,17,27,35	31x4	!	deel51:p13
B:W24,29,31,34,36,37,38,39,41,42,48,49:B4,7,9,11,12,13,16,17,18,22,25,27	18-23	?	deel51:p14
B:WK2,24,31,36,41,42,48,49:B4,9,11,12,16,17,22,27	16-21	!	deel51:p14
B:WK29,20,36,48,49:BK28,4,9,37	28-14	?	deel51:p14
W:W15,27,28,37,39,40,48:B4,7,12,13,14,25,29	28-22	?	deel51:p15
B:W25,27,28,32,33,35,38,39,40,45,48:B3,8,12,13,14,15,16,19,21,23,24	21-26	?	deel51:p16
W:W25,27,28,32,33,35,38,39,40,45,48:B3,8,12,13,14,15,16,19,23,24,26	27-21	!	deel51:p16
W:W24,29,30,31,32,33,34,37,38,40,41,42,45,47,49:B2,3,4,7,8,9,13,14,15,16,19,20,21,25,26	41-36	?	deel51:p17
B:W22,25,29,33,36,37,38,39,43,44,45,49:B7,9,12,13,14,15,16,19,20,21,24,26	19-23	?	deel51:p18
W:W24,29,33,34,36,37,38,39,40,42,43,44,45,46,47,48,49:B2,3,4,6,7,8,9,10,11,12,13,14,15,16,18,20,23,31	36x27	?	deel51:p18
B:W24,27,29,33,34,37,38,39,40,42,43,44,45,46,47,48,49:B2,3,4,6,7,8,9,10,11,12,13,14,15,16,18,20,23	23-28	!	deel51:p18
W:W22,26,28,33,34,37,42:B2,6,9,13,19,25,30	28-23	!	deel51:p18
W:W26,27,32,35,38,39,40,42,45,49:B6,8,9,11,13,15,17,19,23,29	39-33	?	deel51:p18
W:W26,30,33,34,36,38,42,43,44,45,47:B4,7,11,12,13,14,15,17,18,22,27	30-24	?	deel51:p19
W:W24,26,27,28,29,32,33,38,39,40,44,45,48:B5,6,8,10,12,13,14,15,16,17,18,20,25	48-42	?	deel51:p19
W:W27,28,30,32,35,37,38,42,43:B8,9,11,13,16,18,19,23,29	43-39	?	deel51:p20
B:W25,31,33,35,36,38,39,41,42,43,45,48,49:B2,3,8,9,11,12,13,14,15,17,19,22,27	14-20	!	deel51:p20
B:W15,24,29,31,33,34,36,37,48,49:B2,4,9,12,13,14,18,22,23,27	22-28	!	deel51:p21
B:W25,30,31,34,35,36,38,40,42,43,44,45,47,49:B3,9,10,12,13,15,16,17,18,19,22,23,24,27	23-29	!	deel51:p21
B:W15,27,28,32,33,37,38,39,45,49:B4,9,16,19,21,23,24,25,26,35	4-10	!	deel51:p22
B:W15,27,28,32,33,34,37,38,49:B4,9,16,19,21,24,25,26,35	25-30	?	deel51:p22
B:W22,28,30,32,33,37,38,39,45:B8,9,13,19,21,23,24,26,35	23-29	?	deel51:p24
W:W27,28,32,35,37,38,39,42,43,45,47,48,50:B3,9,13,15,16,17,18,19,20,21,23,24,26	28-22	?	deel51:p25
B:W27,32,33,35,37,39,42,43,45,47,48,50:B3,9,13,15,16,18,19,20,21,23,24,26,28	26-31	!	deel51:p25
W:W17,21,27,28,31,32,33,35,38,48,50:B1,3,8,13,16,18,19,25,29,30,34	33x24	?	deel51:p27
B:W17,21,24,27,28,31,32,35,38,48,50:B1,3,8,13,16,18,19,25,30,34	34-40	!	deel51:p27
B:W25,27,32,33,35,37,38,39,41,42,43,48:B3,6,8,13,14,16,18,19,21,24,26,29	26-31	?	deel51:p27
W:W17,27,33,35,38,39,42,43,48:BK46,3,6,8,14,16	38-32	!	deel51:p27
W:W16,25,26,28,32,35,37,38,39,42,43,47:B6,7,8,12,13,14,15,17,18,24,29,36	26-21	?	deel51:p27
B:W26,28,32,33,34,35,36,38,42,44,45,47:B2,6,10,11,13,17,18,21,22,24,25,27	25-30	!	deel51:p27
B:W30,33,35,36,37,38,39,40,41,42,43,45,46,47,48,49:B2,3,5,6,7,8,9,10,11,13,15,16,19,20,23,26	20-25	?	deel51:p29
W:W16,17,25,33,35,38,43,48:B6,8,12,13,14,15,37	16-11	!	deel51:p29
B:W25,26,27,29,31,32,36,38,40,42,43,48:B6,7,8,9,10,11,12,13,14,16,18,22	16-21	!	deel51:p29
B:W25,27,28,29,31,32,36,38,40,42,43,48:B6,7,8,9,10,11,12,13,14,18	18-22	!	deel51:p29
W:W22,28,30,32,33,35,36,37,38,39,42,43,44,47,48:B2,3,4,5,6,8,11,13,14,16,19,21,24,26,29	30-25	?	deel51:p30
W:W24,26,27,28,29,32,33,38,39,40,44,45,48:B5,6,8,10,12,13,14,15,16,17,18,20,25	48-43	?	deel51:p30
B:W17,24,27,29,32,33,38,39,40,43,44,45:B5,6,8,10,13,14,15,16,18,20,25	16-21	!	deel51:p30
B:W25,26,29,33,34,36,39,41,43,44,47,49:B6,7,8,10,11,12,13,15,16,18,23,28	12-17	?	deel51:p31
W:W25,26,29,34,36,39,41,43,44,47,49:B6,7,8,10,11,13,15,16,18,23,28	34-30	!	deel51:p31
W:W27,30,32,33,35,36,37,38,40,41,42,43,44,45,46,47,48,49:B1,2,3,4,5,6,7,8,9,11,12,13,15,16,19,20,23,26	30-25	?	deel51:p32
B:W25,27,32,33,35,36,37,38,40,41,42,43,44,45,46,47,48,49:B1,2,3,4,5,6,7,8,9,11,12,13,15,16,19,20,23,26	23-28	!	deel51:p32
B:W22,29,33,34,35,36,37,38,41,42,43,44,45,46,47,48,49,50:B1,2,3,4,5,6,8,9,10,11,12,13,15,18,19,20,25,27	20-24	!	deel51:p32
B:W25,28,30,32,33,35,36,38,40,43,45,47,48:B1,2,3,4,7,9,12,14,15,19,21,23,24	21-27	!	deel51:p32
W:W24,27,29,31,33,34,39,40,43,45,47:B3,4,9,12,13,14,16,18,22,23,25	24-19	?	deel51:p36
B:W15,27,31,33,34,39,40,43,45,47:B3,4,9,12,16,18,19,22,23,25	4-10	!	deel51:p36
B:W7,24,31,39,40,45,47:BK49,3,16,25	49x44	!	deel51:p36
W:W27,28,32,33,34,36,37,38,40,42,43,48:B6,8,9,11,12,13,15,16,18,19,20,26	28-23	!	deel51:p36
B:W25,26,27,28,32,34,35,36,38,39,42,43,44,45,48:B3,4,6,7,9,13,14,15,16,17,18,19,21,23,24	14-20	?	deel51:p37
W:W25,26,27,28,32,36,38,42,43,44,45,48:B3,4,6,7,9,13,14,15,16,17,18,19,21,24	27-22	!	deel51:p37
B:W27,29,32,33,34,36,37,38,40,42,43,44,48:B2,9,11,13,15,16,18,20,21,24,25,26,35	18-22	?	deel51:p40
B:W16,26,29,32,34,37,38,39,43,48:B7,8,9,12,13,15,17,19,22,25	7-11	!	deel51:p41
W:W27,31,32,33,34,35,36,38,40,42,43,45:B3,8,9,12,13,15,16,18,19,20,21,25	27-22	?	deel51:p42
W:W26,27,30,31,33,34,39,42:B12,13,14,16,18,19,22,23	30-24	?	deel51:p42
B:W28,33,34,36,37,38,40,45,48:B2,3,7,8,10,13,14,25,26	14-20	?	deel51:p43
B:W16,23,28,29,33,34,35,37,38,45,49:B2,3,4,7,12,14,17,18,20,24,26	14-19	!	deel51:p45
B:W23,24,28,29,31,33,36,37,40,42:B7,9,11,12,13,15,17,21,22,26	11-16	?	deel51:p45
W:W23,24,28,29,31,33,36,37,40,42:B7,9,12,13,15,16,17,21,22,26	37-32	!	deel51:p45
W:W15,29,32,33,34,35,36,37,40,41,43,45:B2,4,8,9,11,13,14,16,17,19,25,26	35-30	?	deel51:p45
B:W15,29,30,32,33,34,36,37,40,41,43,45:B2,4,8,9,11,13,14,16,17,19,25,26	26-31	!	deel51:p45
W:W22,25,30,32,33,35,36,37,38,39,40,42,46,49:B3,4,6,8,9,10,11,13,14,16,17,19,24,26	32-28	?	deel51:p47
B:W22,25,28,30,33,35,36,37,38,39,40,42,46,49:B3,4,6,8,9,10,11,13,14,16,17,19,24,26	13-18	!	deel51:p47
B:W25,27,30,31,33,34,35,37,38:B11,12,13,14,18,19,22,23,24	23-28	?	deel51:p47
B:W21,25,26,29,30,31,37,39,43,44:B3,7,9,10,11,12,14,18,28	14-20	!	deel51:p51
W:W25,35,36:BK30,2,9,14,16,19,20	35x4	!	deel51:p51
B:W24,27,29,32,33,34,36,37,39,40,41,42,46,47,48:B2,3,6,8,10,11,13,14,16,17,18,21,23,25,26	14-20	!	deel51:p52
B:W27,28,32,34,36,37,39,40,42,43,44,46,47,48,49,50:B1,2,3,4,8,10,11,12,13,15,16,17,19,23,24,26	10-14	?	deel51:p53
B:W23,25,29,30,33,34,37,39,40,41,42,47,49:B2,4,8,12,13,14,15,16,18,21,22,26	12-17	!	deel51:p54
B:WK3,25,29,30,33,34,37,39,40,41,42,47,49:B2,4,13,14,15,16,17,21,22,26	22-28	!	deel51:p54
W:W21,25,29,30,33,35,38,47,48:B3,4,7,13,15,16,18,19,31	29-24	!	deel51:p55
B:W27,28,32,33,35,38,39,40,45:B8,15,16,18,19,20,21,23,24	23-29	?	deel51:p56
W:W27,33,35,38,39,40,45:B8,15,16,18,20,21,24,29,37	40-34	!	deel51:p56
B:W25,27,32,33,35,37,39,42,44,45,48:B3,13,14,15,16,18,19,21,23,24,26	23-28	?	deel51:p56
W:W12,25,33,35,39,44,45,48:B3,13,14,15,16,19,24,26,32	25-20	!	deel51:p56
B:W16,21,25,26,32,34,35,37,39,48,49:B7,8,12,13,14,17,18,19,23,24,28	28-33	?	deel51:p57
W:W16,21,25,26,32,34,35,37,43,49:B7,8,12,13,14,17,19,23,24,33	34-29	!	deel51:p57
W:W28,30,31,32,36,37,42,43,45:B3,13,15,16,17,19,20,23,26	30-25	?	deel51:p57
W:W26,27,28,30,32,33,34,35,36,37,38,41,43,48,50:B2,3,4,6,9,11,12,13,15,16,18,19,23,24,25	34-29	?	deel51:p58
B:W25,26,28,32,33,34,35,38,39,40,42,43,45,46,49:B3,4,6,7,8,9,12,13,14,15,17,19,22,24,27	24-29	!	deel51:p58
W:W18,29,33,34,35,39,43,45,49:BK47,8,9,13,15,19,20,25	18-12	!	deel51:p59
W:W25,27,31,35,36,38,42,43,45,48:B3,6,12,13,14,15,16,18,21,23,30	35x24	?	deel51:p59
B:W27,28,29,33,37,39,45:B3,7,9,12,20,26,30	20-25	?	deel51:p59
B:W26,30,31,32,33,34,35,38,42,49:B3,4,11,12,13,17,18,19,23,24	24-29	!	deel51:p60
W:W25,30,32,33,34,35,36,37,38,40,42,43,45,47,48:B3,4,7,8,9,10,13,14,16,18,19,21,24,26,27	36-31	!	deel51:p61
B:W14,27,28,32,33,34,36,37,38,39,40,42,43,47,48,50:B2,3,4,6,8,9,11,12,13,16,17,19,23,24,26	9x20	?	deel51:p62
B:W21,27,28,33,34,35,36,38,39,40,43,45:B3,6,9,12,13,14,15,16,18,19,24,25	18-23	?	deel51:p62
W:W21,27,28,33,34,35,36,38,39,40,43,45:B3,6,9,12,13,14,15,16,19,23,24,25	36-31	!	deel51:p62
W:W26,30,33,34,35,36,38,39,40,41,42,43,44,45,47,48,49:B2,3,4,6,7,8,9,10,12,13,15,16,18,19,20,22,25	26-21	!	deel51:p62
B:W15,25,30,31,33,36,39,41,42,49:B4,9,11,12,14,17,19,22,27,28	14-20	!	deel51:p63
W:W16,26,33,34,35,36,39,42,43,45,48,50:B1,3,7,11,12,13,15,19,20,23,24,28,31	33x22	?	deel51:p63
B:W16,22,26,34,35,36,39,42,43,45,48,50:B1,3,7,11,12,13,15,19,20,23,24,31	23-28	!	deel51:p63
B:W24,28,29,30,32,33,35,37,38,42,47:B3,13,14,15,16,17,18,20,21,22,26	20-25	?	deel51:p63
B:WK1,15,26,31,36,38,42,43,46,50:B5,11,13,17,21,22,27,32,45	32-37	?	deel51:p63
W:WK1,10,26,31,36,46,50:B5,11,13,17,21,22,38,39,45	1-18	!	deel51:p63
B:W16,24,27,34,35,37,38,39,42:B6,7,9,10,14,17,19,23,29	29x20	?	deel51:p64
W:W27,28,29,33,34,35,36,39,41,43,44,45,49:B2,3,4,11,12,13,14,15,16,19,20,24,25	27-21	!	deel51:p65
W:W22,39,43,44,45,49:BK24,2,3,4,11,12,13,14,15,20,34,35	39x6	!	deel51:p65
W:W25,27,28,32,33,35,36,38,39,40,42,45,48:B3,6,8,9,10,13,14,16,18,19,21,23,24,37	32x41	?	deel51:p66
B:W24,25,29,33,35,36,42,44,48:B2,3,8,12,14,15,26,27,31	31-37	!	deel51:p66
B:W22,24,25,29,33,35,36,44,48:B2,3,8,12,14,15,26	14-20	!	deel51:p66
B:WK3,22,24,29,33,35,36,44,48:B2,8,12,15,26	12-17	!	deel51:p66
B:WK21,22,24,29,33,35,36,44,48:B2,15,26	26x50	!	deel51:p66
W:W23,24,26,29,33,36,39,40,42,43,44,45,47,49,50:B2,4,6,7,8,10,11,12,13,15,17,20,22,25,27	23-18	!	deel51:p69
B:W25,26,28,33,37,41,44,48,50:B12,14,17,18,19,22,27	27-32	?	deel51:p70
B:W25,27,28,30,32,33,35,37,38,39,48:B3,9,14,15,16,18,19,21,23,24,26	3-8	?	deel51:p70
W:W16,25,28,32,35,36,38,40,42,43,48:B7,11,12,14,17,18,19,23,24,29	42-37	?	deel51:p71
W:W17,27,30,35,36,37,48:BK50,10,18	27-22	?	deel51:p71
W:W26,27,28,31,32,35,36,38,42,43,45,48,49:B3,6,8,9,11,12,13,14,15,16,17,19,23,40	45x34	?	deel51:p72
B:W25,27,31,35,36,38,39,40,42,43,49:B3,8,9,12,13,14,15,16,17,19,20	13-18	?	deel51:p73
W:W25,27,31,35,36,38,39,40,42,43,49:B3,8,9,12,14,15,16,17,18,19,20	27-21	!	deel51:p73
B:W26,27,28,32,33,34,35,37,48:B11,12,14,15,16,17,19,23,24	24-30	!	deel51:p75
B:W27,28,32,33,37,38,39,42,44,45,48:B3,8,12,13,14,16,18,19,20,23,26	20-24	?	deel51:p75
W:W25,27,28,30,32,35,36,38,39,40,42,45:B6,8,11,13,14,15,16,18,19,23,24,26	36-31	!	deel51:p76
W:W25,27,28,30,32,35,38,39,40,45:BK48,6,8,11,13,14,15,16,18,19,23,24	28-22	!	deel51:p76
W:W25,27,28,31,32,33,35,38,42,48:B6,8,11,13,14,16,18,19,21,24,34	28-23	!	deel51:p76
B:W25,26,29,31,33,36,38,42,43,44,48,49:B2,3,6,8,12,13,15,17,18,19,22,27	15-20	!	deel51:p76
B:W23,26,29,31,33,36,38,42,43,44,48,49:B2,3,6,8,12,13,17,18,22,27	17-21	!	deel51:p76
W:W21,25,30,33,34,35,37,40,41,42,44,45,46,47:B5,7,8,9,10,12,13,14,15,18,19,24,26,36,43	44-39	?	deel51:p77
W:W21,25,30,33,34,35,37,40,41,42,44,45,46,47:B5,7,8,9,10,12,13,14,15,18,19,24,26,36,43	21-17	!	deel51:p77
W:W25,30,33,34,35,37,40,41,42,44,45,46,47:B5,7,8,9,10,13,14,15,18,19,21,24,26,36,43	37-31	!	deel51:p77
W:W24,25,34,36,37,38,39,42,47,49:B7,12,13,14,15,18,22,23,26,27	49-44	?	deel51:p79
B:W25,27,29,30,31,35,36,38,43,45,47,48,49:B3,4,6,7,13,14,15,16,17,18,19,20,22	19-23	?	deel51:p80
W:W25,27,29,30,31,35,36,38,43,45,47,48,49:B3,4,6,7,13,14,15,16,17,18,20,22,23	30-24	!	deel51:p80
W:W24,30,33,34,36,37,38,39,40,41,42,43,44:B3,6,7,9,13,14,15,16,18,19,22,26,27	33-28	?	deel51:p80
W:W26,30,31,33,36,38,40,41,43,44,45,48,49:B2,3,6,8,11,12,13,15,18,19,20,22,27	30-25	?	deel51:p81
W:W15,24,25,29,37,40,42,47,48:B4,13,14,16,18,21,26,27,31	24-20	?	deel51:p81
B:W15,25,27,28,29,40,42,47,48:B4,16,21,26,36	21x45	!	deel51:p81
B:W22,23,28,30,32,35,37,38,41,42,43,48,49:B2,4,6,7,10,11,12,13,14,16,19,24,26	11-17	?	deel51:p82
W:W16,22,27,33,35:B7,18,25,26,29,34	33x24	?	deel51:p82
B:W16,22,24,27,35:B7,18,25,26,34	25-30	!	deel51:p82
W:W25,27,31,35,36,39,42,48:B12,13,14,16,17,18,22,23,30	35x24	?	deel51:p83
B:W21,27,28,34,36,38:B12,17,18,19,20,24,26	26-31	?	deel51:p84
W:W25,26,34,35,36,38,42,44:B9,14,15,17,22,23,27,28	44-39	?	deel51:p85
B:W25,26,34,35,36,38,39,42:B9,14,15,17,22,23,27,28	14-20	!	deel51:p85
B:W25,27,30,31,32,35,36,38,41,42,43,44,45,46,47,48,49,50:B1,2,3,5,6,7,8,9,10,11,13,14,15,16,18,20,21,23	21-26	?	deel51:p85
W:W25,27,30,31,32,35,36,38,41,42,43,44,45,46,47,48,49,50:B1,2,3,5,6,7,8,9,10,11,13,14,15,16,18,20,23,26	30-24	!	deel51:p85
W:W24,25,27,35,36,38,41,42,43,44,45,46,47,48,49,50:B1,2,3,5,6,7,8,9,10,11,13,14,15,16,18,20,23,28	24-19	!	deel51:p85
W:W27,28,31,32,33,36,37,40:B6,8,14,16,18,19,23,26	27-21	!	deel51:p86
W:W25,31,33,35,37,38,39,40,41,42,43,45,48,49:B2,3,4,6,7,9,12,13,14,15,16,19,23,24,32	37x28	?	deel51:p86
B:W15,16,22,32,33,34,39,44,47:B12,13,18,19,23,25	18x49	!	deel51:p87
W:W16,31,36,44,45,48:B4,7,9,11,12,13,18,24,34,43	48x6	!	deel51:p87
B:W18,24,25,27,30,32,35,43,45,48,49:B3,4,6,7,8,9,13,14,15	13x31	!	deel51:p89
W:W25,26,31,34,35,36,37,38,40,41,42,45,48,49:B2,3,4,6,7,9,11,12,14,17,22,23,24,27	37-32	?	deel51:p91
B:W25,26,31,32,34,35,36,38,40,41,42,45,48,49:B2,3,4,6,7,9,11,12,14,17,22,23,24,27	24-29	!	deel51:p91
B:W23,27,28,29,31,32,34,38,39,40:B9,12,13,14,15,16,17,18,20,25	20-24	?	deel51:p91
W:W27,31,32,38,39,40:B3,9,16,17,24,25	31-26	!	deel51:p91
B:W22,23,32,34,37,39,40,42,43:B3,4,9,12,13,16,21,25,26	21-27	!	deel51:p91
B:W25,30,31,33,35,36,38,39,41,42,43,44,47,48,49:B2,3,4,6,8,11,12,13,14,15,16,17,18,22,23	14-20	!	deel51:p92
B:WK5,30,31,33,35,36,38,39,41,42,43,44,47,48,49:B2,3,6,8,11,12,13,15,16,17,18,22,23	22-27	!	deel51:p92
B:W27,29,32,33,34,35,36,38,39,40,42,43,44,45:B3,8,9,11,13,14,15,16,18,19,20,24,25,26	18-22	?	deel51:p93
W:W27,28,29,33,34,35,38,39,40,41,43,44,45:B3,9,10,11,12,13,14,15,16,17,20,24,25	38-32	?	deel51:p94
W:W6,33,34,37,38,39,40:B15,22,23,24,25,26,27,30	37-32	?	deel51:p94
B:W6,32,33,34,38,39,40:B15,22,23,24,25,26,27,30	27-31	!	deel51:p94
W:W29,31,33,34,35,36,38,39,40,42,43,44,45:B2,3,8,10,11,13,14,15,20,22,24,25,27	33-28	?	deel51:p96
W:W23,26,29,32,33,38,39:B2,3,16,17,21,22,25	23-19	?	deel51:p97
B:W19,26,29,32,33,38,39:B2,3,16,17,21,22,25	22-28	!	deel51:p97
B:W8,19,29,32,38,39:B2,3,25	2x44	!	deel51:p97
W:W22,32,36,38,39,40,42,43,44,45:B2,6,8,10,11,14,15,20,24,30,35	40-34	?	deel51:p99
W:W29,30,31,33,35,36,37,38,39,40,41,42,43,44,45,46,47,48,49:B1,2,3,4,5,7,8,9,10,11,12,13,15,16,19,20,22,24,26	30-25	?	deel51:p100
B:W25,29,31,33,35,36,37,38,39,40,41,42,43,44,45,46,47,48,49:B1,2,3,4,5,7,8,9,10,11,12,13,15,16,19,20,22,24,26	24-30	!	deel51:p100
B:W28,29,32,34,35,36,37,38,39,40,43,48:B3,4,6,8,9,12,13,14,15,21,26,27	27-31	!	deel51:p102
B:WK2,29,32,35,37,42,44,45,46,48:B3,4,5,6,13,16,17,26	4-9	!!	deel51:p107
B:W16,25,26,30,35,38,39,40,42,45,47:B3,7,8,10,12,13,14,22,23,28,29	12-18	?	deel51:p107
W:W16,25,26,30,35,38,39,40,42,45,47:B3,7,8,10,13,14,18,22,23,28,29	39-33	!	deel51:p107
W:W16,25,26,35,38,39,40,42,45,47:B3,7,8,10,12,13,14,20,22,23,28	16-11	!	deel51:p108
W:W16,25,26,35,39,40,45,47:BK48,3,7,8,10,12,13,14,20,22,23	35-30	!	deel51:p108
W:W25,26,35,39,40,45,47:BK48,3,8,10,12,13,14,16,20,22,23	35-30	!!	deel51:p108
W:W25,26,31,33,37,38,39,41,43,47,49,50:B3,4,7,9,10,13,16,17,19,22,27,28,35	33-29	!	deel51:p108
W:W25,26,29,37,38,39,42,43,49,50:BK47,3,4,7,9,10,13,16,17,19,22,28,35	38-33	!	deel51:p108
B:W22,26,27,31,35,36,38,39,40,43,45:B6,8,11,13,14,16,18,19,20,24,29	19-23	?	deel51:p114
W:W26,27,31,35,36,38,39,40,43,45:B6,8,13,14,16,18,20,22,23,24,29	38-33	!	deel51:p114
W:W23,28,31,33,35,37,38,39:B2,6,12,13,14,24,25,26	28-22	?	deel51:p114
W:W27,28,30,31,32,33,35,36,37,38,39,42,44:B1,3,5,8,9,12,13,16,18,19,23,24,26	28-22	?	deel51:p120
B:W26,27,28,32,33,37,39,48,50:B7,9,12,13,14,16,17,18,19	19-24	?	deel51:p120
W:W27,28,32,33,35,37,38,39,40,45,47,48,49:B3,5,6,7,10,12,13,18,19,24,25,26,36	27-22	?	deel51:p120
B:W26,27,30,32,33,34,35,37,40,41,45,47,48:B6,8,11,13,14,15,16,17,18,19,21,23,24	24-29	!?	deel51:p120
B:W23,24,25,29,35,37,38,39,42,47,48:B3,8,9,10,12,14,15,16,22,26,31	9-13	?	deel51:p121
W:W26,27,32,33,37,38,39,40,42,49:B3,6,8,12,16,18,22,24,25,30	27-21	?	deel51:p121
B:W16,25,26,31,36,38,39,40,43,48:B7,11,12,13,14,17,18,23,24,29	17-22	?	deel51:p122
W:W16,25,26,31,36,38,39,40,43,48:B7,11,12,13,14,18,22,23,24,29	40-34	!	deel51:p122
W:W27,28,35,37,38,39,42,45:B4,7,8,12,16,17,24,25,29	27-22	?	deel51:p122
B:W26,27,28,29,32,38,39,40,44:B4,6,7,12,13,14,16,18,19	19-24	!	deel51:p122
W:W25,26,29,32,33,36,38,39,42,44,48:B3,6,11,12,13,14,15,18,20,22,23	32-27	!	deel51:p122
W:W16,28,32,33,35,36,37,38,39:B7,13,17,19,23,24,25,26	36-31	?	deel51:p122
B:W16,28,31,32,33,35,37,38,39:B7,13,17,19,23,24,25,26	17-22	!	deel51:p122
B:W16,17,31,32,33,35,37,38,39:B7,13,19,23,24,25,26	23-28	!	deel51:p122
B:W16,26,29,31,32,33,36,49,50:B1,6,7,9,12,13,14,18,22,30	22-28	?	deel51:p123
W:W16,26,29,31,36,49,50:B1,6,7,9,12,13,14,30,38	49-43	!	deel51:p123
B:W22,23,28,29,30,35,37,39,42,43,44,47:B1,2,8,13,14,15,16,19,20,21,26,36	36-41	!	deel51:p123
B:W26,27,28,31,32,36,37,38,39,40,43,44,46:B3,6,7,11,12,13,14,16,19,23,25,30	23-29	?	deel51:p123
W:W26,27,28,31,32,36,37,38,39,40,43,44,46:B3,6,7,11,12,13,14,16,19,25,29,30	38-33	!	deel51:p123
W:W24,26,27,32,33,39,44:B12,13,14,16,17,21,35	27-22	?	deel51:p123
W:W24,26,27,32,33,39,44:B12,13,14,16,17,21,35	44-40	!	deel51:p123
B:W25,26,27,28,29,31,32,33,35,37,38,39,42,43,46,48,50:B3,4,6,7,8,9,11,13,14,15,16,17,18,19,20,21,24	8-12	?	deel51:p123
B:W26,33,35,47:B1,3,7,8,18	18-23	!	deel51:p124
B:W25,26,27,28,30,31,32,33,35,36,38,40,42,43,45,48,50:B1,3,4,6,8,9,11,13,14,15,16,17,19,21,23,24,29	8-12	?	deel51:p124
W:W25,26,28,32,33,35,36,37,39,41,42,47,48:BK46,9,12,13,14,15,16,17,18,19,20,21,27	36-31	!	deel51:p126
W:W26,34,38:BK31,K49,4,9,12,14,18,20,23,27,30	34x25	!	deel51:p126
W:WK13:B23,29	13-4	!	deel51:p126
W:W21,22,23,28,29,33,37,38,41,42,44,48:B6,7,8,9,10,11,20,24,30,36,45	23-19	!	deel52:p3
W:W19,21,22,28,29,33,37,38,42,44,48:BK47,6,7,8,9,10,11,20,24,30,45	29-23	!	deel52:p3
B:W25,27,28,32,33,35,37,38,39,40,41,42,43,44,45,47,48,49,50:B1,2,3,4,5,7,8,9,10,11,12,13,14,15,16,19,20,21,26	12-18	!	deel52:p10
B:W23,24,28,29,32,34,35,39,42,43,45,47:B3,4,11,12,13,14,15,16,17,20,21,25	14-19	?	deel52:p26
B:W13,25,33,47:B14,21,23	14-19	!	deel52:p27
W:W22,28,30,32,33,35,36,38,40,43,44,45,48:B3,4,6,7,9,10,13,15,16,19,20,24,26	44-39	!	deel52:p28
W:W22,28,30,32,33,35,36,38,39,40,43,45,48:B3,4,6,7,9,10,13,15,16,19,20,24,26	22-18	!	deel52:p28
B:W22,28,30,32,33,35,36,38,39,40,43,45,48:B3,4,6,7,9,10,13,15,16,19,20,24,26	20-25	?	deel52:p28
W:W22,28,30,32,33,35,36,38,39,40,43,45,48:B3,4,6,7,9,10,13,15,16,19,24,25,26	32-27	!	deel52:p28
W:W22,27,28,33,35,36,38,39,43,45,48:B3,4,6,7,9,10,13,16,19,24,26	28-23	!	deel52:p28
B:W22,28,30,32,33,35,36,38,39,40,43,45,48:B3,4,6,7,9,10,13,15,16,19,20,24,26	10-14	?	deel52:p28
W:W22,27,28,30,33,35,36,38,39,40,43,45,48:B3,4,6,9,11,13,14,15,16,19,20,24,26	28-23	!	deel52:p28
W:W28,33,34,35,36,37,38,39,40,44,48:B1,3,6,9,15,17,18,21,24,25,26	28-23	!	deel52:p29
W:W23,29,33,34,35,36,37,38,39,48:B1,6,14,15,20,21,22,24,25,26	35-30	!	deel52:p29
B:W24,30,32,33,36,37,38,39:B3,13,14,15,16,17,18,26	14-20	?	deel52:p33
B:W27,28,31,32,33,35,36,37,38,39,45:B2,8,9,12,13,16,18,19,24,25,26	2-7	?	deel52:p34
W:W27,28,31,32,33,35,36,37,38,39,45:B7,8,9,12,13,16,18,19,24,25,26	27-21	!	deel52:p34
W:W28,29,30,32,33,34,36,37,39,40,45,49:B2,3,4,7,8,9,13,14,15,18,20,26	29-24	!	deel52:p34
B:W23,25,29,33,36,37,38,39,43,47,48,49,50:B3,4,6,8,9,11,12,13,14,18,21,26,35	14-20	?	deel52:p41
B:W23,25,29,33,36,37,38,39,43,47,48,49,50:B3,4,6,8,9,11,12,13,14,18,21,26,35	12-17	?	deel52:p41
W:W12,25,29,33,36,37,38,39,43,47,48,49,50:B3,4,6,8,9,11,13,14,21,22,26,35	33-28	!	deel52:p41
B:W23,25,29,33,36,37,38,39,43,47,48,49,50:B3,4,6,8,9,11,12,13,14,18,21,26,35	4-10	?	deel52:p41
B:W23,25,29,33,36,37,38,39,43,47,48,49,50:B3,4,6,8,9,11,12,13,14,18,21,26,35	11-17	?	deel52:p41
B:W28,31,32,33,38,43,44,45:B7,12,15,18,20,21,24,25	12-17	!	deel52:p41
B:W27,28,32,33,38,43,44,45:B7,15,17,18,20,21,24,25	24-29	!	deel52:p41
B:W27,30,32,33,35,38,42:B13,15,16,18,19,20,21	20-24	?	deel52:p42
W:W27,30,32,33,35,38,42:B13,15,16,18,19,21,24	33-29	!	deel52:p42
B:W22,27,28,30,32,35,38:B15,16,19,21,23,24,29	29-34	!	deel52:p43
B:W22,27,28,32,33,44:B16,19,20,21,23	20-24	!	deel52:p43
B:W26,27,28,29,31,32,33,35,36,37,38,43,45,48:B3,6,8,9,11,12,13,15,16,18,19,20,24,25	24-30	!	deel52:p44
W:W26,27,28,29,31,32,33,36,37,38,43,45,48:B3,6,8,9,11,12,13,15,16,18,20,25,30	29-23	?	deel52:p44
B:W24,26,27,28,31,32,36,37,38,39,45,48:B3,6,8,9,11,12,13,15,16,18,25,35	18-22	!	deel52:p44
W:W26,27,28,38,39,45:B10,12,16,17,18,20,35	38-33	!	deel52:p45
B:W25,33,34,37,38,48,50:B3,13,16,20,21,22,23	20-24	?	deel52:p49
W:W15,26,27,29,34,36,39,43,48,50:B1,4,6,8,13,14,17,18,19,23,28,35	39-33	!	deel52:p63
B:WK3,15,26,36,43,48,50:B1,4,6,13,14,18,19,30,34,35	35-40	!	deel52:p63
B:WK25,15,26,36,43,48,50:B1,4,6,13,18,19,30,34,40	30-35	!	deel52:p63
B:WK39,15,26,36,43,48,50:B1,4,6,13,18,19,35,40	40-44	!	deel52:p63
B:W22,28,32,33,34,35,36,38,39,45,48:B1,6,8,11,13,14,16,19,23,24,25	11-17	!	deel52:p64
W:W27,28,32,33,34,35,37,38,39,42,45:B6,13,14,16,18,19,21,23,24,25,26	28-22	?	deel52:p65
W:W27,28,32,33,35,37,38,39,40,48:B6,9,12,13,14,19,23,24,25,26	48-43	?	deel52:p69
B:W27,28,32,33,34,35,37,38,39,43:B6,9,13,14,18,19,23,24,25,26	14-20	!	deel52:p69
W:W25,26,27,28,30,31,32,33,35,36,38,48:B6,8,12,13,14,15,16,17,19,23,24,29	48-42	?	deel52:p71
W:W25,27,33,35,38,39,48:B8,13,14,15,17,24,26	33-28	!	deel52:p71
W:W25,27,28,38,42,44:B8,15,17,18,19,26	42-37	!	deel52:p72
W:W25,28,32,33,35,36,38,39,48,49:B3,9,14,16,17,18,19,21,24,26	28-23	?	deel52:p73
B:W23,25,36,37,38,44,49:B9,14,16,17,21,22,26	26-31	!	deel52:p73
W:W23,25,33,35,36,37,38,39,44:B9,14,16,17,19,21,22,24,26	35-30	!	deel52:p73
W:W23,25,33,36,37,38,39,44:B9,14,16,17,19,21,22,26,35	36-31	!	deel52:p73
B:W25,31,32,33,37,39,44:B9,14,16,17,21,22,26,28,35	21-27	!	deel52:p73
W:W25,28,33,35,38,39,41,42,49:B3,13,14,16,17,18,19,24,26	38-32	?	deel52:p73
B:W25,28,32,33,35,39,41,42,49:B3,13,14,16,17,18,19,24,26	14-20	!	deel52:p73
W:W25,35,36,38,39,40:B11,14,17,19,23,24	39-33	?	deel52:p74
B:WK26,13,38,46:BK48,2,6,15,16,25	16-21	!	deel52:p77
W:W15,33,35,36,37,38,39,41,47,48,49:B2,4,6,8,13,14,17,18,22,23,27,30	35x24	?	deel52:p96
B:W24,33,38,40,41,42,43,45:B3,6,13,14,15,22,23,25	13-19	!	deel52:p97
W:W24,38,40,41,42,43,45:B3,6,13,14,15,25,29,33	24-20	?	deel52:p97
W:W24,29,38,41,43,47:B6,13,14,15,22,25	29-23	?	deel52:p97
B:W23,24,38,41,43,47:B6,13,14,15,22,25	22-28	!	deel52:p97
B:W24,32,38,41,43,47:B6,13,14,15,25	14-19	!	deel52:p97
W:W27,28,32,33,35,36,38,39,40,42,45,49:B2,3,4,6,9,11,13,17,19,23,25,26	42-37	?	deel52:p98
B:W25,26,27,28,32,33,37,42,45:B7,8,9,12,16,17,18,19,24	17-21	!	deel52:p98
W:W25,27,28,32,33,37,40,42:B8,9,11,16,19,23,24,26	42-38	?	deel52:p99
W:W22,25,32,33,34,37,42:B7,8,9,19,23,24,26	25-20	!	deel52:p99
W:W22,32,33,34,37,42:B7,8,9,15,19,23,26	33-29	!	deel52:p99
B:W10,25,26,39:BK47,19,23,27,32	23-28	!	deel52:p100
B:W25,26,30,33,36,37,38,40,41,42,43,45,47,49:B1,4,6,8,9,11,12,13,14,18,19,20,22,27	20-24	?	deel52:p101
B:W25,28,30,31,32,33,34,35,36,37,38,42,43,44,45,46,47,48:B1,2,3,4,6,7,8,9,10,11,13,14,17,18,19,23,24,26	14-20	!	deel52:p101
W:W30,31,32,35,36,37,38,40,42,43,46,47,48:BK49,1,2,3,6,7,8,13,18,19,22,23,26	32-27	!	deel52:p102
W:W27,30,32,49:BK46,4	27-21	!	deel53:p19
W:W17,49:BK40,4	49-44	!	deel53:p19
W:W25,30,32,38,44:BK47,1,8,9,10	25-20	!	deel53:p20
W:W15,22,31,38,41:BK49,14	38-33	?	deel53:p22
B:W22,24,31,33,41:BK49	49-27	!	deel53:p22
W:W22,28,32,33,34,35,37,38,39,42,43,45:B7,8,9,11,13,16,17,18,19,23,24,25	34-29	!	deel53:p33
W:W22,28,32,33,34,35,37,38,39,42,43,45:B7,8,9,11,12,13,16,17,19,23,24,25	34-30	?	deel53:p33
B:W27,28,39,42,43:B8,13,18,20,45	45-50	?	deel53:p36
B:W15,25,26,27,34,36,39,41,47:B2,4,7,10,11,12,45	45-50	!	deel53:p38
W:W6,36,40,45:B10,18,22,24,26,28	6-1	?	deel53:p40
W:W6,33,36,44,45:B10,18,22,24,26,34	36-31	!	deel53:p40
W:W6,33,44,45:B10,18,22,24,34,37	6-1	!	deel53:p40
W:W20,26,27,30,31,35,43:BK46,6,8,13,16,18	30-24	!	deel53:p41
B:W9,20,26,31,33,35,39,41,43:BK50,6,8,16,30	30-34	?	deel53:p41
B:WK2,23:BK47,12,13,20	12-18	!	deel53:p42
B:W25,27,28,31,32,33,35,38,40,41,42,43,44,45,49:B3,6,8,9,12,13,14,15,16,17,18,19,20,24,29	16-21	!	deel53:p43
W:W7,17,31,33,35,38,40,41,45,49:BK50,3,6,8,9,13,14,15,16,20	7-1	!	deel53:p43
B:WK4,27,31,32,36,37,42,44,45,50:B3,6,7,8,11,12,13,18,23,25,26,33	11-17	?	deel53:p57
W:WK4,27,31,32,36,37,42,44,45,50:B3,6,7,8,12,13,17,18,23,25,26,33	42-38	!	deel53:p57
B:WK4,27,31,32,36,37,42,44,45,50:B3,6,7,8,11,12,13,18,23,25,26,33	11-16	!	deel53:p57
W:WK4,27,31,32,36,37,42,44,45,50:B3,6,7,8,12,13,16,18,23,25,26,33	4-15	?	deel53:p57
W:W25,26,30,34,35,37,38,41,42,43,44,48:B4,6,7,8,9,14,15,16,17,18,19,31	37-32	?	deel53:p57
W:W25,26,30,34,35,37,38,41,42,43,44,48:B4,6,7,8,9,14,15,16,17,18,19,31	41-36	?	deel53:p57
B:W10,16,45:BK29,6,8,19,35	8-13	!	deel53:p58
B:WK4,45:BK29,13,17,19,35	29-7	!	deel53:p58
W:WK2,26,27,32,36,39:BK49,16,21,24,45	26x17	?	deel53:p59
B:WK4,21,35,48:B7,12,13,24,25,39	12-17	!	deel53:p59
W:W21,35,48:B34,44	35-30	!	deel53:p59
B:WK2,K3,25,38,42,43,44:BK47,13,19,24,31	24-30	!	deel53:p60
B:WK10,27,35,38,42,45,48:B1,3,16,17,19,24,25,44	1-7	!	deel53:p64
W:WK3,26,27,31,48:BK50,11,12,17,18,33,38	48-43	!	deel53:p67
W:W23,30,35,43:BK49,3,8,9,10,14,20,25	30-24	!	deel53:p87
W:W21,23,28,43:BK49,8,9,10,11,12,14,16,18,20	28-22	!	deel53:p87
B:WK2,29,33,50:BK28,3,11,14,15,21,32	28x39	!	deel53:p89
W:WK5,30,39:BK20,7,12,13,15,25,27,31	5-32	!	deel53:p90
B:WK2,15,42:BK47,5,13,14	47x20	!	deel53:p90
W:W16,31,32,38,41,42:BK49,1,6,8,12,13,22	32-28	!	deel53:p91
W:W17,18,34,38,43,44:BK47,1,3,7,10,19,20	18-12	!	deel53:p92
W:W12,17,43:BK49,1,3,7,10,19,20	17-11	!	deel53:p92
W:W24,27,28,29,32,34,36,38,39,41,44,48:B1,3,4,7,10,13,16,17,18,19,21,25	27-22	!	deel53:p92
W:W24,28,29,32,34,38,39,44,48:BK47,1,3,4,7,10,13,16,17,19,21,25	29-23	!	deel53:p92
W:WK4,35:B1,6,8,9,14,19,24,30,41	4x20	!!	deel53:p96
W:WK2,35:BK11,1,6,9,14,20,24,25,27,34	2x10	!	deel53:p106
W:WK2:B4,5,20,25	2-13	!	deel53:p108
W:WK2:BK27,6,8,9,10,11,12,24,35,44	2x49	!	deel53:p109
W:W16,17,21,32,35,38,43,44:BK47,1,6,8,9,14,19,26,34	35-30	!	deel53:p110
W:W11,18,19,32,38,50:BK46,20,30,35,40	19-14	!	deel54:p43
W:W14,38,50:BK16,20,30,35,40	14x45	!	deel54:p43
W:W17,18,19,32,38,41,50:B20,30,35,37,40	17-11	!	deel54:p43
W:W23,26,29,30,32,38,40,41,44:B4,9,11,12,13,14,16,18,36	29-24	!	deel54:p44
W:W21,24,31,32,39,42,43:BK50,14,22,23	31-26	!	deel54:p45
B:W16,25,31,32,34,38,41,42,50:B1,6,8,12,13,17,18,19,20	17-22	?	deel54:p46
W:W18,19,33,38,41,50:B7,17,27,36,45	50-44	!	deel54:p48
B:W16,23,26,27,34,37,39,43,44,46,48:B3,6,8,14,15,20,25,30,45	45-50	?	deel54:p49
B:W16,21,28,34,37,38,42,43,44,47:B7,8,9,10,14,19,20,25,35,36	19-23	?	deel54:p49
W:W16,21,34,37,38,42,43,44,47:B7,8,9,10,20,23,25,35,36	47-41	!	deel54:p49
B:W16,23,26,29,34,37,38,41,42,43,44:B7,8,9,10,12,14,20,25,31,35	31-36	?	deel54:p49
B:W15,18,19,33,38,41,50:B5,8,11,17,27,30,31,45	31-36	?	deel54:p50
B:W15,18,19,33,38,41,45,50:B5,8,11,17,27,30,31,34	31-36	?	deel54:p50
W:W15,18,19,33,38,41,45,50:B5,8,11,17,27,30,34,36	50-44	!	deel54:p50
W:WK3:BK50,11,14,30,45	3x6	!	deel54:p50
W:W16,18,19,23,33,38,41,50:B6,7,9,10,14,17,20,27,36,45	50-44	!	deel54:p50
W:WK1:BK50,9,10,17,20,23,45	1x6	!	deel54:p50
W:W20,25,27,31,41,42,43,49:B7,17,23,24,29,34,40	43-38	!	deel54:p50
W:W15,32,38,40,41,43,44,45,50:B5,7,8,17,19,20,21,24,36	43-39	!	deel54:p51
B:W15,21,22,34,37,38,40,41,43,44,47:B1,6,8,9,13,19,23,24,35,36,45	9-14	?	deel54:p52
W:W15,21,22,34,37,38,40,41,43,44,47:B1,6,8,13,14,19,23,24,35,36,45	47-42	!	deel54:p52
B:W15,21,22,34,37,38,40,41,43,44,47:B1,6,8,9,13,19,23,24,35,36,45	45-50	?	deel54:p52
B:W15,18,19,28,33,44,46,49:B5,8,9,17,26,27,37,41	41-47	?	deel54:p52
B:W19,25,28,32,34,37,38,44,47,48:B1,5,6,7,8,9,10,12,17,21	12-18	?	deel54:p53
W:W6,17,25,31,35,41,42,43,44,49,50:B4,7,8,9,14,18,20,23,29,32,33,34,40,45	43-38	!	deel54:p53
B:W6,17,25,26,31,35,41,42,44,49,50:B4,7,8,9,14,20,23,29,33,34,39,40,45	39-43	?	deel54:p53
W:W19,28,35,39,43:BK48,K49,3,5,7,9,17,18,20,25	19-14	!!	deel54:p53
B:W26,34,35,38,39,43,44,47,48:B3,9,14,17,19,20,25,31,37	31-36	?	deel54:p54
W:W24,33,34,38,43,44,46,48:BK47,12,13,22,25	24-20	!	deel54:p54
W:W33,34,38,43,44,46,48:BK47,12,13,14,22	33-28	!	deel54:p54
W:W20,24,25,31,38,41:BK49,9,15,35	20-14	!	deel54:p54
W:WK2,6:BK7,1,35	2x16	?	deel54:p55
B:W17,27,32,34,39,40,42:B1,6,9,10,20,25,26,45	45-50	?	deel54:p55
W:W17,27,32,34,39,40,42:BK50,1,6,9,10,20,25,26	27-21	!	deel54:p55
W:W17,21,34,40:BK48,1,6,9,10,20,25,26	17-12	!	deel54:p55
B:W17,21,27,34,39,42,44:B1,8,19,25,26,45	45-50	?	deel54:p55
B:W16,27,30,31,32,39,42,43:B8,17,18,22,29,45	45-50	?	deel54:p56
W:W16,26,27,30,43:BK48,8,17,18,22,29	26-21	!	deel54:p56
W:W32,39,42,43,44:BK50,29,30,34	44-40	!	deel54:p56
W:W34,36,38,42,43,44:BK47,11,27,28,32	42-37	!	deel54:p56
W:W30,32,37,38,44:BK46,21,22,27	37-31	!	deel54:p56
B:W13,17,19,22,23,24,27,35,42,43,47,49:B2,4,7,8,10,15,25,36,45	45-50	?	deel54:p56
W:WK3,44:B32,34	3-20	?	deel54:p57
W:W21,24,30,32,33,34,35,39,42,44:BK50,1,6,8,10,13,19,23,25,27	44-40	!	deel54:p57
W:W17,21,27,31,35,37,38,39,40,41,42:B1,6,8,11,13,14,18,19,24,25	27-22	!	deel54:p57
W:W35:BK30,1,6,8,19,25	35x2	!	deel54:p57
W:W17,26,27,31,33,35,37,38,40,41,47:B1,6,8,11,13,14,18,19,24,25	27-22	!	deel54:p57
W:W17,26,33,35,37,38,40,41,47:B1,6,8,11,13,14,19,24,25,36	26-21	!	deel54:p57
W:W21,22,31,35,37,40,41,42,43:B1,6,8,13,14,18,19,24,25,33	43-38	!	deel54:p58
W:W16,17,21,27,31,32,34,37,40,42,44,45,48:B1,6,8,9,10,12,13,20,25,30,36	40-35	!	deel54:p58
W:W16,17,21,27,31,32,35,37,42,45,48:BK50,1,6,8,9,10,12,13,20,25,36	45-40	!	deel54:p58
W:W18,21,35,37,40,48:BK47,1,6,8,9,10,20,25	48-42	!	deel54:p58
B:W16,17,21,27,31,32,35,37,42,45,48:B1,6,8,9,10,12,13,20,25,36,44	44-50	?	deel54:p58
W:W16,17,21,23,28,32,35,37,38,42,46,50:B1,6,8,9,10,12,20,24,25,34,36,39	46-41	!	deel54:p58
W:W16,17,21,28,32,35,37,38,42,50:BK47,1,6,8,9,10,12,13,20,25,34,39	50-44	!	deel54:p58
W:W16,17,21,28,32,35,37,38,42:BK47,K50,1,6,8,9,10,12,13,20,25,34	28-23	!	deel54:p58
W:W35:BK30,1,6,8,9,10,20,25	35x2	!	deel54:p59
W:W17,27,32,33,34,37,38,40,41,47:B1,6,8,11,13,14,18,19,24,25,36	27-22	!	deel54:p59
W:W21,33,34,37,38,40,41,47:B1,6,8,13,14,19,22,24,25,36	47-42	!	deel54:p59
W:W18,21,22,28,35,37,38,39,40,41,42,43:B1,4,6,8,11,14,19,24,25,30,36	40-34	!	deel54:p59
W:W18,21,22,28,34,35,37,38,39,42,43:BK47,1,4,6,8,11,14,19,24,25,30	22-17	!	deel54:p59
W:W16,34,37:BK26,7,8,9,10,20,25	16-11	!	deel54:p60
W:W21,22,27,28,32,35,37,38,41,42,45:BK50,1,6,8,11,13,14,19,24,25	22-17	!	deel54:p60
W:W17,21,22,31,33,35,37,38,42,44,45,46:B1,6,8,11,13,14,18,19,24,25,29	46-41	!	deel54:p60
W:W21,27,30,31,35,37,38,40,41,42:B1,6,8,9,10,18,23,25,29,33	27-22	!	deel54:p60
W:W21,27,30,31,35,37,38,40,42,47:B1,6,8,9,10,18,20,23,29,33	47-41	?!	deel54:p60
B:W21,27,30,31,35,37,38,40,41,42:B1,6,8,9,10,18,20,23,29,33	20-25	?	deel54:p60
W:W24,26,27,35,36,37,38,40,41,42:B1,6,8,9,10,18,23,25,29,33	27-22	!	deel54:p61
W:W21,24,27,31,35,37,38,41,42,44:B1,6,8,9,10,18,23,25,29,33	27-22	!	deel54:p61
W:W16,21,25,28,37,39,48:BK47,6,7,13,18,24,29,35	48-42	!	deel54:p61
W:W21,22,23,28,33,37,38,42,44,48:BK47,6,7,8,9,10,11,13,20,30,45	44-40	!	deel54:p61
W:W37,40,48:BK26,6,7,8,9,10,20,30	40-35	!	deel54:p61
W:W21,22,23,28,33,37,38,41,42,48,50:B6,7,8,9,10,11,13,20,30,36,45	50-44	!	deel54:p61
W:W21,23,28,32,35,37,38,39,41,47,50:B1,6,8,9,10,20,25,36,44,45	47-42	!	deel54:p62
W:W21,23,32,35,37,38,41,42,50:B1,6,8,9,10,20,22,25,36,45	50-44	!	deel54:p62
W:W16,21,29,32,34,37,38,39,41,42,43,49:B7,8,9,10,14,20,22,25,35,36	29-23	!	deel54:p63
B:W17,21,32,35,37,40,42,43,45,47:B6,7,8,13,14,19,24,25,29,36	7-11	?	deel54:p63
W:W21,28,31,35,37,38,39,41,42,50:BK49,7,8,9,13,15,19,24,29	35-30	!	deel54:p63
W:W21,28,30,37,39,42,50:BK47,7,8,9,13,15,19,24,29	30-25	!	deel54:p63
W:W16,21,23,29,33,34,37,38,41,42:B7,8,9,10,12,13,20,25,36	23-19	!	deel54:p64
W:W21,24,27,31,32,37,39,42,45,48:B5,7,8,9,10,15,30,35,36	27-22	!	deel54:p65
W:W24,37,39,45:BK26,5,7,8,9,10,15,30,35	39-34	!	deel54:p65
W:W21,22,24,27,30,33,37,42,48:B6,9,12,13,15,16,29,40	30-25	!	deel54:p65
W:W21,22,24,25,27,37,48:BK47,6,9,12,13,15,16,40	48-42	!	deel54:p65
W:W24,25,27,37:BK26,7,13,15,16,18,19,35	37-31	!	deel54:p66
W:W21,22,24,27,30,37,42,43,48,49:B7,13,15,16,18,19,35,40	49-44	!	deel54:p66
W:W21,22,34,37,38,39,41,44,47:B9,10,19,24,25,35,36	47-42	!	deel54:p66
W:W20,34,37:BK26,9,10,19,25	20-15	!	deel54:p66
W:W21,25,28,37,39,40,46,48,49:B2,4,7,8,9,13,19,36,38	39-33	!	deel54:p66
W:W16,21,22,34,41,42,48:B7,8,9,10,20,25,36	42-37	!	deel54:p83
W:W16,21,22,34,37,48:BK47,7,8,9,10,20,25	48-42	!	deel54:p83
W:W11:BK30,7,8,9,10,20,25	11x35	!	deel54:p83
B:WK36,16,32:BK49,15,26	49x21	!	deel54:p84
B:W11,17,25,32,44:B9,15,19,26,29	26-31	?	deel54:p84
W:W7,25,44:B4,33	7-2	!	deel54:p84
W:WK24,25,44:B4,43	24-30	!	deel54:p84
B:W17,18,19,33,40,44,45:B7,8,9,20,30,35,42	42-47	?	deel54:p84
W:W17,29,35,38,41,43,44:B2,3,7,8,9,18,36	35-30	!	deel54:p84
W:W12,24,31,38,41,46:BK49,5,11,13,14,21,22	12-7	!	deel54:p85
W:W18,19,33,44,45,46,47:B7,17,27,35,36,37	47-41	!	deel54:p85
W:W18,19,33,44,45,46:BK47,7,17,27,35,37	46-41	!	deel54:p85
W:W20,30,33,38,41,43,44:B4,8,9,10,13,19,36	33-28	!	deel54:p85
W:W15,35,37,38,41,42,44:B7,8,17,19,23,28,40	37-31	!	deel54:p85
B:W20,26,28,30,34,42,44:B9,13,17,18,19,27,43	43-49	?	deel54:p85
B:W21,24,26,32,39,43,48:B4,14,15,22,23,45	45-50	?	deel54:p86
B:W16,28,32,34,39,42,43:B9,10,17,18,20,25,45	45-50	?	deel54:p87
W:W22,28,31,33,38,41,44:B6,7,9,11,16,19,39	22-18	!	deel54:p87
W:W18,28,31,33,38,41:BK50,6,7,9,11,16,19	28-23	!	deel54:p87
W:W18,28,31,33,41,42,44:B7,8,9,19,30,35,39	42-38	!	deel54:p87
W:W18,28,31,33,38,41:BK50,7,8,9,19,30,35	28-23	!	deel54:p87
B:W17,18,27,28,33,38,41:B8,9,16,19,20,35,45	45-50	?	deel54:p88
W:W17,18,27,28,33,38,41:BK50,8,9,16,19,20,35	17-11	!	deel54:p88
W:W18,27,28,33,38,41:BK50,7,8,9,19,20,35	28-23	!	deel54:p88
W:W6,15,34,41,42,43,44:B5,12,13,24,27,35,36	42-38	!	deel54:p88
W:W6,15,34,38,43,44:BK47,5,12,13,24,27,35	15-10	!	deel54:p88
B:W20,29,30,38,43,44,47:B3,12,19,21,27,31,36	3-9	?	deel54:p89
B:W28,32,34,38,43,44,47:B10,18,19,20,21,27,31	31-36	?	deel54:p89
B:W21,22,34,40,41,42,48:B1,6,8,19,25,31	31-36	?	deel54:p89
W:W21,22,34,38,40,48:BK47,1,6,8,19,25	40-35	!	deel54:p89
B:W21,33,34,40,41,42,48:B1,6,8,19,22,25,31	31-36	?	deel54:p89
W:WK2,32,33,34,42,46,48:B9,13,14,15,16,41	2x10	!	deel54:p90
B:W11,16,26,28,38,39,50:B2,9,10,13,20,25,45	2-7	!	deel54:p90
W:W17,27,41,42,43,48,50:B2,9,10,13,16,20,35	27-21	!	deel54:p91
B:W11,41,42,43,48,50:B2,9,10,13,20,27,35	2-7	!	deel54:p91
W:W41,42,43,48,50:B9,15,24,27	42-37	!	deel54:p91
B:WK2,41,42,43,48,50:B9,10,13,20,27,35	27-31	!	deel54:p91
W:W20,30,31,38,41,42:BK49,7,8,17,19,23,28	20-15	!	deel54:p91
W:W21,28,35,37,40,48:BK47,1,8,9,10,20,25	48-42	!	deel54:p92
W:W25,30,31,33,41,44,48:B2,7,8,13,15,18,23,45	33-28	!	deel54:p105
B:W25,31,39,41,48:B2,7,8,13,15,18,32	32-38	!	deel54:p105
B:W6,17,27,28,35,39,40,42:B8,14,15,16,18,19,20,25,41	41-46	?	deel54:p106
W:W6,17,27,28,35,39,40,42:BK46,8,14,15,16,18,19,20,25	17-11	!	deel54:p106
W:WK1,27,35,39,42:BK45,7,8,14,15,18,19,20,25	1x34	!	deel54:p106
B:W15,29,33,36,38,41:B1,6,8,19,25,45	45-50	?	deel54:p107
W:W25,30,31,33,35,41,49:B7,9,13,15,18,19,45	49-44	!	deel54:p107
B:W25,30,31,33,35,41,44:B7,9,13,15,18,19,45	45-50	?	deel54:p107
W:W15,30,33,37,38,41:BK49,7,8,9,17,18,19	37-31	!	deel54:p108
W:W24,25,29,34,36,46:B7,8,9,15,42	46-41	!	deel54:p108
W:W20,31,38,39,41,46,50:B5,7,8,17,19,28,40	50-44	!	deel54:p110
W:WK16,25,30:B37	25-20	!	deel54:p120
B:W15,28,31,32,38,41,43,44,45,48:B1,4,6,8,13,19,21,23,25	4-10	!	deel54:p125
B:WK4,28,31,32,38,41,43,44,45,48:B1,6,8,13,19,21,23,25	21-27	!	deel54:p125
W:WK4,28,31,32,38,41,43,44,45,48:B1,6,8,13,19,23,25,27	4x34	!!	deel54:p125
W:WK34,32,40,43,44,48:BK17,1,6,8,19,25	48-42	!	deel54:p125
W:WK3,31,43:B8,26	3x21	!	deel54:p136
W:WK21,43:B37	21-32	!	deel54:p136
W:WK3,31,43:B8,26	3x12	!	deel54:p136
B:WK1,15,29,33:BK34,5,8,14,30,35	34x12	!	deel54:p139
B:WK3,26,32,43:B2,8,11,16,17,21	21-27	!	deel54:p141
W:WK3,26,32,43:B2,8,11,16,17,27	3x21	!	deel54:p141
W:WK21,26:BK49,2,11,16	21-27	!	deel54:p141
W:W6,15,17,22,26,27,31,34,38,40,43,44,46,49,50:BK47,1,3,7,8,9,13,14,18,19,20,23,24,35,45	34-29	!	deel54:p156
B:WK4,6,27:BK36,1,7,12,14,30,37	36x9	!	deel54:p156
W:WK45,6:B1,18,39	45x7	!	deel54:p156
W:W18,22,23,26,27,28,33,37,38,41,42,48,49:B6,7,8,9,10,11,12,13,20,30,34,36	22-17	!	deel54:p158
W:W16,26,33,34,37,38,39,41,42,43,44:B7,8,9,10,14,20,23,24,25,35,36	26-21	!	deel54:p158
W:W22,26,31,34,35,37,39,40,41,44,48,49:B8,10,13,14,20,23,25,27,29,38,45	26-21	!	deel54:p159
W:W16,23,26,29,34,37,38,39,41,42,44:B7,8,9,10,12,14,20,25,35,36	26-21	!	deel54:p159
W:W11,15,21,22,33,34,37,38,41,47:B4,6,8,12,13,19,20,23,24,25,36	11-7	!	deel54:p159
W:W15,20,32,38,40,41,42,44,45,48:B5,9,14,16,21,23,25,29,34,35,36	44-39	!	deel54:p160
W:WK3,45:B16,33	3-20	!	deel54:p160
W:W16,21,33,34,35,37,38,40,41,42,43:B7,8,9,10,12,20,23,24,25,36	35-30	!	deel54:p160
W:W21,26,32,35,37,38,40,41,42,45:B1,6,8,11,13,14,19,24,25,29,36	21-17	!	deel54:p160
W:W17,26,32,35,37,38,40,42,45:BK47,1,6,8,11,13,14,19,24,25,29	26-21	!	deel54:p160
W:W15,21,22,31,37,38,41,42,45:BK49,7,8,13,14,19,23,24,34	45-40	!	deel54:p162
W:W21,28,31,35,37,38,39,41,42:BK49,7,8,9,10,13,19,24,29	35-30	!	deel54:p162
W:W21,28,30,37,39,42:BK47,7,8,9,10,13,19,24,29	30-25	!	deel54:p162
W:W26,32,34,35,37,38,39,41,42,43:B8,13,14,19,22,24,25,30,36	26-21	!	deel54:p162
W:W17,21,31,35,37,38,41,42,43,44:B1,6,8,18,19,25,29,33,40	43-39	!	deel54:p162
W:W17,21,28,35,37,42:BK47,1,6,8,18,19,25,29	17-12	!	deel54:p162
W:W12,35,37:BK26,1,6,8,18,19,25,29	12x34	!	deel54:p162
W:W16,21,37,38,39,41,42,43,44:B7,8,9,10,20,23,25,35,36	39-34	!	deel54:p163
W:W21,25,31,35,37,38,39,41,42:BK49,2,12,13,18,22,24,29	35-30	!	deel54:p163
W:W21,22,28,29,32,37,39,42,48:B7,8,9,13,15,18,30,35	29-24	!	deel54:p163
W:W21,24,28,37,39,48:BK47,7,8,9,13,15,30,35	48-42	!	deel54:p163
W:W24,37,39:BK26,7,8,9,13,15,30,35	39-34	!	deel54:p163
W:W19,21,24,28,37,39,48,49:BK47,2,4,8,9,10,13,18	48-42	!	deel54:p163
W:W19,24,37,39,49:BK26,2,4,8,9,10,13,18	19-14	!	deel54:p163
W:W21,22,24,25,27,37,48:BK47,10,11,12,13,15,16,19	48-42	!	deel54:p163
W:W24,25,27,37:BK26,10,11,12,13,15,16,19	27-21	!	deel54:p163
W:W16,26,33,34,37,38,41,42:B7,8,19,23,24,25,36	26-21	!	deel54:p163
W:W16,34,37:BK26,7,8,19,25	16-11	!	deel54:p163
W:W22,26,34,37,38,39,41,42,44:B9,10,19,24,25,35,36	26-21	!	deel54:p164
W:W21,25,28,29,37,47,48:B3,7,8,15,18,19,36	47-41	!	deel54:p164
W:W15,21,22,23,37,38,39,40,42,43:BK47,3,4,5,11,12,13,35	15-10	!	deel54:p165
W:W34,39,40,42,43,45,47,48,49:B2,4,6,7,8,9,10,13,15,18,19,20,21,25,26,29	34x1	!	deel55:p6
W:W24,26,28,29,33,34,36,38,39,40,41,42,43,45,47,48,49:B2,4,6,7,8,9,10,12,13,15,17,18,19,20,22,25,27	34-30	!	deel55:p7
B:WK5,26,36,38,39,41,42,43,47,48,49:B2,4,6,7,8,9,12,13,15,17,22,27,32	27-31	!	deel55:p7
W:W23,24,27,29,34,35,36,37,38,39,40,43,45,47,49:B2,4,6,8,10,12,13,14,15,16,17,18,20,25,26	23-19	!	deel55:p7
W:W24,27,29,34,35,36,38,39,40,43,45,47,49:B2,4,6,8,10,12,13,15,16,17,18,20,23,25,37	38-32	!	deel55:p7
W:W22,25,27,32,35,36,37,38,39,40,42,43,45:B3,5,8,11,12,13,14,15,16,21,23,26,29	39-33	?	deel55:p8
B:W22,25,27,32,33,35,36,37,38,40,42,43,45:B3,5,8,11,12,13,14,15,16,21,23,26,29	23-28	!	deel55:p8
W:W24,29,31,33,36,37,38,39,40,50:B8,9,13,15,17,18,20,22,25,26,27	29-23	!	deel55:p17
W:W24,31,33,36,37,38,39,50:B8,9,13,15,17,20,22,25,26,27,40	37-32	!	deel55:p17
W:W33,36,38,39,45:B8,9,13,15,17,22,25,27,28,29,40	45x14	!	deel55:p17
W:W20,35,36,40,42,48:B4,8,9,11,12,16,18,28,29,39,43	42-38	!	deel55:p17
W:W25,27,28,30,31,34,35,37,41,43,44,46,47,49,50:B4,5,8,9,10,11,12,13,14,15,17,18,19,24,26	28-22	!	deel55:p17
W:W27,28,31,32,33,35,36,37,39,40,42,45,46,48:B2,3,7,11,13,15,16,18,19,21,24,25,26,29	46-41	!	deel55:p19
W:W27,28,31,32,35,36,37,40,41,45,48:BK29,2,3,7,11,13,15,16,18,19,21,24,25,26	35-30	!!	deel55:p19
W:W22,28,32,34,35,36,37,38,40,42,45,48,49:B3,5,6,8,9,10,16,19,20,21,23,24,26	22-18	!	deel55:p19
B:W17,26,27,30,32,33,35,38,39,42,45,48:B1,3,6,9,13,14,15,16,18,19,23,24	23-28	!	deel55:p23
W:W25,28,30,32,35,38,39,42,43:B13,14,15,17,19,20,23,24,31	32-27	!	deel55:p23
W:W26,31,33,34,35,36,37,38,39,44,49,50:B3,4,9,10,11,12,17,19,22,23,24,27	35-30	!	deel55:p25
W:W12,26,31,34,36,39,44,49,50:B3,4,9,10,11,18,22,23,35,42	49-43	!	deel55:p25
W:W26,28,29,31,32,33,35,36,38,40,45,48,49,50:B3,4,6,7,8,11,13,15,17,18,19,20,22,25	26-21	!	deel55:p26
B:W22,27,28,32,34,35,37,38,40,41,42,43,44,45,47,49:B2,3,6,7,8,9,10,11,13,14,15,19,20,21,23,26	11-17	!	deel55:p26
B:W16,22,28,32,34,35,37,38,40,41,42,43,44,45,47,49:B2,3,6,7,8,9,10,13,14,15,17,19,20,23,26	26-31	!	deel55:p26
B:W16,22,26,28,32,34,35,38,40,41,42,43,44,45,47,49:B2,3,6,7,8,9,10,13,14,15,17,19,20,23	19-24	!	deel55:p26
B:W23,24,26,29,31,32,34,36,38,39,40,41,42,43,45,47,49:B2,4,6,8,10,11,12,14,15,16,17,18,20,21,22,25,27	14-19	!	deel55:p28
W:W27,30,32,36,37,40,42,46:BK48,6,11,16,21,26	30-25	!	deel55:p29
B:W27,28,33,35,36,37,38,39,42:B8,12,13,14,16,24,26,29,30	26-31	!	deel55:p29
B:W24,28,29,36,37,38,39,40,42,45,48,50:B2,3,4,7,8,9,12,14,15,17,18,26	15-20	!	deel55:p29
W:W16,28,32,33,34,35,37,38,39,45,48:B2,6,7,8,9,13,19,21,23,24,25,27	33-29	!	deel55:p30
B:W23,25,26,31,33,34,36,39,43:B4,9,12,14,15,17,22,27,32	17-21	!	deel55:p34
B:W23,25,31,33,34,36,37,39,43:B4,9,12,14,15,27	12-18	!	deel55:p34
B:W25,26,27,28,30,32,33,35,37,38:B6,12,14,15,16,17,19,23,24,29	6-11	!	deel55:p35
B:W16,25,26,28,30,32,33,35,37,38:B14,15,17,19,23,24,27,29	14-20	!	deel55:p35
W:W27,28,30,32,35,36,37,38,39,43:B12,13,16,17,18,19,21,23,24,25	38-33	?	deel55:p37
W:W27,28,30,32,35,36,37,38,39,43:B12,13,16,17,18,19,21,23,24,25	39-34	!	deel55:p37
W:W27,28,30,32,34,35,36,37,38,43:B12,13,16,17,18,19,21,23,25,29	36-31	!	deel55:p37
B:W7,25,28,30,35,40:B3,9,14,15,19,24,27	14-20	?	deel55:p38
W:W17,26,27,28,30,32,35,36:B6,8,13,16,19,20,23,24	17-12	!	deel55:p38
W:W22,23,27,29,32,37,50:B9,12,13,16,18,21,40	32-28	!	deel55:p41
W:W22,25,28,31,32,35,36,37,38,40:B9,11,12,14,16,19,20,23,24,26,29	22-18	!	deel55:p41
B:W18,25,28,31,32,35,36,37,38,40:B9,11,12,14,16,19,20,23,24,26,29	29-33	?	deel55:p41
W:W18,25,28,31,32,35,36,37,38,40:B9,11,12,14,16,19,20,23,24,26,33	18x7	?	deel55:p41
W:W28,31,32,33,34,39,40,42:B13,14,16,19,21,23,25,30	31-26	!!	deel55:p45
W:W26,28,33,34,39,40,42:B13,14,19,23,25,27,30	33-29	!	deel55:p45
W:W26,29,34,39,40,42:B13,14,19,25,27,30,32	40-35	!!	deel55:p45
W:W16,31,32,33,35,37,38,40,45:B6,12,15,20,22,23,24,25,26	33-29	!	deel55:p45
W:W22,28,32,36,37,38,39,40,42,47,48,49,50:B6,7,8,9,11,13,14,15,16,19,23,27,29	32x21	!!	deel55:p53
B:W16,28,33,34,36,37,38,39,42,43,44,45,47,48:B2,6,7,8,12,13,15,17,18,19,20,24,25,26	17-21	!	deel55:p53
B:W25,30,31,32,33,36,37,38,39,40,42,43,44,45,46,47,48,49:B2,3,4,5,6,7,8,9,11,12,14,15,16,17,18,19,20,21	20-24	!	deel55:p54
W:W25,27,28,30,32,33,34,35,36,38,42,43:B6,8,11,12,13,14,15,16,17,19,23,24	25-20	!!	deel55:p55
B:W22,25,26,28,32,35,37,38,39,40,43,45:B1,3,4,7,10,11,12,13,15,19,23,29	15-20	!	deel55:p55
B:WK5,22,26,28,32,35,37,38,39,40,43,45:B1,3,4,7,11,12,13,19,23,29	29-33	!	deel55:p55
B:W17,21,27,32,33,37,38,39,40,41,44:B1,2,8,12,14,16,19,24,29,35	29-34	!	deel55:p56
W:W24,26,27,29,32,34,35,36,38,41,43,44,46,47,48,49,50:B2,3,4,6,7,8,10,12,13,15,16,17,18,19,21,23,25	41-37	!	deel55:p57
W:W23,24,27,29,32,33,34,37,38,39,43:B2,6,8,11,12,13,14,15,20,25,26	23-19	!	deel55:p59
B:W25,29,30,32,34,35,36,37,42,43,47,48:B2,3,4,6,9,10,11,12,14,16,17,26,28	17-22	!	deel55:p59
W:W24,26,33,34,36,37,39,40,41,42,43,45,46,47,49:B2,4,6,7,8,9,10,11,13,15,16,17,19,23,25	36-31	!	deel55:p60
B:W24,28,29,30,31,33,34,37,38,39,44:B2,3,12,13,15,17,18,20,22,25,26	22-27	!	deel55:p62
B:W13,16,25,26,30,32,35,37,38,39,44,45:B1,7,11,12,14,17,20,24,36	36-41	!	deel55:p63
W:W26,31,32,35,36,38,39,40,42,43,44,45:B2,4,6,7,8,10,11,12,13,14,17,18,19,24,34	40x9	?	deel55:p63
B:W15,26,27,30,32,33,34,36,42:B7,9,10,12,13,16,17,18,19	7-11	!	deel55:p63
W:W20,27,30,32,33,34,36,42:B7,9,10,12,13,16,18,19,26	20-15	?	deel55:p63
W:W27,28,30,32,34,35,36,37,38,39,42,47,48:B3,9,11,12,13,16,18,19,20,21,23,24,26	37-31	!	deel55:p70
W:W36,41,44,47,48:B3,9,11,12,13,16,24,34,43	48x6	!	deel55:p70
W:W16,24,29,32,33,34,35:B7,14,15,18,20,22,25	24-19	!	deel55:p72
W:W15,24,29,34,37,38,39,41,42,47:B4,13,14,16,18,23,26,28,31,36	24-20	!	deel55:p75
W:W15,29,34,37,38,39,41,42,47:B4,13,16,18,23,25,26,28,31,36	15-10	!	deel55:p75
B:W23,24,25,29,33,34,36,37,38,41,43,44:B4,6,9,11,12,13,14,15,18,21,26,27	13-19	!	deel55:p76
B:W25,32,33,34,35,38,41,42,43,45,47:B2,8,12,13,14,16,18,22,23,24,36	22-27	?	deel55:p76
W:W24,25,26,33,36,38,39,41,48,49:B6,10,12,13,14,15,17,22,27,28	38-32	!	deel55:p77
B:W15,23,24,25,26,31,36:BK49,4,13,14,17,21	17-22	!	deel55:p78
B:W15,23,24,25,28,31,36:BK49,4,13,14	13-18	!	deel55:p78
B:W12,15,24,25,28,31,36:BK49,4,14	49-35	!	deel55:p78
W:W25,29,31,33,34,36,40,43,45,47,48:B6,7,9,13,14,15,16,18,20,23,24,32	34-30	!	deel55:p81
W:W16,25,27,28,35,38,39,42,43,44:B8,12,13,14,15,18,19,21,24,29	27-22	?	deel55:p85
B:W22,25,31,33,36,37,39,40,41,42,44,46,48:B4,6,8,9,10,13,15,16,18,26,27	15-20	!	deel55:p86
W:W26,30,31,32,33,35,36,43,45:B13,16,17,18,19,20,21,23,24	43-39	!	deel55:p89
W:W23,45,49:B13,16,32,35,43	49x27	!	deel55:p89
B:W26,27,29,30,34,35,36,37,38,39,40,41,42,43,44,45,46,47,48,49:B2,3,4,5,6,7,8,9,10,11,12,13,14,15,16,17,18,20,23,28	14-19	?	deel55:p89
B:W26,28,29,33,34,35,37,38,39,40,44,45:B2,3,8,9,10,13,15,16,18,20,21,24	20-25	!	deel55:p90
B:W13,23,27,29,32,36,40,42,43,44,45,47:B2,6,8,14,16	8x50	!	deel55:p90
W:W24,26,28,30,32,35,38,48:B4,9,13,14,16,17,18,19	26-21	!	deel55:p90
W:W25,27,28,31,32,33,35,36,38,39,40,46,48:B6,7,8,10,11,12,13,14,15,16,17,18,19	27-22	!	deel55:p91
W:W25,28,33,35,36,38,39,40,48:BK46,6,7,8,10,11,12,13,14,15,16,19	25-20	!	deel55:p91
B:W24,25,26,29,31,33,36,39,42,43,47,49:B6,11,12,13,14,15,16,17,18,21,22,28	14-20	!	deel55:p91
W:W28,29,33,35,36,37,38,39,40,41,43,45,48,49:B2,6,8,9,11,12,13,14,15,18,19,20,21,24	29-23	!	deel55:p92
W:W24,41,43,45,48,49:B2,6,8,9,14,15,19,20,33	24x4	!	deel55:p92
W:W29,34,35,38,40,45:BK47,9,10,11,18,20,22,23,25	34-30	!	deel55:p93
W:W25,26,27,28,30,31,32,33,35,37,38,41:B3,6,11,12,13,14,16,17,19,21,24,29	28-23	?	deel55:p93
W:W25,26,27,28,30,31,32,33,35,37,38,41:B3,6,11,12,13,14,16,17,19,21,24,29	25-20	!	deel55:p93
W:W25,31,32,33,36,38,39,40,45:B10,13,14,15,16,18,21,22,24	31-26	!	deel55:p93
B:W21,27,31,33,34,38,39,43,47:B1,11,13,16,18,22,25,30,36	22-28	!	deel55:p94
B:W14,16,22,23,31,34,38,39,44,45,47:B1,13,15,25,30,36	36x49	!	deel55:p94
B:W22,27,28,30,32,35,37,38,43,45:B2,8,12,13,16,19,20,23,24,26	20-25	?	deel55:p94
B:W22,27,28,30,32,35,37,38,43,45:B2,8,12,13,16,19,20,23,24,26	23-29	!	deel55:p94
B:W22,25,27,28,32,35,37,38,43,45:B2,8,12,13,16,19,20,24,26,29	26-31	!	deel55:p94
B:W26,27,30,32,33,34,43:B1,10,16,17,18,19,20,23	16-21	!	deel55:p95
W:W25,27,28,30,32,33,34,35,38,39,48:B3,8,9,10,12,13,14,16,19,24,26	34-29	?	deel55:p96
B:W25,27,28,29,30,32,33,35,38,39,48:B3,8,9,10,12,13,14,16,19,24,26	19-23	!	deel55:p96
B:W25,27,28,30,31,32,34,35,37,38,41,43:B6,8,9,13,14,15,16,17,18,19,23,26	16-21	!	deel55:p97
B:W7,25,26,28,29,32,34,38,48:B4,8,9,14,16,19,23,35	8-13	??	deel55:p97
B:W7,25,26,28,29,32,34,38,48:B4,8,9,14,16,19,23,35	16-21	!	deel55:p97
B:W27,28,29,30,31,32,34,35,36,37,38,39,40,41,42,43,44,45,46,48:B2,3,4,6,7,8,9,10,11,13,14,15,16,17,19,20,21,23,25,26	20-24	?	deel55:p97
W:W27,30,31,32,34,35,36,37,39,40,41,42,43,44,45,46,48:B2,3,4,6,7,8,9,10,11,14,16,17,19,21,24,25,26	27-22	!	deel55:p97
W:W34,35,36,37,39,40,41,42,44,45,46,48:B2,3,4,6,7,8,9,10,11,16,23,25,26,28,43	34-30	!	deel55:p97
W:W18,35,36,37,41,42,44,45,46,48:B2,3,4,6,7,8,9,10,11,16,26,28,34	18-13	!	deel55:p97
W:W26,33,34,37,38,39,40,41,48,49:B2,3,6,8,10,11,12,19,23,24,27	37-31	!	deel55:p98
B:W27,28,29,31,32,33,35,38,40,43,45:B3,8,9,13,15,16,17,18,21,24,25	21-26	!	deel55:p98
B:W21,27,31,32,33,35,38,40,43,45:B3,8,9,15,16,24,25,26	26x48	!	deel55:p98
B:W22,32,33,34,36,37,40,42,43:B3,6,9,11,13,16,21,23,24	23-29	!	deel55:p98
W:W26,27,28,32,33,34,38,42,44,45:B7,9,12,13,14,15,16,17,18,25,35	44-40	!	deel56:p16
W:W26,27,32,38,42,45:B3,7,9,14,15,16,17,18,44	45-40	!	deel56:p16
B:W25,27,28,32,33,35,37,38,39,42,43,44,45,47,48:B2,6,8,9,11,12,13,14,15,16,18,19,23,24,26	11-17	?	deel56:p16
B:W22,27,28,32,33,34,35,36,37,38,40,42,45,47,48:B3,6,8,9,11,13,15,16,18,19,20,23,24,25,26	11-17	?	deel56:p16
W:W19,27,33,35,38,39,40,42,47,48,49,50:BK46,2,3,5,6,7,8,11,15,16	19-13	!	deel56:p17
B:W27,33,34,35,38,39,42,47,48,49,50:BK46,2,3,5,6,7,11,15,16,19	19-24	!	deel56:p17
W:W27,33,34,35,38,39,42,47,48,49,50:BK46,2,3,5,6,7,11,15,16,24	27-22	?	deel56:p17
B:W26,28,29,31,32,33,34,35,36,39,40,41,44,45,46,48,49:B2,4,5,6,7,8,9,10,12,13,14,15,17,20,22,24,25	17-21	?	deel56:p17
W:W26,29,31,32,33,34,36,39,40,41,44,45,46,48,49:B2,4,5,6,7,9,10,13,14,15,17,18,20,21,25,35	32-27	!	deel56:p17
W:W27,30,32,33,34,37,38,39,40,42,47,48,49:B2,3,4,6,7,10,13,15,16,18,19,20,23	27-22	!	deel56:p17
W:W25,27,33,35,36,37,38,39,41,42,44,45,47,48,49,50:B1,2,3,5,6,7,8,9,10,11,12,13,15,17,18,23	37-32	?	deel56:p17
W:W26,27,28,30,32,33,34,35,38,39,42,43,44,45,47,49:B2,3,4,5,6,9,10,11,13,14,16,17,19,21,23,24	27-22	?	deel56:p17
B:W26,29,32,33,34,35,36,40,41,42,44,45,47,49:B3,4,6,7,8,10,11,12,13,15,16,17,20,24	12-18	?	deel56:p17
B:W26,27,28,32,33,34,35,36,37,38,39,42,43,49:B2,6,10,11,13,14,16,17,18,19,21,23,24,25	14-20	?	deel56:p18
W:W26,27,28,32,33,34,35,36,37,38,39,42,43,49:B2,6,10,11,13,16,17,18,19,20,21,23,24,25	27-22	!	deel56:p18
W:W26,28,32,33,34,35,36,37,38,39,42,43,49:B2,6,10,11,13,16,17,19,20,21,23,24,25,27	36-31	!	deel56:p18
B:W24,27,28,29,31,32,36,37,38,39,40,43:B6,8,9,11,12,13,14,15,16,18,25,26	14-19	?	deel56:p18
B:W22,28,30,32,33,34,35,36,37,38,40,42,43,45,46,48:B2,3,6,7,8,9,10,11,12,13,16,19,21,23,24,26	12-18	?	deel56:p19
W:W28,30,33,34,35,36,38,40,41,42,43,45,46,48:B2,3,6,7,8,9,10,11,13,16,19,21,23,24,27	36-31	!	deel56:p19
W:W24,26,29,31,33,34,35,36,37,38,39,40,41,43,47,49,50:B2,4,6,7,8,9,12,13,14,15,16,17,18,20,21,22,28	38-32	?	deel56:p19
W:W27,28,32,34,36,37,38,39,40,41,43,45:B9,10,13,16,17,18,19,21,23,24,25,26	27-22	!	deel56:p20
W:W28,32,34,36,37,38,39,40,41,43,45:B9,10,13,16,17,19,21,23,24,25,26,27	36-31	!	deel56:p20
B:W26,27,28,32,34,38,39,40,44,45,49:B6,9,12,13,14,16,18,19,23,25,35	14-20	?	deel56:p20
W:W26,27,28,32,34,38,39,40,44,45,49:B6,9,12,13,16,18,19,20,23,25,35	27-22	!	deel56:p20
W:W17,25,33,35,38,40,42,43,45,48:BK46,3,6,8,9,10,15,23	43-39	!	deel56:p21
B:W17,25,33,35,38,39,40,42,45,48:BK46,3,6,8,9,10,15,23	15-20	!	deel56:p21
W:W31,32,33,35,36,38,39,40,41,42,43,44,45,47,48,49,50:B1,2,3,4,5,6,8,9,10,11,12,13,15,16,17,18,25,34	40x29	?	deel56:p22
B:W26,28,30,32,33,34,35,37,40,45,49:B4,8,11,12,16,17,19,20,23,24,25	12-18	?	deel56:p22
W:W24,26,30,31,35,36,38,39,40,42,43,44,45,46,47,48,49:B1,2,3,4,7,8,10,11,12,13,15,17,18,20,22,23,27	39-33	?	deel56:p22
W:W26,30,35,36,38,40,42,43,45,46,47,48,49:BK50,1,2,3,4,7,8,10,11,12,15,23	38-32	!	deel56:p22
B:W26,30,32,35,36,40,42,43,45,46,47,48,49:BK50,1,2,3,4,7,8,10,11,12,15,23	23-28	!	deel56:p22
B:W26,28,29,32,33,34,35,36,38,39,40,42,43,44,45,46,47,48,49:B2,3,4,5,6,7,8,9,10,11,12,13,14,15,17,18,20,22,27	11-16	?	deel56:p22
W:W26,29,32,33,34,36,37,38,39,40,42,43,44,45,46,48,49:B2,3,4,5,6,7,8,11,12,13,15,16,17,18,22,23,25,30	40-35	?	deel56:p22
B:W25,26,27,30,31,38,42,43,45,46,48,49:BK50,2,3,5,6,7,8,11,12,19	12-18	!	deel56:p23
W:W25,27,28,30,32,33,35,38,42,43,45,46,48:B3,4,9,11,13,14,15,16,17,19,21,23,24	46-41	?	deel56:p23
B:W27,28,32,35,36,37,38,39,40,41,42,45:B6,8,9,11,12,13,16,18,19,23,24,26	11-17	?	deel56:p23
W:W25,27,28,32,33,35,36,38,40,45,48:B2,6,11,14,15,16,18,19,20,23,24	48-43	?	deel56:p23
W:W25,26,28,32,35,38,40,42:B7,13,14,17,19,23,24,29	40-34	?	deel56:p24
B:W22,27,31,32,33,34,35,36,37,38,39,40,42,43,45,48,50:B3,4,6,7,8,9,12,13,15,16,18,19,20,23,24,25,26	24-29	?	deel56:p24
B:W27,29,33,34,35,36,39,40,42,43,44,45,47,49:B1,3,6,8,10,13,14,15,16,18,20,23,24,25	3-9	?	deel56:p24
W:W16,26,29,30,35,38,39,40,42,43,47,48,50:BK46,1,3,4,6,7,8,9,10,11,14,19	29-23	!	deel56:p24
W:W16,26,29,30,35,38,39,40,42,43,47,48,50:BK46,1,3,4,6,7,8,9,10,11,13,19	29-23	!	deel56:p24
B:W23,32,33,34,37,38,39,40,47:B9,11,15,17,22,24,25,26,36	26-31	?	deel56:p25
B:W23,26,32,33,34,38,39,40,47:B9,11,15,17,22,24,25,36	22-28	?	deel56:p25
B:W23,26,32,33,34,38,39,40,47:B9,11,15,17,22,24,25,36	25-30	!	deel56:p25
B:W25,27,28,32,33,35,36,37,38,39,42,43,45,46,47,48,49,50:B2,3,4,6,8,9,10,11,12,13,14,15,16,18,19,23,24,26	11-17	?	deel56:p26
W:W27,28,32,33,34,35,36,37,38,40,42,43,45,47,48,49,50:B2,3,4,5,6,8,11,13,14,15,16,17,18,19,21,23,26	50-44	?	deel56:p27
B:W22,25,27,29,31,32,33,35,36,37,38,40,42:B6,7,8,9,11,12,13,14,16,18,20,24,26	12-17	?	deel56:p27
W:W22,27,32,36,37,38,39,40,42,43,45,47:B9,11,12,13,14,15,18,19,23,25,26,29	39-34	?	deel56:p27
W:W24,28,29,33,34,36,37,39,40,42,45,47,48,49:B2,3,6,7,8,10,13,15,16,19,20,21,25,26	29-23	!	deel56:p27
W:W26,31,36,40,41,42,43,44,47,49:B3,8,11,12,13,17,18,25,33,35	43-38	?	deel56:p27
B:W26,31,36,38,40,41,42,44,47,49:B3,8,11,12,13,17,18,25,33,35	25-30	!	deel56:p27
B:W17,25,27,28,32,33,35,36,37,38,39,50:B3,6,9,10,12,13,14,16,19,21,24,26	12-18	?	deel56:p28
W:W17,25,27,28,32,33,35,36,37,38,39,50:B3,6,9,10,13,14,16,18,19,21,24,26	28-22	!	deel56:p28
W:W27,29,30,32,33,34,35,36,37,38,39,40,42,43,44,45,47,49:B2,3,4,5,7,8,9,10,11,12,13,15,16,18,19,23,25,26	30-24	?	deel56:p28
W:W25,26,31,32,40,41,43,44:B3,13,14,17,19,21,22,23	43-38	?	deel56:p28
B:W28,30,31,32,33,35,36,38,39,40,41,43,44,45,48:B2,3,4,6,9,11,12,13,14,15,16,17,19,23,24	24-29	?	deel56:p29
B:W26,29,31,32,33,34,35,36,37,38,39,40,42,43,44,45,47,48:B1,2,4,7,8,9,10,12,13,14,16,17,18,19,20,22,24,25	22-28	!	deel56:p29
B:W11,26,28,31,32,34,35,36,37,38,40,42,43,44,45,47,48:B1,2,4,7,8,9,10,12,13,14,16,18,19,20,25	25-30	!	deel56:p29
W:W25,26,31,35,36,37,38,39,41,42,43,45,48,49:B2,4,6,8,9,11,12,14,15,17,18,22,23,27	37-32	?	deel56:p29
B:W28,29,30,32,33,34,36,37,39,40,45,49:B2,3,4,7,8,9,12,13,14,15,20,26	12-18	?	deel56:p29
W:W25,26,27,31,34,36,38,40,42,43,45,47:B1,8,12,13,15,16,17,18,19,23,28,29	25-20	!	deel56:p31
W:W26,27,36,42,45,47:B1,12,16,34	27-22	!	deel56:p31
W:W22,26,29,31,36,40:B7,16,43	29-24	!	deel56:p32
W:W24,26,31,36,40:B16,21,43	26x17	!	deel56:p33
B:W24,25,26,35,36,38,39,42,43,48:B4,6,12,13,14,15,18,22,23,27	23-29	!	deel56:p34
W:W25,26,30,33,35,38,40,41,42,43,48:B8,9,10,12,14,15,17,18,21,22,27	41-36	!	deel56:p34
B:W23,24,27,28,29,32,34,38,40,41,42,43,45:B2,3,10,11,12,13,14,15,16,18,20,25,26	16-21	!	deel56:p36
W:W23,24,27,29,32,33,34,36,38,40,41,42,43,45:B2,3,6,10,12,13,14,15,16,17,18,20,25,26	27-21	!	deel56:p36
W:W23,24,28,29,34,36,37,38,43,46,47,48,49:B2,6,8,11,12,13,14,15,16,17,20,25,27	37-31	?	deel56:p44
B:W32,34,35,36,37,42,43,45:B1,9,13,18,20,23,26,33	13-19	?	deel56:p44
W:W32,34,35,36,37,42,43,45:B1,9,18,19,20,23,26,33	37-31	!	deel56:p44
W:W25,26,27,31,33,35,36,37,38,41,42,43,45,47,48,49:B2,3,4,5,6,7,8,9,10,11,12,13,16,17,18,24	33-29	?	deel56:p44
W:W25,26,27,31,35,36,37,38,41,42,43,45,47,48,49:B2,3,4,5,6,7,8,9,10,11,12,13,16,17,18,33	38x29	?	deel56:p44
B:W16,21,26,27,28,38,42,44,45:B2,6,7,12,13,15,17,19,24,29	13-18	?	deel56:p44
B:W15,27,33,34,35,36,38,41,42:B2,3,9,11,12,13,14,17	13-19	?	deel56:p44
W:W27,30,31,33,35,36,37,38,40,41,42,43,45,47,48,49,50:B2,3,4,5,6,7,8,9,11,12,13,14,15,16,17,18,22	50-44	?	deel56:p44
W:W26,29,34,35,36,38,39,40,41,42,43,44,45,46,47,48,49,50:B1,2,3,4,5,6,7,8,9,10,12,13,14,15,18,19,20,27	34-30	?	deel56:p44
B:W24,27,30,31,32,34,35,36,37,38,40,42,43,45:B5,8,9,10,12,13,14,15,16,18,19,23,26,28	14-20	?	deel56:p44
B:W25,26,29,32,34,37,39,40,42,44,47:B2,3,4,9,11,14,15,17,18,19,22	19-23	?	deel56:p45
B:W23,24,25,29,33,34,38,39,41,47:B4,9,13,14,15,16,17,26,31,36	16-21	?	deel56:p45
B:W28,31,32,34,37,39,40,42,44,47,48:B2,4,8,9,11,13,14,16,19,21,24	13-18	?	deel56:p45
W:W16,28,33,34,36,37,39,40,41,42:B2,7,12,14,17,18,19,20,24,26	34-29	!	deel56:p45
W:W22,27,33,34,37,39,43,50:B2,11,12,13,15,18,19,25	37-31	?	deel56:p45
W:W22,25,27,28,32,33,35,39:B9,11,13,19,24,26,29	39-34	?	deel56:p45
B:W27,29,30,32,34,35,36,37,38,41,42,43,45,46,47,48:B2,3,6,7,8,10,11,12,14,16,18,19,21,23,25,26	10-15	?	deel56:p45
W:W23,26,30,33,34,38,39,40,43,45,46:B2,10,14,15,16,17,20,25,27,36	34-29	?	deel56:p45
B:W16,26,27,33,34,39,40,43,45:B9,12,13,14,15,17,18,23,25	14-19	?	deel56:p46
B:W14,26,27,28,29,38,39:B3,15,17,18,45	45-50	?	deel56:p47
W:W25,26,27,31,33,35,36,37,38,41,42,43,45,47,48,49:B2,3,4,5,6,7,8,9,10,11,12,13,16,17,18,24	37-32	?	deel56:p47
W:W25,30,31,33,35,41,42,43,45,46:B3,4,6,9,12,13,14,16,17,18,32	42-37	?	deel56:p47
B:W25,27,28,29,32,34,37,38,42,48:B2,3,6,8,9,12,13,14,19,26	12-18	?	deel56:p47
B:W22,28,32,33,34,37,38,39,44,48:B3,8,11,12,15,19,20,23,26,35	12-17	?	deel56:p47
B:W20,32,37,38,39,40,45:B3,5,12,13,16,23,28	16-21	?	deel56:p48
W:W26,28,29,33,34,35,36,37,38,39,41,42,44,45,47,48,49:B3,4,6,7,8,9,11,12,13,15,17,18,19,20,22,24,27	48-43	?	deel56:p48
W:W29,31,33,34,35,36,38,39,42,44,45,46,47,48,49:B2,3,4,5,6,7,8,14,15,16,18,20,21,24,25	38-32	?	deel56:p48
W:W25,27,28,31,32,35,36,37,38,40,42,43,45,48,49:B2,3,6,7,8,9,12,13,14,15,16,18,19,21,23	35-30	?	deel56:p48
B:W28,29,32,33,34,36,37,38,39,42,44,48:B3,5,6,8,9,11,13,16,18,20,24,26	5-10	?	deel56:p48
W:W25,30,33,36,37,39,41,42,43,45,47,48,49:B2,6,7,9,12,13,14,15,17,19,22,23,27	45-40	?	deel56:p48
W:W27,28,31,32,35,38,39,42,43,44,45,46,48:B3,7,8,10,13,15,16,18,19,20,21,23,24	31-26	?	deel56:p48
W:W25,27,28,32,33,35,36,37,38,39,40,42,43,45,46,47,48:B1,3,4,6,8,9,11,12,13,14,15,16,17,18,19,23,24	39-34	?	deel56:p48
B:W23,24,29,32,33,43,47:B3,13,15,17,22,26,31	17-21	?	deel56:p48
B:W7,36,42,43,44,47,48,49:B2,4,9,11,13,15,16,17,21	21-26	!	deel56:p63
W:W25,29,31,34,36,37,39,42,43,44,45,48:B6,8,10,11,13,14,15,18,19,21,28,35	25-20	!	deel56:p64
B:W25,26,30,33,35,36,38,40,42,43,48:B8,9,10,12,14,15,17,18,21,22,27	18-23	!	deel56:p64
B:W24,25,33,35,36,37,38,41,43,46:B2,4,9,11,13,14,16,21,22,27	14-19	?	deel56:p65
W:W24,25,33,35,36,37,38,41,43,46:B2,4,9,11,13,16,19,21,22,27	38-32	!	deel56:p65
W:W22,25,27,28,29,31,32,33,37,39:B6,11,13,14,16,18,19,20,21	31-26	?	deel56:p65
B:W17,22,25,27,28,29,32,33,37,39:B6,11,13,14,16,18,20,24	13-19	?	deel56:p65
B:W17,22,25,27,28,29,32,33,37,39:B6,11,13,14,16,18,20,24	16-21	!	deel56:p65
W:W21,24,26,27,29,32,34,36:BK50,6,13,15,16,18,42	32-28	!	deel56:p65
W:W25,28,30,33,35,36,38,41,42,43,45,47,48,49:B3,4,6,8,10,11,13,14,16,18,19,20,21,24	41-37	?	deel56:p65
B:W30,34,35,36,37,38,39,40,41,43,44,45,46,48:B2,3,4,5,6,8,10,12,13,15,18,20,22,27	6-11	?	deel56:p65
W:W31,35,39,40,43,44,45,46,48:BK33,2,3,4,5,8,10,11,12,13,15,22,29	39x6	!	deel56:p65
W:W27,28,31,33,34,36,39,48:B7,8,16,17,18,22,24,25	34-29	?	deel56:p66
W:W23,26,28,29,31,32,33,36,38,39,40,45:B3,5,6,8,11,12,13,16,17,18,20,30	23-19	?	deel56:p67
B:W27,32,35,37,38,39,40,41,42,43,44,45,48:B2,3,4,6,7,9,13,15,16,18,21,23,29	9-14	?	deel56:p67
B:W22,28,30,32,33,34,35,36,37,38,41,42,43,48:B2,3,6,8,11,12,13,14,15,16,19,21,24,26	3-9	?	deel56:p67
W:W24,26,29,31,32,33,36,39,40,41,44,49:B6,7,8,10,12,13,14,15,18,20,22,25	32-27	?	deel56:p68
B:W24,26,27,29,31,33,36,39,40,41,44,49:B6,7,8,10,12,13,14,15,18,20,22,25	22-28	!	deel56:p68
B:W22,24,26,27,29,31,36,39,40,41,44,49:B6,7,8,10,12,13,14,15,18,20,25	12-17	!	deel56:p68
B:W24,26,29,31,33,34,36,38,39,40,43,44,45,46,47,48,49:B1,2,3,4,8,9,11,12,13,14,15,17,18,20,21,22,23	21-27	?	deel56:p68
B:W25,27,32,33,36,37,39,41,42,43,44,45,46,47,48,49:B2,3,4,6,7,8,9,11,12,13,15,16,18,21,23,26	9-14	?	deel56:p68
W:W21,31,35,36,37,38,39,45,48,49:B3,6,9,11,12,13,15,19,20,23,28	21-17	!	deel56:p68
W:W25,27,28,30,32,33,37,38,40,42,45:B9,11,12,13,14,16,18,19,23,24,26	40-34	!	deel56:p69
W:W23,28,32,33,36,38,39,40,45,47,48,49:B1,3,12,14,15,18,19,21,24,25,26	32-27	!	deel56:p69
B:W25,27,28,30,32,33,35,36,37,38,42,45,48:B3,6,13,14,16,17,18,19,21,23,24,26	17-22	?	deel56:p69
W:W24,25,26,29,36,39,42,43,44,47,48,49:B2,4,6,8,12,13,14,15,17,22,27,28	44-40	?	deel56:p69
W:W25,26,28,33,34,35,36,37,38,39,40,42,43,46,47,49:B1,2,3,5,6,9,11,12,13,14,17,18,19,22,24,27	34-29	?	deel56:p69
B:W27,28,32,34,35,36,37,38,39,40,42,43,44,45,47,48:B1,2,3,4,7,8,9,11,12,13,15,17,18,20,23,25	17-22	!	deel56:p69
W:W25,27,28,32,35,38,40,47,48,49:B3,8,12,13,14,16,19,21,24,29	28-23	!	deel56:p70
B:W7,35,40,47,48,49:B3,8,16,24,29,37,43	29-34	!	deel56:p70
B:W7,19,35,40,47,49:B3,8,16,37	8-13	!	deel56:p70
W:W25,30,32,36,37,38,39,40,43,45,46:B4,8,9,12,13,14,15,17,23,26,29	39-33	?	deel56:p71
B:W16,26,27,34,35,38,40,43,45:B6,7,13,15,17,20,23,25,29	20-24	?	deel56:p71
B:W22,23,28,32,34,35,36,37,38,44,48:B3,6,11,12,13,15,16,20,21,26	21-27	!?	deel56:p72
W:W25,27,28,30,32,33,34,35,36,37,38,42,43,45,46,47,48:B1,3,4,6,7,8,9,11,13,14,15,16,17,18,19,23,24	34-29	?	deel56:p72
B:W27,32,34,35,36,37,38,39,40,41,42,43,45,46,47,48,49:B1,2,3,4,6,8,9,10,11,13,15,16,18,20,21,23,26	10-14	?	deel56:p72
W:W19,35,38,39,40,41,42,43,45,46,47,48,49:B1,2,6,8,9,10,11,15,16,20,26,36	40-34	?	deel56:p73
B:W26,27,30,35,38,40,42,43,45,48:B6,8,13,15,18,19,20,23,29,33	8-12	?	deel56:p73
W:W26,27,30,35,38,40,42,43,45,48:B6,8,13,15,18,19,20,28,29,33	40-34	?	deel56:p73
B:W24,25,33,35,36,37,38,41,43,46:B2,4,9,11,13,14,16,21,22,27	21-26	?	deel56:p73
W:W22,25,27,28,32,33,35,38,39,48:B6,8,9,11,13,14,15,17,19,24	48-42	!	deel56:p73
B:W15,26,28,31,33,36,39,40,41,43,44,45:B2,4,6,11,12,14,16,17,18,19,25	18-23	?	deel56:p74
B:W17,28,32,34,36,37,38,40,42,43:B6,13,15,16,18,19,20,23,26,29	18-22	?	deel56:p74
W:W12,32,34,36,37,38,40,42,43:B6,13,15,16,19,20,23,26,29,33	12-7	!	deel56:p74
B:W7,32,34,36,37,38,40,42,43:B6,13,15,16,19,20,23,26,29,33	33-39	?	deel56:p74
B:W10,26,34,42,44,45,47,49:B2,3,4,7,8,15,16,18,25	25-30	!	deel56:p74
B:W24,29,33,34,39,41,43,44,45,46,47,49:B2,3,4,6,10,11,13,15,17,20,21,25	10-14	?	deel56:p74
W:W22,26,28,32,35,36,38,39,40,43,44:B3,6,8,11,13,15,16,17,24,25,29	39-34	?	deel56:p75
B:W25,26,28,31,32,33,35,36,38,39,40,41,42,43,44,45,48:B2,3,6,8,9,10,12,13,14,15,17,19,21,22,23,24,27	24-29	?	deel56:p75
W:W29,30,34,36,37,39,40,41,42,46,48:B2,3,4,9,13,16,18,22,25,26,27	40-35	?	deel56:p75
B:W25,26,27,28,30,32,35,36,37,38,42,43,45,48:B3,6,7,8,9,13,14,15,16,17,19,21,23,29	29-34	!	deel56:p75
B:W8,22,28,31,34,35,38,39,42,43,44:B3,6,7,13,16,19,20,24,25	3x12	?	deel56:p76
W:W25,26,27,28,32,33,34,35,36,37,38,39,43,49:B3,6,8,9,12,13,14,15,16,17,18,19,23,24	37-31	?	deel56:p76
B:W26,33,36,37,43,44:B6,7,9,22,24,27	7-12	?	deel56:p77
W:W26,33,36,37,43,44:B6,9,12,22,24,27	26-21	!	deel56:p77
B:W25,26,28,30,31,32,33,35,38,48:B9,12,14,16,17,19,23,24,29	14-20	!	deel56:p78
W:W24,27,32,37,50:B10,18,26,35,43	24-20	!	deel56:p78
W:W24,29,30,33,34,35,36,37,42,48:B2,3,12,13,14,15,17,18,22,26	37-32	?	deel56:p80
B:W11,24,29,30,32,34,35,36,42,48:B2,3,12,13,14,15,18,26	12-17	?	deel56:p80
W:W24,29,30,34,35,36,48:BK47,2,3,13,14,15,26	24-20	!	deel56:p80
B:W24,25,30,35,37,38,39,41,42:B12,13,14,15,18,19,23,26,27	27-32	!	deel56:p81
W:W24,25,30,35,37,38,39,41,42:B12,13,14,15,18,19,23,26,32	37x28	?	deel56:p81
W:W27,30,35,37,39:B12,13,15,26,36	27-22	!	deel56:p81
B:W23,24,28,29,33,34,35,36,37,38,46:B2,8,12,13,14,15,17,20,22,25,27	17-21	!	deel56:p90
W:W14,25,26,31,47,50:BK48,2,15,17,29	25-20	?	deel56:p90
W:W14,25,26,31,47,50:BK48,2,15,17,29	31-27	?	deel56:p91
W:W26,29,30,31,33,34,35,36,38,40,45,48,50:B2,3,5,8,10,12,15,17,18,19,20,22,27	29-24	!	deel56:p91
W:W29,30,33,35,36,37,38,43:B3,8,13,14,18,19,20,24,26	29-23	!	deel56:p92
B:W10,27,35,38:B3,8,13,18,20,26	18-22	!	deel56:p92
B:W27,28,32,33,34,35,36,38,39,40,42,43,45,46,48:B3,4,6,7,8,9,12,13,14,15,16,19,21,24,25	21-26	?	deel56:p92
B:W13,26,29,31,33,34,35,36,39,41,42,43,44,45,47,48,49:B2,3,4,6,7,8,10,11,12,15,18,20,22,23,25,27	8x19	?	deel56:p92
W:W25,26,30,31,32,33,35,49:B14,16,17,18,19,22,24,29	25-20	!	deel56:p93
B:W9,26,30,35,49:B16,17,18,19,22,24,36	17-21	!	deel56:p93
W:W15,28,33,34,37,42,47:B3,4,14,17,18,26,31,36	33-29	?	deel56:p93
B:W21,25,26,27,28,32,33,35:B7,12,17,18,19,23,24	23-29	?	deel56:p93
W:W21,25,26,27,28,32,33,35:B7,12,17,18,19,24,29	27-22	!	deel56:p93
B:W9,31,33,34,36,37,38,39,40,43,45,47,48,49,50:B1,2,3,6,7,8,10,13,18,21,22,23,27,28	3x14	?	deel56:p93
B:W18,28,34,35,37,38,40,45:B2,15,16,20,21,24,25,26	24-29	!	deel56:p94
W:W17,18,32,45,47:B8,15,16,20,31	18-13	!	deel56:p95
B:W22,28,32,33,34,36,37,38,40,42,45,48:B6,7,8,9,11,12,13,15,16,19,24,25	24-30	?	deel56:p95
W:W23,32,36,37,38,40,42,45,48:B6,7,8,9,11,12,13,15,16,17,19,25	23x3	!	deel56:p95
W:W25,27,28,30,32,33,35,36,37,39,40,42,43,44,45,47,48,49:B3,4,6,8,9,11,12,13,14,15,16,17,18,19,21,23,24,26	43-38	?	deel56:p95
B:W22,27,32,33,34,37,38,39,44:B6,8,9,16,24,25,26,30,35	6-11	?	deel56:p95
W:W25,27,28,30,32,35,36,37,38,39,40,42,45,46,47,48:B3,5,6,7,8,9,10,12,13,14,16,18,19,21,24,26	37-31	?	deel56:p95
W:W25,27,28,30,32,35,36,38,39,40,42,45,46,47,48:B3,5,6,7,8,9,10,12,13,14,16,18,19,21,24,37	42x31	?	deel56:p95
W:W27,32,33,34,36,38,43:B9,13,16,19,21,23,24	43-39	?	deel56:p96
W:W27,30,31,32,33,35,36,38,40,42,43,44,45,46,47,48,49,50:B1,2,3,4,5,7,8,9,10,11,12,13,15,16,17,20,23,26	33-28	?	deel56:p96
W:W24,25,29,32,42,43,47:B3,4,14,21,22,26,36	32-28	?	deel56:p96
W:W15,33,34,37,38,39,43,45:B3,4,13,14,22,23,25,27	37-32	?	deel56:p96
W:W24,25,28,29,30,33,35,36:B3,9,11,12,13,15,17,27	24-19	?	deel56:p96
B:W27,28,31,32,33,34,39,40,45,47,48:B3,8,9,11,13,15,16,18,19,23,24	11-17	?	deel56:p96
B:W24,26,29,31,33,34,35,36,37,38,39,40,42,43,45,47,48,49:B2,4,6,7,8,9,10,11,12,13,14,15,17,18,22,25,27,28	14-20	?	deel56:p96
W:W24,26,29,31,33,34,35,36,37,38,39,40,42,43,45,47,48,49:B2,4,6,7,8,9,10,11,12,13,15,17,18,20,22,25,27,28	24-19	!	deel56:p96
B:W25,27,28,30,32,35,36,37,38,39,40,42,45,46,47,48:B3,5,6,7,8,9,10,12,13,14,16,18,19,21,24,26	18-23	?	deel56:p97
B:W15,25,30,35,36,41,42,45,46,47,48:B3,5,6,7,8,9,10,12,13,14,16,19,32	14-20	!	deel56:p97
B:W23,26,29,31,33,34,35,36,37,38,39,40,43,44,45,47,49:B2,4,6,8,9,10,11,12,13,14,15,17,18,22,25,27	13-19	?	deel56:p97
W:W24,26,28,29,31,33,35,36,38,39,43,47,49:B6,7,8,9,11,12,13,15,17,18,20,22,27	28-23	?	deel56:p97
B:W25,27,28,31,32,33,34,36,46,48,50:B1,3,5,6,9,10,11,12,13,16,18	10-14	?	deel56:p110
W:W25,26,27,28,32,35,36,38,40,42,43,48,49:B3,4,6,8,11,12,13,16,17,18,19,23,24	38-33	?	deel56:p110
W:W25,26,27,28,32,35,36,38,40,42,43,48,49:B3,4,6,8,11,12,13,16,17,18,19,23,24	40-34	?	deel56:p110
B:W24,28,29,32,33,36,38,39,40,42,44,48:B2,3,8,9,12,13,15,16,17,18,21,25	21-26	?	deel56:p111
W:W25,26,35,36,38,39,42,43,45,48,49:B2,4,7,12,13,14,18,19,22,24,27	39-33	?	deel56:p111
W:W27,28,31,32,33,35,36,37,38,39,40,41,42,43,44,45,47,48,50:B2,3,6,7,8,9,10,11,12,13,14,15,16,17,18,19,23,24,25	40-34	?	deel56:p112
B:W24,27,28,31,32,34,36,37,38,39,41,42,43,44,45,47,48,50:B2,3,6,7,8,9,10,11,12,13,14,15,16,17,18,23,25	14-20	?	deel56:p112
W:W27,31,32,36,37,39,41,42,45,47,48,50:BK38,2,3,6,7,8,9,10,11,12,15,16,18,24,25,28	42x4	!	deel56:p112
W:W24,26,29,30,32,33,34,36,38,39,40,43,44,47:B7,8,9,10,11,12,13,14,15,17,18,19,20,25	29-23	!	deel56:p112
W:W19,24,26,29,33,34,36,37,38,39,40,44:B8,10,11,12,13,15,17,20,22,25,27	29-23	?	deel56:p112
B:W24,26,29,32,33,34,39,42,44,45,47,49:B2,3,4,7,8,13,14,15,16,18,23,25	8-12	?	deel56:p113
B:W16,25,26,34,35,39,42,45,48:BK49,5,8,9,10,13,14,15	14-19	?	deel56:p113
W:WK2,24,29,30,33,34,35,38,42:BK41,4,11,12,14,15,16,18,20,25,36	33-28	!	deel56:p114
B:WK5,24,29,30,34,35,38,42:BK46,4,11,12,15,16,18,20,25,36	36-41	?	deel56:p114
B:W12,25,26,28,33,34,35,36,38,39,42,43,44,47,48:B2,3,8,9,10,13,14,17,19,20,21,22,24,27	24-30	!	deel56:p114
B:W22,28,32,33,34,35,36,38,39,40,43,45,48:B3,7,9,12,13,15,16,19,20,21,23,24,25	12-17	?	deel56:p114
W:W19,24,29,30,34,36,37,39,40,42,45:B3,8,10,13,14,15,16,20,22,25,26	39-33	?	deel56:p114
W:W19,24,29,30,34,36,37,39,40,42,45:B3,8,10,13,14,15,16,20,22,25,26	40-35	!	deel56:p114
B:W27,28,29,33,36,38,43,45:B6,9,12,15,16,18,30,35	6-11	?	deel56:p115
B:W21,26,27,30,31,33,34,35,36,38,40,43,45,49:B6,7,8,12,13,14,15,16,17,18,19,20,24,25	24-29	?	deel56:p115
W:W21,26,27,30,31,35,36,38,40,43,45,49:B6,7,8,12,13,14,15,16,17,19,25,29	43-39	!	deel56:p115
W:W25,27,35,36,40,41,45,46:BK30,2,8,9,10,11,12,13,16,18,19,20,23	35x4	!	deel56:p115
W:W15,23,25,28,29,33,35,36,37,38,43,46:B2,3,4,8,11,12,13,14,16,18,21,27	35-30	?	deel56:p116
B:W27,28,32,33,35,36,37,38,39,43,44,45,48:B6,8,9,11,12,13,15,16,18,19,23,25,26	15-20	?	deel56:p116
W:W25,26,31,33,34,35,39,43,45,48:B11,12,13,14,15,18,19,22,24,28	34-29	?	deel56:p116
W:W24,29,32,33,34,36,38,39,43,46:B9,13,15,17,18,20,21,25,26,27	24-19	!	deel56:p116
W:W24,29,32,33,34,36,38,39,43,46:B9,13,15,17,18,20,21,25,26,27	32-28	?	deel56:p116
B:W22,23,28,32,33,37,39,40,44:B13,14,16,17,19,20,21,25,26	20-24	?	deel56:p117
B:WK2,39,40,44:B13,14,21,24,25	13-18	!	deel56:p117
B:WK24,39,40,44:B14,18,25,26	25-30	!	deel56:p117
B:WK10,39,40,44:B20,21,34	34x43	!	deel56:p117
B:W27,31,32,33,34,35,37,39,43,45:B3,6,8,9,11,17,23,24,25,30	24-29	?	deel56:p118
W:W27,31,32,34,35,37,39,43,45:B3,6,8,9,11,17,19,23,25	27-22	!	deel56:p118
B:W26,27,29,31,32,33,35,36,37,38,40,42,43,44:B2,6,7,8,9,11,12,14,16,17,18,19,22,24	14-20	?	deel56:p118
B:W26,27,28,32,36,37,38,39,40,42,43,44,45,48:B3,6,8,9,10,11,12,13,15,16,17,18,23,24	13-19	?	deel56:p118
B:W16,25,26,31,32,35,36,38,39,40,45:B8,11,12,13,14,17,18,20,23,24,29	13-19	?	deel56:p118
B:W25,26,28,31,32,35,36,38,40,42,43,48:B6,8,11,12,13,14,15,16,17,18,20,23	13-19	?	deel56:p118
W:W25,26,28,31,32,35,36,38,40,42,43,48:B6,8,11,12,14,15,16,17,18,19,20,23	28-22	!	deel56:p118
B:W24,27,29,32,33,34,36,37,39,41,42,43,46,48,50:B4,6,7,8,9,10,11,12,13,15,16,18,21,23,26	12-17	?	deel56:p118
B:W17,23,28,32,33,35,36,37,38,39,42,48:B1,3,7,8,12,14,15,16,19,21,25,26	8-13	?!	deel56:p119
B:WK2,35,36,38,39,42,48:B1,12,13,14,15,16,21,25	14-20	!	deel56:p119
B:W22,23,28,30,33,37,38,39,48:B9,12,13,14,15,16,19,21,26	12-17	?	deel56:p119
W:W25,26,27,32,34,38,43,45,47,48:B1,3,11,12,16,17,18,19,23,24	38-33	?	deel56:p119
W:W25,27,31,32,34,35,36,37,39,40:B2,9,16,18,19,21,23,24,26,29	25-20	?	deel56:p119
W:W33,34,35,36,37,38,39,40,42,43,44,45,49:B3,6,7,8,9,11,15,16,17,19,20,22,24,25	38-32	?	deel56:p119
B:W25,28,29,31,32,33,35,36,37,38,40,45,47,48,50:B5,6,8,10,12,14,15,16,17,18,20,21,22,24,26	21-27	?	deel56:p120
W:W24,27,30,32,33,34,35,42,49:B13,14,15,16,17,18,19,23,26	33-28	?	deel56:p120
B:W22,25,26,28,31,32,33,34,35,38,39,40,42,43,44,45,48,50:B5,6,7,8,9,10,11,13,14,15,16,17,19,20,21,23,24,29	8-12	?	deel56:p120
W:W25,32,35,36,38,40,41,42,43,45,46,48,49,50:B2,3,4,6,7,8,9,12,13,14,16,18,19,29,33	40-34	?	deel56:p121
B:W25,26,27,28,32,40,41:B13,16,17,18,19,20,29	29-33	!	deel56:p127
W:W26,28,33,34,36,38,39,42,43,44:B6,8,9,11,12,13,16,17,24,25,27	44-40	?	deel56:p127
B:W23,25,31,33,36,42,45,48:B2,4,9,12,15,16,22,32	9-14	?	deel56:p127
B:W22,25,27,31,32,36,38,42,43,45,48:B3,8,9,11,13,14,16,18,19,21,34	21-26	?	deel56:p127
W:W22,25,27,31,32,36,38,42,43,45,48:B3,8,9,11,13,14,16,18,19,26,34	22-17	!	deel56:p127
W:W6,27,31,32,34,36,37,39,40,42,45,47,48:BK49,1,3,7,9,14,15,16,18,25,26	27-21	!	deel56:p128
W:W6,33,34,36,39,45,47,48:BK35,1,3,7,9,14,15,18,25,28	33x4	!	deel56:p128
B:W25,29,32,33,34,36,37,38,39,40,42,43,47,48,49:B3,5,8,9,13,14,15,16,17,18,19,20,21,26,27	19-23	?	deel56:p128
W:W25,29,32,33,34,36,37,38,39,40,42,43,47,48,49:B3,5,8,9,13,14,15,16,17,18,20,21,23,26,27	33-28	!!	deel56:p128
W:W25,34,36,42,43,47,48,49:B3,8,9,10,14,15,16,17,18,20,21,27,35,37	42x4	!	deel56:p128
W:W24,28,29,33,36,37,38,40,41,42,43,47,49:B2,6,7,8,10,12,13,14,15,17,20,25,27	37-31	?	deel56:p128
B:W22,24,28,29,33,36,38,40,41,42,43,47,49:B2,7,8,10,11,12,13,14,15,17,20,25	25-30	!	deel56:p128
W:W25,26,33,37,38,39,40:B9,13,17,18,23,24,27	37-32	?	deel56:p128
W:W25,35,36,37,48:B4,8,16,18,22,26,29,30	25x3	!	deel56:p128
W:W26,28,29,32,33,34,39,41,42,43,44:B6,8,10,13,14,16,17,18,19,22,25	42-37	?!	deel56:p129
B:W26,28,29,32,33,34,37,39,41,43,44:B6,8,10,13,14,16,17,18,19,22,25	25-30	?	deel56:p129
W:W17,23,26,28,33,39,41:BK50,6,13,24	28-22	?	deel56:p129
W:W22,27,30,32,35,38,39,42,43,45:B3,6,11,12,13,16,19,24,25,26	38-33	?	deel56:p129
B:W13,24,34,36,37,38,40,43,44,45,46,47,49:B2,4,6,8,9,10,11,21	8x48	!	deel56:p129
B:W25,28,32,33,34,35,36,38,39,42,43,45,47,48:B2,3,6,8,11,13,14,15,16,18,19,21,23,24	2-7	?	deel56:p129
B:W6,23,24,29,34,36,37,38,39,40,43,44,45,49:B2,3,4,7,8,9,10,12,13,15,16,20,25	25-30	!	deel56:p130
B:W27,28,31,32,33,38,40,42,43,48:B4,6,7,11,15,17,18,19,24,29	15-20	?	deel56:p131
W:W24,31,33,34,36,38,40,42,43,46,47,48:B2,3,6,8,11,13,14,15,18,22,23,27	40-35	?	deel56:p131
W:W24,26,29,33,34,36,37,38,39,40,43,45,46,47,48,49:B1,2,3,4,7,8,9,10,11,13,15,17,18,23,25,27	46-41	?	deel56:p131
B:W25,31,32,35,37,38,39,40,41,42,43,44,45,47,48,49,50:B1,2,3,4,5,7,8,9,10,11,13,14,15,16,20,21,26	21-27	!	deel56:p131
W:W22,25,28,34,36,43,45,48,49,50:B1,2,3,4,8,9,11,12,13,14,15,21,31	36x18	!	deel56:p131
W:W27,31,32,33,34,35,36,38:B6,11,12,13,14,15,17,23	33-29	?	deel56:p131
B:W27,29,31,32,34,35,36,38:B6,11,12,13,14,15,17,23	17-21	!	deel56:p131
W:W25,28,30,31,32,33,35,36,37,38,39,42,43,44,45,46,47,48:B1,2,3,4,6,7,8,9,10,11,13,14,17,18,19,23,24,26	39-34	?	deel56:p132
W:W26,27,28,32,33,35,37,38,39,40:B8,12,13,16,17,18,19,23,24,25	28-22	?	deel58:p3
B:W22,26,27,32,35,37,38,39,40:B8,12,13,16,18,19,23,24,25	12-17	?	deel58:p3
B:W22,26,27,32,35,37,38,39,40:B8,12,13,16,18,19,23,24,25	23-28	!	deel58:p3
B:WK30,26,27,35,37,38,39,40:B10,12,16,25	25x41	!	deel58:p3
W:W24,26,33,36,38,40,41,43,47,48:B9,11,12,13,15,17,18,21,22,27,32	36-31	!	deel58:p4
W:W24,26,33,40,41,43,47,48:B1,9,13,15,17,18,22,36	33-28	!	deel58:p4
W:W24,26,40,41,43,47,48:B1,9,13,15,17,18,33,36	47-42	!	deel58:p4
W:W24,26,40,48:BK49,1,9,13,15,17,18,33	26-21	!	deel58:p4
W:W21,48:BK19,1,9,13,15,17,18,33	21x3	!	deel58:p4
B:W22,25,28,33,37,39,40,45,47,48:B6,7,9,11,13,15,17,19,24,26	9-14	?	deel58:p9
W:W25,27,35,38,45,47,48,50:B3,7,8,9,12,13,14,15,16,17,18,28,29,30	35x2	!	deel58:p10
B:W24,25,28,36,38,40,42,48:B2,4,10,14,15,17,26,27	2-7	?	deel58:p11
W:W22,26,31,34,35,36,37,38,41,43,44,49:B5,7,8,11,13,14,15,19,23,25,27	22-18	?	deel58:p11
W:W26,31,34,35,36,37,38,41,43,44,49:B5,7,8,11,14,15,19,22,23,25,27	26-21	?	deel58:p11
W:W21,28,33,34,35,37,38,39,43,44:B4,6,7,8,12,13,18,19,24,25	34-29	?	deel58:p12
W:W27,29,33,34,35,36,37,38,39,42,43,44,48,50:B2,3,4,6,8,9,13,15,16,18,20,22,24,26	37-31	?	deel58:p12
B:W22,27,31,34,35,36,37,39,43,44,50:B2,3,4,6,8,9,13,15,16,18,20	13-19	!	deel58:p12
B:W19,26,28,33,35,36,38,39,40,42,47,48,49:B3,6,7,9,11,12,15,17,22,27,29	27-31	!	deel58:p12
B:W26,28,31,33,34,36,37,38,39,40,43,44,45,46,47,49:B2,3,4,6,7,10,11,12,14,15,17,18,19,22,25,27	3-8	?	deel58:p12
B:W24,25,26,29,33,34,36,37,38,39,41,42,47,49:B3,4,6,8,11,12,13,14,15,16,17,18,22,23	22-28	?	deel58:p13
W:W28,31,34,35,36,37,38,39,40,42,43,44,45,46,47,48:B2,3,4,7,8,9,10,12,13,15,16,17,18,19,20,26	28-22	!	deel58:p13
W:W31,34,35,36,37,38,39,40,42,43,44,45,46,47,48:B2,3,4,7,8,9,10,12,13,15,16,18,19,20,26,28	37-32	!	deel58:p13
W:W34,35,36,39,40,41,42,43,44,45,46,48:B2,3,4,7,8,9,10,12,13,15,16,18,19,20,28,37	41x5	!	deel58:p13
B:W24,25,28,29,33,37,39,40,42,47,48:B3,4,8,12,13,14,15,18,21,22,36	21-27	?	deel58:p13
B:W22,26,28,32,33,34,35,36,38,40,43,45,48:B3,6,7,8,10,11,12,13,14,15,16,20,25	12-18	?	deel58:p14
W:W27,28,29,33,35,37,40,42,45,48,49:B3,7,8,9,12,15,19,20,24,25,26	27-21	!	deel58:p14
B:W26,27,28,32,33,34,35,38,39,40,42,43,45,48:B8,9,12,13,14,15,16,17,18,19,20,23,24,25	17-21	?	deel58:p15
W:W23,24,26,29,33,34,38,39,40,42,43,44,45,47,49:B2,3,4,6,8,9,10,12,13,15,16,18,20,25,36	38-32	?	deel58:p17
B:W17,22,27,32,35,37,38,39,40,45,46,48:B3,4,6,8,9,13,15,16,20,23,24,26	13-18	!	deel58:p17
B:W25,26,33,34,35,36,38,39,41,43,45,48:B2,12,13,14,15,17,18,19,20,22,27,28	27-32	!	deel58:p18
W:W22,27,28,31,32,33,34,36,37,40:B3,6,11,13,15,16,17,18,19,25	40-35	?	deel58:p18
B:W7,28,31,36,37,44:B3,6,13,15,17,19,25	19-23	!	deel58:p18
B:W15,29,31,33,35,36,38,39,48:B3,4,8,9,11,14,19,21,22	21-26	?	deel58:p19
W:W26,27,28,32,35,36,37,38,39,40,42,43,45:B3,6,10,11,12,15,16,17,18,19,21,23,24	27-22	!	deel58:p19
B:W24,25,26,29,36,38,40,41,43,49:B2,4,6,9,11,13,14,17,27,28	28-33	!	deel58:p20
B:W27,28,31,32,33,34,35,37,39,40:B3,12,13,16,18,19,23,24,25,26	3-9	?	deel58:p21
W:W27,28,31,32,33,34,35,37,39,40:B9,12,13,16,18,19,23,24,25,26	27-21	!	deel58:p21
W:W27,28,31,32,33,34,36,37,38,39,40,42,43,45:B2,3,6,8,9,10,12,13,16,17,19,23,24,25	33-29	!	deel58:p21
B:W24,27,28,29,32,34,37,38,39,40,41,42,43,44,45,47,49:B2,3,4,6,7,8,9,12,13,15,16,17,18,20,23,25,26	6-11	?	deel58:p22
W:W25,27,28,30,31,32,33,34,35,38,46,48:B2,4,6,9,11,12,13,14,16,19,23,24	34-29	?	deel58:p22
B:W25,26,35,36,38,39,42,45,47:B3,5,9,12,13,15,18,23,27	18-22	?	deel58:p23
W:W19,25,26,27,35,36,38,39,43,44,45:BK48,3,4,5,9,10,11,12,16	36-31	?	deel58:p23
W:W23,26,29,33,37,38,39,41,43,44,45,48:B3,6,8,10,11,12,13,15,16,17,18,20	44-40	?	deel58:p23
W:W23,26,33,37,38,39,40,41,43,45,48:B3,6,8,10,11,12,13,16,17,18,24	23-19	?	deel58:p23
B:W27,28,32,33,34,35,36,37,38,41,42,43,45,47,48:B1,3,4,5,6,8,11,12,13,16,18,19,24,25,26	16-21	!	deel58:p24
W:W25,28,31,32,33,35,36,38,39,41,42,43,45,48:B3,6,7,8,9,12,13,14,15,18,19,21,23,24	31-27	?	deel58:p25
B:W25,27,32,33,35,36,38,39,41,42,43,45,48:B3,6,7,8,9,13,14,15,19,24,29	24-30	!	deel58:p25
W:W25,29,30,33,36,37,38,39,40,43:B3,9,11,14,15,16,18,22,26,27	39-34	?	deel58:p25
W:W28,33,34,35,38,39,41,47:B4,13,16,18,19,24,25,36	34-29	?	deel58:p26
B:W26,28,29,30,32,33,36,37,38,39,49:B2,8,9,12,13,15,16,17,18,20,22	20-24	?	deel58:p26
W:W25,36,38,42,43,45,48,49:B3,5,8,9,10,14,16,18,23,24,27,35,37	42x15	!	deel58:p27
B:W18,24,28,29,36,37:B8,14,15,17,25,26,27	27-31	!	deel58:p27
B:W16,26,28,29,31,33,34,38,39:B1,12,13,15,17,18,20,25,30	17-21	!	deel58:p27
B:W6,25,28,32,33,34,43,48:B3,9,19,24,35,41	41-47	?	deel58:p28
W:W6,25,28,30,32,43,48:BK29,3,9,19,24,35	25-20	!	deel58:p28
W:W29,31,32,33,36,37,38,39,40,42,44,48:B2,4,6,11,14,15,16,18,19,21,22,26	29-23	?	deel58:p28
W:W27,33,36,37,42,44,48:B4,6,16,17,26,45	42-38	?	deel58:p28
B:W25,26,27,32,37,38,43:BK50,12,16,17,29	50-33	?	deel58:p28
B:W25,26,28,32,35,36,39,42,44,45:B6,9,11,14,15,17,18,19,20,29	19-23	!	deel58:p29
W:W26,29,31,32,33,34,35,36,38,39,40,42,43,44,45,48,49:B1,2,3,7,8,9,12,13,14,15,17,18,19,20,22,24,25	32-27	?	deel58:p29
B:W15,25,27,28,30,32,33,37,41,42,44,47,50:B3,4,6,8,9,12,13,16,18,19,23,26,45	19-24	?	deel58:p30
B:W25,27,28,32,33,35,38,42,43,45,46,48,50:B7,11,12,13,14,15,16,18,19,20,21,23,24	11-17	?	deel58:p30
W:W26,28,30,31,32,33,35,43,45:B9,12,16,17,19,20,22,23,24	30-25	?	deel58:p31
B:W19,21,27,31,35,36,38,39,42,43,45,48:B8,9,12,13,15,16,18,20,22,23,28	13x24	?	deel58:p31
W:W21,27,31,35,36,38,39,42,43,45,48:B8,9,12,15,16,18,20,22,23,24,28	39-34	?	deel58:p31
W:W21,27,31,35,36,38,39,42,43,45,48:B8,9,12,15,16,18,20,22,23,24,28	31-26	!	deel58:p31
W:W25,28,32,34,35,36,37,38,40,42,43,48,49:B3,6,8,9,10,11,12,13,14,17,18,21,24	34-30	?	deel58:p32
W:W16,21,26,32,33,44,45,49:B3,7,12,17,18,23,25,30	33-28	?	deel58:p32
W:W22,27,28,32,34,37,38,42,45,48:B1,2,11,13,16,18,19,21,25,26,33	38x29	?	deel58:p33
B:W22,27,28,29,32,34,37,42,45,48:B1,2,11,13,16,18,19,21,25,26	26-31	!	deel58:p33
B:W6,22,27,28,29,32,34,42,45,48:B1,2,13,16,18,19,25	16-21	!	deel58:p33
B:W28,32,33,35,36,40,42,43,45,47,48:B1,3,9,15,16,17,18,19,21,22,25	21-27	!	deel58:p33
W:W24,26,29,30,34,37,38,39,40,43,45,47:B3,4,5,9,13,14,15,18,22,25,27,36	40-35	?	deel58:p34
B:WK4,24,25,28,32,38,39,42,46,47:B8,13,14,16,18,21,26,31,36	18-22	!	deel58:p35
W:W27,31,32,33,34,35,36,39,42,49:B2,3,12,16,17,18,21,23,24,25	42-38	?	deel58:p35
W:W22,27,30,34,35,36,40,43,44,45,48,49:B3,7,8,9,10,13,14,19,20,23,25,33	44-39	!	deel58:p35
B:W23,24,25,29,36,43,47:B4,14,15,17,20,22,27	14-19	?	deel58:p36
W:W24,27,29,30,31,32,34,36,39,40,42,43,44,45,46,47,48,49:B1,2,3,4,7,8,9,11,12,13,14,15,16,18,19,20,23,25,33	39x28	?	deel58:p36
B:W15,27,30,31,33,36,37,38,39,41,42,43,44,46,48,49:B3,4,6,7,8,9,11,12,13,14,16,17,18,19,22,23	17-21	?	deel58:p36
W:W15,27,30,31,33,36,37,38,39,41,42,43,44,46,48,49:B3,4,6,7,8,9,11,12,13,14,16,18,19,21,22,23	30-24	!	deel58:p36
W:W24,27,28,29,31,36,39,40,42,49:B2,6,7,9,10,12,13,14,18,25	27-22	?	deel58:p36
B:W21,26,27,28,30,35,38,39,48:B3,7,9,11,12,14,18,19,24	18-23	?	deel58:p37
W:W21,25,34,37,38,40,42,43,45,47:B1,12,13,14,18,19,22,23,24,36	34-29	?	deel58:p37
B:W16,26,27,32,35,36,37,39,42,45,49:B4,7,8,11,15,18,20,23,24,28,29	29-33	?	deel58:p37
W:W16,26,27,32,35,36,37,39,42,45,49:B4,7,8,11,15,18,20,23,24,28,33	37-31	!	deel58:p37
W:W16,26,31,36,45,49:BK21,4,7,8,11,15,18,20	26x6	!	deel58:p37
B:W18,24,28,32,33,34,36,37,38,39,40,42,43,45,46,47,48,50:B2,3,4,6,7,8,9,10,11,12,13,14,15,16,21,25,26	13x22	?	deel58:p38
W:W15,24,26,31,33,34,36,39,41,42,43,47,49:B3,4,6,11,12,13,17,18,22,23,25,28,32	41-37	?	deel58:p38
B:W24,29,32,33,34,35,36,38,40,42,44,45,48:B2,3,6,8,9,13,15,18,20,21,22,25,26	13-19	!	deel58:p39
W:W28,33,35,36,38,40,42,43,45,50:B3,6,11,13,15,16,17,19,23,24	38-32	?	deel58:p40
B:W18,22,28,32,35,36,38,39,40,42,43,45,46,47,48,49,50:B1,2,3,4,5,6,7,9,11,13,15,16,17,20,21,24,25	7-12	?	deel58:p41
W:W22,28,32,35,36,38,39,40,42,43,45,46,47,48,49,50:B2,3,4,5,6,9,11,12,13,15,16,17,20,21,24,25	32-27	!	deel58:p41
B:W27,28,31,33,34,35,36,37,38,39,40,41,43,44,46,47,48,49,50:B1,2,3,4,5,7,8,9,11,12,13,15,16,17,19,20,22,25,26	13-18	?	deel58:p41
W:W27,28,31,32,33,34,35,36,38,40,48:B1,7,8,9,12,13,14,17,19,24,25	34-29	?	deel58:p46
B:W27,28,29,31,32,33,35,36,38,40,48:B1,7,8,9,12,14,17,18,25	18-22	?	deel58:p46
B:W16,21,26,28,33,34,35,36,38,42,43,44,45,47:B1,2,3,7,9,11,12,17,18,19,20,22,24,25	18-23	?	deel58:p46
B:W25,26,31,33,34,35,36,37,38,39,43,47,49:B5,6,8,11,12,13,14,19,22,23,24,27,28	12-18	?	deel58:p46
W:W25,26,31,33,34,35,36,37,38,39,43,47,49:B5,6,8,11,13,14,18,19,22,23,24,27,28	37-32	!	deel58:p46
B:W16,21,24,26,30,31,33,34,36,37,39,40,41,43,44,45:B6,7,8,9,11,12,13,14,15,17,18,22,23,25,28	14-20	?	deel58:p47
B:W24,28,29,31,33,34,35,36,38,39,40,43,44,45,46,47,48,49:B2,3,4,6,7,8,9,10,11,12,13,14,15,16,17,20,25,27	12-18	?	deel58:p47
B:W27,32,33,34,37,38,39,44,48:B6,8,9,13,18,20,25,26,35	18-22	?	deel58:p48
W:W24,28,29,31,32,33,34,37,38,40,42,45:B2,4,9,10,11,13,15,17,18,21,25,26	28-23	?	deel58:p48
B:W23,24,29,31,32,33,34,37,38,40,42,45:B2,4,9,10,11,13,15,17,18,21,25,26	17-22	!	deel58:p48
B:W27,28,30,31,32,33,35,37,38,39,41,43,44,45:B3,6,8,9,12,13,15,16,18,19,20,23,24,26	24-29	!	deel58:p48
W:W16,21,26,29,31,33,34,35,42,43,45,48,50:B3,7,8,10,12,13,15,17,18,20,22,23,25	34-30	?	deel58:p49
B:W25,26,33,34,36,38,40,49:B4,12,13,15,16,18,19,27	27-32	?	deel58:p49
W:W26,33,34,36,38,39,40,41,45,48,50:B3,6,7,8,9,10,12,13,15,19,20,24,27	34-29	!	deel58:p49
B:W14,24,33,36,37,39,47:B4,13,17,22,26,27,28	4-10	!	deel58:p49
W:W29,30,31,32,33,35,36,37,38,39,40,42,43,44,45,47,48,49:B2,3,4,5,6,8,9,10,11,12,13,15,16,19,20,22,24,26	30-25	?	deel58:p50
W:W25,26,32,33,34,35,38,42:B9,11,14,17,18,19,23,24	33-29	?	deel58:p50
B:W26,27,28,30,31,33,35,36,39,43,49:B8,11,13,14,15,16,17,18,19,20,24	24-29	?	deel58:p51
B:W24,27,29,32,33,34,35,37,38,39,41,43,44,45,47,48,49,50:B1,2,3,4,7,8,9,10,12,13,15,16,17,18,20,21,23,25	23-28	!	deel58:p51
W:W23,27,28,32,33,35,36,37,38,39,40,42,43,44,45,47,48,49:B2,3,4,6,7,8,9,10,11,12,13,14,15,16,19,20,21,26,34	39x30	?	deel58:p53
W:W25,28,30,32,33,35,36,37,38,39,40,41,42,43,45,46,48:B2,3,4,6,8,9,11,12,13,14,15,16,17,19,21,23,24,27	25-20	?	deel58:p53
W:W27,28,32,33,35,36,37,38,40,42,44,45,48:B3,6,8,9,13,14,16,17,18,19,23,24,26	37-31	?	deel58:p54
W:W26,27,28,32,33,34,35,39,43:B3,8,11,17,19,20,23,24,25	27-22	?	deel58:p54
W:W26,28,30,32,33,35,37,38,40,42,43,45,47,48:B2,3,6,8,9,11,13,14,15,17,18,19,23,24	47-41	?	deel58:p55
W:W7,15,24,47:B5,9,14,18,36	47-42	!	deel58:p56
B:W21,26,28,31,33,35,38,43,44,50:B2,7,9,12,17,18,19,24,25,45	24-29	!	deel58:p56
W:W21,25,26,32,33,35,38,39,43:B8,9,11,13,18,19,23,24,29	32-28	!	deel58:p57
B:W22,27,28,29,32,34,36,37,38,40,42,43,44,45,46,48:B2,3,4,6,8,9,11,12,13,14,15,17,18,25,26,35	17-21	!	deel58:p57
B:W25,26,29,31,36,37,38,39,41,48,49:B6,11,12,13,14,17,18,19,20,22,27	19-23	?	deel58:p59
W:W25,26,29,31,36,37,38,39,41,48,49:B6,11,12,13,14,17,18,20,22,23,27	29-24	!	deel58:p59
W:W26,29,31,32,33,34,35,36,37,38,39,40,41,42,43,44,45:B3,4,6,7,8,9,12,13,15,17,18,19,20,22,23,24,25	32-28	?	deel58:p59
W:W25,26,29,30,35,37,38,39,44,48:BK47,2,3,12,13,14,15,16,18,20,22	30-24	!	deel58:p60
B:W22,23,28,29,31,32,33,34,35,38,39,43,44,45,47,48:B2,3,4,6,9,10,11,13,14,16,17,19,20,21,24,25	24-30	!	deel58:p60
W:W27,28,31,32,34,38,40,43,45,47,48:B2,7,8,9,13,16,18,19,20,23,24	27-21	!	deel58:p63
B:W13,27,31,32,35,36,37,38,39,40,41:B2,6,8,11,12,14,16,19,24,25	2-7	!	deel58:p63
B:W21,24,29,33,36,37,38,40,48:B9,12,13,15,16,20,22,26	16x27	?	deel58:p64
B:W25,27,28,30,32,34,35,36,37,38,40,43,45,48:B3,6,8,9,11,12,13,14,15,18,19,23,26,29	12-17	?	deel58:p65
B:W21,26,35,36,37,38,40,45,48,49:B2,11,12,13,14,17,19,22,24,25	24-30	?	deel58:p65
B:W22,27,30,32,33,35,36,37,38,42,43,48,50:B6,7,8,9,11,13,15,16,18,19,23,24,26	7-12	?	deel58:p66
W:W22,27,30,32,33,35,36,37,38,42,43,48,50:B6,8,9,11,12,13,15,16,18,19,23,24,26	33-29	!	deel58:p66
W:W26,28,33,34,35,36,38,39,45,48:B3,7,9,10,12,13,14,17,18,24	34-29	?	deel58:p67
B:W26,28,29,33,35,36,38,39,45,48:B3,7,9,10,12,13,14,17,18,24	24-30	!	deel58:p67
B:W24,26,28,29,33,34,37,38,39,40,49:B3,5,10,12,13,15,16,18,20,21,25	25-30	!	deel58:p68
W:W20,27,33,35,48:B2,3,10,17,18	20-15	?	deel58:p68
W:W19,25,26,29,31,34,35,36,39,41,43,46,49:B5,8,10,11,12,14,15,17,18,22,23,27,28	39-33	!	deel58:p69
W:W25,27,28,30,31,32,33,35,37,41,42,43,47,48,49:B2,3,4,6,8,9,12,14,15,16,19,21,23,24,26	33-29	?	deel58:p69
B:W12,22,26,29,30,32,35,41,42,43,47,48,49:B2,3,4,6,8,9,15,16	8x46	!	deel58:p69
B:W24,28,29,31,33,34,36,37,38,40,41,42,43,44,45,46,48,49:B1,2,3,4,7,8,9,10,11,12,13,15,17,18,20,21,25,26	18-23	!	deel58:p70
B:W22,27,28,32,33,34,35,36,37,38,42,43,44,45,48,50:B3,5,6,8,9,11,12,13,14,16,18,19,21,23,24,26	23-29	?	deel58:p70
B:W24,29,31,32,33,34,36,37,38,40,42,43,44,45,46,47,48,49:B1,2,3,4,5,6,8,9,11,12,13,15,16,18,20,22,25,26	22-28	!	deel58:p70
W:W26,27,32,33,34,35,36,38,39,40,41,45,49:B3,4,6,8,11,12,13,14,15,16,17,18,23	49-43	?	deel58:p71
B:W18,23,28,29,31,32,33,37,38,39,43,45:B3,7,8,11,12,14,15,16,17,20,26,30	3-9	?	deel58:p72
W:W18,23,28,29,31,32,33,37,38,39,43,45:B7,8,9,11,12,14,15,16,17,20,26,30	29-24	!	deel58:p72
B:W19,26,27,31,32,33,35,36,38,40,42,45,48:B6,8,9,10,12,13,16,18,22,24,25,30	24-29	?	deel58:p73
W:W20,28,31,32,33,34,35,36,38,42,43,45,48,50:B3,4,6,9,11,13,15,16,17,18,19,22,23,30	35x24	?	deel58:p73
B:W25,28,30,33,34,35,36,37,38,40,41,43,45,46,47,48,49:B2,3,6,7,8,9,10,12,13,14,15,16,17,18,19,24,26	17-21	?	deel58:p73
W:W24,28,29,32,33,34,36,37,38,39,40:B3,4,8,15,16,17,18,20,21,22,26	37-31	?	deel58:p73
B:W25,27,32,33,35,36,38,39,40,41,42,43,44,45,46,48,49:B2,3,4,7,8,9,11,12,13,14,15,16,18,19,23,24,26	26-31	?	deel58:p74
W:W25,27,28,31,32,33,36,38,39,40,43,45,48,49:B3,4,6,7,8,9,10,12,13,14,16,19,21,24	31-26	?	deel58:p75
B:W25,26,27,28,32,33,36,38,39,40,43,45,48,49:B3,4,6,7,8,9,10,12,13,14,16,19,21,24	12-18	!	deel58:p75
W:W28,33,34,36,37,38,39,44,48:B3,6,8,10,13,24,26,27,35	34-30	?	deel58:p76
B:W15,25,30,31,33,36,38,43,46,48,49:B3,4,9,10,12,16,17,19,21,22,27	19-23	?!	deel58:p76
W:W15,25,30,31,33,36,38,43,46,48,49:B3,4,9,10,12,16,17,21,22,23,27	38-32	?	deel58:p76
B:WK5,15,31,36,43,46,48,49:B3,4,9,12,16,17,21,22,23	21-27	!	deel58:p76
B:W22,25,28,32,33,35,37,38,39,42,45,48:B2,4,10,13,14,15,16,19,21,23,24,26	2-8	?	deel58:p78
W:W25,31,34,35,37,42,43,45:B8,9,10,14,19,20,26,33	37-32	!	deel58:p78
B:W23,24,29,34,37,38,39,40,43,45,47,49:B3,8,9,12,13,14,15,16,20,25,27,36	12-18	?	deel58:p78
W:W25,26,35,36,37,38,39,42,43,44,45,46,47,48,49:B2,3,4,6,7,8,9,10,11,12,14,17,18,19,27,33	38x29	?	deel58:p79
B:W24,27,29,32,33,34,38,39,43,44,46,47,48,49:B2,3,6,8,9,10,11,13,14,15,16,18,23,26	18-22	?	deel58:p79
W:W22,28,32,33,34,35,36,37,38,40,41,43,45,47,48:B2,3,4,5,6,8,11,13,15,16,19,21,24,25,26	47-42	?	deel58:p79
W:W25,32,37,42,43,44,45,48:B3,6,9,11,15,16,19,26,33	43-39	?	deel58:p79
W:W25,27,28,30,32,34,35,37,38,41,42,43,45,48,49,50:B3,5,6,9,11,13,14,15,16,17,18,19,21,23,24,26	28-22	?	deel58:p80
B:W21,25,26,32,35,39,42,43,45,48,49,50:B3,5,6,9,13,14,15,16,19	16x47	!	deel58:p80
B:W22,28,32,33,34,35,36,38,42:B12,13,14,15,16,19,21,23,25	21-26	?	deel58:p80
B:W24,25,26,31,36,38,47,48,49:B6,7,9,11,15,17,18,22,27	18-23	?	deel58:p81
B:W26,29,31,33,36,37,38,39,43,45,47,49:B2,7,9,11,12,13,15,18,19,22,25,27	19-23	?	deel58:p81
W:W16,25,28,31,35,37,38,39,40,41,42,43,44,45,46:B2,7,8,9,11,12,13,14,15,17,18,19,22,26,29	39-33	?	deel58:p82
B:W16,25,28,31,33,35,37,38,40,41,42,43,44,45,46:B2,7,8,9,11,12,13,14,15,17,18,19,22,26,29	17-21	!	deel58:p82
W:W27,28,31,32,33,34,35,38,42,43,48:B1,3,4,13,16,18,19,21,23,24,25	31-26	?	deel58:p82
B:W26,27,28,32,33,34,35,38,42,43,48:B1,3,4,13,16,18,19,21,23,24,25	4-9	!	deel58:p82
W:W24,26,28,29,31,33,34,36,38,39,40,42,43,44,45,47,49:B1,2,4,8,9,10,11,12,13,15,17,18,19,20,22,25,27	34-30	!	deel58:p83
W:W26,31,36,38,39,42,43,44,45,47,49:B1,2,4,8,9,10,11,12,13,15,17,20,22,27,30,32,40	45x5	!	deel58:p83
W:W25,28,30,31,32,35,36,37,38,41,44,45,46,48:B3,6,8,9,10,13,14,16,17,18,19,23,26,29	44-40	?	deel58:p84
W:W6,22,30,32,33,35,38,43,47:B1,7,19,20,23,24,26,29,36	30-25	?	deel58:p84
B:W6,22,25,32,33,35,38,43,47:B1,7,19,20,23,24,26,29,36	23-28	!	deel58:p84
B:W25,27,29,30,32,35,36,37,38,45,47,48,49:B2,3,9,10,12,13,14,15,16,17,19,20,26	2-8	?	deel58:p85
B:W24,25,29,34,36,39,43,48:B3,6,11,12,14,23,35	14-20	!	deel58:p85
W:W16,19,36,39,43,48:BK50,6,35	16-11	?	deel58:p85
B:WK1,25,32,33,35,37,38,40,42,43:B3,6,13,14,19,22,23,24,36	23-29	!	deel58:p85
W:WK3,36,38,39,42,43,45,49:B2,4,10,11,12,15,16,31,34	3x5	!	deel58:p86
B:W25,28,30,31,35,37,38,39,40,41,43,46,47,48:B1,3,4,8,9,12,14,15,16,18,19,21,24,26	8-13	?	deel58:p86
W:W25,28,30,31,35,37,38,39,40,41,43,46,47,48:B1,3,4,9,12,13,14,15,16,18,19,21,24,26	28-23	!	deel58:p86
W:W25,30,35,38,40,41,46,47,48:B1,3,4,9,12,13,14,15,16,21,24,28	30x26	!	deel58:p86
B:W25,29,30,32,34,35,36,42,46,48,49:B2,3,8,11,12,14,15,16,18,22,23	14-19	?	deel58:p87
W:W25,29,33,36,37,38,41,42,43:B6,9,12,13,14,17,20,26,27	37-32	?	deel58:p91
W:W25,27,32,33,34,36,37,39,40,42,48:B4,9,11,12,14,16,19,21,23,26,30	42-38	?	deel58:p91
B:W25,27,32,33,34,36,37,38,39,40,48:B4,9,11,12,14,16,19,21,23,26,30	14-20	!	deel58:p91
W:W28,33,34,35,36,37,39,40,42,43,48,49:B2,6,8,10,12,15,16,18,20,21,24,27	28-22	?	deel58:p91
B:W22,33,34,35,36,37,39,40,42,43,48,49:B2,6,8,10,12,15,16,18,20,21,24,27	18-23	!	deel58:p91
B:W28,29,32,33,35,36,37,38,43,45,48:B1,2,3,8,9,11,13,14,18,19,24	1-7	?	deel58:p92
B:W23,27,32,33,37,38,39,40,43,44:B4,8,12,13,14,16,17,24,25,35	13-19	?	deel58:p92
W:W27,28,31,32,35,36,38,40,42,43,44,48,50:B2,6,7,8,9,10,12,13,15,17,19,23,29	35-30	?	deel58:p92
W:W22,26,28,33,35,36,39,47,48:B6,11,13,14,16,17,19,24,25	48-43	?	deel58:p93
B:W24,26,28,31,36,39,41,43:B6,11,13,14,17,25	25-30	!	deel58:p93
W:W16,25,26,32,33,37,38,39,40,47,49,50:B7,8,10,12,13,14,17,18,19,22,23,24	37-31	?	deel58:p93
W:W25,26,33,36,38,40,42,43,45,47,48:B2,3,4,11,12,13,14,18,19,22,23	33-28	?	deel58:p93
B:W25,26,29,36,42,43,45,47,48:B2,3,4,11,12,13,14,18,19	19-23	!	deel58:p93
W:W28,31,32,33,34,35,36,37,39,42,43,44,45,47,49:B2,4,6,9,11,12,13,14,15,16,19,21,23,24,26	44-40	?	deel58:p93
B:W28,31,32,33,34,35,36,37,39,40,42,43,45,47,49:B2,4,6,9,11,12,13,14,15,16,19,21,23,24,26	21-27	!	deel58:p93
B:W26,27,30,38,39,43,48:B8,9,12,15,16,17,19	15-20	?	deel58:p93
W:W26,27,30,38,39,43,48:B8,9,12,16,17,19,20	30-24	!	deel58:p93
B:W27,28,29,31,32,34,35,36,37,38,42,48:B6,7,8,9,12,13,15,16,18,19,23,26	18-22	?	deel58:p94
W:W31,32,34,35,36,37,38,42,43:B6,7,9,15,16,19,21,22,26	32-27	!	deel58:p94
B:W27,29,31,32,33,34,39,43,44,45:B3,9,13,15,16,18,20,21,23,24	21-26	?	deel58:p94
B:W28,31,32,34,35,36,37,38,39,40,42,43,45,47,48,50:B1,2,3,6,8,9,11,12,14,15,16,18,19,20,23,26	11-17	?	deel58:p94
W:W28,31,32,34,35,36,37,38,39,40,42,43,45,47,48,50:B1,2,3,6,8,9,12,14,15,16,17,18,19,20,23,26	28-22	!	deel58:p94
W:W32,34,35,36,37,38,39,40,42,43,45,47,48,50:B1,2,3,6,7,8,9,12,14,15,19,20,23,26	37-31	!	deel58:p94
W:W35,36,38,40,42,43,45,47,48,50:B1,2,3,6,7,8,9,12,14,15,19,20,23,30	35x4	!	deel58:p94
W:W15,25,30,33,35,37,38,40,42,47,49:B3,4,9,12,13,14,18,23,26,27,36	40-34	?	deel58:p95
B:W23,24,25,26,27,30,33,35,36,42,49:B3,4,9,12,13,18	18x47	!	deel58:p95
B:W8,25,27,30,32,35,37,38,39,40,42,45,47,48:B3,6,7,9,13,14,15,16,18,19,23,24,26	13x2	?	deel58:p95
W:W25,28,29,33,35,36,38,40,42,43,48,49:B2,4,6,9,13,14,15,17,18,20,22,27,30	35x24	?	deel58:p95
W:W21,26,27,35,37,40,41,42,43,44,45:B3,5,8,12,13,14,16,17,19,25,29	42-38	?	deel58:p95
B:W23,26,27,28,35,39,41,43,45,48:B6,11,12,13,14,16,19,20,25	13-18	?	deel58:p95
W:W26,27,30,33,34,35,36,38,41,43,48,50:B1,3,8,12,13,14,15,16,17,18,19,23	38-32	?	deel58:p96
W:W27,28,32,33,34,35,37,38,45,48,49:B3,4,6,8,13,16,18,19,24,25,26	49-43	?	deel58:p96
W:W24,29,31,32,34,36,37,38,39,40,42,43,44,45,48:B2,3,4,6,8,12,13,14,15,16,18,20,22,25,26	39-33	?	deel58:p96
W:W20,25,26,30,37,39,41,42,47:B2,3,4,9,14,17,18,21,28	42-38	?	deel58:p97
B:W25,27,30,33,35,36,37,38,42,43,48:B6,7,9,12,13,15,18,19,23,24,26	9-14	?	deel58:p97
B:W26,28,34,35,37,39,40,41,42,43,44,45,47,48,49,50:B2,3,4,5,6,7,8,11,12,13,14,15,17,20,24,27	12-18	?	deel58:p97
W:W26,28,34,35,37,39,40,41,42,43,44,45,47,48,49,50:B2,3,4,5,6,7,8,11,13,14,15,17,18,20,24,27	35-30	!	deel58:p97
W:W23,24,26,29,33,34,35,36,37,38,39,40,41,43,44,45,46,47,49:B2,4,5,6,7,8,9,11,12,13,14,15,16,17,18,20,22,25,27	37-31	?	deel58:p98
B:W23,24,26,29,31,33,34,35,36,38,39,40,41,43,44,45,46,47,49:B2,4,5,6,7,8,9,11,12,13,14,15,16,17,18,20,22,25,27	27-32	!	deel58:p98
W:W22,27,28,32,33,35,36,37,38,39,41,43,45,46,47:B3,6,8,11,12,13,15,16,18,19,21,23,24,25,26	45-40	?	deel58:p98
W:W25,28,33,34,36,37,38,42,43,46,47,48:B1,3,7,8,12,13,14,16,17,18,24,27	34-29	?	deel58:p98
W:W28,33,34,35,36,37,38,39,40,41,43,47,48:B3,9,11,12,13,14,15,17,19,22,24,26,27	37-32	?	deel58:p99
B:W28,32,33,34,35,36,38,39,40,41,43,47,48:B3,9,11,12,13,14,15,17,19,22,24,26,27	24-29	!	deel58:p99
W:W23,28,29,36,39,40,41,47,49:B4,6,7,12,13,14,19,20,21	36-31	?	deel58:p99
B:W32,33,35,36,37,38,39,40,42,45,48:B3,4,12,13,15,18,19,20,21,23,26	20-24	?	deel58:p99
B:W25,26,33,34,36,39,41,42,43,44,47,49:B2,5,11,12,15,16,17,18,19,21,22,23	21-27	?	deel58:p99
B:W25,27,29,32,34,35,36,37,38,39,42,47,48,49:B3,4,6,7,9,11,12,13,14,16,17,18,19,20	4-10	?	deel58:p100
W:W25,27,29,32,34,35,36,37,38,39,42,47,48,49:B3,6,7,9,10,11,12,13,14,16,17,18,19,20	27-22	!	deel58:p100
W:W26,27,31,33,34,35,36,38,39,41,43,49:B2,6,8,10,11,12,13,14,16,17,23,24	34-29	?	deel58:p100
B:W19,26,27,31,33,35,36,38,41,43,49:B2,6,8,10,11,12,13,14,16,17	13x24	!	deel58:p100
B:W24,29,31,32,33,34,37,38,39,40,41,42,43,44,45,47,49:B2,3,4,5,6,7,8,9,11,12,13,14,15,18,20,23,26	12-17	?	deel58:p100
W:W27,29,31,32,33,34,39,42,43,44,48:B2,3,4,12,17,18,20,22,23,24,35	33-28	?	deel58:p101
B:W19,27,32,33,36,37,38,39,40,42,43,45,47,48,49,50:B2,3,6,7,8,9,10,12,13,14,15,16,18,20,30	14x23	?	deel58:p101
B:W25,28,30,32,33,35,36,38,39:B3,8,13,17,18,19,23,24	24-29	?	deel58:p101
W:W15,26,31,33,34,35,36,37,38,39,43,45,46,49:B2,4,7,8,12,13,14,17,18,22,23,25,27,28	37-32	?	deel58:p102
B:W24,27,28,29,32,34,37,38,39,40,41,42,43,44,45,47,49:B1,2,3,4,7,8,9,12,13,15,16,18,20,21,23,25,26	1-6	?	deel58:p102
B:W22,26,27,30,35,39,42,45,47,49:B11,12,13,14,15,18,19,20,23	20-25	?	deel58:p102
B:W26,31,32,35,36,37,38,39,40,45,47,48,49:B2,4,9,11,12,13,14,15,16,19,22,25,29	19-23	?	deel58:p103
B:W6,27,28,33,34,36,38,45,48,49:B1,8,9,13,16,17,18,24,25,35	35-40	?	deel58:p103
B:W25,26,27,31,33,34,36,39,43,44,45,46,47,48,49:B1,3,5,6,7,8,9,10,12,13,15,16,18,19,22	19-23	?	deel58:p103
W:W16,28,33,35,36,38,39,41,42,43,45:B6,7,8,9,11,12,13,14,18,19,24	39-34	?	deel58:p103
B:W28,29,33,34,35,36,37,38,39,40,43,44,45:B6,8,9,12,13,14,15,18,19,20,24,25,26	12-17	?	deel58:p104
B:W28,29,33,35,38,39,42,45,47:B8,9,15,17,18,20,24,26,31	31-37	?	deel58:p104
B:W27,31,32,33,34,36,39,41,43,44,49:B2,6,9,10,14,15,16,17,18,22,23	23-29	?	deel58:p104
W:W30,33,34,36,37,38,39,40,41,42,44,47,48,49,50:B2,3,4,6,7,8,9,11,12,13,14,17,19,23,27	37-32	?	deel58:p104
B:W30,32,33,34,36,38,39,40,41,42,44,47,48,49,50:B2,3,4,6,7,8,9,11,12,13,14,17,19,23,27	27-31	!	deel58:p104
B:W24,27,29,33,34,35,36,37,38,39,41,42,43,45,46,47,48,50:B2,3,5,6,7,8,9,10,11,12,13,15,16,17,18,23,25,26	10-14	?	deel58:p104
W:W21,26,34,35,38,42,43,45:B1,13,14,18,19,22,23,24	43-39	?	deel58:p105
B:W27,28,32,35,36,37,38,39,40,42,43,44,45,47,48,49:B2,3,5,6,8,10,11,12,13,15,16,18,20,21,23,26	3-9	?	deel58:p105
B:W25,26,29,31,36,38,39,41,42,43,44,46,47,48,49,50:B2,3,4,6,7,8,10,11,12,13,14,15,17,18,22,27	13-19	?	deel58:p106
B:W27,31,34,35,38,40,42,45,47,48,49:B3,4,6,8,12,13,14,17,18,20,23	20-24	?	deel58:p106
W:W24,29,30,32,34,37,40,41,42,45,49:B3,4,9,11,13,15,16,19,20,22,25	37-31	?	deel58:p106
B:W24,29,30,31,32,34,40,41,42,45,49:B3,4,9,11,13,15,16,19,20,22,25	22-28	!	deel58:p106
W:W23,34,35,36,37,38,39,42,43,45:B2,3,6,8,11,13,14,15,16,25	38-32	?	deel58:p106
B:W26,29,32,33,34,35,36,37,38,39,40,41,42,43,45,46,47,49,50:B2,3,4,6,7,8,9,10,11,12,13,14,15,16,18,19,20,22,23	12-17	?	deel58:p107
B:W27,28,30,32,33,34,36,37,38,40,42,43,44,48,50:B3,5,6,9,12,13,15,16,17,19,20,23,24,26,35	17-21	?	deel58:p108
W:W27,28,30,32,33,34,36,37,38,40,42,43,44,48,50:B3,5,6,9,12,13,15,16,19,20,21,23,24,26,35	44-39	!	deel58:p108
W:W15,24,25,26,33,37,38,39,40,42,47:B4,7,9,12,14,17,22,27,28,29,36	24-19	?	deel58:p108
W:W32,33,36,38,41,42,43,44,45:B2,4,8,11,12,13,14,17,18,34	44-39	?	deel58:p108
B:W30,32,33,36,38,41,42,43,45:B2,4,8,11,12,13,17,18,20	20-25	!	deel58:p108
B:W24,26,27,31,34,35,38,40,42,45:B7,9,12,13,15,16,17,18,23,25	23-28	?	deel58:p108
W:W24,26,27,31,34,35,38,40,42,45:B7,9,12,13,15,16,17,18,25,28	26-21	!	deel58:p108
B:W20,24,25,33,36,39,40,41,42,43,46,47,48,49,50:B2,3,4,6,7,8,9,13,14,15,16,18,21,26,32	14-19	?	deel58:p109
W:W20,24,25,33,36,39,40,41,42,43,46,47,48,49,50:B2,3,4,6,7,8,9,13,15,16,18,19,21,26,32	39-34	!	deel58:p109
W:W25,26,30,32,35,37,38,39,45,49:B4,12,14,15,16,17,18,21,23,29	37-31	?	deel58:p109
W:W25,30,32,35,36,37,38,39,43,47,48,49:B2,3,9,10,12,13,14,16,19,21,24,26,29	37-31	!	deel58:p109
W:W24,30,31,33,34,35,36,37,38,39,40,41,42,45,46,48:B2,3,6,8,10,11,12,13,14,15,16,18,21,22,25,28	31-26	?	deel58:p109
B:W24,26,30,33,34,35,36,37,38,39,40,41,42,45,46,48:B2,3,6,8,10,11,12,13,14,15,16,18,21,22,25,28	22-27	!	deel58:p109
W:W26,33,34,38,39,40,41,42,43,44,47,49:B2,8,12,14,15,17,18,19,22,23,25,27	41-37	?	deel58:p110
B:W23,28,29,32,34,36,38,39,40,44,50:B8,12,13,14,15,20,25,26,27,30,35	13-18	?	deel58:p110
B:W26,28,29,32,33,34,35,36,37,38,39,40,42,44,47,49,50:B2,4,7,8,9,10,11,12,13,14,15,16,17,20,22,24,25	22-27	?	deel58:p110
W:W23,24,28,29,33,34,36,38,39,43,44,47,48:B2,3,8,12,13,14,15,17,18,20,25,26,27	34-30	?	deel58:p110
W:W25,26,27,30,32,33,35,40,44:B9,14,15,16,17,18,19,23,24	40-34	?	deel58:p111
B:W25,26,27,30,32,33,34,35,44:B9,14,15,16,17,18,19,23,24	14-20	!	deel58:p111
B:WK3,26,27,30,32,33,34,35,44:B15,16,17,18,19,23,24	18-22	!	deel58:p111
B:W25,27,28,30,31,32,35,36,38,40,42,45,48:B3,8,9,13,14,15,16,17,18,19,21,23,24	21-26	?	deel58:p111
W:W25,27,28,30,31,32,35,36,38,40,42,45,48:B3,8,9,13,14,15,16,17,18,19,23,24,26	27-21	!	deel58:p111
B:W22,30,32,33,34,35,36,38,43,48:B7,8,9,13,14,16,19,21,23,24	7-11	?	deel58:p111
W:W23,26,28,29,33,34,35,36,37,38,39,41,42,43,46,47,48,50:B2,3,4,6,7,8,9,10,11,12,14,15,17,19,20,24,25,27	37-32	?	deel58:p112
B:W17,21,22,26,34,35,36,38,39,41,42,43,46,47,48:B2,3,4,6,7,8,10,11,12,13,14,15,20,25	11-16	!	deel58:p112
B:W23,28,30,33,34,38,39,42,46:B3,8,13,14,15,25,26,27,36	13-19	?	deel58:p112
B:W25,27,28,32,35,36,37,38,39,40,42,43,44,45,46,47,48,49:B2,3,6,7,8,9,10,11,12,13,14,15,16,17,18,20,23,26	17-22	?	deel58:p112
W:W25,27,28,31,32,33,36,37,38,39,40,43,45,48:B2,3,6,9,11,12,13,14,15,16,18,19,20,23	31-26	?	deel58:p112
B:W27,28,29,33,34,35,36,37,38,39,40,44,45,48:B3,8,9,10,12,13,14,15,16,18,20,24,25,26	12-17	?	deel58:p113
W:W28,33,34,36,38,39,40,44,45,48:B3,8,9,10,13,14,15,17,18,25,27,29,35,37	34x41	!	deel58:p113
W:W16,17,25,33,35,36,38,39,43,48:B2,3,6,8,9,13,14,15,24,26	17-11	!	deel58:p113
B:W27,28,32,35,37,38,39,40,41,42,43,45,47,48,49,50:B1,2,3,4,7,8,9,10,12,13,15,16,17,18,23,24	13-19	?	deel58:p113
B:W27,28,31,32,33,38,43,44:B3,6,12,16,19,23,24,35	3-9	?	deel58:p113
B:W30,31,33,34,35,36,38,39,42,43,48:B3,4,12,13,14,15,16,18,22,23,27	4-9	?	deel58:p113
B:W26,27,28,32,33,34,35,36,38,40,42,43,45,47,48,49:B3,6,7,9,12,13,14,15,16,18,19,20,21,23,24,25	3-8	?	deel58:p114
B:W24,27,28,32,36,37,38,39,43,45,48:B6,8,9,13,15,16,19,20,23,26	19x30	?	deel58:p114
W:W27,28,32,33,34,35,36,37,38,39,40,42,43,44,45,47,48:B2,3,4,6,8,9,11,12,13,14,15,16,19,21,23,24,26	47-41	?	deel58:p114
W:W22,31,32,36,37,38,42,45,48:B3,6,11,12,13,16,23,26,30	38-33	?	deel58:p115
W:W23,27,32,33,34,36,37,38,39,40,41:B4,6,11,12,13,14,16,21,25,26,30	33-29	?	deel58:p115
W:W25,27,28,32,33,35,37,38,44,45,48:B3,6,11,12,13,16,18,19,23,24,26	44-39	?	deel58:p115
W:W26,29,30,33,38,42,43,45:B3,12,13,14,15,17,22,27	45-40	?	deel58:p116
B:WK2,34,36,39,44:B4,25,30,38	38-43	?	deel58:p116
W:WK35,34,36,39,44:BK49,4,25	34-30	!	deel58:p116
B:W26,28,29,32,36,39,40,42,43,44,47,48,49,50:B3,4,6,8,9,11,12,13,15,16,18,20,22,24	24x33	?	deel58:p116
B:W25,27,28,30,32,33,34,35,37,38,40,42,45,47,48:B1,2,3,7,9,12,13,14,15,16,17,19,23,24,26	24-29	?	deel58:p120
W:W24,25,29,33,37,39,40,42,47,48:B3,4,8,13,14,15,18,21,27,36	37-32	!	deel58:p121
W:W27,28,32,34,35,36,37,40,43,45:B9,12,13,15,16,18,20,21,24,25	37-31	!	deel58:p122
B:W27,28,31,32,34,35,36,40,43,45:B9,12,13,15,16,18,20,21,24,25	21-26	?	deel58:p122
W:W27,28,30,32,33,35,36,37,38,39,41,43,44,45:B3,6,8,9,12,13,15,16,18,19,20,23,24,26	36-31	?	deel58:p124
B:W26,27,29,31,32,35,37,38,39,43,44,45,47,49:B3,4,6,7,8,10,11,12,16,17,18,19,22,25	3-9	?	deel58:p125
W:W35,38,39,43,44,45,47,49:B4,6,7,8,9,10,11,17,23,25,27,29	38-33	!	deel58:p125
B:W25,27,28,32,37,42,43,44,45,48:B3,6,9,11,13,15,16,18,19,26	18-22	!	deel58:p126
B:W25,27,32,39,42,44,45,48:B6,8,9,15,16,17,19,26,33	26-31	!	deel58:p126
B:W25,32,36,40,42,43,44,48:B6,8,9,15,16,17,19,33	15-20	!	deel58:p126
W:W18,31,32,34,35,36,37,38,42,48:B6,7,9,13,15,16,19,21,26	48-43	!	deel58:p126
W:W35,38,47:B6,7,9,15,16,19,22,30	35x4	!	deel58:p126
B:W23,27,33,36,39,40,42,43,44,49:B2,8,12,15,18	18x47	!	deel58:p127
W:W16,26,29,32,33,34,37,39,44:B6,12,13,17,18,20,25,30,35	32-28	?	deel58:p130
W:W21,22,26,27,28,31,36,38,42,43,45:B6,7,8,11,12,13,14,16,18,25,30,34	43-39	!	deel58:p136
B:W22,27,28,32,35,36,37,38,39,42,44,45,47,48,49:B2,3,4,6,7,8,9,11,13,15,16,17,20,24,25	4-10	?!	deel58:p137
B:WK30,35,36,37,38,39,42,44,45,47,48,49:B2,3,6,8,11,15,20,25	25x41	!	deel58:p137
W:W28,32,33,35,38,39,42,45:B6,11,15,18,19,21,24,25	42-37	?	deel58:p137
B:W25,26,27,28,29,32,36,38,46,50:B3,7,12,13,14,16,17,18,19,21,35	3-8	?	deel58:p137
W:W25,26,27,28,29,32,36,38,46,50:B7,8,12,13,14,16,17,18,19,21,35	46-41	!	deel58:p137
B:W25,26,27,29,32,34,38,42,43,44:B3,6,12,13,14,16,17,18,20,23	17-22	?	deel58:p137
W:W25,26,27,29,32,34,38,42,43,44:B3,6,12,13,14,16,18,20,22,23	32-28	!	deel58:p137
W:W29,32,33,35,36,37,38,39,40,42,45,48:B2,3,8,9,13,15,16,18,20,21,24,25	32-28	?	deel58:p138
B:W24,26,29,30,31,33,36,37,39,42,43,44,45,47:B2,4,6,8,9,11,12,13,14,15,17,22,27,28	17-21	!	deel58:p138
W:W25,26,27,28,32,39:BK38,6,12,13,14,16,18,24,35,37	32x41	!	deel58:p139
W:W23,26,33,38,39,40,42,44,49:B7,10,12,13,15,17,20,24,25,27	33-28	?	deel58:p139
B:W21,26,27,33,35,37,38,39:B6,8,10,11,12,18,23,24	12-17	!	deel58:p139
B:WK29,26,27,33,35,37,38,39:B6,11,18,23	23x41	!	deel58:p139
B:W10,36,37,38,41,43,45,46,47,48,49,50:B1,2,3,4,6,7,11,15,20,25,28,30	28-33	!	deel58:p140
B:W26,27,28,30,32,33,37,38,39,44:B4,7,10,12,13,15,16,17,18,20	10-14	?	deel58:p140
W:W35,36,37,38,39,48,49:B3,18,20,22,23,24,26	36-31	?	deel58:p140
W:W25,26,29,30,31,35,36,37,38,43,44,48,50:B2,3,8,11,12,13,14,15,16,17,18,22,23	30-24	!	deel59:p8
B:W25,29,30,32,33,35,36,37,38,42,44,48:B2,3,4,8,9,10,13,16,18,19,21,27	19-23	?	deel59:p8
W:W25,29,30,32,33,35,36,37,38,42,44,48:B2,3,4,8,9,10,13,16,18,21,23,27	30-24	!	deel59:p8
B:W25,27,28,37,38,40,42,43,44,48:B3,6,9,11,13,15,16,18,19,26	18-22	!	deel59:p13
W:W27,28,32,33,34,35,37,38,42,48:B2,3,11,14,16,19,21,23,24,26	27-22	!	deel59:p14
W:W28,32,33,34,35,37,38,42,48:B2,3,7,14,19,21,23,24,26	28-22	!	deel59:p14
W:W22,32,34,35,37,38,43:B2,7,19,21,23,25,26	35-30	!	deel59:p14
B:W15,26,29,30,31,34,36,40,43,45:B4,7,8,12,17,19,22,25,27,32	19-23	?	deel59:p17
W:W15,26,29,30,31,34,36,40,43,45:B4,7,8,12,17,19,22,25,27,32	29-23	!	deel59:p17
W:W15,26,30,31,34,36,40,43,45:B4,7,8,12,17,22,25,27,28,32	30-24	!	deel59:p17
B:WK10,26,31,36,43,45:B12,13,17,22,23,27,28,32,34	17-21	!	deel59:p17
B:W15,26,31,35,36,45,49:B4,7,8,12,17,18,19	17-21	!	deel59:p18
B:W15,25,26,35,36,39:B4,12,19,23,24,27	23-29	!	deel59:p18
W:W27,28,31,32,33,38,40,42,43,48:B4,6,7,11,15,17,18,19,24,29	28-23	!	deel59:p20
W:W38,40,42,43,48:B4,6,7,11,15,18,24,26,29,39	43x1	!	deel59:p20
W:W32,37,40,43,49:B6,9,21,26,35	49-44	?	deel59:p20
B:W32,37,40,43,44:B6,9,21,26,35	21-27	!	deel59:p20
W:W23,28,29,33,36,40,41,44,45,49:BK19,2,3,4,8,9,10,13,15,16,20,25	23x5	!	deel59:p21
B:WK5,6,23,24,29,36,37,38,39,40,43,44,45,49:B2,3,4,7,8,9,12,13,15,16	15-20	!	deel59:p21
W:W15,23,24,35,39,43:B2,4,8,9,41	39-34	?	deel59:p22
B:W25,26,31,33,36,38,39,42,43,44,47:B8,12,13,16,17,18,22,23,24,27,28	27-32	!	deel59:p22
B:W25,26,27,31,33,36,39,42,43,44,47:B8,12,13,16,17,18,22,23,24,28	23-29	!	deel59:p22
W:W25,30,33,35,36,38,39,42,45:B6,9,11,12,14,18,19,23,24	45-40	?	deel59:p22
B:W25,27,28,32,33,35,37,38,39,40,42,45:B3,13,14,15,16,17,18,19,21,23,24,26	17-22	?	deel59:p24
B:W18,30,34,35,37,38,42,45:B3,4,16,17,19,20,26	20-25	!	deel59:p24
W:W25,27,28,32,33,35,36,37,38,39,40,42,43,45,46,47,48,49,50:B1,2,3,4,6,7,8,9,12,13,14,15,16,17,18,19,23,24,26	39-34	?	deel59:p24
B:W27,28,32,33,35,36,37,38,39,40,42,43,45,46,47,48,49,50:B1,2,3,4,5,6,7,8,9,10,12,15,16,18,19,21,23,26	15-20	?	deel59:p24
W:W29,31,32,33,34,35,36,38,40,42,44,45:B7,8,9,12,14,15,16,20,21,22,24,25	33-28	!	deel59:p25
W:W29,31,32,34,35,36,38,40,42,44,45:B7,8,9,12,14,15,16,20,21,24,25,33	32-28	!	deel59:p25
W:W26,30,38,47,48:B3,14,19,22,27	38-32	!	deel59:p25
W:W11,25,26,36:B8,24,29,40	11-6	?	deel59:p26
B:WK6,17,36:B8,24,33,45	8-12	!	deel59:p26
W:W7,25,26,36:BK40,8,24,33	7-2	!	deel59:p26
W:W27,28,32,33,34,35,48:B11,16,18,19,20,21	28-23	!	deel59:p27
W:W25,28,33,35,36,38,39,40,42,43,45,48,49:B3,5,6,8,9,10,13,14,15,17,24,26,27	42-37	?	deel59:p39
B:W26,29,30,32,33,34,36,37,38,42,48:B6,9,11,13,14,15,16,17,18,21,27	13-19	?	deel59:p39
B:W23,26,33,35,36,38,39,40,42,43,44:B5,6,8,9,10,11,13,20,24,25,27	8-12	?	deel59:p42
W:W27,30,32,33,34,35,36,37,38,39,45,48:B6,7,11,12,13,14,18,19,20,23,24,25	48-43	?	deel59:p43
B:W25,27,28,32,33,36,37,38,39,40,45:B5,12,13,14,16,18,19,21,23,24,26	5-10	?	deel59:p43
W:W25,28,32,33,36,37,38,39,40,45:B10,12,13,14,16,19,21,23,24,26,27	37-31	!	deel59:p43
B:W27,28,32,34,36,38,39,40,42,44,48,50:B2,4,8,13,14,16,18,19,21,23,25,35	25-30	?	deel59:p43
B:W24,25,30,33,37,38,41,42,43,45:B3,6,7,8,13,14,16,18,22,26	8-12	?	deel59:p43
W:W17,23,26,42:BK49,15,44	17-12	?	deel59:p43
B:W22,28,30,32,33,35,36,38,39,40,42,43,45,47,48,49:B2,3,6,10,11,12,13,14,15,16,17,19,20,23,24,29	16-21	?	deel59:p44
W:W25,27,28,30,32,35,36,37,38,40,43,48,50:B3,9,11,12,13,14,15,16,18,19,23,26,29	38-33	!	deel59:p44
B:W21,26,28,33,38,43,44,45,48:B4,8,9,11,12,13,19,20,30	11-16	?	deel59:p44
W:W10,27,32,37,38,40,42:BK48,3,16,17,18,21,26	10-4	?	deel59:p44
B:WK4,18,32,37,38,40,42:BK48,3,16,17,21,26	3-9	!	deel59:p44
W:W22,25,28,30,32,33,35,36,38,39,48:B2,3,9,13,14,15,16,19,21,23,24	22-18	!	deel59:p44
B:W22,26,28,32,33,36,37,38,39,40,42,43:B6,7,8,11,12,13,14,16,17,19,20,23	13-18	!?	deel59:p45
W:W27,30,31,33,34,38,39,40,43,45,46,48:B1,3,5,9,13,14,15,16,17,18,19,25	33-29	?	deel59:p45
B:W25,26,28,31,33,36,38,39,40,42,43,44,48,49:B3,4,5,6,8,10,11,12,13,17,18,22,24,27	10-14	?	deel59:p45
W:W24,33,34,38,39,41,42,43,45,46,49:B2,3,5,6,7,13,15,19,25,26,27,32	34-30	?	deel59:p46
W:W21,26,33,34,35,36,38,39,40,42,43,45,47,48,49:B4,7,8,9,10,11,12,13,14,15,17,18,19,20,25	34-30	?	deel59:p46
B:W21,26,33,34,35,36,38,39,40,42,43,45,47,48,49:B4,7,8,9,10,11,12,13,14,15,17,18,19,20,25	11-16	?	deel59:p46
W:W22,26,28,32,33,34,35,36,38,42,43,44,45,48,50:B2,3,4,6,7,9,11,13,14,15,16,19,20,23,24	33-29	?	deel59:p46
B:W7,22,26,28,32,34,35,36,42,43,44,45,48,50:B2,3,4,6,9,11,13,14,15,16,19,20	13-18	?	deel59:p46
B:W7,22,26,28,32,34,35,36,42,43,44,45,48,50:B2,3,4,6,9,11,13,14,15,16,19,20	16-21	!	deel59:p46
B:W26,27,28,31,32,34,35,36,38,39:B11,12,13,14,16,17,19,23,24,25	12-18	?	deel59:p47
B:W22,26,30,32,34,35,36,38,40,42,43,48:B2,3,6,7,8,12,13,14,16,19,23,24	12-18	?	deel59:p47
B:W25,26,27,30,33,35,39,42,43,44,45,48:B7,8,10,12,13,14,15,17,18,19,24,34	17-21	!	deel59:p47
W:W24,27,29,33,34,37,39,40,41,42,43,44,45,46,47,48,49:B1,2,4,6,7,8,9,10,11,12,13,15,16,18,20,23,25	42-38	?	deel59:p48
B:W26,29,31,32,33,34,36,37,39,41,42,45,47,49:B2,5,6,7,8,10,11,12,15,16,18,19,22,35	15-20	?	deel59:p48
B:W16,25,26,28,32,35,38,39,43,47:B3,7,8,14,15,18,19,23,24	23-29	?	deel59:p48
B:W24,28,32,33,34,38,42,46,47,49,50:B2,3,6,12,13,15,17,21,22,25	6-11	?	deel59:p48
B:W22,25,28,30,32,33,34,35,36,38,40,43,45,46,48:B2,3,5,6,9,11,12,13,14,15,16,17,19,23,24	16-21	?	deel59:p48
B:W25,26,28,33,35,36,37,38,39,40,42,43,44,47,48,49:B3,4,6,8,9,11,12,13,14,15,17,18,19,22,24,27	4-10	?	deel59:p52
W:W25,26,28,33,35,36,38,39,40,42,43,44,47,48,49:B3,6,8,9,10,12,13,14,15,17,18,19,22,24,27	25-20	?	deel59:p52
W:W21,25,26,27,28,35,39,40,42,43,44,47,48,49:B3,4,6,8,9,12,14,15,16,17,18,19,24,36	27-22	?	deel59:p52
B:W25,26,28,32,35,39,40,42,43,44,47,48,49:B3,4,6,8,9,12,14,15,16,17,19,24,36	14-20	!	deel59:p52
B:W21,25,26,27,28,35,37,39,40,42,43,44,47,49:B3,4,6,9,12,13,14,15,16,17,18,19,24,36	3-8	?	deel59:p52
W:W21,25,26,27,28,35,37,39,40,42,43,44,47,49:B4,6,8,9,12,13,14,15,16,17,18,19,24,36	25-20	!	deel59:p52
W:W27,28,31,32,33,36,37,39,42:B6,8,12,15,16,18,40	42-38	!	deel59:p57
W:W19,27,31,32,33,36,37,38,39:B6,8,12,15,16,45	32-28	!	deel59:p57
B:W26,27,28,31,32,36,37,38,39,42:B6,8,11,12,15,16,17,18,21,30	18-23	!	deel59:p57
W:W26,30,38,43:B12,19,20,27	43-39	?	deel59:p58
B:W11,26,38,42:B12,15,25,27,35	12-18	?	deel59:p58
W:W24,26,30,34:B17,23,25,38	34-29	?	deel59:p58
W:W24,26,30,34:B17,23,25,38	24-19	!	deel59:p58
B:WK23,33,45:B20,30,31	30-34	!	deel59:p60
W:W27,29,32,33,34,35,36,38,39,40,42,43,44,45,48:B7,9,10,12,13,14,15,16,17,18,19,20,23,24,26	32-28	!	deel59:p61
W:W24,29,32,33,34,36,37,45,48:B3,9,13,15,18,20,21,26,27	29-23	!	deel59:p64
B:W24,29,34,36,37,40,42,48:B3,9,13,15,18,20,21,26	21-27	?	deel59:p64
W:W26,31,32,33,36,38,39,42,47:B4,6,11,12,13,16,17,18,23	33-28	?	deel59:p64
B:W26,28,31,32,36,38,39,42,47:B4,6,11,12,13,16,17,18,23	17-22	!!	deel59:p64
W:W28,31,32,33,34,37,38,39,40,43,45:B3,6,8,9,13,15,16,19,23,24,26	31-27	?	deel59:p64
B:W27,29,30,32,33,34,35,37,41,42,44,47,48,49,50:B2,3,4,6,8,9,12,13,14,16,17,18,19,23,26	2-7	?	deel59:p64
W:W18,25,41,42,44,45,48:B3,6,7,8,15,19,27	18-13	!	deel59:p64
B:W27,28,32,33,35,36,37,38,44,48:B6,9,11,12,13,16,18,19,23,26	12-17	?	deel59:p64
W:W24,25,29,36,37,38,43,47,48,49:B2,3,4,12,13,14,22,26,27,28	25-20	!	deel59:p66
W:W23,25,29,36,37,43,47,48,49:B12,13,14,15,18,21,22,26	25-20	!	deel59:p67
W:W26,31,34,36,37,39,40,41,42,43,44,47,48,49,50:B2,6,8,9,10,11,12,13,14,15,16,17,19,20,21,38	42x33	!	deel59:p67
W:W26,33,34,36,37,39,40,41,42,43,44,47,48,49,50:B2,6,8,9,10,11,12,13,14,15,17,19,20,23,27	34-30	!	deel59:p67
B:W25,26,31,33,35,36,37,38,39,43,44,47,48,49,50:B6,7,8,9,10,11,13,14,15,18,19,22,24,27,28	19-23	?	deel59:p68
W:W26,31,35,36,37,43,44,47,48,49,50:B6,8,9,10,11,12,13,15,18,19,22,24,25,28,38	43x3	?	deel59:p68
B:W20,26,29,31,35,36,37,38,40,42,45,47,49:B4,6,8,9,10,11,12,13,17,19,21,22,27	10-15	?	deel59:p69
B:W25,26,29,31,32,35,36,38,40,42,45,47,49:B4,6,8,9,10,11,12,13,17,19,21,22,27	12-18	?	deel59:p70
W:W25,26,29,31,35,36,37,38,40,42,45,47,49:B4,6,8,9,10,11,12,13,17,19,21,22,27	29-24	!	deel59:p70
B:W25,26,29,30,31,33,36,37,40,42,45,47,49:B4,6,8,9,11,12,13,15,17,19,21,22,27	22-28	?	deel59:p71
W:W22,25,26,29,30,36,37,40,42,45,47,49:B4,6,8,9,11,12,13,15,17,19,21,39	29-23	!	deel59:p71
W:W25,26,31,33,36,37,40,42,45,47,49:B4,6,8,9,11,12,17,21,22,24,27	33-28	!	deel59:p71
B:W25,26,30,31,35,36,37,43,47,49:B4,6,12,15,16,17,18,21,22,27	15-20	!	deel59:p73
W:W15,25,26,30,31,35,36,37,43,49:B4,11,13,14,16,17,18,21,33	37-32	!	deel59:p74
B:W15,25,26,30,31,32,35,36,43,49:B4,11,13,14,16,17,18,21,33	18-23	?	deel59:p74
W:W15,25,26,30,35,36,48,49:B4,11,14,16,18,19,28	30-24	!	deel59:p74
W:W15,25,26,30,31,32,35,36,49:B4,11,13,14,16,17,21,33	30-24	!	deel59:p74
W:W15,20,25,26,30,36,48,49:B4,13,16,17,18,19,28	30-24	?	deel59:p74
B:W15,26,29,31,36,43:B4,17,19,22,32	4-10	!	deel59:p75
B:W16,25,28,32,34,35,37,38,42:B7,13,14,18,19,20,24,26	18-23	?	deel59:p77
B:W16,25,28,32,34,35,37,38,42:B7,13,14,18,19,20,24,26	18-22	!	deel59:p77
W:W25,27,28,32,33,37,38,39,44:B6,11,12,13,14,19,23,24,26	44-40	?	deel59:p79
W:W25,26,27,28,30,31,32,33,34,35,38,41,42:B3,6,11,12,13,14,16,17,18,19,21,23,24	41-36	?	deel59:p80
B:W25,26,27,28,30,31,32,33,34,35,36,38,42:B3,6,11,12,13,14,16,17,18,19,21,23,24	24-29	!	deel59:p80
W:W31,32,35,37,38,41:B3,6,11,16,25,28,29,39	32x43	!	deel59:p81
B:W22,27,31,32,35,38,39,43,45,48,49,50:B3,6,8,10,11,13,14,15,16,19,21,29	21-26	?	deel59:p83
B:W20,30,35,42,43,49,50:B6,9,10,11,12,16,21,23	10-15	?	deel59:p83
B:W20,30,35,42,43,49,50:B6,9,10,11,12,16,21,23	21-27	!	deel59:p83
B:W27,28,30,32,34,35,36,37,38,39:B8,12,13,14,16,18,19,23,24,26	23-29	?	deel59:p84
B:W27,28,30,32,34,35,36,37,38,39:B8,12,13,14,16,18,19,23,24,26	14-20	!	deel59:p84
W:W25,27,28,32,33,36,37,38,44:B8,12,13,16,18,19,23,24,26	36-31	!	deel59:p84
W:W25,26,29,30,34,35,37,38,39,47:B2,8,11,12,13,14,15,18,19,28	30-24	!	deel59:p92
B:W24,25,26,29,34,37,38,39,47:B2,8,11,13,14,15,17,18,28	18-22	?	deel59:p92
W:W24,25,26,29,34,37,38,39,47:B2,8,11,13,14,15,17,18,28	38-32	?	deel59:p92
W:W24,25,26,29,33,34,37,39,47:B2,8,11,13,14,15,18,22,28	24-19	!	deel59:p92
W:W22,28,32,33,35,36,37,38,39,40,45:B8,13,14,15,19,20,21,23,24,25,26	33-29	!	deel59:p93
B:W22,24,28,32,35,36,38,40,42,45:B8,13,15,16,19,20,21,23,25	20x29	?	deel59:p94
B:W22,28,32,33,34,35,36,38,42:B12,13,14,15,16,19,21,23,25	13-18	!	deel59:p94
B:W25,26,29,30,31,35,36,37,38,43,44,48,50:B2,3,8,11,12,13,14,15,16,17,18,19,22	19-23	?	deel59:p125
W:W25,26,35,36,43,48,50:B2,3,8,11,12,13,14,16,17,18,24,34,44	50x10	!	deel59:p125
B:W25,26,29,30,31,35,36,37,38,43,44,48,50:B2,3,8,11,12,13,14,15,16,17,18,19,22	2-7	!	deel59:p125
W:W25,26,29,30,31,36,37,38,43,44,45,48,50:B2,3,6,8,11,12,13,14,15,16,18,22,23	30-24	!	deel59:p125
B:W26,27,31,33,34,36,38,39,43,50:B3,12,13,15,16,17,18,22,23,28	28-32	?	deel59:p126
W:W26,27,31,33,34,36,38,39,43,50:B3,12,13,15,16,17,18,22,23,32	50-44	!	deel59:p126
W:W25,26,31,33,35,36,38,39,40,42,47,48:B2,4,7,11,14,17,19,22,23,24,27,28	35-30	?	deel59:p130
W:W25,26,31,33,36,38,39,40,42,47,48,50:B2,4,7,11,12,14,17,19,22,23,24,27	40-34	!	deel59:p130
W:W25,26,33,36,38,39,42,44,47,48:B4,7,8,11,14,17,22,23,24,27	39-34	!	deel59:p130
B:W25,26,33,34,36,38,42,44,47,48:B4,7,8,11,14,17,22,23,24,27	8-12	?	deel59:p130
W:W23,28,32,35,36,37,38,40,42,45,48:B3,6,7,8,10,12,13,14,19,24	23-18	!	deel59:p131
B:W22,23,28,32,35,36,37,38,40,42,45,48:B3,6,8,10,12,13,14,16,17,19,24	24-30	!	deel59:p131
B:W11,23,28,32,36,37,38,40,42,45,48:B3,6,8,10,12,13,14,16,30	16x7	?	deel59:p131
B:W11,23,28,32,36,37,38,40,42,45,48:B3,6,8,10,12,13,14,16,30	16x7	!	deel59:p132
W:W25,30,34,35,37,38,48:B3,13,14,19,23,24,27	37-32	!	deel59:p133
W:W28,29,33,34,35,36,37,38,39,43,44,48,49:B3,4,6,8,9,10,11,13,15,18,20,24,27	28-22	?	deel59:p135
W:W28,29,33,34,35,36,37,38,39,43,44,48,49:B3,4,6,8,9,10,11,12,15,19,20,24,27	35-30	!	deel59:p135
W:W23,33,34,35,36,37,38,39,43,44,49:B3,4,6,9,10,12,13,14,15,26,27	34-29	!	deel59:p135
B:WK2,27,35,38,39,43:B6,14,15,23,25,41	41-47	?	deel59:p136
W:W33,34,35,36,37,39,40,41,42,44,47,49,50:B3,6,8,10,11,13,14,15,17,18,19,20,23,31	37x26	?	deel59:p138
W:W26,31,33,34,36,37,38,39,41,44,50:B6,8,9,10,14,15,17,22,23,27,28,35	33-29	!	deel59:p139
W:W26,31,33,34,36,37,38,39,41,44,50:B6,9,10,12,14,15,17,22,23,27,28,35	33-29	!	deel59:p139
W:W26,31,33,34,36,37,38,39,41,44,50:B6,9,10,13,14,15,17,22,23,27,28,35	33-29	!	deel59:p139
W:WK4,26,36,37,41,44,50:B6,10,14,15,17,30,33,35,40	26-21	!	deel59:p139
W:W26,31,33,34,36,37,38,39,41,44,50:B6,8,9,10,15,17,19,22,23,27,28,35	33-29	!	deel59:p139
W:W31,32,33,34,35,36,39,40,42,43,44,45,47,48,49:B1,2,3,4,7,8,11,12,14,15,16,18,21,22,25	32-28	!	deel59:p140
B:WK37,15,25,42:BK40,13,17	40-29	?	deel59:p141
B:W25,26,27,29,32,33,34,36,39,40,43:B7,9,11,12,13,14,15,17,18,19,20	20-24	!	deel59:p142
W:W25,26,27,32,33,34,36,39,40,43:B7,9,11,12,13,14,17,18,19,24	34-29	?	deel59:p142
W:W8,25,26,27,35,39:B1,14,17,18,37,38	26-21	!	deel59:p143
W:W8,25,27,35,39:B1,14,18,26,37,38	27-21	!	deel59:p143
W:W8,25,35,39:B1,14,17,18,37,38	39-33	!	deel59:p143
W:W8,25,35:B1,14,17,18,29,37	8-3	!!	deel59:p143
B:W10,25,26,27,35,36,39,43:B7,9,11,12,17,18,29,37	29-33	?	deel59:p143
W:W25,26,27,28,30,32,35,36,39,43:B7,9,11,12,14,17,18,19,24,29	26-21	!	deel59:p144
W:W26,28,29,33,35,38,39,41,42:B9,10,12,14,16,17,21,22,25	28-23	!	deel59:p145
B:W24,26,28,29,33,35,36,38,39,42:B10,12,13,14,16,17,18,21,25,27	27-31	!	deel59:p146
B:W23,24,26,29,30,33,37,38,41,43,44,49,50:B2,3,5,7,8,11,12,13,15,17,18,20,22	20-25	!	deel59:p148
B:W23,24,26,29,30,33,37,38,41,43,49,50:B2,3,5,7,8,11,12,13,15,17,18,22	15-20	!	deel59:p148
W:W25,28,32,33,34,36,37,38,39,40,41,42,43,45,48:B2,3,4,6,8,9,11,14,15,16,18,19,21,23,24	36-31	?	deel59:p149
B:W25,28,31,32,33,34,37,38,39,40,41,42,43,45,48:B2,3,4,6,8,9,11,14,15,16,18,19,21,23,24	24-29	!	deel59:p149
W:W25,28,32,33,36,37,38,39,41,42,43,45,48:B2,3,4,6,8,9,11,14,16,18,19,21,24	36-31	?	deel59:p149
W:W25,28,32,33,36,37,38,39,41,42,43,45,48:B2,3,4,6,8,9,11,14,16,18,19,21,24	28-22	?	deel59:p149
B:W25,31,32,33,36,38,39,41,42,43,45,48:B2,3,4,6,8,9,11,14,16,19,21,24,27	9-13	!	deel59:p149
W:W26,27,32,33,34,39,42,45,47,48:B7,12,13,14,15,17,18,23,24,35	45-40	?	deel59:p152
B:W26,27,34,37,38,39,41,43,44,49,50:B2,3,8,9,11,13,16,18,19,24,28	18-22	?	deel59:p152
B:W27,28,31,32,33,34,35,36,38,39,40,41,43,44,45,46,47,48,49,50:B1,2,3,4,5,6,8,9,10,11,12,13,14,15,16,18,19,20,21,23	21-26	?	deel59:p157
W:W27,28,31,32,33,34,35,36,38,39,40,41,43,44,45,46,47,48,49,50:B1,2,3,4,5,6,8,9,10,11,12,13,14,15,16,18,19,20,23,26	33-29	!	deel59:p157
W:W25,32,33,35,36,38,39,42,43,45,46,48,49:B2,3,6,8,9,12,13,14,15,18,20,21,27	32-28	?	deel59:p158
B:W27,28,31,32,33,34,35,36,37,39,40,42,43,45,47,48:B1,3,8,9,11,12,13,14,15,16,18,19,20,23,25,26	16-21	!	deel59:p159
B:W27,31,34,35,36,37,38,40,41,42,43,44,45,49:B1,2,3,7,8,10,12,13,14,15,16,18,20,23,28	16-21	!	deel59:p160
W:W16,27,31,34,35,36,37,39,40,41,42,43,45,49:B1,2,3,7,8,12,13,14,18,19,20,23,24,28	49-44	?	deel59:p160
B:W24,29,30,37,38,42,47:B9,14,15,22,26,27,36	14-20	!	deel59:p160
B:W23,26,28,31,32,33,36,37,38,39,40,42,43,46,48:B2,3,6,7,8,11,12,14,15,16,17,20,22,25,30	20-24	?	deel59:p161
W:W28,29,31,32,33,34,35,36,39,40,41,43,44,45,47,48,49,50:B1,2,3,4,5,6,7,8,9,10,11,13,15,17,18,19,20,25	43-38	!	deel59:p163
B:W28,29,31,32,33,34,35,36,38,39,40,41,44,45,47,48,49,50:B1,2,3,4,5,6,7,8,9,10,11,13,15,17,18,19,20,25	19-23	?	deel59:p163
B:W27,28,32,34,38,40,43:B12,17,18,19,23,25	19-24	!	deel59:p163
W:W27,30,32,34,38,40,43:B12,18,22,25	40-35	?	deel59:p163
W:W31,34,35,36,38,40,43,45,47,48,49:B3,5,6,8,11,13,15,16,20,41	34-29	!	deel59:p164
W:W27,32,34,35,37,38,40,41,42,43,45,48,49:B3,5,11,12,13,14,15,16,18,19,21,23,26	38-33	?	deel59:p165
B:W27,32,33,34,35,37,40,41,42,43,45,48,49:B3,5,11,12,13,14,15,16,18,19,21,23,26	23-29	!	deel59:p165
B:W27,29,32,35,37,40,42,45,48,49:B3,5,11,13,14,15,16,18,21,26	11-17	?	deel59:p165
W:W27,32,34,35,37,38,39,40,41,42,43,45,48:B3,5,12,13,14,15,16,17,18,19,21,23,26	38-33	!	deel59:p166
W:W27,32,34,35,37,38,39,40,41,42,43,45,48:B3,10,12,13,14,15,16,17,18,19,21,23,26	39-33	?	deel59:p166
W:W27,30,32,34,35,37,38,39,41,42,43,45,48:B3,10,12,13,14,16,17,18,19,21,23,25,26	38-33	!	deel59:p167
W:W26,27,32,33,34,39,42,45,47,48:B7,12,13,14,15,17,18,23,24,35	33-28	?	deel59:p168
W:W25,27,28,32,33,35,36,37,38,39,40,42,43,48,50:B2,3,4,6,8,9,12,13,14,16,17,19,23,24,26	35-30	?	deel59:p169
W:W15,26,30,31,33,35,36,37,38,43:B4,11,12,13,14,16,17,22,23,27	37-32	?	deel59:p170
B:W15,22,26,30,33,35,36,38,43:B4,11,12,13,14,17	17x48	!	deel59:p170
B:W15,26,30,31,35,36,37,38,43:B4,11,12,13,14,16,17,22,27	14-19	?	deel59:p170
W:W15,24,26,31,36,37,38,39:B4,11,12,16,17,22,23,27	37-32	!	deel59:p170
W:W15,24,26,31,36,37,38,39:B4,11,14,16,17,22,23,27	26-21	!!	deel59:p171
B:W15,20,26,31,32,36,38,39:B4,9,16,17,21,22,23,27	23-28	!	deel59:p173
B:W15,18,20,23,26,31,36,39:B4,9,16,17,21	17-22	!	deel59:p173
B:W9,15,18,23,28,31,36,39:B4,16	4x44	!	deel59:p173
B:W20,26,31,32,34,36,38,39,50:B4,9,16,17,21,22,23,27,45	23-28	!	deel59:p177
B:W23,31,34,36,39:B16,45	16-21	!	deel59:p178
B:W20,26,31,32,34,36,38,43,50:B4,9,11,17,21,22,23,27,45	11-16	!	deel59:p178
W:WK4,27,30,32,34,35,36,39:B3,12,15,19,20,23,42	27-21	!	deel59:p180
B:WK27,30,32,35,36,37:BK50,3,12,15,20	50-39	!	deel59:p180
W:WK50,21,28,35,36:BK26,8,12,15,24	28-22	?	deel59:p181
W:WK50,21,28,35,36:BK26,8,12,15,24	28-23	!	deel59:p181
B:W25,29,33,34,35,37,39,41,42,43,48:B7,10,11,12,13,14,18,21,22,27,28	14-20	!	deel59:p182
W:W25,29,33,34,35,37,39,43,47,49:B7,8,9,10,12,13,14,15,16,17	29-23	!	deel59:p189
B:W25,27,29,31,33,34,35,39,43,47,49:B7,8,9,10,13,14,15,16,18,22,23	14-19	?	deel59:p189
W:W25,27,29,31,33,34,35,39,43,47,49:B7,8,9,10,13,15,16,18,19,22,23	34-30	!	deel59:p189
W:W25,30,33,35,39,43,49:BK47,7,8,9,10,13,15,18,19,22,34	30-24	!	deel59:p189
W:WK2,25,27,34,47:B9,14,15,16,20,23,28,33	2-8	!	deel59:p190
B:W17,25,29,30,32,33,34,39,47,49:B8,9,10,13,15,16,18,19,23,31	8-12	?	deel59:p191
W:W25,30,31,32,33,34,35,37,38,39,41,42,45:B5,6,10,11,12,14,15,18,19,22,23,24,26	31-27	!	deel59:p193
W:W25,30,33,34,35,37,38,39,41,42,45:B5,6,10,11,12,14,15,18,19,22,23,24,26	34-29	!	deel59:p193
W:W25,26,28,30,33,36,38,43,45:B4,9,10,11,14,15,17,22,27	28-23	!	deel59:p194
B:W23,24,25,26,33,36,38,43,45:B4,10,11,13,14,15,17,22,27	15-20	!	deel59:p194
W:W25,26,28,29,30,33,36,38,43,45:B4,6,10,12,14,15,17,19,22,27	26-21	!	deel59:p195
W:W25,28,29,30,33,36,38,43,45:B4,6,10,12,14,15,16,17,19,22	25-20	!	deel59:p195
W:W23,26,28,33,36,38,43,45:B6,12,13,14,15,17,22,27,30	26-21	!	deel59:p195
W:W24,29,33,36,38,43:B6,10,13,15,22,27	29-23	!	deel59:p195
W:WK19,25,26,34,36:B4,17,33,38	26-21	!	deel59:p196
W:WK24,25,34,36:B9,26,33,38	24-15	!	deel59:p196
W:W27,30,32,33,35,37,39,40,41,42,43,45,47,48,49:B2,3,4,6,8,9,10,13,16,18,19,20,21,23,26	33-28	?	deel59:p200
W:W25,27,30,32,33,34,35,37,41,42,43,45,47,48,49:B3,4,6,8,9,11,13,14,16,18,19,21,23,24,26	49-44	?	deel59:p200
B:W25,27,30,32,33,34,35,37,41,42,43,44,45,47,48:B3,4,6,8,9,11,13,14,16,18,19,21,23,24,26	8-12	!	deel59:p200
B:W12,19,23,34,35,36,42,43,44,45,48:B3,4,6,9,16,18,26	18x47	!!	deel59:p200
B:W25,27,30,32,33,34,35,37,38,41,42,45,47,48,49:B3,4,6,8,9,11,13,14,16,18,19,21,23,24,26	14-20	?	deel59:p200
W:W25,27,30,32,33,34,35,37,41,42,43,44,45,47,48:B3,4,6,9,11,12,13,14,16,18,19,21,23,24,26	44-40	?	deel59:p200
B:W22,25,27,30,32,34,35,37,40,41,42,43,45,47,48:B3,4,6,9,11,12,13,14,16,18,19,21,24,26	11-17	!	deel59:p200
B:W16,23,25,26,30,32,35,40,41,42,43,45,47,48:B3,4,6,7,9,12,13,14,18,19	19x46	!	deel59:p200
B:W25,27,28,30,32,34,35,37,38,39,41,42,47,48:B3,6,9,10,11,12,13,14,16,18,19,21,23,26	23-29	?	deel59:p201
B:W25,27,28,30,32,34,35,37,38,39,41,42,47,48:B3,6,9,10,11,12,13,14,16,18,19,21,23,26	10-15	!	deel59:p202
W:W25,27,28,30,32,34,35,37,38,39,41,42,47,48:B3,6,9,11,12,13,14,15,16,18,19,21,23,26	30-24	?	deel59:p202
B:W25,27,28,30,32,33,34,35,37,39,41,42,47,48:B3,6,9,10,11,12,13,14,16,18,19,21,23,26	23-29	!	deel59:p202
W:W24,25,27,28,30,32,35,37,38,41,42,47,48:B3,6,9,10,11,13,14,16,19,21,23,26	24-20	!	deel59:p202
W:W20,25,30,32,35,41,42,47,48:B3,6,9,10,14,16,19,31	32-27	!	deel59:p202
B:W11,31,35,36,37,38,39,43,48:B2,7,8,9,13,14,16,19,45	45-50	?	deel59:p204
W:WK1,35,36,38,43,48:BK46,2,7,9,13,14,16,21,24	1x26	?	deel59:p204
B:W14,27,31,36,41,42,43:B4,7,8,12,16,18,22	8-13	!	deel59:p206
W:W14,27,31,36,41,42,43:B4,7,12,13,16,18,22	14-9	?	deel59:p206
B:W9,27,31,36,41,42,43:B4,7,12,13,16,18,22	18-23	!	deel59:p206
W:W15,27,28,31,33,36,43:B7,14,16,17,18,19,22	31-26	!	deel59:p206
B:W10,27,31,36,41,42:B7,12,16,18,22,24,25	18-23	!	deel59:p207
W:W16,32,33,35,37,38,39,40,41,43,45,50:B6,7,8,9,12,13,14,19,24,25,26,29	32-27	?	deel59:p209
W:W16,32,33,35,37,38,39,40,41,43,45,50:B6,7,8,9,12,13,14,19,24,25,26,29	33-28	?	deel59:p209
B:W15,20,25,29,31,33,36,37,38,39,42,43,46,48:B2,3,4,8,10,11,14,17,18,21,22,26,27,28	3-9	!	deel59:p211
B:W15,20,24,25,31,33,36,37,38,39,42,43,46,48:B2,4,8,9,10,11,14,17,18,21,22,26,27,28	8-13	!	deel59:p211
B:W15,20,24,25,29,31,33,36,38,39,43,46,48:B4,8,9,10,13,14,16,17,18,21,22,26,27,37	14-19	!	deel59:p211
W:W15,24,25,31,36,38,39,42,43,46,48:B2,4,10,11,13,17,19,21,22,26,27,37	38-33	!	deel59:p212
B:W15,31,33,34,36,38,42,43,46,48:B2,4,10,11,13,17,21,22,26,27,37	4-9	!	deel59:p212
B:W24,25,26,27,28,33,34:B11,14,15,17,18,22	22x31	?	deel59:p212
B:W15,25,33,34,43,46,47,48:B4,10,16,17,18,19,21,26	10-14	!	deel59:p213
B:W15,24,25,33,39,46,47:B4,9,14,26,27,28,37	28-32	?	deel59:p213
W:W15,24,25,39,46,47:B4,9,14,23,26,27,37	24-19	!	deel59:p213
B:W26,27,31,33,34,35,36,38,39,40,42,43,44,45:B3,6,8,9,11,13,15,16,17,18,19,20,23,25	17-21	?	deel59:p214
W:W27,31,33,34,35,36,38,39,40,42,43,44,45:B3,6,8,9,13,15,16,18,19,20,22,23,25	31-26	!	deel59:p214
B:W26,27,29,31,33,35,36,37,38,39,43,44,45:B3,6,9,11,12,13,15,16,18,19,20,22,25	11-17	?	deel59:p214
B:W24,26,27,30,31,36,37,38,39,44:B3,6,11,12,13,14,16,18,22,23	3-8	?	deel59:p215
W:W24,30,36,39,44:B6,8,11,12,13,14,16,18,23,33	39x10	!	deel59:p215
B:W24,26,27,30,31,36,37,40,43:B6,8,12,13,14,16,17,18,22	14-20	!	deel59:p215
B:W23,24,29,33,34,47,48:B10,11,12,13,16,18,22	22-28	?	deel59:p216
B:W25,27,32,33,34,38:B8,9,16,18,21	18-22	!	deel59:p217
W:W7,25,28,33,34,38:B8,9,18,41	7-1	!	deel59:p217
W:W16,25,28,33,34,38:B8,9,18,31	28-22	!	deel59:p217
B:W11,16,25,32,34:BK47,8,9	47-33	?	deel59:p218
W:W16,27,32,34,37,40,42,44:B2,7,10,12,17,18,23,25	42-38	?	deel59:p224
B:W16,31,32,34,38,40,44:B10,12,17,18,22,23,25	17-21	!	deel59:p224
B:W16,26,30,32,33,34,42:B2,7,12,18,19,23,25	7-11	?	deel59:p224
W:W26,30,32,33,34,37:B11,17,18,19,23,25	34-29	?	deel59:p225
B:W23,26,31,33,34:B11,17,22,24	24-29	!	deel59:p225
W:W30,32,33,34,35,37,38,39,41,42,47,48:B3,5,8,12,13,14,15,16,22,23,26,36	30-24	?	deel59:p225
B:W24,32,33,34,35,37,38,39,41,42,47,48:B3,5,8,12,13,14,15,16,22,23,26,36	22-27	!	deel59:p225
W:W24,25,26,31,35,36,37,38,43,44,48,50:B2,3,8,11,12,13,14,15,16,17,18,22,34	31-27	!	deel59:p233
W:W24,25,26,35,36,43,44,48,50:B2,3,8,11,12,13,14,15,16,17,18,33,34	24-20	!	deel59:p233
W:W25,26,35,36,43,44,48,50:B2,3,8,11,12,13,14,16,17,18,24,33,34	44-39	!	deel59:p233
W:W16,32,33,35,37,38,39,40,41,43,44,45:B6,7,8,9,12,13,14,19,23,24,25,26	32-28	?	deel59:p234
B:W16,28,33,35,38,39,40,41,43,44,45:B6,7,8,9,12,13,14,19,24,25,26	24-29	!	deel59:p234
B:W16,32,33,35,37,38,39,40,41,43,44,45:B6,7,8,9,12,13,14,19,23,24,25,26	23-29	!	deel59:p234
B:W16,32,33,35,36,37,38,39,40,43,44,45:B6,7,8,9,12,13,14,19,24,25,26,29	25-30	!	deel59:p234
B:W16,31,32,33,35,37,38,39,40,43,44,45:B6,7,8,9,12,13,14,19,24,26,29,30	14-20	!	deel59:p234
B:W16,27,28,33,35,37,38,39,40,43,44,45:B6,7,8,12,13,14,19,20,24,26,29,30	6-11	!	deel59:p234
B:W16,22,28,33,35,37,38,39,40,43,44,45:B7,8,11,12,13,14,19,20,24,26,29,30	12-17	!	deel59:p234
B:W16,22,28,32,33,35,38,39,40,43,44,45:B7,8,11,13,14,17,19,20,24,26,29,30	8-12	!	deel59:p234
B:W16,22,27,28,33,35,38,39,40,43,44,45:B7,11,12,13,14,17,19,20,24,26,29,30	17-21	!	deel59:p234
W:W15,26,27,38,39,47:BK50,14,16	38-33	!	deel59:p236
W:W24,25,32,33,35,36,37,38,42,44,48:B2,3,4,8,9,10,13,16,18,21,27,34	44-39	!	deel59:p236
W:W24,25,32,33,35,36,37,38,42,48:B2,3,4,8,9,10,13,16,18,21,27,43	38x49	!	deel59:p236
W:WK5,35,36,37,42,48,49:B2,3,4,8,9,13,16,18,27	5-28	!	deel59:p236
W:WK28,35,36,37,42,48,49:B2,3,4,9,12,13,16,18,27	42-38	!	deel59:p236
W:WK43,35,36,37,38,48,49:B2,4,8,12,14,16,18,19,27	38-32	!	deel59:p236
B:W16,27,31,34,35,36,37,39,40,41,42,43,44,45:B1,2,3,7,8,12,13,14,18,19,20,23,24,28	28-33	!	deel59:p237
B:W27,31,34,35,36,37,40,41,42,43,44,45:B1,2,3,7,8,12,13,14,18,19,20,24	24-30	!	deel59:p237
B:W15,27,31,34,36,37,40,41,42,43,44,45:B1,2,3,7,8,12,13,14,18,19	14-20	!	deel59:p237
W:W27,28,29,32,34,35,36,38,39,40,41,43,44,45,46,47,48,49,50:B1,2,3,4,5,6,8,9,10,11,12,13,14,15,16,18,19,20,23,37	27-22	!	deel59:p237
B:W29,32,33,34,35,40,45,47,48:B5,8,13,14,15,17,22,25	5-10	?	deel59:p237
W:W29,32,33,34,35,40,45,47,48:B8,10,13,14,15,17,22,25	33-28	!	deel59:p237
W:W32,34,35,40,45,47,48:B8,10,13,14,15,17,24,25	34-30	!	deel59:p237
B:W30,34,38,40,43,47,48:B8,9,10,17,27,37,39	27-32	!	deel59:p238
B:W16,21,25,31,35,39,40:B7,14,18,19,22,24,29	18-23	!	deel59:p239
B:W6,16,25,34,35,40:B12,14,19,23,24,29,41	41-47	!	deel59:p239
B:WK45,16,25:BK47,14,19,44	44-50	!	deel59:p239
W:W9,29,34:BK46,20,22,35	9-4	!	deel59:p240
W:WK4,29,34:BK46,20,28,35	4-15	!	deel59:p240
W:WK15,29,34:BK46,25,28,35	29-24	!	deel59:p240
W:W26,28,29,30,33,36,38,43,45:B6,10,12,13,15,17,19,22,27	29-23	!	deel59:p240
W:W23,26,28,30,33,36,38,43,45:B6,12,13,14,15,17,19,22,27	30-24	!	deel59:p240
W:W23,28,33,36,38,43,45:B6,12,13,14,15,16,17,22,30	23-19	!	deel59:p240
W:W26,29,30,33,35,36,38,43:B6,10,12,13,15,18,19,27	33-28	!	deel59:p240
W:WK2,27,33,38,43,45:B4,6,35,41	43-39	!	deel59:p241
B:W27,28,31,32,34,35,37,38,39,40,41,42,43,44,45,48,49:B3,5,6,7,8,9,10,12,13,14,15,16,18,19,20,23,26	12-17	?	deel59:p251
B:W25,28,31,32,33,35,36,37,38,39,42,43,44,45,46,47,48,49:B1,3,4,6,7,8,9,10,11,12,13,14,15,16,17,18,19,24	18-23	?	deel59:p251
B:W24,26,27,31,33,35,36,42,43,44,46,47,48,49,50:B5,6,7,8,9,10,11,12,13,14,15,16,17,18,22	14-20	?	deel59:p251
W:W22,25,28,31,32,34,36,37,38,39,41,42,48:B3,6,8,9,11,12,14,15,16,17,19,24	31-27	?	deel59:p252
W:W28,30,31,32,33,34,35,36,37,38,39,42,43,44,45,48:B3,5,6,8,9,10,11,12,13,14,16,17,18,19,23,24	31-27	?	deel59:p252
W:W25,27,28,31,32,33,35,36,38,39,40,48:B3,6,8,9,11,13,14,16,17,19,23,24	27-22	?	deel59:p252
B:W32,35,36,37,38,39,40,42,43,45,48:B3,6,7,8,9,10,11,13,15,26,29	13-19	?	deel59:p252
B:W24,28,29,33,35,36,40,42,43,45,47,49:B2,3,4,8,9,12,13,14,15,16,21,26,38	4-10	!	deel59:p252
B:WK31,28,29,32,33,35,36,40,42,45,47,49:B2,3,8,10,12,14,15,16,26	26x48	!	deel59:p252
B:W11,26,28,34,35,36,40,42,43,44,45,47,49:B2,4,7,8,10,12,13,14,16,18,24,25	25-30	!	deel60:p12
B:WK4,17,22,26,32:B16,25	16-21	!	deel60:p33
B:W17,27,32,37,39:B16,26,45	26-31	!	deel60:p57
W:W17,18,27,37,48:BK29,16,26	18-12	!	deel60:p61
B:W17,18,27,37,48:BK15,16,26	15-4	?	deel60:p61
W:W17,18,27,37,48:BK42,16,26	37-31	!	deel60:p61
B:WK1,12,22,27:B16,26,36	36-41	!	deel60:p74
W:WK4,17,28,33,37:BK50,21,26	37-32	!	deel60:p79
W:WK4,28,32,33:BK50,12,26	4-15	!	deel60:p79
W:WK15,28,32,33:BK45,12,26	33-29	!	deel60:p79
W:WK15,28,32:BK18,12,26	15-4	!	deel60:p79
W:W15,20,28,32,33:B12,19,26,45	20-14	!	deel60:p83
W:W15,28,33,36,38:BK50,12,37	36-31	!	deel60:p84
W:W15,28,33,38:BK50,12,26	38-32	!	deel60:p84
W:WK4,11,28,32,33:B1,26,45	11-7	!	deel60:p84
W:WK4,27,28,32,37:B16,26,44	27-22	?	deel60:p95
B:WK4,22,28,32,37:B16,26,44	26-31	!	deel60:p95
B:WK4,17,22,28,32:B44	44-49	!	deel60:p95
W:WK1,27,28,32,37:BK36,16,26	28-23	!	deel60:p101
W:WK1,32,37:BK45,16,26	32-28	!	deel60:p101
W:W18,27,28,32,37:B16,25,26	27-21	!	deel60:p101
W:WK1,27,28,32,37:BK44,16,26	27-21	!	deel60:p102
W:W18,27,28,32,37:B16,26,43	27-21	!	deel60:p102
B:W17,22,27,28,49:BK50,16,26	50-39	?	deel60:p117
W:W22,27,28,49:B7,26,30	28-23	!	deel60:p120
W:WK5,17,22,27,28:BK39,16,26	17-11	!	deel60:p129
B:WK14,12,18,22:BK47,26	47-29	!	deel60:p133
B:WK28,12,17,18:BK29,31	31-37	!	deel60:p133
B:WK3,12,18,22:BK36,26	36-27	!	deel60:p133
B:WK49,22,28,36:BK48,16	48-39	?	deel60:p136
W:WK49,22,28,36:BK39,16	22-18	!	deel60:p136
W:WK4,27,28,37,38,49:B16,25,26,35	37-31	?	deel60:p157
W:WK4,27,32,37,38:B16,17,26,44	27-21	?	deel60:p166
W:WK4,27,38:B16,21,28,35	4-10	!	deel60:p168
W:W17,22,27,28,32:B8,16,26	17-11	!	deel61:p62
W:W20,22,27,28,37,38:BK50,6,7,13,26	28-23	!	deel61:p63
W:W17,27,32,37,48:B16,26,33	32-28	!	deel61:p65
W:WK5,22,27,32,36,37,38:BK49,6,12,16,26	27-21	!	deel61:p65
W:WK5,32,36,37,38:BK49,6,12,18,26	37-31	!	deel61:p65
W:W17,22,32,37,39:B16,26,29	37-31	!	deel61:p65
W:W28,37,50:B1,21,26	50-45	!	deel61:p67
W:WK5,12,18,27:B26,38	27-21	!	deel61:p70
W:W8,27,38:BK49,16,25,28	38-32	!	deel61:p71
W:W8,27,38:BK49,14,16,24,28,35	38-32	!	deel61:p71
W:WK4,27,38:B14,16,21,28,29	4-10	!	deel61:p72
W:WK3,17,18,27,38:B2,6,16,24,28,44	3-8	!	deel61:p72
W:WK4,17,28,32,33:BK49,16,26	17-11	!	deel61:p73
W:W9,23,27,32,37:B16,26,36	37-31	!	deel61:p73
W:W9,27:B16,19,36	9-4	!	deel61:p73
W:WK1,27,28,32,37:B16,24,26	27-21	!	deel61:p74
W:WK1,27,28,32,36,37:B16,26,35,43	27-21	!	deel61:p74
W:W10,17,25,27,32,37,38,50:BK49,16,24,26	37-31	!	deel61:p74
W:W10,17,25,27,38,50:BK49,16,24,28	17-11	!	deel61:p74
W:W10,17,25,27,32,37,38:B16,26,29,44	38-33	!	deel61:p74
W:WK4,25,27,32,37,38:BK6,16,24,26	25-20	!	deel61:p74
B:WK50,25,35:B6,14,19,24	19-23	!	deel61:p76
W:WK4,27,28,37,48:BK49,16,26	28-22	!	deel61:p77
B:W9,27,32,36,37,38:B16,25,26,44	44-49	?	deel61:p77
W:W9,27,32,36,37,38:BK49,16,25,26	37-31	!	deel61:p77
W:WK4,27,36,38:B16,25,28,39	38-32	!	deel61:p78
W:WK4,27,28,37,38,49:B11,16,26,30	37-31	!	deel61:p78
B:WK2,16,25,32,35:BK50,13,14,19,24,34	14-20	!	deel61:p79
B:WK2,16,23,32,35:BK50,13,24,34	34-40	!	deel61:p79
B:WK30,16,23,32,35:BK50,40	50-28	!	deel61:p79
W:WK3,18,38:B2,17,24,27,28,44	3x49	!	deel61:p80
W:WK4,17,18,27,32,37,38:B6,8,16,26,34	17-12	!	deel61:p81
W:WK4,18,27,32,37,38:B6,16,17,26,34	18-12	!!	deel61:p81
W:WK3,17,22,27,28,37,38:B6,16,19,26,40	27-21	!	deel61:p81
W:WK3,17,28,38:BK50,6,13,18,37	17-12	!	deel61:p82
W:WK3,17,22,23,27,37,38:B6,13,16,26,30	37-31	!	deel61:p82
W:WK3,17,22,23,27,38:B6,13,16,30,37	27-21	!	deel61:p82
B:WK2,25,35:BK46,13,14,19,24,39	24-30	!	deel61:p82
W:W7,25,35,40,43:BK47,13,14,19,24	7-1	?	deel61:p83
W:W7,16,25,35:B1,13,14,15,19,24	7-2	?	deel61:p83
W:W7,25,35,40,43:BK47,13,14,19,24	7-2	?	deel61:p83
B:WK2,25,35,40,43:BK47,13,14,19,24	14-20	!	deel61:p83
B:WK2,23,35,40,43:BK47,13,24	24-29	!	deel61:p83
B:WK2,6,25,35,37:BK49,13,19,23,24,26,29	26-31	!	deel61:p84
B:WK4,19,27,32,37,38:BK49,16,26	49-35	?	deel61:p84
W:WK4,19,27,32,37,38:BK35,16,26	37-31	!	deel61:p84
W:WK4,19,27,38:BK35,16,28	38-33	!	deel61:p84
W:WK4,19,27,32,37,38,48:BK35,3,7,11,12,26	37-31	!	deel61:p84
W:WK4,19,27,38,48:BK35,3,7,11,12,28	38-33	!	deel61:p84
B:WK4,19,27,32,37,38,48:BK49,3,7,11,12,26	49-35	?	deel61:p84
W:W17,25,33,35,40,41:BK49,13,14,19,24	17-11	?	deel61:p84
W:WK4,27,32,34,37,38:B8,14,16,23,26,35	34-30	!	deel61:p85
W:W10,17,27,38:BK49,16,28,35	17-11	!	deel61:p86
W:W10,17,27,38:BK49,1,16,25,28	17-11	!	deel61:p86
W:W10,17,27,38:BK49,1,16,25,28,30	17-11	!	deel61:p86
W:W10,17,27,38:BK49,16,28,30,44	17-11	!	deel61:p87
W:WK5,19,27,38:BK49,1,7,8,16,25,28	19-13	!	deel61:p87
W:WK5,19,27,38:BK49,1,7,8,16,28,30,44	19-13	!	deel61:p87
B:W17,25,27,28,32,34,37,38,44:B8,14,15,16,23,24,26,35	24-29	?	deel61:p87
W:W10,17,25,27,38:BK49,8,15,16,28,35	17-11	!	deel61:p87
W:W10,17,27,38:BK49,8,16,28,35	17-11	!	deel61:p87
W:WK5,17,27,32,37,38:BK49,8,16,26,35	17-11	!	deel61:p87
W:WK5,17,27,32,37,38:BK49,13,16,26,35	17-11	!	deel61:p87
B:WK5,23:BK41,7,13,17,35	41x19	!	deel61:p87
B:WK1,25,35,40,43:BK47,13,14,19,24	47-29	!	deel61:p88
B:WK1,27,28,32,36,38:BK49,16,26,30	26-31	?	deel61:p88
W:WK1,27,28,32,36,38:BK49,16,30,31	1-40	!	deel61:p88
B:W8,27,28,32,36,38,43:BK49,16,24,26,30,35	26-31	?	deel61:p88
B:WK4,22,26,28,32:B16,44	16-21	!	deel61:p98
B:WK3,12,18,27:BK47,26	47-36	!	deel61:p100
B:W12,16,18,36:BK44,26	26-31	!	deel61:p100
B:WK1,25,35:B13,14,19,24,34	34-39	?	deel61:p101
W:WK1,25,35:B13,14,19,24,39	35-30	!	deel61:p101
W:WK1,25:B13,14,19,35,39	1-29	!	deel61:p101
B:W13,22,27,32,33,37,38,39,44:B1,2,6,14,16,24,26,30	2-8	!	deel61:p116
B:W19,22,24,27,32,33,35,37,38:B1,6,8,9,13,16,26,34	34-40	!	deel61:p116
W:W27,28,32,33,37,38,49:B9,16,17,19,25,26,40	49-44	!	deel61:p116
W:WK3:BK21,13,16,25,34,37	3x8	!	deel61:p117
B:W27,28,32,37,39:B16,26,45	16-21	!	deel61:p118
W:W27,30,32,33,37,38:B15,16,17,18,23,26	33-28	?	deel61:p121
W:W20,27,32,37,38,40,44,49:B9,10,15,16,19,26,29,30	44-39	!	deel61:p121
W:W15,17,25,31,35,39,40,47:B1,6,11,13,14,19,24,38	25-20	!	deel61:p122
B:WK5,16,37:B26,34	26-31	?	deel61:p122
B:WK4,27,37:B16,26,34	34-39	?	deel61:p122
W:WK22,16,37:B26,43	22-31	!	deel61:p123
W:W25,31,35,47,49:BK48,19,33	35-30	!	deel61:p125
W:W18,27,30,32,37,38:BK49,9,10,16,17,19,26	18-13	!	deel61:p125
W:WK5,30:BK46,26	30-24	!	deel61:p125
W:WK25,38,47:BK49	25-43	!	deel61:p125
W:W17,23,24,27,32,37,38,39,49:B1,3,8,9,10,16,26,40	49-44	!	deel61:p126
W:W23,24,32,37,38,39:BK49,1,3,7,8,9,10,17	38-33	!	deel61:p126
W:WK1,47,48:BK41,10,13,20,23,26	1x31	!	deel61:p126
W:W19,27,32,37,38,47,48:B8,13,16,18,25,26,35	37-31	!	deel61:p128
W:W12,17,27,32,37,38,39,40:B1,5,9,13,16,19,20,26,29	12-7	!	deel61:p128
W:W27,38,39,40:B5,9,13,16,19,20,21,28,29	40-34	!	deel61:p128
W:W17,25,27,32,33,34,37,38,39,40,47:B6,8,10,12,13,14,15,16,19,20,26	33-29	!	deel61:p129
W:W7,37:B23,36	7-1	?	deel61:p132
W:W17,27,32,37,43,44,50:B16,18,26,29,35,36,40	43-38	!	deel61:p132
W:W17,27,32,37,38,50:BK49,16,18,26,29,35,36	50-44	!	deel61:p132
W:W17,27,32,37,41,43,44,47,49,50:B8,9,16,20,26,30,34,35,38,40	47-42	!	deel61:p133
W:W31,32,35,37,38,44,48:B12,13,16,24,26,40	31-27	!	deel61:p134
W:W23,25,27,32,35,37,43,44,48,49:B12,15,16,24,26,34,40	23-19	!	deel61:p139
W:W25,27,28,32,33,34,35,36,37,38,39,45,48:B3,6,11,12,13,14,15,16,18,19,23,24,26	34-30	?	deel61:p145
B:W25,27,28,30,32,33,35,36,37,38,39,45,48:B3,6,11,12,13,14,15,16,18,19,23,24,26	24-29	!	deel61:p145
B:W25,27,28,32,35,36,37,38,39,40,45,48:B3,8,13,14,15,16,18,19,21,23,24,26	8-12	?	deel61:p146
B:W25,27,28,32,33,35,38,39,40,42,45,47,48:B2,3,6,9,12,13,15,16,17,18,19,23,24	9-14	?	deel61:p147
B:W25,27,28,32,33,35,37,38,39,40,45:B13,14,15,16,17,18,19,21,23,24,26	17-22	?	deel61:p147
W:W25,27,32,33,35,37,38,39,40,45:B12,13,14,15,16,18,19,23,24,26	27-22	!	deel61:p147
W:W25,33,35,37,38,39,40,45:B12,13,14,15,19,23,24,26,27	33-28	!	deel61:p147
B:W25,28,31,32,35,37,38,39,40,42,45,48:B1,3,8,9,10,12,13,16,19,23,24,26	9-14	?	deel61:p148
W:W25,27,31,35,37,42,45,48:B3,8,10,12,16,19,26	27-22	!	deel61:p148
W:W27,30,32,35,37,38,39,44:B9,10,16,18,22,23,26,29	37-31	!	deel61:p149
B:WK1,25,32,33,35,37,38,40,41:B4,6,13,14,19,23,24,26	23-29	!	deel61:p149
B:W27,28,30,32,33,34,35,36,37,38,40,45,47,48:B3,8,12,13,14,15,16,17,18,19,23,24,25,26	17-21	?	deel61:p150
W:W28,30,32,33,34,35,36,37,38,40,45,47,48:B3,8,12,13,14,15,16,19,21,23,24,25,26,27	34-29	!	deel61:p150
W:W24,27,29,32,33,34,36,37,38,39,44,45,47,48,49:B2,4,7,8,9,12,13,15,16,17,18,20,23,25,26	44-40	?	deel61:p150
B:W24,27,29,32,33,34,36,37,38,39,40,45,47,48,49:B2,4,7,8,9,12,13,15,16,17,18,20,23,25,26	23-28	!	deel61:p150
B:W24,27,29,32,33,34,36,37,38,39,44,45,47,48,49:B2,4,7,8,9,12,13,15,16,17,18,20,23,25,26	23-28	!	deel61:p150
W:W25,27,28,32,33,34,35,38,42:B11,12,13,14,18,19,23,24,26	27-22	!	deel61:p150
W:W21,25,33,34,35,42:B11,12,13,14,19,24,26,43	34-29	!	deel61:p150
W:W22,28,30,33,35,36,38,39,40,45,46,47,48:B2,3,5,6,8,11,13,14,15,16,19,24,26	30-25	!	deel61:p151
B:W22,25,28,33,35,36,38,39,40,45,46,47,48:B2,3,5,6,8,11,13,14,15,16,19,24,26	8-12	?	deel61:p151
W:W25,27,28,31,32,33,35,36,37,38,42,43,47,48,50:B3,6,8,11,13,14,15,16,17,18,19,21,23,24,26	27-22	!	deel61:p151
B:W22,25,28,32,33,35,36,37,38,42,43,47,48,50:B3,6,8,11,13,14,15,16,17,19,21,23,24,26	21-27	?	deel61:p151
W:W12,22,25,33,35,36,38,42,43,47,48,50:B3,6,8,11,13,14,15,16,19,24,26,41	22-17	!	deel61:p151
W:W25,28,35,36,38,42,43,47,48,50:B3,6,13,14,15,16,17,19,22,24,26,41	36-31	!	deel61:p151
B:W16,25,33,34,35,37,39,40,42,44,45,47:B3,5,6,9,12,14,15,19,24,26,27	9-13	?	deel61:p152
W:W16,25,33,34,35,37,39,40,42,44,45,47:B3,5,6,12,13,14,15,19,24,26,27	37-31	!	deel61:p152
B:W25,27,28,30,32,33,35,36,37,38,40,48:B9,10,12,13,14,16,18,19,21,23,24,26	23-29	?	deel61:p152
B:W16,25,28,35,38,43,45,47:B7,11,13,14,19,24,34,36	11-17	?	deel61:p152
B:WK1,26,27,32,38:BK25,16,17	25-20	?	deel61:p155
W:WK6,26,27,32:BK47,16,17	6x22	!!	deel61:p155
B:WK1,26,27,32,38:BK25,16,17	25-14	?	deel61:p156
W:WK6,26,27,38:BK46,16,17	6x39	!!	deel61:p156
B:WK4,27,32,37,38:B16,26,44	44-50	?	deel61:p157
W:WK4,27,32,37,38:BK50,16,26	27-22	!	deel61:p157
B:W25,27,28,30,32,33,35,37,39:B13,14,16,17,18,19,23,24,26	23-29	?	deel61:p158
W:W16,24,25,28,30,32,33,35,37:B13,14,17,19,22,26,29	16-11	!	deel61:p159
W:WK2,35,37:B13,17,26,27,30,33,34	2x45	!	deel61:p159
W:W17,22,25,27,28,32,37,38:B16,19,23,26,40	17-11	!	deel61:p159
B:W12,20,25,27,32,37,38:B16,19,26,44	19-24	!	deel61:p161
B:W12,18,25,27,32,37,38:BK40,16,26	16-21	!	deel61:p161
B:W19,22,25,27,37,38:BK18,16,26	16-21	!	deel61:p161
W:W10,17,25,27,32,37,38:B16,24,26,44	37-31	!	deel61:p163
W:WK1,25,35,38:B13,14,18,19,23,24,29	1-6	?	deel61:p172
W:W30,32,33,35,37,39,42:B12,13,14,19,22,23,24	37-31	?	deel61:p175
W:W27,30,31,33,35,39,42:B13,14,18,19,22,24,29	42-37	!	deel61:p175
B:W22,25,28,31,32,35,37,38,39:B7,11,12,13,14,19,23,24,26	14-20	!!	deel61:p176
B:W25,35,44:BK47,14,18,23,24	14-19	?	deel61:p177
B:W27,28,29,32,37,39,42:B3,16,17,18,19,21,26	18-23	!	deel61:p181
B:W27,29,32,33,34,37,38,39:B9,10,16,19,20,26,45	16-21	!	deel61:p182
W:W27,32,33,35,37,38:B10,16,17,21,34	35-30	!	deel61:p184
W:W27,32,33,37,38:B10,16,17,21,25	33-29	!	deel61:p184
B:W24,27,32,37,38:B14,16,17,21,25	14-20	?	deel61:p184
W:WK4,27,32,37,38:B16,17,21,40	27-22	!	deel61:p185
B:WK5,23,37,38:B16,26,44	16-21	?	deel61:p185
W:WK5,23,37,38:B21,26,44	37-31	!	deel61:p185
B:WK5,23,37,38:B16,26,44	26-31	!	deel61:p185
B:WK5,23,26,38:B16,44	16-21	!	deel61:p185
B:WK6,7,28,32:BK3,16	3-21	?	deel61:p186
W:WK1,K6,28:BK49,16	28-23	!	deel61:p186
W:WK4,25,27,28,32,37,38:BK1,16,19,21,26,39	27-22	!	deel61:p188
W:WK4,27,32,34,37,38:BK49,16,17,26,35	34-30	!	deel61:p188
B:W27,28,32,33,35,37,38,40:B2,8,12,13,14,16,19,26	12-18	?	deel61:p190
B:W27,28,32,33,35,37,38,40:B2,8,12,13,14,16,19,26	14-20	?	deel61:p190
W:W37,43,50:B7,26,45	43-39	!	deel61:p194
W:W22,37,43,50:B12,21,26,45	43-38	?	deel61:p194
B:W6,27,32,37,38:B2,16,23,26,45	16-21	!	deel61:p199
B:W6,16,32,37,38:B2,23,26,45	26-31	!	deel61:p199
W:W27,30,32,35,37,38,39,44:B9,10,16,17,18,23,26,29	38-33	!	deel61:p201
W:W27,28,32,33,35,37,38,40:B2,8,12,13,14,16,19,26	28-22	?	deel61:p201
W:W23,27,28,37,50:B16,17,26,40,45	23-19	?	deel61:p202
W:W27,32,37,38,50:B8,16,26,29,45	38-33	?	deel61:p203
W:W23,27,28,37,50:B13,16,26,44,45	50x39	!	deel61:p203
W:W17,27,37,38,50:B16,18,26,34,45	38-32	?	deel61:p204
W:W17,27,29,37,50:B16,22,26,40,45	17x28	!	deel61:p204
W:W27,28,29,37,50:B16,26,44,45	50x39	!	deel61:p204
W:WK1,25,34,40:BK46,13,14,19,24,27	1-12	!	deel62:p10
W:WK20,25,40:BK37,13,19,31,39	20-15	!	deel62:p10
B:WK11,25,34,40:BK23,13,14,19,22,29	23-1	!!	deel62:p11
B:WK1,25,34,40:BK23,13,14,19,22,29	23-41	!	deel62:p11
B:W24,27,28,30,32,37,48:B8,11,13,14,18,19,26	14-20	?	deel62:p12
B:WK4,27,32,37,48:B8,11,18,26,40	18-22	!	deel62:p13
B:W24,28,29,31,32,34,37,38,39:B2,3,8,13,15,16,18,25,26	16-21	!	deel62:p16
W:WK1,12,15,23,32:BK13,31	32-27	!	deel62:p16
W:W27,28,30,32,35,36,37,38,39,45:B8,13,14,16,18,19,21,24,26,29	28-23	?	deel62:p20
W:W27,28,30,32,33,35,36,37,38,45:B12,13,14,16,18,19,21,24,26,29	28-23	?	deel62:p20
B:W27,34,35,36,37,45:B12,14,16,18,26	12-17	!	deel62:p20
B:W25,27,28,30,32,36,37,38:B12,13,14,16,18,19,26,34	14-20	!	deel62:p21
W:W23,27,28,32,36,37,38:B12,13,16,18,25,26	23-19	!	deel62:p21
W:W27,28,32,36,37,38:B12,16,18,24,25,26	28-22	!	deel62:p21
W:WK4,27,36,38:BK49,12,16,28	27-22	!	deel62:p21
W:WK4,27,32:B16,26,30	4-22	!	deel62:p22
B:WK4,27,32,36,37,38:BK50,16,25,26	50-39	?	deel62:p22
W:WK4,27,36,38:BK39,16,25,28	38-32	!	deel62:p22
W:WK4,27,28,36,37,38:BK45,16,26,30	37-31	!	deel62:p22
W:WK4,27,28,36,37,38:BK40,16,25,26	37-31	!	deel62:p22
W:WK4,16,38:B25,41	4-10	!	deel62:p22
W:W16,38,49:B25,31	49-44	!	deel62:p23
B:WK1,27,32,36,37,38:BK50,16,25,26	25-30	?	deel62:p24
B:WK6,22,32,36,37,38:BK35,16,25,26	35-13	?	deel62:p24
B:WK1,22,32,36,37,38:BK35,21,25,26	35-49	?	deel62:p25
W:WK1,22,32,36,37,38:BK49,21,25,26	37-31	!	deel62:p25
W:WK1,36,38:BK49,17,21,25	1-6	!	deel62:p25
W:WK1,18,27,36,37:B22,30,35	27-21	!	deel62:p27
W:WK1,21,36,37:B13,30,35	21-17	!	deel62:p27
W:W27,28,32,35,36,37:B12,16,25,26	37-31	!	deel62:p29
W:W27,28,32,35,36,37:B12,16,25,26	27-21	!	deel62:p30
W:WK1,22,32,36,37,38:B21,25,26,30	22-17	!	deel62:p32
W:WK1,32,36,37,38:B12,25,26,30	1x34	!	deel62:p32
B:W13,27,32,36,37,38,50:B12,16,25,26,30	12-17	?	deel62:p39
W:W21,22,25,27,28,33,35,38:B11,12,13,14,16,19,23,24	38-32	!	deel62:p41
W:W7,28,33,35:B19,24,29,31,42	35-30	!	deel62:p41
W:W25,27,28,30,32,33,35,37,38:B8,13,14,16,18,19,24,26	37-31	!	deel62:p43
W:WK15,25,27,32,35,37,38:BK6,8,13,16,18,26	15-24	?!	deel62:p43
B:WK24,25,27,32,35,37,38:BK6,8,13,16,18,26	8-12	?	deel62:p43
W:W25,27,32,35,37,38:BK6,16,17,18	27-22	!	deel62:p43
W:WK15,24,25,27,32,37,38:BK6,8,16,18,23,26	37-31	!	deel62:p44
W:WK15,24,25,27,38:BK6,8,16,18,23,28	38-32	!	deel62:p44
W:WK9,25,27,32,37,38:BK6,12,16,23,26	27-22	!	deel62:p44
W:W25,28,30,32,33,35,36,38,39:B12,13,14,18,19,21,23,24	28-22	?	deel62:p47
W:WK16,25,35,36:BK18,13,14,19,24,26	16-38	?	deel62:p49
W:WK30,38:BK11,6,13,27,28,29	30x45	!	deel62:p52
B:W17,19,22,27,32,37,38:B2,6,16,26,44	44-50	!	deel62:p52
B:W14,17,22,27,32,37,38:BK50,2,6,16,26	2-8	!	deel62:p52
B:W13,17,22,27,37,38:BK50,6,10,16,26	10-14	!	deel62:p52
W:W9,17,22,27,32,37,38:BK35,6,8,16,26	9-3	?	deel62:p52
B:WK4,17,22,27,32,37,38:BK35,6,8,16,26	8-12	?	deel62:p52
W:WK4,17,18,27,32,37,38:BK40,6,8,16,26	4-15	!	deel62:p52
W:WK4,17,18,27,32,37,38:BK40,6,8,16,26	17-11	!	deel62:p52
W:WK4,18,27,32,37,38:BK40,6,7,8,26	27-22	!	deel62:p53
W:WK4,11,27,32,37,38:BK1,6,8,16,26	27-22	!	deel62:p53
W:W17,22,27,32,37,38,39:B6,13,16,26,45	27-21	!	deel62:p56
B:W15,18,23,37,38:B6,16,26,30	26-31	!	deel62:p59
B:W20,27,30,32,33,35,37,38:B8,11,15,16,19,23,24,26	26-31	!	deel62:p61
W:W30,32,33,35,37,38:B8,11,13,15,16,19	30-24	!	deel62:p61
B:W20,25,27,28,32,35,37,38:B11,13,15,16,19,24,26,29	29-33	!	deel62:p62
W:W25,27,32,33,35,37,38:B11,13,16,19,24,26,29	25-20	!	deel62:p62
W:W25,30,34,37,39,41,43:B3,4,9,26,27,28,32	43-38	!	deel62:p64
W:W26,27,28,30,32,33,35,37,38:B12,13,14,16,17,19,23,24,29	30-25	?	deel62:p66
W:W6,7,25,35,37:BK38,13,14,19,24	7-1	?	deel62:p67
W:W7,25,35,37,39:BK47,13,14,19,24	7-1	?	deel62:p68
W:W7,25,35,37,39:BK47,13,14,19,24	7-2	?	deel62:p68
B:W12,16,25,28,30,35,37,38:B13,14,19,23,24,26,29	23x43	?	deel62:p69
B:WK1,16,25,30,35,37:BK49,13,14,19,24,26,29	49-38	!	deel62:p69
W:W7,16,25,35,38,39:BK47,13,14,19,24,26	39-33	?	deel62:p69
B:WK7,16,25,35:BK50,13,14,19,24,26	50-17	!	deel62:p70
B:WK2,16,23,35:BK17,13,24,26	17-12	?	deel62:p70
B:WK30,14,16,35:BK3,26	3x39	!	deel62:p70
B:W25,27,33,35,36,39,42,43:B8,13,14,16,18,19,23,24	8-12	!	deel62:p72
W:W11,25,35,39:B13,14,19,24,41	11-6	?	deel62:p73
B:W6,7,20,35,37:BK49,13,14,19,24	24x15	!	deel62:p73
W:W7,25,35,39:BK47,13,14,19,24	7-2	?	deel62:p73
B:WK2,25,35,39:BK47,13,14,19,24	14-20	!	deel62:p73
B:WK2,23,35,39:BK47,13,24	24-29	!	deel62:p73
W:W7,25,35,39:BK47,13,14,19,24	39-34	!	deel62:p73
W:W24,27,28,33,36,37,38,39,42:B6,10,11,12,13,14,16,18,26	24-19	!	deel62:p75
W:W27,28,32,33,34,37,38,39,40,48:B6,9,10,12,13,16,19,24,25,26	28-23	!	deel62:p82
W:W23,27,28,32,35,38,48:B10,12,16,17,24,26,30	48-42	?	deel62:p82
B:W6,23,27,30,33,34,35,37,42,43:B1,3,8,16,24,25,26	1-7	!	deel62:p86
W:W6,27,30,32,33,34,35,37,38,42:B1,3,13,16,18,19,23,24,25,26	27-22	?	deel62:p86
W:W6,27,29,30,32,34,35,37,42:B1,9,13,16,18,19,23,25,26	29-24	!	deel62:p86
B:W22,25,27,32,35,36,37,38,39:B9,12,13,14,16,19,23,24,26	12-18	!	deel62:p87
W:W16,25,28,32,35,36,37,38,39:B7,9,13,14,19,23,24,26,29	28-22	!	deel62:p87
B:W25,27,28,32,35,36,37,38,40:B12,13,14,16,18,19,23,26,29	26-31	!	deel62:p87
B:W7,11,25,35,37:B13,14,19,24,26,29,34	14-20	!	deel62:p88
B:W11,12,25,35,37:B13,14,19,24,26,29,34	24-30	!	deel62:p88
B:WK16,6,25,35,37:BK49,13,19,23,24,26,29	49-40	?	deel62:p88
W:WK16,6:BK27,13,19,23,26	16x32	!	deel62:p88
W:W7,25,26,35,39:BK47,13,14,19,24	7-2	?	deel62:p91
W:W7,25,26,35,39:BK47,13,14,19,30	25x34	!	deel62:p92
B:W7,25,26,35,50:BK48,13,14,19,24	24-30	!	deel62:p92
W:W28,29,32,33,35,36,37,38:B1,13,14,16,17,19,21,26	29-24	!	deel62:p94
B:W27,28,32,33,37,38:B7,12,16,20,26	20-25	?	deel62:p95
W:WK4,19,27,32,37,38:BK35,7,12,16,26	37-31	!	deel62:p98
W:W17,21,27,34,35,39,43,45:B9,13,16,18,19,23,24,25	34-30	?	deel62:p101
W:W17,21,27,34,35,39,43,45:B9,13,16,18,19,23,24,25	45-40	!	deel62:p101
W:W31,34,35,39,43,45:B9,13,19,24,25,32	43-38	?	deel62:p102
B:W27,45,48:B9,13,25,39	25-30	!	deel62:p102
W:W31,34,35,39,43,45:B9,13,19,24,25,32	35-30	?	deel62:p102
W:WK1,38,45:BK50,13,14,25,39	1-40	!	deel62:p103
W:WK1,35,38,45:BK50,13,14,25,28	1-34	!	deel62:p103
W:WK34,35,38,45:BK50,14,19,25,28	35-30	!	deel62:p103
W:WK34,35,38,45:BK44,13,14,25,28	34-48	!	deel62:p103
B:W7,34,35,38,45:BK50,13,14,19,24,25	25-30	!	deel62:p103
B:W7,23,35,38,45:BK50,13,24	13-19	!	deel62:p103
B:W7,34,35,38,45:BK50,13,14,19,24,25	24-30	!	deel62:p103
B:W29:B14	14-19	!	deel62:p104
B:W27,30,32,33,34,35,37,45:B7,13,14,18,19,23,24,26	24-29	!	deel62:p107
B:W27,28,30,32,33,35,38,40:B9,12,13,16,19,23,24,26	16-21	!	deel62:p110
B:W25,27,28,32,33,35,37,38,39:B12,13,14,16,18,19,23,24,26	16-21	!	deel62:p113
B:WK6,25,35,36:B13,14,16,19,24,26	13-18	?	deel62:p114
W:W25,27,28,30,31,32,33,35,36,38,48:B3,6,7,9,13,14,15,19,23,24,29	28-22	!?	deel62:p116
B:W22,25,27,28,30,31,32,33,35,36,38,48:B3,6,9,11,13,14,15,16,19,23,24,29	14-20	!	deel62:p116
W:W12,25,27,30,31,35,38,48:B9,14,15,19,24,29,44	38-33	!	deel62:p117
W:WK2,25,27,35,42:BK17,13,14,15,19,24	42-38	?	deel62:p117
B:W25,27,28,30,32,33,36,37,38,42:B9,13,14,15,16,18,19,23,26,34	19-24	!	deel62:p120
W:W25,27,28,32,34,36,37,38,42:B9,13,14,16,18,19,23,26,35	38-33	?	deel62:p120
W:WK1,25,31,32,37,42:B9,14,16,26,39	1-34	!	deel62:p121
W:WK2,25,32,35,36:BK50,13,14,16,19,20	2-7	?	deel62:p125
B:WK13,27,32,35,37,38:BK44,16,25,26	44-49	?	deel62:p128
W:WK13,27,32,35,37,38:BK49,16,25,26	35-30	!	deel62:p128
W:WK13,27,32,35,37,38:BK6,16,25,26	27-22	!	deel62:p128
B:W21,26,30,33,35,38:B7,13,14,19,24,29	14-20	!	deel62:p131
B:W7,28,30,35,38:B13,14,19,24,29,31	13-18	?	deel62:p132
B:W16,25,35,36:BK50,13,14,19,24,27	24-30	!	deel62:p133
B:W30,33,35,38,45:B14,19,22,24,31	14-20	?	deel62:p134
B:W10,22,25,32,35,37:B13,21,26,39	39-44	?	deel62:p136
W:W10,25,32,35,37:B21,22,26,44	10-4	!	deel62:p136
B:W10,22,25,32,35,37:B13,21,26,43	43-48	?	deel62:p136
B:WK18,22,23,25,35,37:BK15,21,26	15-10	!	deel62:p136
W:W22,25,28,32,33,37:B13,14,21,23,26,39	28x8	!	deel62:p137
B:W10,27,32,34,37,38:BK50,13,16,21	50-28	?	deel62:p137
W:W10,23,34,37:B13,16,43	10-4	!	deel62:p137
B:W10,22,32,34,37,38:B13,16,26,44	44-50	?	deel62:p138
B:WK4,20,29,37,38:BK50,27	50-33	?	deel62:p138
B:W25,27,30,33,35,37,38,39,49:B6,11,13,15,16,17,18,19,24,26	17-22	?	deel62:p140
W:W25,27,30,33,35,37,38,39,49:B6,11,13,15,16,18,19,22,24,26	25-20	!	deel62:p140
B:W22,25,28,32,33,35,37,38,39,43,49:B6,11,12,13,14,15,16,19,23,24,26	12-18	?	deel62:p140
B:W22,25,28,32,33,35,37,38,39,42,49:B6,11,13,14,15,16,17,19,23,24,26	26-31	!	deel62:p140
W:W22,25,32,35,37,38,39,42,43:B12,13,14,15,19,21,24,26,29	32-27	!	deel62:p141
W:W7,25,35,39,43:B13,14,15,19,24,29,41	7-1	?	deel62:p141
W:WK50,35:BK48,13,15,24	50-22	?	deel62:p141
W:WK6,25,35:BK50,13,23	6-11	!	deel62:p143
B:W27,30,32,33,34,36,37,42:B6,9,11,13,16,21,25,26	13-19	?	deel62:p146
B:W27,30,32,33,34,37,41,42:B6,9,11,13,16,21,25,26	26-31	!	deel62:p146
W:W14,27,32,36,37,38:B6,7,26,44	27-21	!	deel62:p148
W:W14,32,36,37,38:B6,7,17,44	32-28	!	deel62:p148
B:W22,25,27,32,33,35,36,37,39,42:B6,13,14,16,18,19,21,23,24,26	23-28	?	deel62:p149
B:W22,25,27,28,32,35,36,37,39,42:B11,13,14,16,18,19,21,23,24,26	26-31	!	deel62:p150
W:WK1,16,25,35,36,39:BK47,13,14,19,24,32	39-33	!	deel62:p150
W:W7,25,35,36,40:BK49,13,14,19,24	7-2	?	deel62:p151
B:WK2,25,35,36,40:BK49,13,14,19,24	14-20	!	deel62:p151
B:W7,25,35,36,40:BK49,13,14,19,24	14-20	!	deel62:p152
W:W25,28,30,32,33,35,37,38:B12,13,14,15,16,19,21,24,26	32-27	!	deel62:p153
W:W25,26,27,33,35,39:B13,14,15,19,24,29	33-28	?	deel62:p153
W:W7,25,27,35:B13,14,15,19,24,42	7-2	?	deel62:p153
B:WK1,25,27,35:BK48,13,14,15,19,24	24-29	?	deel62:p154
B:WK16,21,25,35:BK50,13,14,15,19,24	24-29	!	deel62:p155
B:WK2,21,25,35:BK50,13,14,15,19,29	29-34	!	deel62:p155
B:WK2,16,25,35:BK50,13,14,15,19,34	34-39	!	deel62:p155
B:WK2,11,25,35:BK50,13,14,15,19,39	19-23	!	deel62:p155
B:WK40,21,25,35:BK50,13,14,15,19,24	24-29	?	deel62:p156
B:WK17,16,25,35:BK45,13,14,15,19,29	14-20	!	deel62:p156
B:W11,25,27,35,39:BK47,13,14,15,19,24	47-36	?	deel62:p158
B:W27,28,29,31,32,33,35,36,37,38:B1,6,7,11,16,18,19,24,25,26	18-23	!	deel62:p161
B:WK5,24,27,31,32,36,37,38:B1,6,11,12,16,26,44	44-50	?	deel62:p161
W:WK5,24,27,31,32,36,37,38:BK50,1,6,11,12,16,26	32-28	!	deel62:p161
B:W22,27,31,32,33,34,35,36,37,38:B1,6,7,11,16,18,19,24,25,26	11-17	!	deel62:p162
W:WK1,27,32,33,36,37:BK44,16,26,35	27-21	!	deel62:p164
W:WK1,27,32,33,36,37:BK43,16,26,35	27-21	!	deel62:p164
