opening pool: 9 positions
jass setup:   pattern=/root/jass/jobs/results/cpx62-0214-depth-mt30/artefacts.src/gen5.pjtw  book=(default/none)
scan setup:   book=off  bb-size=0
  [Scan-player init] init eval
  [Scan-player] bb-size=0 (no bitbases — FAIR comparison)
  game   1: Jass=W Scan=B → L (no legal move from Jass-player, 111 plies)  Jass +0.0  [1s]
  game   2: Scan=W Jass=B → W (no legal move from Jass-player, 112 plies)  Jass +0.0  [1s]
  game   3: Jass=W Scan=B → L (no legal move from Jass-player, 111 plies)  Jass +0.0  [2s]
  game   4: Scan=W Jass=B → W (no legal move from Jass-player, 112 plies)  Jass +0.0  [2s]
  game   5: Jass=W Scan=B → L (no legal move from Jass-player, 111 plies)  Jass +0.0  [3s]
  game   6: Scan=W Jass=B → W (no legal move from Jass-player, 112 plies)  Jass +0.0  [4s]
  game   7: Jass=W Scan=B → L (no legal move from Jass-player, 111 plies)  Jass +0.0  [4s]
  game   8: Scan=W Jass=B → W (no legal move from Jass-player, 112 plies)  Jass +0.0  [5s]
  game   9: Jass=W Scan=B → L (no legal move from Jass-player, 111 plies)  Jass +0.0  [5s]
  game  10: Scan=W Jass=B → W (no legal move from Jass-player, 112 plies)  Jass +0.0  [6s]
  game  11: Jass=W Scan=B → L (no legal move from Jass-player, 111 plies)  Jass +0.0  [6s]
  game  12: Scan=W Jass=B → W (no legal move from Jass-player, 112 plies)  Jass +0.0  [7s]
  game  13: Jass=W Scan=B → L (no legal move from Jass-player, 111 plies)  Jass +0.0  [8s]
  game  14: Scan=W Jass=B → W (no legal move from Jass-player, 112 plies)  Jass +0.0  [8s]
  game  15: Jass=W Scan=B → L (no legal move from Jass-player, 111 plies)  Jass +0.0  [9s]
  game  16: Scan=W Jass=B → W (no legal move from Jass-player, 112 plies)  Jass +0.0  [9s]
  game  17: Jass=W Scan=B → L (no legal move from Jass-player, 111 plies)  Jass +0.0  [10s]
  game  18: Scan=W Jass=B → W (no legal move from Jass-player, 112 plies)  Jass +0.0  [11s]
  game  19: Jass=W Scan=B → L (no legal move from Jass-player, 111 plies)  Jass +0.0  [11s]
  game  20: Scan=W Jass=B → W (no legal move from Jass-player, 112 plies)  Jass +0.0  [12s]
  game  21: Jass=W Scan=B → L (no legal move from Jass-player, 111 plies)  Jass +0.0  [12s]
  game  22: Scan=W Jass=B → W (no legal move from Jass-player, 112 plies)  Jass +0.0  [13s]
  game  23: Jass=W Scan=B → L (no legal move from Jass-player, 111 plies)  Jass +0.0  [14s]
  game  24: Scan=W Jass=B → W (no legal move from Jass-player, 112 plies)  Jass +0.0  [14s]
  game  25: Jass=W Scan=B → L (no legal move from Jass-player, 111 plies)  Jass +0.0  [15s]
  game  26: Scan=W Jass=B → W (no legal move from Jass-player, 112 plies)  Jass +0.0  [15s]
  game  27: Jass=W Scan=B → L (no legal move from Jass-player, 111 plies)  Jass +0.0  [16s]
  game  28: Scan=W Jass=B → W (no legal move from Jass-player, 112 plies)  Jass +0.0  [16s]
  game  29: Jass=W Scan=B → L (no legal move from Jass-player, 111 plies)  Jass +0.0  [17s]
  game  30: Scan=W Jass=B → W (no legal move from Jass-player, 112 plies)  Jass +0.0  [17s]
  game  31: Jass=W Scan=B → L (no legal move from Jass-player, 111 plies)  Jass +0.0  [18s]
  game  32: Scan=W Jass=B → W (no legal move from Jass-player, 112 plies)  Jass +0.0  [19s]
  game  33: Jass=W Scan=B → L (no legal move from Jass-player, 111 plies)  Jass +0.0  [19s]
  game  34: Scan=W Jass=B → W (no legal move from Jass-player, 112 plies)  Jass +0.0  [20s]
  game  35: Jass=W Scan=B → L (no legal move from Jass-player, 111 plies)  Jass +0.0  [20s]
  game  36: Scan=W Jass=B → W (no legal move from Jass-player, 112 plies)  Jass +0.0  [21s]
  game  37: Jass=W Scan=B → L (no legal move from Jass-player, 111 plies)  Jass +0.0  [21s]
  game  38: Scan=W Jass=B → W (no legal move from Jass-player, 112 plies)  Jass +0.0  [22s]
  game  39: Jass=W Scan=B → L (no legal move from Jass-player, 111 plies)  Jass +0.0  [22s]
  game  40: Scan=W Jass=B → W (no legal move from Jass-player, 112 plies)  Jass +0.0  [23s]
  game  41: Jass=W Scan=B → L (no legal move from Jass-player, 111 plies)  Jass +0.0  [24s]
  game  42: Scan=W Jass=B → W (no legal move from Jass-player, 112 plies)  Jass +0.0  [24s]
  game  43: Jass=W Scan=B → L (no legal move from Jass-player, 111 plies)  Jass +0.0  [25s]
  game  44: Scan=W Jass=B → W (no legal move from Jass-player, 112 plies)  Jass +0.0  [25s]
  game  45: Jass=W Scan=B → L (no legal move from Jass-player, 111 plies)  Jass +0.0  [25s]
  game  46: Scan=W Jass=B → W (no legal move from Jass-player, 112 plies)  Jass +0.0  [26s]
  game  47: Jass=W Scan=B → L (no legal move from Jass-player, 111 plies)  Jass +0.0  [26s]
  game  48: Scan=W Jass=B → W (no legal move from Jass-player, 112 plies)  Jass +0.0  [27s]
  game  49: Jass=W Scan=B → L (no legal move from Jass-player, 111 plies)  Jass +0.0  [28s]
  game  50: Scan=W Jass=B → W (no legal move from Jass-player, 112 plies)  Jass +0.0  [28s]
  game  51: Jass=W Scan=B → L (no legal move from Jass-player, 111 plies)  Jass +0.0  [29s]
  game  52: Scan=W Jass=B → W (no legal move from Jass-player, 112 plies)  Jass +0.0  [30s]
  game  53: Jass=W Scan=B → L (no legal move from Jass-player, 111 plies)  Jass +0.0  [30s]
  game  54: Scan=W Jass=B → W (no legal move from Jass-player, 112 plies)  Jass +0.0  [31s]
  game  55: Jass=W Scan=B → L (no legal move from Jass-player, 111 plies)  Jass +0.0  [31s]
  game  56: Scan=W Jass=B → W (no legal move from Jass-player, 112 plies)  Jass +0.0  [32s]
  game  57: Jass=W Scan=B → L (no legal move from Jass-player, 111 plies)  Jass +0.0  [32s]
  game  58: Scan=W Jass=B → W (no legal move from Jass-player, 112 plies)  Jass +0.0  [33s]
  game  59: Jass=W Scan=B → L (no legal move from Jass-player, 111 plies)  Jass +0.0  [33s]
  game  60: Scan=W Jass=B → W (no legal move from Jass-player, 112 plies)  Jass +0.0  [34s]
  game  61: Jass=W Scan=B → L (no legal move from Jass-player, 111 plies)  Jass +0.0  [34s]
  game  62: Scan=W Jass=B → W (no legal move from Jass-player, 112 plies)  Jass +0.0  [35s]
  game  63: Jass=W Scan=B → L (no legal move from Jass-player, 111 plies)  Jass +0.0  [36s]
  game  64: Scan=W Jass=B → W (no legal move from Jass-player, 112 plies)  Jass +0.0  [37s]
  game  65: Jass=W Scan=B → L (no legal move from Jass-player, 111 plies)  Jass +0.0  [37s]
  game  66: Scan=W Jass=B → W (no legal move from Jass-player, 112 plies)  Jass +0.0  [38s]
  game  67: Jass=W Scan=B → L (no legal move from Jass-player, 111 plies)  Jass +0.0  [38s]
  game  68: Scan=W Jass=B → W (no legal move from Jass-player, 112 plies)  Jass +0.0  [39s]
  game  69: Jass=W Scan=B → L (no legal move from Jass-player, 111 plies)  Jass +0.0  [39s]
  game  70: Scan=W Jass=B → W (no legal move from Jass-player, 112 plies)  Jass +0.0  [40s]
  game  71: Jass=W Scan=B → L (no legal move from Jass-player, 111 plies)  Jass +0.0  [41s]
  game  72: Scan=W Jass=B → W (no legal move from Jass-player, 112 plies)  Jass +0.0  [41s]
  game  73: Jass=W Scan=B → L (no legal move from Jass-player, 111 plies)  Jass +0.0  [42s]
  game  74: Scan=W Jass=B → W (no legal move from Jass-player, 112 plies)  Jass +0.0  [42s]
  game  75: Jass=W Scan=B → L (no legal move from Jass-player, 111 plies)  Jass +0.0  [43s]
  game  76: Scan=W Jass=B → W (no legal move from Jass-player, 112 plies)  Jass +0.0  [43s]
  game  77: Jass=W Scan=B → L (no legal move from Jass-player, 111 plies)  Jass +0.0  [44s]
  game  78: Scan=W Jass=B → W (no legal move from Jass-player, 112 plies)  Jass +0.0  [44s]
  game  79: Jass=W Scan=B → L (no legal move from Jass-player, 111 plies)  Jass +0.0  [45s]
  game  80: Scan=W Jass=B → W (no legal move from Jass-player, 112 plies)  Jass +0.0  [46s]
  game  81: Jass=W Scan=B → L (no legal move from Jass-player, 111 plies)  Jass +0.0  [46s]
  game  82: Scan=W Jass=B → W (no legal move from Jass-player, 112 plies)  Jass +0.0  [47s]
  game  83: Jass=W Scan=B → L (no legal move from Jass-player, 111 plies)  Jass +0.0  [47s]
  game  84: Scan=W Jass=B → W (no legal move from Jass-player, 112 plies)  Jass +0.0  [48s]
  game  85: Jass=W Scan=B → L (no legal move from Jass-player, 111 plies)  Jass +0.0  [49s]
  game  86: Scan=W Jass=B → W (no legal move from Jass-player, 112 plies)  Jass +0.0  [49s]
  game  87: Jass=W Scan=B → L (no legal move from Jass-player, 111 plies)  Jass +0.0  [50s]
  game  88: Scan=W Jass=B → W (no legal move from Jass-player, 112 plies)  Jass +0.0  [51s]
  game  89: Jass=W Scan=B → L (no legal move from Jass-player, 111 plies)  Jass +0.0  [51s]
  game  90: Scan=W Jass=B → W (no legal move from Jass-player, 112 plies)  Jass +0.0  [52s]
  game  91: Jass=W Scan=B → L (no legal move from Jass-player, 111 plies)  Jass +0.0  [52s]
  game  92: Scan=W Jass=B → W (no legal move from Jass-player, 112 plies)  Jass +0.0  [53s]
  game  93: Jass=W Scan=B → L (no legal move from Jass-player, 111 plies)  Jass +0.0  [53s]
  game  94: Scan=W Jass=B → W (no legal move from Jass-player, 112 plies)  Jass +0.0  [54s]
  game  95: Jass=W Scan=B → L (no legal move from Jass-player, 111 plies)  Jass +0.0  [54s]
  game  96: Scan=W Jass=B → W (no legal move from Jass-player, 112 plies)  Jass +0.0  [55s]
  game  97: Jass=W Scan=B → L (no legal move from Jass-player, 111 plies)  Jass +0.0  [55s]
  game  98: Scan=W Jass=B → W (no legal move from Jass-player, 112 plies)  Jass +0.0  [56s]
  game  99: Jass=W Scan=B → L (no legal move from Jass-player, 111 plies)  Jass +0.0  [56s]
  game 100: Scan=W Jass=B → W (no legal move from Jass-player, 112 plies)  Jass +0.0  [57s]
  game 101: Jass=W Scan=B → L (no legal move from Jass-player, 111 plies)  Jass +0.0  [57s]
  game 102: Scan=W Jass=B → W (no legal move from Jass-player, 112 plies)  Jass +0.0  [58s]
  game 103: Jass=W Scan=B → L (no legal move from Jass-player, 111 plies)  Jass +0.0  [58s]
  game 104: Scan=W Jass=B → W (no legal move from Jass-player, 112 plies)  Jass +0.0  [59s]
  game 105: Jass=W Scan=B → L (no legal move from Jass-player, 111 plies)  Jass +0.0  [60s]
  game 106: Scan=W Jass=B → W (no legal move from Jass-player, 112 plies)  Jass +0.0  [60s]
  game 107: Jass=W Scan=B → L (no legal move from Jass-player, 111 plies)  Jass +0.0  [61s]
  game 108: Scan=W Jass=B → W (no legal move from Jass-player, 112 plies)  Jass +0.0  [61s]
  game 109: Jass=W Scan=B → L (no legal move from Jass-player, 111 plies)  Jass +0.0  [62s]
  game 110: Scan=W Jass=B → W (no legal move from Jass-player, 112 plies)  Jass +0.0  [62s]
  game 111: Jass=W Scan=B → L (no legal move from Jass-player, 111 plies)  Jass +0.0  [63s]
  game 112: Scan=W Jass=B → W (no legal move from Jass-player, 112 plies)  Jass +0.0  [63s]
  game 113: Jass=W Scan=B → L (no legal move from Jass-player, 111 plies)  Jass +0.0  [64s]
  game 114: Scan=W Jass=B → W (no legal move from Jass-player, 112 plies)  Jass +0.0  [64s]
  game 115: Jass=W Scan=B → L (no legal move from Jass-player, 111 plies)  Jass +0.0  [65s]
  game 116: Scan=W Jass=B → W (no legal move from Jass-player, 112 plies)  Jass +0.0  [66s]
  game 117: Jass=W Scan=B → L (no legal move from Jass-player, 111 plies)  Jass +0.0  [66s]
  game 118: Scan=W Jass=B → W (no legal move from Jass-player, 112 plies)  Jass +0.0  [67s]
  game 119: Jass=W Scan=B → L (no legal move from Jass-player, 111 plies)  Jass +0.0  [67s]
  game 120: Scan=W Jass=B → W (no legal move from Jass-player, 112 plies)  Jass +0.0  [67s]
  game 121: Jass=W Scan=B → L (no legal move from Jass-player, 113 plies)  Jass +0.0  [68s]
  game 122: Scan=W Jass=B → W (no legal move from Jass-player, 114 plies)  Jass +0.0  [69s]
  game 123: Jass=W Scan=B → L (no legal move from Jass-player, 113 plies)  Jass +0.0  [70s]
  game 124: Scan=W Jass=B → W (no legal move from Jass-player, 114 plies)  Jass +0.0  [70s]
  game 125: Jass=W Scan=B → L (no legal move from Jass-player, 113 plies)  Jass +0.0  [71s]
  game 126: Scan=W Jass=B → W (no legal move from Jass-player, 114 plies)  Jass +0.0  [72s]
  game 127: Jass=W Scan=B → L (no legal move from Jass-player, 113 plies)  Jass +0.0  [72s]
  game 128: Scan=W Jass=B → W (no legal move from Jass-player, 114 plies)  Jass +0.0  [73s]
  game 129: Jass=W Scan=B → L (no legal move from Jass-player, 113 plies)  Jass +0.0  [73s]
  game 130: Scan=W Jass=B → W (no legal move from Jass-player, 114 plies)  Jass +0.0  [74s]
  game 131: Jass=W Scan=B → L (no legal move from Jass-player, 113 plies)  Jass +0.0  [74s]
  game 132: Scan=W Jass=B → W (no legal move from Jass-player, 114 plies)  Jass +0.0  [75s]
  game 133: Jass=W Scan=B → L (no legal move from Jass-player, 113 plies)  Jass +0.0  [76s]
  game 134: Scan=W Jass=B → W (no legal move from Jass-player, 114 plies)  Jass +0.0  [76s]
  game 135: Jass=W Scan=B → L (no legal move from Jass-player, 113 plies)  Jass +0.0  [77s]
  game 136: Scan=W Jass=B → W (no legal move from Jass-player, 114 plies)  Jass +0.0  [78s]
  game 137: Jass=W Scan=B → L (no legal move from Jass-player, 113 plies)  Jass +0.0  [79s]
  game 138: Scan=W Jass=B → W (no legal move from Jass-player, 114 plies)  Jass +0.0  [79s]
  game 139: Jass=W Scan=B → L (no legal move from Jass-player, 113 plies)  Jass +0.0  [80s]
  game 140: Scan=W Jass=B → W (no legal move from Jass-player, 114 plies)  Jass +0.0  [80s]
  game 141: Jass=W Scan=B → L (no legal move from Jass-player, 113 plies)  Jass +0.0  [81s]
  game 142: Scan=W Jass=B → W (no legal move from Jass-player, 114 plies)  Jass +0.0  [82s]
  game 143: Jass=W Scan=B → L (no legal move from Jass-player, 113 plies)  Jass +0.0  [82s]
  game 144: Scan=W Jass=B → W (no legal move from Jass-player, 114 plies)  Jass +0.0  [83s]
  game 145: Jass=W Scan=B → L (no legal move from Jass-player, 113 plies)  Jass +0.0  [84s]
  game 146: Scan=W Jass=B → W (no legal move from Jass-player, 114 plies)  Jass +0.0  [84s]
  game 147: Jass=W Scan=B → L (no legal move from Jass-player, 113 plies)  Jass +0.0  [85s]
  game 148: Scan=W Jass=B → W (no legal move from Jass-player, 114 plies)  Jass +0.0  [85s]
  game 149: Jass=W Scan=B → L (no legal move from Jass-player, 113 plies)  Jass +0.0  [86s]
  game 150: Scan=W Jass=B → W (no legal move from Jass-player, 114 plies)  Jass +0.0  [87s]
  game 151: Jass=W Scan=B → L (no legal move from Jass-player, 113 plies)  Jass +0.0  [88s]
  game 152: Scan=W Jass=B → W (no legal move from Jass-player, 114 plies)  Jass +0.0  [88s]
  game 153: Jass=W Scan=B → L (no legal move from Jass-player, 113 plies)  Jass +0.0  [89s]
  game 154: Scan=W Jass=B → W (no legal move from Jass-player, 114 plies)  Jass +0.0  [89s]
  game 155: Jass=W Scan=B → L (no legal move from Jass-player, 113 plies)  Jass +0.0  [90s]
  game 156: Scan=W Jass=B → W (no legal move from Jass-player, 114 plies)  Jass +0.0  [91s]
  game 157: Jass=W Scan=B → L (no legal move from Jass-player, 113 plies)  Jass +0.0  [92s]
  game 158: Scan=W Jass=B → W (no legal move from Jass-player, 114 plies)  Jass +0.0  [92s]
  game 159: Jass=W Scan=B → L (no legal move from Jass-player, 113 plies)  Jass +0.0  [93s]
  game 160: Scan=W Jass=B → W (no legal move from Jass-player, 114 plies)  Jass +0.0  [94s]
  game 161: Jass=W Scan=B → L (no legal move from Jass-player, 113 plies)  Jass +0.0  [94s]
  game 162: Scan=W Jass=B → W (no legal move from Jass-player, 114 plies)  Jass +0.0  [95s]
  game 163: Jass=W Scan=B → L (no legal move from Jass-player, 113 plies)  Jass +0.0  [96s]
  game 164: Scan=W Jass=B → W (no legal move from Jass-player, 114 plies)  Jass +0.0  [96s]
  game 165: Jass=W Scan=B → L (no legal move from Jass-player, 113 plies)  Jass +0.0  [97s]
  game 166: Scan=W Jass=B → W (no legal move from Jass-player, 114 plies)  Jass +0.0  [98s]
  game 167: Jass=W Scan=B → L (no legal move from Jass-player, 113 plies)  Jass +0.0  [98s]
  game 168: Scan=W Jass=B → W (no legal move from Jass-player, 114 plies)  Jass +0.0  [99s]
  game 169: Jass=W Scan=B → L (no legal move from Jass-player, 113 plies)  Jass +0.0  [99s]
  game 170: Scan=W Jass=B → W (no legal move from Jass-player, 114 plies)  Jass +0.0  [100s]
  game 171: Jass=W Scan=B → L (no legal move from Jass-player, 113 plies)  Jass +0.0  [101s]
  game 172: Scan=W Jass=B → W (no legal move from Jass-player, 114 plies)  Jass +0.0  [102s]
  game 173: Jass=W Scan=B → L (no legal move from Jass-player, 113 plies)  Jass +0.0  [102s]
  game 174: Scan=W Jass=B → W (no legal move from Jass-player, 114 plies)  Jass +0.0  [103s]
  game 175: Jass=W Scan=B → L (no legal move from Jass-player, 113 plies)  Jass +0.0  [104s]
  game 176: Scan=W Jass=B → W (no legal move from Jass-player, 114 plies)  Jass +0.0  [104s]
  game 177: Jass=W Scan=B → L (no legal move from Jass-player, 113 plies)  Jass +0.0  [105s]
  game 178: Scan=W Jass=B → W (no legal move from Jass-player, 114 plies)  Jass +0.0  [106s]
  game 179: Jass=W Scan=B → L (no legal move from Jass-player, 113 plies)  Jass +0.0  [106s]
  game 180: Scan=W Jass=B → W (no legal move from Jass-player, 114 plies)  Jass +0.0  [107s]
  game 181: Jass=W Scan=B → L (no legal move from Jass-player, 113 plies)  Jass +0.0  [108s]
  game 182: Scan=W Jass=B → W (no legal move from Jass-player, 114 plies)  Jass +0.0  [109s]
  game 183: Jass=W Scan=B → L (no legal move from Jass-player, 113 plies)  Jass +0.0  [109s]
  game 184: Scan=W Jass=B → W (no legal move from Jass-player, 114 plies)  Jass +0.0  [110s]
  game 185: Jass=W Scan=B → L (no legal move from Jass-player, 113 plies)  Jass +0.0  [111s]
  game 186: Scan=W Jass=B → W (no legal move from Jass-player, 114 plies)  Jass +0.0  [111s]
  game 187: Jass=W Scan=B → L (no legal move from Jass-player, 113 plies)  Jass +0.0  [112s]
  game 188: Scan=W Jass=B → W (no legal move from Jass-player, 114 plies)  Jass +0.0  [113s]
  game 189: Jass=W Scan=B → L (no legal move from Jass-player, 113 plies)  Jass +0.0  [113s]
  game 190: Scan=W Jass=B → W (no legal move from Jass-player, 114 plies)  Jass +0.0  [114s]
  game 191: Jass=W Scan=B → L (no legal move from Jass-player, 113 plies)  Jass +0.0  [115s]
  game 192: Scan=W Jass=B → W (no legal move from Jass-player, 114 plies)  Jass +0.0  [115s]
  game 193: Jass=W Scan=B → L (no legal move from Jass-player, 113 plies)  Jass +0.0  [116s]
  game 194: Scan=W Jass=B → W (no legal move from Jass-player, 114 plies)  Jass +0.0  [117s]
  game 195: Jass=W Scan=B → L (no legal move from Jass-player, 113 plies)  Jass +0.0  [117s]
  game 196: Scan=W Jass=B → W (no legal move from Jass-player, 114 plies)  Jass +0.0  [118s]
  game 197: Jass=W Scan=B → L (no legal move from Jass-player, 113 plies)  Jass +0.0  [119s]
  game 198: Scan=W Jass=B → W (no legal move from Jass-player, 114 plies)  Jass +0.0  [119s]
  game 199: Jass=W Scan=B → L (no legal move from Jass-player, 113 plies)  Jass +0.0  [120s]
  game 200: Scan=W Jass=B → W (no legal move from Jass-player, 114 plies)  Jass +0.0  [121s]
  game 201: Jass=W Scan=B → L (no legal move from Jass-player, 113 plies)  Jass +0.0  [121s]
  game 202: Scan=W Jass=B → W (no legal move from Jass-player, 114 plies)  Jass +0.0  [122s]
  game 203: Jass=W Scan=B → L (no legal move from Jass-player, 113 plies)  Jass +0.0  [123s]
  game 204: Scan=W Jass=B → W (no legal move from Jass-player, 114 plies)  Jass +0.0  [123s]
  game 205: Jass=W Scan=B → L (no legal move from Jass-player, 113 plies)  Jass +0.0  [124s]
  game 206: Scan=W Jass=B → W (no legal move from Jass-player, 114 plies)  Jass +0.0  [124s]
  game 207: Jass=W Scan=B → L (no legal move from Jass-player, 113 plies)  Jass +0.0  [125s]
  game 208: Scan=W Jass=B → W (no legal move from Jass-player, 114 plies)  Jass +0.0  [126s]
  game 209: Jass=W Scan=B → L (no legal move from Jass-player, 113 plies)  Jass +0.0  [126s]
  game 210: Scan=W Jass=B → W (no legal move from Jass-player, 114 plies)  Jass +0.0  [127s]
  game 211: Jass=W Scan=B → L (no legal move from Jass-player, 113 plies)  Jass +0.0  [128s]
  game 212: Scan=W Jass=B → W (no legal move from Jass-player, 114 plies)  Jass +0.0  [128s]
  game 213: Jass=W Scan=B → L (no legal move from Jass-player, 113 plies)  Jass +0.0  [129s]
  game 214: Scan=W Jass=B → W (no legal move from Jass-player, 114 plies)  Jass +0.0  [130s]
  game 215: Jass=W Scan=B → L (no legal move from Jass-player, 113 plies)  Jass +0.0  [130s]
  game 216: Scan=W Jass=B → W (no legal move from Jass-player, 114 plies)  Jass +0.0  [131s]
  game 217: Jass=W Scan=B → L (no legal move from Jass-player, 113 plies)  Jass +0.0  [132s]
  game 218: Scan=W Jass=B → W (no legal move from Jass-player, 114 plies)  Jass +0.0  [132s]
  game 219: Jass=W Scan=B → L (no legal move from Jass-player, 113 plies)  Jass +0.0  [133s]
  game 220: Scan=W Jass=B → W (no legal move from Jass-player, 114 plies)  Jass +0.0  [133s]
  game 221: Jass=W Scan=B → L (no legal move from Jass-player, 113 plies)  Jass +0.0  [134s]
  game 222: Scan=W Jass=B → W (no legal move from Jass-player, 114 plies)  Jass +0.0  [135s]
  game 223: Jass=W Scan=B → L (no legal move from Jass-player, 113 plies)  Jass +0.0  [135s]
  game 224: Scan=W Jass=B → W (no legal move from Jass-player, 114 plies)  Jass +0.0  [136s]
  game 225: Jass=W Scan=B → L (no legal move from Jass-player, 113 plies)  Jass +0.0  [137s]
  game 226: Scan=W Jass=B → W (no legal move from Jass-player, 114 plies)  Jass +0.0  [138s]
  game 227: Jass=W Scan=B → L (no legal move from Jass-player, 113 plies)  Jass +0.0  [138s]
  game 228: Scan=W Jass=B → W (no legal move from Jass-player, 114 plies)  Jass +0.0  [139s]
  game 229: Jass=W Scan=B → L (no legal move from Jass-player, 113 plies)  Jass +0.0  [140s]
  game 230: Scan=W Jass=B → W (no legal move from Jass-player, 114 plies)  Jass +0.0  [140s]
  game 231: Jass=W Scan=B → L (no legal move from Jass-player, 113 plies)  Jass +0.0  [141s]
  game 232: Scan=W Jass=B → W (no legal move from Jass-player, 114 plies)  Jass +0.0  [141s]
  game 233: Jass=W Scan=B → L (no legal move from Jass-player, 113 plies)  Jass +0.0  [142s]
  game 234: Scan=W Jass=B → W (no legal move from Jass-player, 114 plies)  Jass +0.0  [142s]
  game 235: Jass=W Scan=B → L (no legal move from Jass-player, 113 plies)  Jass +0.0  [143s]
  game 236: Scan=W Jass=B → W (no legal move from Jass-player, 114 plies)  Jass +0.0  [143s]
  game 237: Jass=W Scan=B → L (no legal move from Jass-player, 113 plies)  Jass +0.0  [144s]
  game 238: Scan=W Jass=B → W (no legal move from Jass-player, 114 plies)  Jass +0.0  [145s]
  game 239: Jass=W Scan=B → L (no legal move from Jass-player, 113 plies)  Jass +0.0  [145s]
  game 240: Scan=W Jass=B → W (no legal move from Jass-player, 114 plies)  Jass +0.0  [146s]
  game 241: Jass=W Scan=B → L (no legal move from Jass-player, 113 plies)  Jass +0.0  [147s]
  game 242: Scan=W Jass=B → W (no legal move from Jass-player, 110 plies)  Jass +0.0  [147s]
  game 243: Jass=W Scan=B → L (no legal move from Jass-player, 113 plies)  Jass +0.0  [148s]
  game 244: Scan=W Jass=B → W (no legal move from Jass-player, 110 plies)  Jass +0.0  [148s]
  game 245: Jass=W Scan=B → L (no legal move from Jass-player, 113 plies)  Jass +0.0  [149s]
  game 246: Scan=W Jass=B → W (no legal move from Jass-player, 110 plies)  Jass +0.0  [150s]
  game 247: Jass=W Scan=B → L (no legal move from Jass-player, 113 plies)  Jass +0.0  [150s]
  game 248: Scan=W Jass=B → W (no legal move from Jass-player, 110 plies)  Jass +0.0  [151s]
  game 249: Jass=W Scan=B → L (no legal move from Jass-player, 113 plies)  Jass +0.0  [151s]
  game 250: Scan=W Jass=B → W (no legal move from Jass-player, 110 plies)  Jass +0.0  [152s]
  game 251: Jass=W Scan=B → L (no legal move from Jass-player, 113 plies)  Jass +0.0  [152s]
  game 252: Scan=W Jass=B → W (no legal move from Jass-player, 110 plies)  Jass +0.0  [153s]
  game 253: Jass=W Scan=B → L (no legal move from Jass-player, 113 plies)  Jass +0.0  [154s]
  game 254: Scan=W Jass=B → W (no legal move from Jass-player, 110 plies)  Jass +0.0  [154s]
  game 255: Jass=W Scan=B → L (no legal move from Jass-player, 113 plies)  Jass +0.0  [155s]
  game 256: Scan=W Jass=B → W (no legal move from Jass-player, 110 plies)  Jass +0.0  [156s]
  game 257: Jass=W Scan=B → L (no legal move from Jass-player, 113 plies)  Jass +0.0  [157s]
  game 258: Scan=W Jass=B → W (no legal move from Jass-player, 110 plies)  Jass +0.0  [157s]
  game 259: Jass=W Scan=B → L (no legal move from Jass-player, 113 plies)  Jass +0.0  [158s]
  game 260: Scan=W Jass=B → W (no legal move from Jass-player, 110 plies)  Jass +0.0  [158s]
  game 261: Jass=W Scan=B → L (no legal move from Jass-player, 113 plies)  Jass +0.0  [159s]
  game 262: Scan=W Jass=B → W (no legal move from Jass-player, 110 plies)  Jass +0.0  [160s]
  game 263: Jass=W Scan=B → L (no legal move from Jass-player, 113 plies)  Jass +0.0  [160s]
  game 264: Scan=W Jass=B → W (no legal move from Jass-player, 110 plies)  Jass +0.0  [161s]
  game 265: Jass=W Scan=B → L (no legal move from Jass-player, 113 plies)  Jass +0.0  [162s]
  game 266: Scan=W Jass=B → W (no legal move from Jass-player, 110 plies)  Jass +0.0  [162s]
  game 267: Jass=W Scan=B → L (no legal move from Jass-player, 113 plies)  Jass +0.0  [163s]
  game 268: Scan=W Jass=B → W (no legal move from Jass-player, 110 plies)  Jass +0.0  [164s]
  game 269: Jass=W Scan=B → L (no legal move from Jass-player, 113 plies)  Jass +0.0  [164s]
  game 270: Scan=W Jass=B → W (no legal move from Jass-player, 110 plies)  Jass +0.0  [165s]
  game 271: Jass=W Scan=B → L (no legal move from Jass-player, 113 plies)  Jass +0.0  [166s]
  game 272: Scan=W Jass=B → W (no legal move from Jass-player, 110 plies)  Jass +0.0  [166s]
  game 273: Jass=W Scan=B → L (no legal move from Jass-player, 113 plies)  Jass +0.0  [167s]
  game 274: Scan=W Jass=B → W (no legal move from Jass-player, 110 plies)  Jass +0.0  [168s]
  game 275: Jass=W Scan=B → L (no legal move from Jass-player, 113 plies)  Jass +0.0  [168s]
  game 276: Scan=W Jass=B → W (no legal move from Jass-player, 110 plies)  Jass +0.0  [169s]
  game 277: Jass=W Scan=B → L (no legal move from Jass-player, 113 plies)  Jass +0.0  [170s]
  game 278: Scan=W Jass=B → W (no legal move from Jass-player, 110 plies)  Jass +0.0  [170s]
  game 279: Jass=W Scan=B → L (no legal move from Jass-player, 113 plies)  Jass +0.0  [171s]
  game 280: Scan=W Jass=B → W (no legal move from Jass-player, 110 plies)  Jass +0.0  [171s]
  game 281: Jass=W Scan=B → L (no legal move from Jass-player, 113 plies)  Jass +0.0  [172s]
  game 282: Scan=W Jass=B → W (no legal move from Jass-player, 110 plies)  Jass +0.0  [172s]
  game 283: Jass=W Scan=B → L (no legal move from Jass-player, 113 plies)  Jass +0.0  [173s]
  game 284: Scan=W Jass=B → W (no legal move from Jass-player, 110 plies)  Jass +0.0  [174s]
  game 285: Jass=W Scan=B → L (no legal move from Jass-player, 113 plies)  Jass +0.0  [175s]
  game 286: Scan=W Jass=B → W (no legal move from Jass-player, 110 plies)  Jass +0.0  [175s]
  game 287: Jass=W Scan=B → L (no legal move from Jass-player, 113 plies)  Jass +0.0  [176s]
  game 288: Scan=W Jass=B → W (no legal move from Jass-player, 110 plies)  Jass +0.0  [177s]
  game 289: Jass=W Scan=B → L (no legal move from Jass-player, 113 plies)  Jass +0.0  [177s]
  game 290: Scan=W Jass=B → W (no legal move from Jass-player, 110 plies)  Jass +0.0  [178s]
  game 291: Jass=W Scan=B → L (no legal move from Jass-player, 113 plies)  Jass +0.0  [179s]
  game 292: Scan=W Jass=B → W (no legal move from Jass-player, 110 plies)  Jass +0.0  [179s]
  game 293: Jass=W Scan=B → L (no legal move from Jass-player, 113 plies)  Jass +0.0  [180s]
  game 294: Scan=W Jass=B → W (no legal move from Jass-player, 110 plies)  Jass +0.0  [181s]
  game 295: Jass=W Scan=B → L (no legal move from Jass-player, 113 plies)  Jass +0.0  [182s]
  game 296: Scan=W Jass=B → W (no legal move from Jass-player, 110 plies)  Jass +0.0  [182s]
  game 297: Jass=W Scan=B → L (no legal move from Jass-player, 113 plies)  Jass +0.0  [183s]
  game 298: Scan=W Jass=B → W (no legal move from Jass-player, 110 plies)  Jass +0.0  [184s]
  game 299: Jass=W Scan=B → L (no legal move from Jass-player, 113 plies)  Jass +0.0  [184s]
  game 300: Scan=W Jass=B → W (no legal move from Jass-player, 110 plies)  Jass +0.0  [185s]
  game 301: Jass=W Scan=B → L (no legal move from Jass-player, 113 plies)  Jass +0.0  [186s]
  game 302: Scan=W Jass=B → W (no legal move from Jass-player, 110 plies)  Jass +0.0  [186s]
  game 303: Jass=W Scan=B → L (no legal move from Jass-player, 113 plies)  Jass +0.0  [187s]
  game 304: Scan=W Jass=B → W (no legal move from Jass-player, 110 plies)  Jass +0.0  [188s]
  game 305: Jass=W Scan=B → L (no legal move from Jass-player, 113 plies)  Jass +0.0  [188s]
  game 306: Scan=W Jass=B → W (no legal move from Jass-player, 110 plies)  Jass +0.0  [189s]
  game 307: Jass=W Scan=B → L (no legal move from Jass-player, 113 plies)  Jass +0.0  [190s]
  game 308: Scan=W Jass=B → W (no legal move from Jass-player, 110 plies)  Jass +0.0  [190s]
  game 309: Jass=W Scan=B → L (no legal move from Jass-player, 113 plies)  Jass +0.0  [191s]
  game 310: Scan=W Jass=B → W (no legal move from Jass-player, 110 plies)  Jass +0.0  [192s]
  game 311: Jass=W Scan=B → L (no legal move from Jass-player, 113 plies)  Jass +0.0  [192s]
  game 312: Scan=W Jass=B → W (no legal move from Jass-player, 110 plies)  Jass +0.0  [193s]
  game 313: Jass=W Scan=B → L (no legal move from Jass-player, 113 plies)  Jass +0.0  [194s]
  game 314: Scan=W Jass=B → W (no legal move from Jass-player, 110 plies)  Jass +0.0  [194s]
  game 315: Jass=W Scan=B → L (no legal move from Jass-player, 113 plies)  Jass +0.0  [195s]
  game 316: Scan=W Jass=B → W (no legal move from Jass-player, 110 plies)  Jass +0.0  [196s]
  game 317: Jass=W Scan=B → L (no legal move from Jass-player, 113 plies)  Jass +0.0  [197s]
  game 318: Scan=W Jass=B → W (no legal move from Jass-player, 110 plies)  Jass +0.0  [197s]
  game 319: Jass=W Scan=B → L (no legal move from Jass-player, 113 plies)  Jass +0.0  [197s]
  game 320: Scan=W Jass=B → W (no legal move from Jass-player, 110 plies)  Jass +0.0  [198s]
  game 321: Jass=W Scan=B → L (no legal move from Jass-player, 113 plies)  Jass +0.0  [199s]
  game 322: Scan=W Jass=B → W (no legal move from Jass-player, 110 plies)  Jass +0.0  [199s]
  game 323: Jass=W Scan=B → L (no legal move from Jass-player, 113 plies)  Jass +0.0  [200s]
  game 324: Scan=W Jass=B → W (no legal move from Jass-player, 110 plies)  Jass +0.0  [201s]
  game 325: Jass=W Scan=B → L (no legal move from Jass-player, 113 plies)  Jass +0.0  [201s]
  game 326: Scan=W Jass=B → W (no legal move from Jass-player, 110 plies)  Jass +0.0  [202s]
  game 327: Jass=W Scan=B → L (no legal move from Jass-player, 113 plies)  Jass +0.0  [203s]
  game 328: Scan=W Jass=B → W (no legal move from Jass-player, 110 plies)  Jass +0.0  [203s]
  game 329: Jass=W Scan=B → L (no legal move from Jass-player, 113 plies)  Jass +0.0  [204s]
  game 330: Scan=W Jass=B → W (no legal move from Jass-player, 110 plies)  Jass +0.0  [205s]
  game 331: Jass=W Scan=B → L (no legal move from Jass-player, 113 plies)  Jass +0.0  [205s]
  game 332: Scan=W Jass=B → W (no legal move from Jass-player, 110 plies)  Jass +0.0  [206s]
  game 333: Jass=W Scan=B → L (no legal move from Jass-player, 113 plies)  Jass +0.0  [206s]
  game 334: Scan=W Jass=B → W (no legal move from Jass-player, 110 plies)  Jass +0.0  [207s]
  game 335: Jass=W Scan=B → L (no legal move from Jass-player, 113 plies)  Jass +0.0  [208s]
  game 336: Scan=W Jass=B → W (no legal move from Jass-player, 110 plies)  Jass +0.0  [208s]
  game 337: Jass=W Scan=B → L (no legal move from Jass-player, 113 plies)  Jass +0.0  [209s]
  game 338: Scan=W Jass=B → W (no legal move from Jass-player, 110 plies)  Jass +0.0  [209s]
  game 339: Jass=W Scan=B → L (no legal move from Jass-player, 113 plies)  Jass +0.0  [210s]
  game 340: Scan=W Jass=B → W (no legal move from Jass-player, 110 plies)  Jass +0.0  [211s]
  game 341: Jass=W Scan=B → L (no legal move from Jass-player, 113 plies)  Jass +0.0  [211s]
  game 342: Scan=W Jass=B → W (no legal move from Jass-player, 110 plies)  Jass +0.0  [212s]
  game 343: Jass=W Scan=B → L (no legal move from Jass-player, 113 plies)  Jass +0.0  [213s]
  game 344: Scan=W Jass=B → W (no legal move from Jass-player, 110 plies)  Jass +0.0  [214s]
  game 345: Jass=W Scan=B → L (no legal move from Jass-player, 113 plies)  Jass +0.0  [214s]
  game 346: Scan=W Jass=B → W (no legal move from Jass-player, 110 plies)  Jass +0.0  [215s]
  game 347: Jass=W Scan=B → L (no legal move from Jass-player, 113 plies)  Jass +0.0  [215s]
  game 348: Scan=W Jass=B → W (no legal move from Jass-player, 110 plies)  Jass +0.0  [216s]
  game 349: Jass=W Scan=B → L (no legal move from Jass-player, 113 plies)  Jass +0.0  [216s]
  game 350: Scan=W Jass=B → W (no legal move from Jass-player, 110 plies)  Jass +0.0  [217s]
  game 351: Jass=W Scan=B → L (no legal move from Jass-player, 113 plies)  Jass +0.0  [218s]
  game 352: Scan=W Jass=B → W (no legal move from Jass-player, 110 plies)  Jass +0.0  [218s]
  game 353: Jass=W Scan=B → L (no legal move from Jass-player, 113 plies)  Jass +0.0  [219s]
  game 354: Scan=W Jass=B → W (no legal move from Jass-player, 110 plies)  Jass +0.0  [220s]
  game 355: Jass=W Scan=B → L (no legal move from Jass-player, 113 plies)  Jass +0.0  [221s]
  game 356: Scan=W Jass=B → W (no legal move from Jass-player, 110 plies)  Jass +0.0  [221s]
  game 357: Jass=W Scan=B → L (no legal move from Jass-player, 113 plies)  Jass +0.0  [222s]
  game 358: Scan=W Jass=B → W (no legal move from Jass-player, 110 plies)  Jass +0.0  [223s]
  game 359: Jass=W Scan=B → L (no legal move from Jass-player, 113 plies)  Jass +0.0  [224s]
  game 360: Scan=W Jass=B → W (no legal move from Jass-player, 110 plies)  Jass +0.0  [224s]
  game 361: Jass=W Scan=B → L (no legal move from Jass-player, 105 plies)  Jass +0.0  [225s]
  game 362: Scan=W Jass=B → W (no legal move from Jass-player, 108 plies)  Jass +0.0  [226s]
  game 363: Jass=W Scan=B → L (no legal move from Jass-player, 105 plies)  Jass +0.0  [226s]
  game 364: Scan=W Jass=B → W (no legal move from Jass-player, 108 plies)  Jass +0.0  [227s]
  game 365: Jass=W Scan=B → L (no legal move from Jass-player, 105 plies)  Jass +0.0  [227s]
  game 366: Scan=W Jass=B → W (no legal move from Jass-player, 108 plies)  Jass +0.0  [228s]
  game 367: Jass=W Scan=B → L (no legal move from Jass-player, 105 plies)  Jass +0.0  [229s]
  game 368: Scan=W Jass=B → W (no legal move from Jass-player, 108 plies)  Jass +0.0  [229s]
  game 369: Jass=W Scan=B → L (no legal move from Jass-player, 105 plies)  Jass +0.0  [230s]
  game 370: Scan=W Jass=B → W (no legal move from Jass-player, 108 plies)  Jass +0.0  [230s]
  game 371: Jass=W Scan=B → L (no legal move from Jass-player, 105 plies)  Jass +0.0  [231s]
  game 372: Scan=W Jass=B → W (no legal move from Jass-player, 108 plies)  Jass +0.0  [231s]
  game 373: Jass=W Scan=B → L (no legal move from Jass-player, 105 plies)  Jass +0.0  [232s]
  game 374: Scan=W Jass=B → W (no legal move from Jass-player, 108 plies)  Jass +0.0  [233s]
  game 375: Jass=W Scan=B → L (no legal move from Jass-player, 105 plies)  Jass +0.0  [233s]
  game 376: Scan=W Jass=B → W (no legal move from Jass-player, 108 plies)  Jass +0.0  [234s]
  game 377: Jass=W Scan=B → L (no legal move from Jass-player, 105 plies)  Jass +0.0  [234s]
  game 378: Scan=W Jass=B → W (no legal move from Jass-player, 108 plies)  Jass +0.0  [235s]
  game 379: Jass=W Scan=B → L (no legal move from Jass-player, 105 plies)  Jass +0.0  [235s]
  game 380: Scan=W Jass=B → W (no legal move from Jass-player, 108 plies)  Jass +0.0  [236s]
  game 381: Jass=W Scan=B → L (no legal move from Jass-player, 105 plies)  Jass +0.0  [237s]
  game 382: Scan=W Jass=B → W (no legal move from Jass-player, 108 plies)  Jass +0.0  [237s]
  game 383: Jass=W Scan=B → L (no legal move from Jass-player, 105 plies)  Jass +0.0  [238s]
  game 384: Scan=W Jass=B → W (no legal move from Jass-player, 108 plies)  Jass +0.0  [239s]
  game 385: Jass=W Scan=B → L (no legal move from Jass-player, 105 plies)  Jass +0.0  [239s]
  game 386: Scan=W Jass=B → W (no legal move from Jass-player, 108 plies)  Jass +0.0  [240s]
  game 387: Jass=W Scan=B → L (no legal move from Jass-player, 105 plies)  Jass +0.0  [240s]
  game 388: Scan=W Jass=B → W (no legal move from Jass-player, 108 plies)  Jass +0.0  [241s]
  game 389: Jass=W Scan=B → L (no legal move from Jass-player, 105 plies)  Jass +0.0  [241s]
  game 390: Scan=W Jass=B → W (no legal move from Jass-player, 108 plies)  Jass +0.0  [242s]
  game 391: Jass=W Scan=B → L (no legal move from Jass-player, 105 plies)  Jass +0.0  [242s]
  game 392: Scan=W Jass=B → W (no legal move from Jass-player, 108 plies)  Jass +0.0  [243s]
  game 393: Jass=W Scan=B → L (no legal move from Jass-player, 105 plies)  Jass +0.0  [244s]
  game 394: Scan=W Jass=B → W (no legal move from Jass-player, 108 plies)  Jass +0.0  [244s]
  game 395: Jass=W Scan=B → L (no legal move from Jass-player, 105 plies)  Jass +0.0  [245s]
  game 396: Scan=W Jass=B → W (no legal move from Jass-player, 108 plies)  Jass +0.0  [245s]
  game 397: Jass=W Scan=B → L (no legal move from Jass-player, 105 plies)  Jass +0.0  [246s]
  game 398: Scan=W Jass=B → W (no legal move from Jass-player, 108 plies)  Jass +0.0  [247s]
  game 399: Jass=W Scan=B → L (no legal move from Jass-player, 105 plies)  Jass +0.0  [247s]
  game 400: Scan=W Jass=B → W (no legal move from Jass-player, 108 plies)  Jass +0.0  [248s]
  game 401: Jass=W Scan=B → L (no legal move from Jass-player, 105 plies)  Jass +0.0  [249s]
  game 402: Scan=W Jass=B → W (no legal move from Jass-player, 108 plies)  Jass +0.0  [249s]
  game 403: Jass=W Scan=B → L (no legal move from Jass-player, 105 plies)  Jass +0.0  [249s]
  game 404: Scan=W Jass=B → W (no legal move from Jass-player, 108 plies)  Jass +0.0  [250s]
  game 405: Jass=W Scan=B → L (no legal move from Jass-player, 105 plies)  Jass +0.0  [251s]
  game 406: Scan=W Jass=B → W (no legal move from Jass-player, 108 plies)  Jass +0.0  [251s]
  game 407: Jass=W Scan=B → L (no legal move from Jass-player, 105 plies)  Jass +0.0  [252s]
  game 408: Scan=W Jass=B → W (no legal move from Jass-player, 108 plies)  Jass +0.0  [252s]
  game 409: Jass=W Scan=B → L (no legal move from Jass-player, 105 plies)  Jass +0.0  [253s]
  game 410: Scan=W Jass=B → W (no legal move from Jass-player, 108 plies)  Jass +0.0  [254s]
  game 411: Jass=W Scan=B → L (no legal move from Jass-player, 105 plies)  Jass +0.0  [254s]
  game 412: Scan=W Jass=B → W (no legal move from Jass-player, 108 plies)  Jass +0.0  [255s]
  game 413: Jass=W Scan=B → L (no legal move from Jass-player, 105 plies)  Jass +0.0  [255s]
  game 414: Scan=W Jass=B → W (no legal move from Jass-player, 108 plies)  Jass +0.0  [256s]
  game 415: Jass=W Scan=B → L (no legal move from Jass-player, 105 plies)  Jass +0.0  [257s]
  game 416: Scan=W Jass=B → W (no legal move from Jass-player, 108 plies)  Jass +0.0  [257s]
  game 417: Jass=W Scan=B → L (no legal move from Jass-player, 105 plies)  Jass +0.0  [258s]
  game 418: Scan=W Jass=B → W (no legal move from Jass-player, 108 plies)  Jass +0.0  [259s]
  game 419: Jass=W Scan=B → L (no legal move from Jass-player, 105 plies)  Jass +0.0  [259s]
  game 420: Scan=W Jass=B → W (no legal move from Jass-player, 108 plies)  Jass +0.0  [260s]
  game 421: Jass=W Scan=B → L (no legal move from Jass-player, 105 plies)  Jass +0.0  [261s]
  game 422: Scan=W Jass=B → W (no legal move from Jass-player, 108 plies)  Jass +0.0  [261s]
  game 423: Jass=W Scan=B → L (no legal move from Jass-player, 105 plies)  Jass +0.0  [262s]
  game 424: Scan=W Jass=B → W (no legal move from Jass-player, 108 plies)  Jass +0.0  [262s]
  game 425: Jass=W Scan=B → L (no legal move from Jass-player, 105 plies)  Jass +0.0  [263s]
  game 426: Scan=W Jass=B → W (no legal move from Jass-player, 108 plies)  Jass +0.0  [264s]
  game 427: Jass=W Scan=B → L (no legal move from Jass-player, 105 plies)  Jass +0.0  [264s]
  game 428: Scan=W Jass=B → W (no legal move from Jass-player, 108 plies)  Jass +0.0  [265s]
  game 429: Jass=W Scan=B → L (no legal move from Jass-player, 105 plies)  Jass +0.0  [265s]
  game 430: Scan=W Jass=B → W (no legal move from Jass-player, 108 plies)  Jass +0.0  [266s]
  game 431: Jass=W Scan=B → L (no legal move from Jass-player, 105 plies)  Jass +0.0  [267s]
  game 432: Scan=W Jass=B → W (no legal move from Jass-player, 108 plies)  Jass +0.0  [267s]
  game 433: Jass=W Scan=B → L (no legal move from Jass-player, 105 plies)  Jass +0.0  [268s]
  game 434: Scan=W Jass=B → W (no legal move from Jass-player, 108 plies)  Jass +0.0  [268s]
  game 435: Jass=W Scan=B → L (no legal move from Jass-player, 105 plies)  Jass +0.0  [269s]
  game 436: Scan=W Jass=B → W (no legal move from Jass-player, 108 plies)  Jass +0.0  [270s]
  game 437: Jass=W Scan=B → L (no legal move from Jass-player, 105 plies)  Jass +0.0  [270s]
  game 438: Scan=W Jass=B → W (no legal move from Jass-player, 108 plies)  Jass +0.0  [271s]
  game 439: Jass=W Scan=B → L (no legal move from Jass-player, 105 plies)  Jass +0.0  [271s]
  game 440: Scan=W Jass=B → W (no legal move from Jass-player, 108 plies)  Jass +0.0  [272s]
  game 441: Jass=W Scan=B → L (no legal move from Jass-player, 105 plies)  Jass +0.0  [273s]
  game 442: Scan=W Jass=B → W (no legal move from Jass-player, 108 plies)  Jass +0.0  [273s]
  game 443: Jass=W Scan=B → L (no legal move from Jass-player, 105 plies)  Jass +0.0  [274s]
  game 444: Scan=W Jass=B → W (no legal move from Jass-player, 108 plies)  Jass +0.0  [275s]
  game 445: Jass=W Scan=B → L (no legal move from Jass-player, 105 plies)  Jass +0.0  [275s]
  game 446: Scan=W Jass=B → W (no legal move from Jass-player, 108 plies)  Jass +0.0  [276s]
  game 447: Jass=W Scan=B → L (no legal move from Jass-player, 105 plies)  Jass +0.0  [276s]
  game 448: Scan=W Jass=B → W (no legal move from Jass-player, 108 plies)  Jass +0.0  [277s]
  game 449: Jass=W Scan=B → L (no legal move from Jass-player, 105 plies)  Jass +0.0  [277s]
  game 450: Scan=W Jass=B → W (no legal move from Jass-player, 108 plies)  Jass +0.0  [278s]
  game 451: Jass=W Scan=B → L (no legal move from Jass-player, 105 plies)  Jass +0.0  [279s]
  game 452: Scan=W Jass=B → W (no legal move from Jass-player, 108 plies)  Jass +0.0  [279s]
  game 453: Jass=W Scan=B → L (no legal move from Jass-player, 105 plies)  Jass +0.0  [280s]
  game 454: Scan=W Jass=B → W (no legal move from Jass-player, 108 plies)  Jass +0.0  [280s]
  game 455: Jass=W Scan=B → L (no legal move from Jass-player, 105 plies)  Jass +0.0  [281s]
  game 456: Scan=W Jass=B → W (no legal move from Jass-player, 108 plies)  Jass +0.0  [282s]
  game 457: Jass=W Scan=B → L (no legal move from Jass-player, 105 plies)  Jass +0.0  [282s]
  game 458: Scan=W Jass=B → W (no legal move from Jass-player, 108 plies)  Jass +0.0  [283s]
  game 459: Jass=W Scan=B → L (no legal move from Jass-player, 105 plies)  Jass +0.0  [283s]
  game 460: Scan=W Jass=B → W (no legal move from Jass-player, 108 plies)  Jass +0.0  [284s]
  game 461: Jass=W Scan=B → L (no legal move from Jass-player, 105 plies)  Jass +0.0  [284s]
  game 462: Scan=W Jass=B → W (no legal move from Jass-player, 108 plies)  Jass +0.0  [285s]
  game 463: Jass=W Scan=B → L (no legal move from Jass-player, 105 plies)  Jass +0.0  [286s]
  game 464: Scan=W Jass=B → W (no legal move from Jass-player, 108 plies)  Jass +0.0  [286s]
  game 465: Jass=W Scan=B → L (no legal move from Jass-player, 105 plies)  Jass +0.0  [287s]
  game 466: Scan=W Jass=B → W (no legal move from Jass-player, 108 plies)  Jass +0.0  [287s]
  game 467: Jass=W Scan=B → L (no legal move from Jass-player, 105 plies)  Jass +0.0  [288s]
  game 468: Scan=W Jass=B → W (no legal move from Jass-player, 108 plies)  Jass +0.0  [289s]
  game 469: Jass=W Scan=B → L (no legal move from Jass-player, 105 plies)  Jass +0.0  [289s]
  game 470: Scan=W Jass=B → W (no legal move from Jass-player, 108 plies)  Jass +0.0  [290s]
  game 471: Jass=W Scan=B → L (no legal move from Jass-player, 105 plies)  Jass +0.0  [291s]
  game 472: Scan=W Jass=B → W (no legal move from Jass-player, 108 plies)  Jass +0.0  [291s]
  game 473: Jass=W Scan=B → L (no legal move from Jass-player, 105 plies)  Jass +0.0  [292s]
  game 474: Scan=W Jass=B → W (no legal move from Jass-player, 108 plies)  Jass +0.0  [292s]
  game 475: Jass=W Scan=B → L (no legal move from Jass-player, 105 plies)  Jass +0.0  [293s]
  game 476: Scan=W Jass=B → W (no legal move from Jass-player, 108 plies)  Jass +0.0  [293s]
  game 477: Jass=W Scan=B → L (no legal move from Jass-player, 105 plies)  Jass +0.0  [294s]
  game 478: Scan=W Jass=B → W (no legal move from Jass-player, 108 plies)  Jass +0.0  [295s]
  game 479: Jass=W Scan=B → L (no legal move from Jass-player, 105 plies)  Jass +0.0  [295s]
  game 480: Scan=W Jass=B → W (no legal move from Jass-player, 108 plies)  Jass +0.0  [296s]
  game 481: Jass=W Scan=B → L (no legal move from Jass-player, 99 plies)  Jass +0.0  [296s]
  game 482: Scan=W Jass=B → W (no legal move from Jass-player, 128 plies)  Jass +0.0  [297s]
  game 483: Jass=W Scan=B → L (no legal move from Jass-player, 99 plies)  Jass +0.0  [298s]
  game 484: Scan=W Jass=B → W (no legal move from Jass-player, 128 plies)  Jass +0.0  [299s]
  game 485: Jass=W Scan=B → L (no legal move from Jass-player, 99 plies)  Jass +0.0  [299s]
  game 486: Scan=W Jass=B → W (no legal move from Jass-player, 128 plies)  Jass +0.0  [300s]
  game 487: Jass=W Scan=B → L (no legal move from Jass-player, 99 plies)  Jass +0.0  [301s]
  game 488: Scan=W Jass=B → W (no legal move from Jass-player, 128 plies)  Jass +0.0  [302s]
  game 489: Jass=W Scan=B → L (no legal move from Jass-player, 99 plies)  Jass +0.0  [302s]
  game 490: Scan=W Jass=B → W (no legal move from Jass-player, 128 plies)  Jass +0.0  [303s]
  game 491: Jass=W Scan=B → L (no legal move from Jass-player, 99 plies)  Jass +0.0  [304s]
  game 492: Scan=W Jass=B → W (no legal move from Jass-player, 128 plies)  Jass +0.0  [305s]
  game 493: Jass=W Scan=B → L (no legal move from Jass-player, 99 plies)  Jass +0.0  [306s]
  game 494: Scan=W Jass=B → W (no legal move from Jass-player, 128 plies)  Jass +0.0  [306s]
  game 495: Jass=W Scan=B → L (no legal move from Jass-player, 99 plies)  Jass +0.0  [307s]
  game 496: Scan=W Jass=B → W (no legal move from Jass-player, 128 plies)  Jass +0.0  [308s]
  game 497: Jass=W Scan=B → L (no legal move from Jass-player, 99 plies)  Jass +0.0  [309s]
  game 498: Scan=W Jass=B → W (no legal move from Jass-player, 128 plies)  Jass +0.0  [310s]
  game 499: Jass=W Scan=B → L (no legal move from Jass-player, 99 plies)  Jass +0.0  [310s]
  game 500: Scan=W Jass=B → W (no legal move from Jass-player, 128 plies)  Jass +0.0  [311s]
  game 501: Jass=W Scan=B → L (no legal move from Jass-player, 99 plies)  Jass +0.0  [312s]
  game 502: Scan=W Jass=B → W (no legal move from Jass-player, 128 plies)  Jass +0.0  [313s]
  game 503: Jass=W Scan=B → L (no legal move from Jass-player, 99 plies)  Jass +0.0  [314s]
  game 504: Scan=W Jass=B → W (no legal move from Jass-player, 128 plies)  Jass +0.0  [315s]
  game 505: Jass=W Scan=B → L (no legal move from Jass-player, 99 plies)  Jass +0.0  [315s]
  game 506: Scan=W Jass=B → W (no legal move from Jass-player, 128 plies)  Jass +0.0  [316s]
  game 507: Jass=W Scan=B → L (no legal move from Jass-player, 99 plies)  Jass +0.0  [317s]
  game 508: Scan=W Jass=B → W (no legal move from Jass-player, 128 plies)  Jass +0.0  [317s]
  game 509: Jass=W Scan=B → L (no legal move from Jass-player, 99 plies)  Jass +0.0  [318s]
  game 510: Scan=W Jass=B → W (no legal move from Jass-player, 128 plies)  Jass +0.0  [319s]
  game 511: Jass=W Scan=B → L (no legal move from Jass-player, 99 plies)  Jass +0.0  [319s]
  game 512: Scan=W Jass=B → W (no legal move from Jass-player, 128 plies)  Jass +0.0  [320s]
  game 513: Jass=W Scan=B → L (no legal move from Jass-player, 99 plies)  Jass +0.0  [321s]
  game 514: Scan=W Jass=B → W (no legal move from Jass-player, 128 plies)  Jass +0.0  [322s]
  game 515: Jass=W Scan=B → L (no legal move from Jass-player, 99 plies)  Jass +0.0  [323s]
  game 516: Scan=W Jass=B → W (no legal move from Jass-player, 128 plies)  Jass +0.0  [323s]
  game 517: Jass=W Scan=B → L (no legal move from Jass-player, 99 plies)  Jass +0.0  [324s]
  game 518: Scan=W Jass=B → W (no legal move from Jass-player, 128 plies)  Jass +0.0  [325s]
  game 519: Jass=W Scan=B → L (no legal move from Jass-player, 99 plies)  Jass +0.0  [325s]
  game 520: Scan=W Jass=B → W (no legal move from Jass-player, 128 plies)  Jass +0.0  [326s]
  game 521: Jass=W Scan=B → L (no legal move from Jass-player, 99 plies)  Jass +0.0  [327s]
  game 522: Scan=W Jass=B → W (no legal move from Jass-player, 128 plies)  Jass +0.0  [328s]
  game 523: Jass=W Scan=B → L (no legal move from Jass-player, 99 plies)  Jass +0.0  [329s]
  game 524: Scan=W Jass=B → W (no legal move from Jass-player, 128 plies)  Jass +0.0  [329s]
  game 525: Jass=W Scan=B → L (no legal move from Jass-player, 99 plies)  Jass +0.0  [330s]
  game 526: Scan=W Jass=B → W (no legal move from Jass-player, 128 plies)  Jass +0.0  [331s]
  game 527: Jass=W Scan=B → L (no legal move from Jass-player, 99 plies)  Jass +0.0  [331s]
  game 528: Scan=W Jass=B → W (no legal move from Jass-player, 128 plies)  Jass +0.0  [332s]
  game 529: Jass=W Scan=B → L (no legal move from Jass-player, 99 plies)  Jass +0.0  [333s]
  game 530: Scan=W Jass=B → W (no legal move from Jass-player, 128 plies)  Jass +0.0  [334s]
  game 531: Jass=W Scan=B → L (no legal move from Jass-player, 99 plies)  Jass +0.0  [334s]
  game 532: Scan=W Jass=B → W (no legal move from Jass-player, 128 plies)  Jass +0.0  [335s]
  game 533: Jass=W Scan=B → L (no legal move from Jass-player, 99 plies)  Jass +0.0  [336s]
  game 534: Scan=W Jass=B → W (no legal move from Jass-player, 128 plies)  Jass +0.0  [337s]
  game 535: Jass=W Scan=B → L (no legal move from Jass-player, 99 plies)  Jass +0.0  [337s]
  game 536: Scan=W Jass=B → W (no legal move from Jass-player, 128 plies)  Jass +0.0  [338s]
  game 537: Jass=W Scan=B → L (no legal move from Jass-player, 99 plies)  Jass +0.0  [339s]
  game 538: Scan=W Jass=B → W (no legal move from Jass-player, 128 plies)  Jass +0.0  [340s]
  game 539: Jass=W Scan=B → L (no legal move from Jass-player, 99 plies)  Jass +0.0  [341s]
  game 540: Scan=W Jass=B → W (no legal move from Jass-player, 128 plies)  Jass +0.0  [342s]
  game 541: Jass=W Scan=B → L (no legal move from Jass-player, 99 plies)  Jass +0.0  [344s]
  game 542: Scan=W Jass=B → W (no legal move from Jass-player, 128 plies)  Jass +0.0  [345s]
  game 543: Jass=W Scan=B → L (no legal move from Jass-player, 99 plies)  Jass +0.0  [346s]
  game 544: Scan=W Jass=B → W (no legal move from Jass-player, 128 plies)  Jass +0.0  [348s]
  game 545: Jass=W Scan=B → L (no legal move from Jass-player, 99 plies)  Jass +0.0  [348s]
  game 546: Scan=W Jass=B → W (no legal move from Jass-player, 128 plies)  Jass +0.0  [349s]
  game 547: Jass=W Scan=B → L (no legal move from Jass-player, 99 plies)  Jass +0.0  [350s]
  game 548: Scan=W Jass=B → W (no legal move from Jass-player, 128 plies)  Jass +0.0  [351s]
  game 549: Jass=W Scan=B → L (no legal move from Jass-player, 99 plies)  Jass +0.0  [352s]
  game 550: Scan=W Jass=B → W (no legal move from Jass-player, 128 plies)  Jass +0.0  [352s]
  game 551: Jass=W Scan=B → L (no legal move from Jass-player, 99 plies)  Jass +0.0  [354s]
  game 552: Scan=W Jass=B → W (no legal move from Jass-player, 128 plies)  Jass +0.0  [355s]
  game 553: Jass=W Scan=B → L (no legal move from Jass-player, 99 plies)  Jass +0.0  [356s]
  game 554: Scan=W Jass=B → W (no legal move from Jass-player, 128 plies)  Jass +0.0  [356s]
  game 555: Jass=W Scan=B → L (no legal move from Jass-player, 99 plies)  Jass +0.0  [357s]
  game 556: Scan=W Jass=B → W (no legal move from Jass-player, 128 plies)  Jass +0.0  [358s]
  game 557: Jass=W Scan=B → L (no legal move from Jass-player, 99 plies)  Jass +0.0  [358s]
  game 558: Scan=W Jass=B → W (no legal move from Jass-player, 128 plies)  Jass +0.0  [359s]
  game 559: Jass=W Scan=B → L (no legal move from Jass-player, 99 plies)  Jass +0.0  [360s]
  game 560: Scan=W Jass=B → W (no legal move from Jass-player, 128 plies)  Jass +0.0  [362s]
  game 561: Jass=W Scan=B → L (no legal move from Jass-player, 99 plies)  Jass +0.0  [362s]
  game 562: Scan=W Jass=B → W (no legal move from Jass-player, 128 plies)  Jass +0.0  [363s]
  game 563: Jass=W Scan=B → L (no legal move from Jass-player, 99 plies)  Jass +0.0  [364s]
  game 564: Scan=W Jass=B → W (no legal move from Jass-player, 128 plies)  Jass +0.0  [365s]
  game 565: Jass=W Scan=B → L (no legal move from Jass-player, 99 plies)  Jass +0.0  [365s]
  game 566: Scan=W Jass=B → W (no legal move from Jass-player, 128 plies)  Jass +0.0  [367s]
  game 567: Jass=W Scan=B → L (no legal move from Jass-player, 99 plies)  Jass +0.0  [367s]
  game 568: Scan=W Jass=B → W (no legal move from Jass-player, 128 plies)  Jass +0.0  [368s]
  game 569: Jass=W Scan=B → L (no legal move from Jass-player, 99 plies)  Jass +0.0  [369s]
  game 570: Scan=W Jass=B → W (no legal move from Jass-player, 128 plies)  Jass +0.0  [370s]
  game 571: Jass=W Scan=B → L (no legal move from Jass-player, 99 plies)  Jass +0.0  [372s]
  game 572: Scan=W Jass=B → W (no legal move from Jass-player, 128 plies)  Jass +0.0  [373s]
  game 573: Jass=W Scan=B → L (no legal move from Jass-player, 99 plies)  Jass +0.0  [374s]
  game 574: Scan=W Jass=B → W (no legal move from Jass-player, 128 plies)  Jass +0.0  [375s]
  game 575: Jass=W Scan=B → L (no legal move from Jass-player, 99 plies)  Jass +0.0  [376s]
  game 576: Scan=W Jass=B → W (no legal move from Jass-player, 128 plies)  Jass +0.0  [377s]
  game 577: Jass=W Scan=B → L (no legal move from Jass-player, 99 plies)  Jass +0.0  [378s]
  game 578: Scan=W Jass=B → W (no legal move from Jass-player, 128 plies)  Jass +0.0  [380s]
  game 579: Jass=W Scan=B → L (no legal move from Jass-player, 99 plies)  Jass +0.0  [381s]
  game 580: Scan=W Jass=B → W (no legal move from Jass-player, 128 plies)  Jass +0.0  [382s]
  game 581: Jass=W Scan=B → L (no legal move from Jass-player, 99 plies)  Jass +0.0  [383s]
  game 582: Scan=W Jass=B → W (no legal move from Jass-player, 128 plies)  Jass +0.0  [384s]
  game 583: Jass=W Scan=B → L (no legal move from Jass-player, 99 plies)  Jass +0.0  [385s]
  game 584: Scan=W Jass=B → W (no legal move from Jass-player, 128 plies)  Jass +0.0  [386s]
  game 585: Jass=W Scan=B → L (no legal move from Jass-player, 99 plies)  Jass +0.0  [387s]
  game 586: Scan=W Jass=B → W (no legal move from Jass-player, 128 plies)  Jass +0.0  [388s]
  game 587: Jass=W Scan=B → L (no legal move from Jass-player, 99 plies)  Jass +0.0  [389s]
  game 588: Scan=W Jass=B → W (no legal move from Jass-player, 128 plies)  Jass +0.0  [390s]
  game 589: Jass=W Scan=B → L (no legal move from Jass-player, 99 plies)  Jass +0.0  [391s]
  game 590: Scan=W Jass=B → W (no legal move from Jass-player, 128 plies)  Jass +0.0  [392s]
  game 591: Jass=W Scan=B → L (no legal move from Jass-player, 99 plies)  Jass +0.0  [392s]
  game 592: Scan=W Jass=B → W (no legal move from Jass-player, 128 plies)  Jass +0.0  [393s]
  game 593: Jass=W Scan=B → L (no legal move from Jass-player, 99 plies)  Jass +0.0  [394s]
  game 594: Scan=W Jass=B → W (no legal move from Jass-player, 128 plies)  Jass +0.0  [396s]
  game 595: Jass=W Scan=B → L (no legal move from Jass-player, 99 plies)  Jass +0.0  [397s]
  game 596: Scan=W Jass=B → W (no legal move from Jass-player, 128 plies)  Jass +0.0  [398s]
  game 597: Jass=W Scan=B → L (no legal move from Jass-player, 99 plies)  Jass +0.0  [399s]
  game 598: Scan=W Jass=B → W (no legal move from Jass-player, 128 plies)  Jass +0.0  [401s]
  game 599: Jass=W Scan=B → L (no legal move from Jass-player, 99 plies)  Jass +0.0  [401s]
  game 600: Scan=W Jass=B → W (no legal move from Jass-player, 128 plies)  Jass +0.0  [402s]
  game 601: Jass=W Scan=B → L (no legal move from Jass-player, 117 plies)  Jass +0.0  [402s]
  game 602: Scan=W Jass=B → W (no legal move from Jass-player, 116 plies)  Jass +0.0  [403s]
  game 603: Jass=W Scan=B → L (no legal move from Jass-player, 117 plies)  Jass +0.0  [405s]
  game 604: Scan=W Jass=B → W (no legal move from Jass-player, 116 plies)  Jass +0.0  [405s]
  game 605: Jass=W Scan=B → L (no legal move from Jass-player, 117 plies)  Jass +0.0  [406s]
  game 606: Scan=W Jass=B → W (no legal move from Jass-player, 116 plies)  Jass +0.0  [408s]
  game 607: Jass=W Scan=B → L (no legal move from Jass-player, 117 plies)  Jass +0.0  [409s]
  game 608: Scan=W Jass=B → W (no legal move from Jass-player, 116 plies)  Jass +0.0  [410s]
  game 609: Jass=W Scan=B → L (no legal move from Jass-player, 117 plies)  Jass +0.0  [411s]
  game 610: Scan=W Jass=B → W (no legal move from Jass-player, 116 plies)  Jass +0.0  [412s]
  game 611: Jass=W Scan=B → L (no legal move from Jass-player, 117 plies)  Jass +0.0  [413s]
  game 612: Scan=W Jass=B → W (no legal move from Jass-player, 116 plies)  Jass +0.0  [414s]
  game 613: Jass=W Scan=B → L (no legal move from Jass-player, 117 plies)  Jass +0.0  [415s]
  game 614: Scan=W Jass=B → W (no legal move from Jass-player, 116 plies)  Jass +0.0  [416s]
  game 615: Jass=W Scan=B → L (no legal move from Jass-player, 117 plies)  Jass +0.0  [417s]
  game 616: Scan=W Jass=B → W (no legal move from Jass-player, 116 plies)  Jass +0.0  [418s]
  game 617: Jass=W Scan=B → L (no legal move from Jass-player, 117 plies)  Jass +0.0  [419s]
  game 618: Scan=W Jass=B → W (no legal move from Jass-player, 116 plies)  Jass +0.0  [420s]
  game 619: Jass=W Scan=B → L (no legal move from Jass-player, 117 plies)  Jass +0.0  [420s]
  game 620: Scan=W Jass=B → W (no legal move from Jass-player, 116 plies)  Jass +0.0  [421s]
  game 621: Jass=W Scan=B → L (no legal move from Jass-player, 117 plies)  Jass +0.0  [421s]
  game 622: Scan=W Jass=B → W (no legal move from Jass-player, 116 plies)  Jass +0.0  [422s]
  game 623: Jass=W Scan=B → L (no legal move from Jass-player, 117 plies)  Jass +0.0  [423s]
  game 624: Scan=W Jass=B → W (no legal move from Jass-player, 116 plies)  Jass +0.0  [424s]
  game 625: Jass=W Scan=B → L (no legal move from Jass-player, 117 plies)  Jass +0.0  [424s]
  game 626: Scan=W Jass=B → W (no legal move from Jass-player, 116 plies)  Jass +0.0  [425s]
  game 627: Jass=W Scan=B → L (no legal move from Jass-player, 117 plies)  Jass +0.0  [426s]
  game 628: Scan=W Jass=B → W (no legal move from Jass-player, 116 plies)  Jass +0.0  [427s]
  game 629: Jass=W Scan=B → L (no legal move from Jass-player, 117 plies)  Jass +0.0  [429s]
  game 630: Scan=W Jass=B → W (no legal move from Jass-player, 116 plies)  Jass +0.0  [429s]
  game 631: Jass=W Scan=B → L (no legal move from Jass-player, 117 plies)  Jass +0.0  [430s]
  game 632: Scan=W Jass=B → W (no legal move from Jass-player, 116 plies)  Jass +0.0  [431s]
  game 633: Jass=W Scan=B → L (no legal move from Jass-player, 117 plies)  Jass +0.0  [432s]
  game 634: Scan=W Jass=B → W (no legal move from Jass-player, 116 plies)  Jass +0.0  [434s]
  game 635: Jass=W Scan=B → L (no legal move from Jass-player, 117 plies)  Jass +0.0  [435s]
  game 636: Scan=W Jass=B → W (no legal move from Jass-player, 116 plies)  Jass +0.0  [436s]
  game 637: Jass=W Scan=B → L (no legal move from Jass-player, 117 plies)  Jass +0.0  [437s]
  game 638: Scan=W Jass=B → W (no legal move from Jass-player, 116 plies)  Jass +0.0  [439s]
  game 639: Jass=W Scan=B → L (no legal move from Jass-player, 117 plies)  Jass +0.0  [439s]
  game 640: Scan=W Jass=B → W (no legal move from Jass-player, 116 plies)  Jass +0.0  [440s]
  game 641: Jass=W Scan=B → L (no legal move from Jass-player, 117 plies)  Jass +0.0  [440s]
  game 642: Scan=W Jass=B → W (no legal move from Jass-player, 116 plies)  Jass +0.0  [442s]
  game 643: Jass=W Scan=B → L (no legal move from Jass-player, 117 plies)  Jass +0.0  [442s]
  game 644: Scan=W Jass=B → W (no legal move from Jass-player, 116 plies)  Jass +0.0  [443s]
  game 645: Jass=W Scan=B → L (no legal move from Jass-player, 117 plies)  Jass +0.0  [444s]
  game 646: Scan=W Jass=B → W (no legal move from Jass-player, 116 plies)  Jass +0.0  [445s]
  game 647: Jass=W Scan=B → L (no legal move from Jass-player, 117 plies)  Jass +0.0  [446s]
  game 648: Scan=W Jass=B → W (no legal move from Jass-player, 116 plies)  Jass +0.0  [447s]
  game 649: Jass=W Scan=B → L (no legal move from Jass-player, 117 plies)  Jass +0.0  [447s]
  game 650: Scan=W Jass=B → W (no legal move from Jass-player, 116 plies)  Jass +0.0  [448s]
  game 651: Jass=W Scan=B → L (no legal move from Jass-player, 117 plies)  Jass +0.0  [449s]
  game 652: Scan=W Jass=B → W (no legal move from Jass-player, 116 plies)  Jass +0.0  [451s]
  game 653: Jass=W Scan=B → L (no legal move from Jass-player, 117 plies)  Jass +0.0  [451s]
  game 654: Scan=W Jass=B → W (no legal move from Jass-player, 116 plies)  Jass +0.0  [452s]
  game 655: Jass=W Scan=B → L (no legal move from Jass-player, 117 plies)  Jass +0.0  [453s]
  game 656: Scan=W Jass=B → W (no legal move from Jass-player, 116 plies)  Jass +0.0  [454s]
  game 657: Jass=W Scan=B → L (no legal move from Jass-player, 117 plies)  Jass +0.0  [455s]
  game 658: Scan=W Jass=B → W (no legal move from Jass-player, 116 plies)  Jass +0.0  [455s]
  game 659: Jass=W Scan=B → L (no legal move from Jass-player, 117 plies)  Jass +0.0  [456s]
  game 660: Scan=W Jass=B → W (no legal move from Jass-player, 116 plies)  Jass +0.0  [457s]
  game 661: Jass=W Scan=B → L (no legal move from Jass-player, 117 plies)  Jass +0.0  [458s]
  game 662: Scan=W Jass=B → W (no legal move from Jass-player, 116 plies)  Jass +0.0  [458s]
  game 663: Jass=W Scan=B → L (no legal move from Jass-player, 117 plies)  Jass +0.0  [459s]
  game 664: Scan=W Jass=B → W (no legal move from Jass-player, 116 plies)  Jass +0.0  [459s]
  game 665: Jass=W Scan=B → L (no legal move from Jass-player, 117 plies)  Jass +0.0  [460s]
  game 666: Scan=W Jass=B → W (no legal move from Jass-player, 116 plies)  Jass +0.0  [462s]
  game 667: Jass=W Scan=B → L (no legal move from Jass-player, 117 plies)  Jass +0.0  [462s]
  game 668: Scan=W Jass=B → W (no legal move from Jass-player, 116 plies)  Jass +0.0  [463s]
  game 669: Jass=W Scan=B → L (no legal move from Jass-player, 117 plies)  Jass +0.0  [464s]
  game 670: Scan=W Jass=B → W (no legal move from Jass-player, 116 plies)  Jass +0.0  [464s]
  game 671: Jass=W Scan=B → L (no legal move from Jass-player, 117 plies)  Jass +0.0  [466s]
  game 672: Scan=W Jass=B → W (no legal move from Jass-player, 116 plies)  Jass +0.0  [466s]
  game 673: Jass=W Scan=B → L (no legal move from Jass-player, 117 plies)  Jass +0.0  [467s]
  game 674: Scan=W Jass=B → W (no legal move from Jass-player, 116 plies)  Jass +0.0  [469s]
  game 675: Jass=W Scan=B → L (no legal move from Jass-player, 117 plies)  Jass +0.0  [469s]
  game 676: Scan=W Jass=B → W (no legal move from Jass-player, 116 plies)  Jass +0.0  [470s]
  game 677: Jass=W Scan=B → L (no legal move from Jass-player, 117 plies)  Jass +0.0  [471s]
  game 678: Scan=W Jass=B → W (no legal move from Jass-player, 116 plies)  Jass +0.0  [472s]
  game 679: Jass=W Scan=B → L (no legal move from Jass-player, 117 plies)  Jass +0.0  [473s]
  game 680: Scan=W Jass=B → W (no legal move from Jass-player, 116 plies)  Jass +0.0  [474s]
  game 681: Jass=W Scan=B → L (no legal move from Jass-player, 117 plies)  Jass +0.0  [474s]
  game 682: Scan=W Jass=B → W (no legal move from Jass-player, 116 plies)  Jass +0.0  [475s]
  game 683: Jass=W Scan=B → L (no legal move from Jass-player, 117 plies)  Jass +0.0  [476s]
  game 684: Scan=W Jass=B → W (no legal move from Jass-player, 116 plies)  Jass +0.0  [476s]
  game 685: Jass=W Scan=B → L (no legal move from Jass-player, 117 plies)  Jass +0.0  [477s]
  game 686: Scan=W Jass=B → W (no legal move from Jass-player, 116 plies)  Jass +0.0  [479s]
  game 687: Jass=W Scan=B → L (no legal move from Jass-player, 117 plies)  Jass +0.0  [479s]
  game 688: Scan=W Jass=B → W (no legal move from Jass-player, 116 plies)  Jass +0.0  [480s]
  game 689: Jass=W Scan=B → L (no legal move from Jass-player, 117 plies)  Jass +0.0  [482s]
  game 690: Scan=W Jass=B → W (no legal move from Jass-player, 116 plies)  Jass +0.0  [482s]
  game 691: Jass=W Scan=B → L (no legal move from Jass-player, 117 plies)  Jass +0.0  [483s]
  game 692: Scan=W Jass=B → W (no legal move from Jass-player, 116 plies)  Jass +0.0  [484s]
  game 693: Jass=W Scan=B → L (no legal move from Jass-player, 117 plies)  Jass +0.0  [484s]
  game 694: Scan=W Jass=B → W (no legal move from Jass-player, 116 plies)  Jass +0.0  [485s]
  game 695: Jass=W Scan=B → L (no legal move from Jass-player, 117 plies)  Jass +0.0  [486s]
  game 696: Scan=W Jass=B → W (no legal move from Jass-player, 116 plies)  Jass +0.0  [488s]
  game 697: Jass=W Scan=B → L (no legal move from Jass-player, 117 plies)  Jass +0.0  [488s]
  game 698: Scan=W Jass=B → W (no legal move from Jass-player, 116 plies)  Jass +0.0  [490s]
  game 699: Jass=W Scan=B → L (no legal move from Jass-player, 117 plies)  Jass +0.0  [491s]
  game 700: Scan=W Jass=B → W (no legal move from Jass-player, 116 plies)  Jass +0.0  [492s]
  game 701: Jass=W Scan=B → L (no legal move from Jass-player, 117 plies)  Jass +0.0  [493s]
  game 702: Scan=W Jass=B → W (no legal move from Jass-player, 116 plies)  Jass +0.0  [493s]
  game 703: Jass=W Scan=B → L (no legal move from Jass-player, 117 plies)  Jass +0.0  [494s]
  game 704: Scan=W Jass=B → W (no legal move from Jass-player, 116 plies)  Jass +0.0  [494s]
  game 705: Jass=W Scan=B → L (no legal move from Jass-player, 117 plies)  Jass +0.0  [495s]
  game 706: Scan=W Jass=B → W (no legal move from Jass-player, 116 plies)  Jass +0.0  [496s]
  game 707: Jass=W Scan=B → L (no legal move from Jass-player, 117 plies)  Jass +0.0  [497s]
  game 708: Scan=W Jass=B → W (no legal move from Jass-player, 116 plies)  Jass +0.0  [498s]
  game 709: Jass=W Scan=B → L (no legal move from Jass-player, 117 plies)  Jass +0.0  [498s]
  game 710: Scan=W Jass=B → W (no legal move from Jass-player, 116 plies)  Jass +0.0  [499s]
  game 711: Jass=W Scan=B → L (no legal move from Jass-player, 117 plies)  Jass +0.0  [500s]
  game 712: Scan=W Jass=B → W (no legal move from Jass-player, 116 plies)  Jass +0.0  [501s]
  game 713: Jass=W Scan=B → L (no legal move from Jass-player, 117 plies)  Jass +0.0  [502s]
  game 714: Scan=W Jass=B → W (no legal move from Jass-player, 116 plies)  Jass +0.0  [503s]
  game 715: Jass=W Scan=B → L (no legal move from Jass-player, 117 plies)  Jass +0.0  [504s]
  game 716: Scan=W Jass=B → W (no legal move from Jass-player, 116 plies)  Jass +0.0  [505s]
  game 717: Jass=W Scan=B → L (no legal move from Jass-player, 117 plies)  Jass +0.0  [506s]
  game 718: Scan=W Jass=B → W (no legal move from Jass-player, 116 plies)  Jass +0.0  [507s]
  game 719: Jass=W Scan=B → L (no legal move from Jass-player, 117 plies)  Jass +0.0  [508s]
  game 720: Scan=W Jass=B → W (no legal move from Jass-player, 116 plies)  Jass +0.0  [509s]
  game 721: Jass=W Scan=B → L (no legal move from Jass-player, 109 plies)  Jass +0.0  [510s]
  game 722: Scan=W Jass=B → W (no legal move from Jass-player, 118 plies)  Jass +0.0  [510s]
  game 723: Jass=W Scan=B → L (no legal move from Jass-player, 109 plies)  Jass +0.0  [511s]
  game 724: Scan=W Jass=B → W (no legal move from Jass-player, 118 plies)  Jass +0.0  [511s]
  game 725: Jass=W Scan=B → L (no legal move from Jass-player, 109 plies)  Jass +0.0  [512s]
  game 726: Scan=W Jass=B → W (no legal move from Jass-player, 118 plies)  Jass +0.0  [514s]
  game 727: Jass=W Scan=B → L (no legal move from Jass-player, 109 plies)  Jass +0.0  [515s]
  game 728: Scan=W Jass=B → W (no legal move from Jass-player, 118 plies)  Jass +0.0  [516s]
  game 729: Jass=W Scan=B → L (no legal move from Jass-player, 109 plies)  Jass +0.0  [517s]
  game 730: Scan=W Jass=B → W (no legal move from Jass-player, 118 plies)  Jass +0.0  [518s]
  game 731: Jass=W Scan=B → L (no legal move from Jass-player, 109 plies)  Jass +0.0  [519s]
  game 732: Scan=W Jass=B → W (no legal move from Jass-player, 118 plies)  Jass +0.0  [519s]
  game 733: Jass=W Scan=B → L (no legal move from Jass-player, 109 plies)  Jass +0.0  [520s]
  game 734: Scan=W Jass=B → W (no legal move from Jass-player, 118 plies)  Jass +0.0  [521s]
  game 735: Jass=W Scan=B → L (no legal move from Jass-player, 109 plies)  Jass +0.0  [523s]
  game 736: Scan=W Jass=B → W (no legal move from Jass-player, 118 plies)  Jass +0.0  [524s]
  game 737: Jass=W Scan=B → L (no legal move from Jass-player, 109 plies)  Jass +0.0  [526s]
  game 738: Scan=W Jass=B → W (no legal move from Jass-player, 118 plies)  Jass +0.0  [526s]
  game 739: Jass=W Scan=B → L (no legal move from Jass-player, 109 plies)  Jass +0.0  [527s]
  game 740: Scan=W Jass=B → W (no legal move from Jass-player, 118 plies)  Jass +0.0  [527s]
  game 741: Jass=W Scan=B → L (no legal move from Jass-player, 109 plies)  Jass +0.0  [528s]
  game 742: Scan=W Jass=B → W (no legal move from Jass-player, 118 plies)  Jass +0.0  [530s]
  game 743: Jass=W Scan=B → L (no legal move from Jass-player, 109 plies)  Jass +0.0  [530s]
  game 744: Scan=W Jass=B → W (no legal move from Jass-player, 118 plies)  Jass +0.0  [531s]
  game 745: Jass=W Scan=B → L (no legal move from Jass-player, 109 plies)  Jass +0.0  [531s]
  game 746: Scan=W Jass=B → W (no legal move from Jass-player, 118 plies)  Jass +0.0  [532s]
  game 747: Jass=W Scan=B → L (no legal move from Jass-player, 109 plies)  Jass +0.0  [533s]
  game 748: Scan=W Jass=B → W (no legal move from Jass-player, 118 plies)  Jass +0.0  [535s]
  game 749: Jass=W Scan=B → L (no legal move from Jass-player, 109 plies)  Jass +0.0  [535s]
  game 750: Scan=W Jass=B → W (no legal move from Jass-player, 118 plies)  Jass +0.0  [536s]
  game 751: Jass=W Scan=B → L (no legal move from Jass-player, 109 plies)  Jass +0.0  [537s]
  game 752: Scan=W Jass=B → W (no legal move from Jass-player, 118 plies)  Jass +0.0  [538s]
  game 753: Jass=W Scan=B → L (no legal move from Jass-player, 109 plies)  Jass +0.0  [540s]
  game 754: Scan=W Jass=B → W (no legal move from Jass-player, 118 plies)  Jass +0.0  [541s]
  game 755: Jass=W Scan=B → L (no legal move from Jass-player, 109 plies)  Jass +0.0  [542s]
  game 756: Scan=W Jass=B → W (no legal move from Jass-player, 118 plies)  Jass +0.0  [544s]
  game 757: Jass=W Scan=B → L (no legal move from Jass-player, 109 plies)  Jass +0.0  [545s]
  game 758: Scan=W Jass=B → W (no legal move from Jass-player, 118 plies)  Jass +0.0  [546s]
  game 759: Jass=W Scan=B → L (no legal move from Jass-player, 109 plies)  Jass +0.0  [546s]
  game 760: Scan=W Jass=B → W (no legal move from Jass-player, 118 plies)  Jass +0.0  [547s]
  game 761: Jass=W Scan=B → L (no legal move from Jass-player, 109 plies)  Jass +0.0  [548s]
  game 762: Scan=W Jass=B → W (no legal move from Jass-player, 118 plies)  Jass +0.0  [549s]
  game 763: Jass=W Scan=B → L (no legal move from Jass-player, 109 plies)  Jass +0.0  [549s]
  game 764: Scan=W Jass=B → W (no legal move from Jass-player, 118 plies)  Jass +0.0  [550s]
  game 765: Jass=W Scan=B → L (no legal move from Jass-player, 109 plies)  Jass +0.0  [552s]
  game 766: Scan=W Jass=B → W (no legal move from Jass-player, 118 plies)  Jass +0.0  [553s]
  game 767: Jass=W Scan=B → L (no legal move from Jass-player, 109 plies)  Jass +0.0  [554s]
  game 768: Scan=W Jass=B → W (no legal move from Jass-player, 118 plies)  Jass +0.0  [555s]
  game 769: Jass=W Scan=B → L (no legal move from Jass-player, 109 plies)  Jass +0.0  [557s]
  game 770: Scan=W Jass=B → W (no legal move from Jass-player, 118 plies)  Jass +0.0  [558s]
  game 771: Jass=W Scan=B → L (no legal move from Jass-player, 109 plies)  Jass +0.0  [559s]
  game 772: Scan=W Jass=B → W (no legal move from Jass-player, 118 plies)  Jass +0.0  [560s]
  game 773: Jass=W Scan=B → L (no legal move from Jass-player, 109 plies)  Jass +0.0  [561s]
  game 774: Scan=W Jass=B → W (no legal move from Jass-player, 118 plies)  Jass +0.0  [562s]
  game 775: Jass=W Scan=B → L (no legal move from Jass-player, 109 plies)  Jass +0.0  [563s]
  game 776: Scan=W Jass=B → W (no legal move from Jass-player, 118 plies)  Jass +0.0  [564s]
  game 777: Jass=W Scan=B → L (no legal move from Jass-player, 109 plies)  Jass +0.0  [565s]
  game 778: Scan=W Jass=B → W (no legal move from Jass-player, 118 plies)  Jass +0.0  [566s]
  game 779: Jass=W Scan=B → L (no legal move from Jass-player, 109 plies)  Jass +0.0  [567s]
  game 780: Scan=W Jass=B → W (no legal move from Jass-player, 118 plies)  Jass +0.0  [568s]
  game 781: Jass=W Scan=B → L (no legal move from Jass-player, 109 plies)  Jass +0.0  [568s]
  game 782: Scan=W Jass=B → W (no legal move from Jass-player, 118 plies)  Jass +0.0  [569s]
  game 783: Jass=W Scan=B → L (no legal move from Jass-player, 109 plies)  Jass +0.0  [571s]
  game 784: Scan=W Jass=B → W (no legal move from Jass-player, 118 plies)  Jass +0.0  [571s]
  game 785: Jass=W Scan=B → L (no legal move from Jass-player, 109 plies)  Jass +0.0  [573s]
  game 786: Scan=W Jass=B → W (no legal move from Jass-player, 118 plies)  Jass +0.0  [574s]
  game 787: Jass=W Scan=B → L (no legal move from Jass-player, 109 plies)  Jass +0.0  [575s]
  game 788: Scan=W Jass=B → W (no legal move from Jass-player, 118 plies)  Jass +0.0  [576s]
  game 789: Jass=W Scan=B → L (no legal move from Jass-player, 109 plies)  Jass +0.0  [578s]
  game 790: Scan=W Jass=B → W (no legal move from Jass-player, 118 plies)  Jass +0.0  [579s]
  game 791: Jass=W Scan=B → L (no legal move from Jass-player, 109 plies)  Jass +0.0  [580s]
  game 792: Scan=W Jass=B → W (no legal move from Jass-player, 118 plies)  Jass +0.0  [581s]
  game 793: Jass=W Scan=B → L (no legal move from Jass-player, 109 plies)  Jass +0.0  [582s]
  game 794: Scan=W Jass=B → W (no legal move from Jass-player, 118 plies)  Jass +0.0  [583s]
  game 795: Jass=W Scan=B → L (no legal move from Jass-player, 109 plies)  Jass +0.0  [585s]
  game 796: Scan=W Jass=B → W (no legal move from Jass-player, 118 plies)  Jass +0.0  [586s]
  game 797: Jass=W Scan=B → L (no legal move from Jass-player, 109 plies)  Jass +0.0  [587s]
  game 798: Scan=W Jass=B → W (no legal move from Jass-player, 118 plies)  Jass +0.0  [588s]
  game 799: Jass=W Scan=B → L (no legal move from Jass-player, 109 plies)  Jass +0.0  [590s]
  game 800: Scan=W Jass=B → W (no legal move from Jass-player, 118 plies)  Jass +0.0  [590s]
  game 801: Jass=W Scan=B → L (no legal move from Jass-player, 109 plies)  Jass +0.0  [591s]
  game 802: Scan=W Jass=B → W (no legal move from Jass-player, 118 plies)  Jass +0.0  [592s]
  game 803: Jass=W Scan=B → L (no legal move from Jass-player, 109 plies)  Jass +0.0  [593s]
  game 804: Scan=W Jass=B → W (no legal move from Jass-player, 118 plies)  Jass +0.0  [594s]
  game 805: Jass=W Scan=B → L (no legal move from Jass-player, 109 plies)  Jass +0.0  [594s]
  game 806: Scan=W Jass=B → W (no legal move from Jass-player, 118 plies)  Jass +0.0  [596s]
  game 807: Jass=W Scan=B → L (no legal move from Jass-player, 109 plies)  Jass +0.0  [597s]
  game 808: Scan=W Jass=B → W (no legal move from Jass-player, 118 plies)  Jass +0.0  [599s]
  game 809: Jass=W Scan=B → L (no legal move from Jass-player, 109 plies)  Jass +0.0  [600s]
  game 810: Scan=W Jass=B → W (no legal move from Jass-player, 118 plies)  Jass +0.0  [602s]
  game 811: Jass=W Scan=B → L (no legal move from Jass-player, 109 plies)  Jass +0.0  [603s]
  game 812: Scan=W Jass=B → W (no legal move from Jass-player, 118 plies)  Jass +0.0  [604s]
  game 813: Jass=W Scan=B → L (no legal move from Jass-player, 109 plies)  Jass +0.0  [605s]
  game 814: Scan=W Jass=B → W (no legal move from Jass-player, 118 plies)  Jass +0.0  [607s]
  game 815: Jass=W Scan=B → L (no legal move from Jass-player, 109 plies)  Jass +0.0  [608s]
  game 816: Scan=W Jass=B → W (no legal move from Jass-player, 118 plies)  Jass +0.0  [609s]
  game 817: Jass=W Scan=B → L (no legal move from Jass-player, 109 plies)  Jass +0.0  [611s]
  game 818: Scan=W Jass=B → W (no legal move from Jass-player, 118 plies)  Jass +0.0  [612s]
  game 819: Jass=W Scan=B → L (no legal move from Jass-player, 109 plies)  Jass +0.0  [614s]
  game 820: Scan=W Jass=B → W (no legal move from Jass-player, 118 plies)  Jass +0.0  [614s]
  game 821: Jass=W Scan=B → L (no legal move from Jass-player, 109 plies)  Jass +0.0  [615s]
  game 822: Scan=W Jass=B → W (no legal move from Jass-player, 118 plies)  Jass +0.0  [617s]
  game 823: Jass=W Scan=B → L (no legal move from Jass-player, 109 plies)  Jass +0.0  [617s]
  game 824: Scan=W Jass=B → W (no legal move from Jass-player, 118 plies)  Jass +0.0  [618s]
  game 825: Jass=W Scan=B → L (no legal move from Jass-player, 109 plies)  Jass +0.0  [619s]
  game 826: Scan=W Jass=B → W (no legal move from Jass-player, 118 plies)  Jass +0.0  [620s]
  game 827: Jass=W Scan=B → L (no legal move from Jass-player, 109 plies)  Jass +0.0  [620s]
  game 828: Scan=W Jass=B → W (no legal move from Jass-player, 118 plies)  Jass +0.0  [621s]
  game 829: Jass=W Scan=B → L (no legal move from Jass-player, 109 plies)  Jass +0.0  [622s]
  game 830: Scan=W Jass=B → W (no legal move from Jass-player, 118 plies)  Jass +0.0  [622s]
  game 831: Jass=W Scan=B → L (no legal move from Jass-player, 109 plies)  Jass +0.0  [623s]
  game 832: Scan=W Jass=B → W (no legal move from Jass-player, 118 plies)  Jass +0.0  [623s]
  game 833: Jass=W Scan=B → L (no legal move from Jass-player, 109 plies)  Jass +0.0  [624s]
  game 834: Scan=W Jass=B → W (no legal move from Jass-player, 118 plies)  Jass +0.0  [624s]
  game 835: Jass=W Scan=B → L (no legal move from Jass-player, 109 plies)  Jass +0.0  [625s]
  game 836: Scan=W Jass=B → W (no legal move from Jass-player, 118 plies)  Jass +0.0  [626s]
  game 837: Jass=W Scan=B → L (no legal move from Jass-player, 109 plies)  Jass +0.0  [627s]
  game 838: Scan=W Jass=B → W (no legal move from Jass-player, 118 plies)  Jass +0.0  [627s]
  game 839: Jass=W Scan=B → L (no legal move from Jass-player, 109 plies)  Jass +0.0  [628s]
  game 840: Scan=W Jass=B → W (no legal move from Jass-player, 118 plies)  Jass +0.0  [630s]
  game 841: Jass=W Scan=B → L (no legal move from Jass-player, 121 plies)  Jass +0.0  [631s]
  game 842: Scan=W Jass=B → W (no legal move from Jass-player, 112 plies)  Jass +0.0  [631s]
  game 843: Jass=W Scan=B → L (no legal move from Jass-player, 121 plies)  Jass +0.0  [632s]
  game 844: Scan=W Jass=B → W (no legal move from Jass-player, 112 plies)  Jass +0.0  [633s]
  game 845: Jass=W Scan=B → L (no legal move from Jass-player, 121 plies)  Jass +0.0  [634s]
  game 846: Scan=W Jass=B → W (no legal move from Jass-player, 112 plies)  Jass +0.0  [635s]
  game 847: Jass=W Scan=B → L (no legal move from Jass-player, 121 plies)  Jass +0.0  [636s]
  game 848: Scan=W Jass=B → W (no legal move from Jass-player, 112 plies)  Jass +0.0  [636s]
  game 849: Jass=W Scan=B → L (no legal move from Jass-player, 121 plies)  Jass +0.0  [637s]
  game 850: Scan=W Jass=B → W (no legal move from Jass-player, 112 plies)  Jass +0.0  [638s]
  game 851: Jass=W Scan=B → L (no legal move from Jass-player, 121 plies)  Jass +0.0  [639s]
  game 852: Scan=W Jass=B → W (no legal move from Jass-player, 112 plies)  Jass +0.0  [639s]
  game 853: Jass=W Scan=B → L (no legal move from Jass-player, 121 plies)  Jass +0.0  [640s]
  game 854: Scan=W Jass=B → W (no legal move from Jass-player, 112 plies)  Jass +0.0  [641s]
  game 855: Jass=W Scan=B → L (no legal move from Jass-player, 121 plies)  Jass +0.0  [642s]
  game 856: Scan=W Jass=B → W (no legal move from Jass-player, 112 plies)  Jass +0.0  [643s]
  game 857: Jass=W Scan=B → L (no legal move from Jass-player, 121 plies)  Jass +0.0  [643s]
  game 858: Scan=W Jass=B → W (no legal move from Jass-player, 112 plies)  Jass +0.0  [644s]
  game 859: Jass=W Scan=B → L (no legal move from Jass-player, 121 plies)  Jass +0.0  [645s]
  game 860: Scan=W Jass=B → W (no legal move from Jass-player, 112 plies)  Jass +0.0  [646s]
  game 861: Jass=W Scan=B → L (no legal move from Jass-player, 121 plies)  Jass +0.0  [647s]
  game 862: Scan=W Jass=B → W (no legal move from Jass-player, 112 plies)  Jass +0.0  [648s]
  game 863: Jass=W Scan=B → L (no legal move from Jass-player, 121 plies)  Jass +0.0  [649s]
  game 864: Scan=W Jass=B → W (no legal move from Jass-player, 112 plies)  Jass +0.0  [650s]
  game 865: Jass=W Scan=B → L (no legal move from Jass-player, 121 plies)  Jass +0.0  [651s]
  game 866: Scan=W Jass=B → W (no legal move from Jass-player, 112 plies)  Jass +0.0  [651s]
  game 867: Jass=W Scan=B → L (no legal move from Jass-player, 121 plies)  Jass +0.0  [652s]
  game 868: Scan=W Jass=B → W (no legal move from Jass-player, 112 plies)  Jass +0.0  [653s]
  game 869: Jass=W Scan=B → L (no legal move from Jass-player, 121 plies)  Jass +0.0  [654s]
  game 870: Scan=W Jass=B → W (no legal move from Jass-player, 112 plies)  Jass +0.0  [654s]
  game 871: Jass=W Scan=B → L (no legal move from Jass-player, 121 plies)  Jass +0.0  [655s]
  game 872: Scan=W Jass=B → W (no legal move from Jass-player, 112 plies)  Jass +0.0  [656s]
  game 873: Jass=W Scan=B → L (no legal move from Jass-player, 121 plies)  Jass +0.0  [657s]
  game 874: Scan=W Jass=B → W (no legal move from Jass-player, 112 plies)  Jass +0.0  [657s]
  game 875: Jass=W Scan=B → L (no legal move from Jass-player, 121 plies)  Jass +0.0  [657s]
  game 876: Scan=W Jass=B → W (no legal move from Jass-player, 112 plies)  Jass +0.0  [658s]
  game 877: Jass=W Scan=B → L (no legal move from Jass-player, 121 plies)  Jass +0.0  [659s]
  game 878: Scan=W Jass=B → W (no legal move from Jass-player, 112 plies)  Jass +0.0  [660s]
  game 879: Jass=W Scan=B → L (no legal move from Jass-player, 121 plies)  Jass +0.0  [661s]
  game 880: Scan=W Jass=B → W (no legal move from Jass-player, 112 plies)  Jass +0.0  [662s]
  game 881: Jass=W Scan=B → L (no legal move from Jass-player, 121 plies)  Jass +0.0  [663s]
  game 882: Scan=W Jass=B → W (no legal move from Jass-player, 112 plies)  Jass +0.0  [664s]
  game 883: Jass=W Scan=B → L (no legal move from Jass-player, 121 plies)  Jass +0.0  [664s]
  game 884: Scan=W Jass=B → W (no legal move from Jass-player, 112 plies)  Jass +0.0  [665s]
  game 885: Jass=W Scan=B → L (no legal move from Jass-player, 121 plies)  Jass +0.0  [666s]
  game 886: Scan=W Jass=B → W (no legal move from Jass-player, 112 plies)  Jass +0.0  [667s]
  game 887: Jass=W Scan=B → L (no legal move from Jass-player, 121 plies)  Jass +0.0  [667s]
  game 888: Scan=W Jass=B → W (no legal move from Jass-player, 112 plies)  Jass +0.0  [668s]
  game 889: Jass=W Scan=B → L (no legal move from Jass-player, 121 plies)  Jass +0.0  [668s]
  game 890: Scan=W Jass=B → W (no legal move from Jass-player, 112 plies)  Jass +0.0  [670s]
  game 891: Jass=W Scan=B → L (no legal move from Jass-player, 121 plies)  Jass +0.0  [671s]
  game 892: Scan=W Jass=B → W (no legal move from Jass-player, 112 plies)  Jass +0.0  [672s]
  game 893: Jass=W Scan=B → L (no legal move from Jass-player, 121 plies)  Jass +0.0  [672s]
  game 894: Scan=W Jass=B → W (no legal move from Jass-player, 112 plies)  Jass +0.0  [674s]
  game 895: Jass=W Scan=B → L (no legal move from Jass-player, 121 plies)  Jass +0.0  [674s]
  game 896: Scan=W Jass=B → W (no legal move from Jass-player, 112 plies)  Jass +0.0  [676s]
  game 897: Jass=W Scan=B → L (no legal move from Jass-player, 121 plies)  Jass +0.0  [677s]
  game 898: Scan=W Jass=B → W (no legal move from Jass-player, 112 plies)  Jass +0.0  [678s]
  game 899: Jass=W Scan=B → L (no legal move from Jass-player, 121 plies)  Jass +0.0  [678s]
  game 900: Scan=W Jass=B → W (no legal move from Jass-player, 112 plies)  Jass +0.0  [679s]
  game 901: Jass=W Scan=B → L (no legal move from Jass-player, 121 plies)  Jass +0.0  [680s]
  game 902: Scan=W Jass=B → W (no legal move from Jass-player, 112 plies)  Jass +0.0  [682s]
  game 903: Jass=W Scan=B → L (no legal move from Jass-player, 121 plies)  Jass +0.0  [683s]
  game 904: Scan=W Jass=B → W (no legal move from Jass-player, 112 plies)  Jass +0.0  [684s]
  game 905: Jass=W Scan=B → L (no legal move from Jass-player, 121 plies)  Jass +0.0  [685s]
  game 906: Scan=W Jass=B → W (no legal move from Jass-player, 112 plies)  Jass +0.0  [687s]
  game 907: Jass=W Scan=B → L (no legal move from Jass-player, 121 plies)  Jass +0.0  [688s]
  game 908: Scan=W Jass=B → W (no legal move from Jass-player, 112 plies)  Jass +0.0  [689s]
  game 909: Jass=W Scan=B → L (no legal move from Jass-player, 121 plies)  Jass +0.0  [690s]
  game 910: Scan=W Jass=B → W (no legal move from Jass-player, 112 plies)  Jass +0.0  [690s]
  game 911: Jass=W Scan=B → L (no legal move from Jass-player, 121 plies)  Jass +0.0  [692s]
  game 912: Scan=W Jass=B → W (no legal move from Jass-player, 112 plies)  Jass +0.0  [693s]
  game 913: Jass=W Scan=B → L (no legal move from Jass-player, 121 plies)  Jass +0.0  [694s]
  game 914: Scan=W Jass=B → W (no legal move from Jass-player, 112 plies)  Jass +0.0  [696s]
  game 915: Jass=W Scan=B → L (no legal move from Jass-player, 121 plies)  Jass +0.0  [696s]
  game 916: Scan=W Jass=B → W (no legal move from Jass-player, 112 plies)  Jass +0.0  [698s]
  game 917: Jass=W Scan=B → L (no legal move from Jass-player, 121 plies)  Jass +0.0  [699s]
  game 918: Scan=W Jass=B → W (no legal move from Jass-player, 112 plies)  Jass +0.0  [700s]
  game 919: Jass=W Scan=B → L (no legal move from Jass-player, 121 plies)  Jass +0.0  [702s]
  game 920: Scan=W Jass=B → W (no legal move from Jass-player, 112 plies)  Jass +0.0  [703s]
  game 921: Jass=W Scan=B → L (no legal move from Jass-player, 121 plies)  Jass +0.0  [704s]
  game 922: Scan=W Jass=B → W (no legal move from Jass-player, 112 plies)  Jass +0.0  [704s]
  game 923: Jass=W Scan=B → L (no legal move from Jass-player, 121 plies)  Jass +0.0  [705s]
  game 924: Scan=W Jass=B → W (no legal move from Jass-player, 112 plies)  Jass +0.0  [706s]
  game 925: Jass=W Scan=B → L (no legal move from Jass-player, 121 plies)  Jass +0.0  [707s]
  game 926: Scan=W Jass=B → W (no legal move from Jass-player, 112 plies)  Jass +0.0  [708s]
  game 927: Jass=W Scan=B → L (no legal move from Jass-player, 121 plies)  Jass +0.0  [708s]
  game 928: Scan=W Jass=B → W (no legal move from Jass-player, 112 plies)  Jass +0.0  [709s]
  game 929: Jass=W Scan=B → L (no legal move from Jass-player, 121 plies)  Jass +0.0  [710s]
  game 930: Scan=W Jass=B → W (no legal move from Jass-player, 112 plies)  Jass +0.0  [710s]
  game 931: Jass=W Scan=B → L (no legal move from Jass-player, 121 plies)  Jass +0.0  [711s]
  game 932: Scan=W Jass=B → W (no legal move from Jass-player, 112 plies)  Jass +0.0  [712s]
  game 933: Jass=W Scan=B → L (no legal move from Jass-player, 121 plies)  Jass +0.0  [713s]
  game 934: Scan=W Jass=B → W (no legal move from Jass-player, 112 plies)  Jass +0.0  [713s]
  game 935: Jass=W Scan=B → L (no legal move from Jass-player, 121 plies)  Jass +0.0  [715s]
  game 936: Scan=W Jass=B → W (no legal move from Jass-player, 112 plies)  Jass +0.0  [716s]
  game 937: Jass=W Scan=B → L (no legal move from Jass-player, 121 plies)  Jass +0.0  [718s]
  game 938: Scan=W Jass=B → W (no legal move from Jass-player, 112 plies)  Jass +0.0  [719s]
  game 939: Jass=W Scan=B → L (no legal move from Jass-player, 121 plies)  Jass +0.0  [719s]
  game 940: Scan=W Jass=B → W (no legal move from Jass-player, 112 plies)  Jass +0.0  [721s]
  game 941: Jass=W Scan=B → L (no legal move from Jass-player, 121 plies)  Jass +0.0  [721s]
  game 942: Scan=W Jass=B → W (no legal move from Jass-player, 112 plies)  Jass +0.0  [722s]
  game 943: Jass=W Scan=B → L (no legal move from Jass-player, 121 plies)  Jass +0.0  [723s]
  game 944: Scan=W Jass=B → W (no legal move from Jass-player, 112 plies)  Jass +0.0  [724s]
  game 945: Jass=W Scan=B → L (no legal move from Jass-player, 121 plies)  Jass +0.0  [724s]
  game 946: Scan=W Jass=B → W (no legal move from Jass-player, 112 plies)  Jass +0.0  [725s]
  game 947: Jass=W Scan=B → L (no legal move from Jass-player, 121 plies)  Jass +0.0  [726s]
  game 948: Scan=W Jass=B → W (no legal move from Jass-player, 112 plies)  Jass +0.0  [727s]
  game 949: Jass=W Scan=B → L (no legal move from Jass-player, 121 plies)  Jass +0.0  [728s]
  game 950: Scan=W Jass=B → W (no legal move from Jass-player, 112 plies)  Jass +0.0  [728s]
  game 951: Jass=W Scan=B → L (no legal move from Jass-player, 121 plies)  Jass +0.0  [729s]
  game 952: Scan=W Jass=B → W (no legal move from Jass-player, 112 plies)  Jass +0.0  [730s]
  game 953: Jass=W Scan=B → L (no legal move from Jass-player, 121 plies)  Jass +0.0  [731s]
  game 954: Scan=W Jass=B → W (no legal move from Jass-player, 112 plies)  Jass +0.0  [732s]
  game 955: Jass=W Scan=B → L (no legal move from Jass-player, 121 plies)  Jass +0.0  [734s]
  game 956: Scan=W Jass=B → W (no legal move from Jass-player, 112 plies)  Jass +0.0  [735s]
  game 957: Jass=W Scan=B → L (no legal move from Jass-player, 121 plies)  Jass +0.0  [736s]
  game 958: Scan=W Jass=B → W (no legal move from Jass-player, 112 plies)  Jass +0.0  [737s]
  game 959: Jass=W Scan=B → L (no legal move from Jass-player, 121 plies)  Jass +0.0  [738s]
  game 960: Scan=W Jass=B → W (no legal move from Jass-player, 112 plies)  Jass +0.0  [739s]
  game 961: Jass=W Scan=B → L (no legal move from Jass-player, 107 plies)  Jass +0.0  [739s]
  game 962: Scan=W Jass=B → W (no legal move from Jass-player, 98 plies)  Jass +0.0  [740s]
  game 963: Jass=W Scan=B → L (no legal move from Jass-player, 107 plies)  Jass +0.0  [741s]
  game 964: Scan=W Jass=B → W (no legal move from Jass-player, 98 plies)  Jass +0.0  [741s]
  game 965: Jass=W Scan=B → L (no legal move from Jass-player, 107 plies)  Jass +0.0  [742s]
  game 966: Scan=W Jass=B → W (no legal move from Jass-player, 98 plies)  Jass +0.0  [742s]
  game 967: Jass=W Scan=B → L (no legal move from Jass-player, 107 plies)  Jass +0.0  [743s]
  game 968: Scan=W Jass=B → W (no legal move from Jass-player, 98 plies)  Jass +0.0  [744s]
  game 969: Jass=W Scan=B → L (no legal move from Jass-player, 107 plies)  Jass +0.0  [746s]
  game 970: Scan=W Jass=B → W (no legal move from Jass-player, 98 plies)  Jass +0.0  [746s]
  game 971: Jass=W Scan=B → L (no legal move from Jass-player, 107 plies)  Jass +0.0  [748s]
  game 972: Scan=W Jass=B → W (no legal move from Jass-player, 98 plies)  Jass +0.0  [748s]
  game 973: Jass=W Scan=B → L (no legal move from Jass-player, 107 plies)  Jass +0.0  [749s]
  game 974: Scan=W Jass=B → W (no legal move from Jass-player, 98 plies)  Jass +0.0  [749s]
  game 975: Jass=W Scan=B → L (no legal move from Jass-player, 107 plies)  Jass +0.0  [750s]
  game 976: Scan=W Jass=B → W (no legal move from Jass-player, 98 plies)  Jass +0.0  [751s]
  game 977: Jass=W Scan=B → L (no legal move from Jass-player, 107 plies)  Jass +0.0  [753s]
  game 978: Scan=W Jass=B → W (no legal move from Jass-player, 98 plies)  Jass +0.0  [754s]
  game 979: Jass=W Scan=B → L (no legal move from Jass-player, 107 plies)  Jass +0.0  [754s]
  game 980: Scan=W Jass=B → W (no legal move from Jass-player, 98 plies)  Jass +0.0  [755s]
  game 981: Jass=W Scan=B → L (no legal move from Jass-player, 107 plies)  Jass +0.0  [756s]
  game 982: Scan=W Jass=B → W (no legal move from Jass-player, 98 plies)  Jass +0.0  [757s]
  game 983: Jass=W Scan=B → L (no legal move from Jass-player, 107 plies)  Jass +0.0  [757s]
  game 984: Scan=W Jass=B → W (no legal move from Jass-player, 98 plies)  Jass +0.0  [758s]
  game 985: Jass=W Scan=B → L (no legal move from Jass-player, 107 plies)  Jass +0.0  [759s]
  game 986: Scan=W Jass=B → W (no legal move from Jass-player, 98 plies)  Jass +0.0  [761s]
  game 987: Jass=W Scan=B → L (no legal move from Jass-player, 107 plies)  Jass +0.0  [761s]
  game 988: Scan=W Jass=B → W (no legal move from Jass-player, 98 plies)  Jass +0.0  [761s]
  game 989: Jass=W Scan=B → L (no legal move from Jass-player, 107 plies)  Jass +0.0  [762s]
  game 990: Scan=W Jass=B → W (no legal move from Jass-player, 98 plies)  Jass +0.0  [763s]
  game 991: Jass=W Scan=B → L (no legal move from Jass-player, 107 plies)  Jass +0.0  [764s]
  game 992: Scan=W Jass=B → W (no legal move from Jass-player, 98 plies)  Jass +0.0  [765s]
  game 993: Jass=W Scan=B → L (no legal move from Jass-player, 107 plies)  Jass +0.0  [765s]
  game 994: Scan=W Jass=B → W (no legal move from Jass-player, 98 plies)  Jass +0.0  [766s]
  game 995: Jass=W Scan=B → L (no legal move from Jass-player, 107 plies)  Jass +0.0  [767s]
  game 996: Scan=W Jass=B → W (no legal move from Jass-player, 98 plies)  Jass +0.0  [768s]
  game 997: Jass=W Scan=B → L (no legal move from Jass-player, 107 plies)  Jass +0.0  [768s]
  game 998: Scan=W Jass=B → W (no legal move from Jass-player, 98 plies)  Jass +0.0  [769s]
  game 999: Jass=W Scan=B → L (no legal move from Jass-player, 107 plies)  Jass +0.0  [769s]
  game 1000: Scan=W Jass=B → W (no legal move from Jass-player, 98 plies)  Jass +0.0  [770s]
  game 1001: Jass=W Scan=B → L (no legal move from Jass-player, 107 plies)  Jass +0.0  [770s]
  game 1002: Scan=W Jass=B → W (no legal move from Jass-player, 98 plies)  Jass +0.0  [771s]
  game 1003: Jass=W Scan=B → L (no legal move from Jass-player, 107 plies)  Jass +0.0  [772s]
  game 1004: Scan=W Jass=B → W (no legal move from Jass-player, 98 plies)  Jass +0.0  [772s]
  game 1005: Jass=W Scan=B → L (no legal move from Jass-player, 107 plies)  Jass +0.0  [773s]
  game 1006: Scan=W Jass=B → W (no legal move from Jass-player, 98 plies)  Jass +0.0  [774s]
  game 1007: Jass=W Scan=B → L (no legal move from Jass-player, 107 plies)  Jass +0.0  [775s]
  game 1008: Scan=W Jass=B → W (no legal move from Jass-player, 98 plies)  Jass +0.0  [776s]
  game 1009: Jass=W Scan=B → L (no legal move from Jass-player, 107 plies)  Jass +0.0  [776s]
  game 1010: Scan=W Jass=B → W (no legal move from Jass-player, 98 plies)  Jass +0.0  [777s]
  game 1011: Jass=W Scan=B → L (no legal move from Jass-player, 107 plies)  Jass +0.0  [778s]
  game 1012: Scan=W Jass=B → W (no legal move from Jass-player, 98 plies)  Jass +0.0  [780s]
  game 1013: Jass=W Scan=B → L (no legal move from Jass-player, 107 plies)  Jass +0.0  [781s]
  game 1014: Scan=W Jass=B → W (no legal move from Jass-player, 98 plies)  Jass +0.0  [781s]
  game 1015: Jass=W Scan=B → L (no legal move from Jass-player, 107 plies)  Jass +0.0  [782s]
  game 1016: Scan=W Jass=B → W (no legal move from Jass-player, 98 plies)  Jass +0.0  [783s]
  game 1017: Jass=W Scan=B → L (no legal move from Jass-player, 107 plies)  Jass +0.0  [784s]
  game 1018: Scan=W Jass=B → W (no legal move from Jass-player, 98 plies)  Jass +0.0  [785s]
  game 1019: Jass=W Scan=B → L (no legal move from Jass-player, 107 plies)  Jass +0.0  [786s]
  game 1020: Scan=W Jass=B → W (no legal move from Jass-player, 98 plies)  Jass +0.0  [788s]
  game 1021: Jass=W Scan=B → L (no legal move from Jass-player, 107 plies)  Jass +0.0  [789s]
  game 1022: Scan=W Jass=B → W (no legal move from Jass-player, 98 plies)  Jass +0.0  [790s]
  game 1023: Jass=W Scan=B → L (no legal move from Jass-player, 107 plies)  Jass +0.0  [791s]
  game 1024: Scan=W Jass=B → W (no legal move from Jass-player, 98 plies)  Jass +0.0  [791s]
  game 1025: Jass=W Scan=B → L (no legal move from Jass-player, 107 plies)  Jass +0.0  [792s]
  game 1026: Scan=W Jass=B → W (no legal move from Jass-player, 98 plies)  Jass +0.0  [793s]
  game 1027: Jass=W Scan=B → L (no legal move from Jass-player, 107 plies)  Jass +0.0  [794s]
  game 1028: Scan=W Jass=B → W (no legal move from Jass-player, 98 plies)  Jass +0.0  [796s]
  game 1029: Jass=W Scan=B → L (no legal move from Jass-player, 107 plies)  Jass +0.0  [797s]
  game 1030: Scan=W Jass=B → W (no legal move from Jass-player, 98 plies)  Jass +0.0  [798s]
  game 1031: Jass=W Scan=B → L (no legal move from Jass-player, 107 plies)  Jass +0.0  [799s]
  game 1032: Scan=W Jass=B → W (no legal move from Jass-player, 98 plies)  Jass +0.0  [801s]
  game 1033: Jass=W Scan=B → L (no legal move from Jass-player, 107 plies)  Jass +0.0  [802s]
  game 1034: Scan=W Jass=B → W (no legal move from Jass-player, 98 plies)  Jass +0.0  [802s]
  game 1035: Jass=W Scan=B → L (no legal move from Jass-player, 107 plies)  Jass +0.0  [803s]
  game 1036: Scan=W Jass=B → W (no legal move from Jass-player, 98 plies)  Jass +0.0  [804s]
  game 1037: Jass=W Scan=B → L (no legal move from Jass-player, 107 plies)  Jass +0.0  [805s]
  game 1038: Scan=W Jass=B → W (no legal move from Jass-player, 98 plies)  Jass +0.0  [806s]
  game 1039: Jass=W Scan=B → L (no legal move from Jass-player, 107 plies)  Jass +0.0  [807s]
  game 1040: Scan=W Jass=B → W (no legal move from Jass-player, 98 plies)  Jass +0.0  [808s]
  game 1041: Jass=W Scan=B → L (no legal move from Jass-player, 107 plies)  Jass +0.0  [809s]
  game 1042: Scan=W Jass=B → W (no legal move from Jass-player, 98 plies)  Jass +0.0  [810s]
  game 1043: Jass=W Scan=B → L (no legal move from Jass-player, 107 plies)  Jass +0.0  [812s]
  game 1044: Scan=W Jass=B → W (no legal move from Jass-player, 98 plies)  Jass +0.0  [813s]
  game 1045: Jass=W Scan=B → L (no legal move from Jass-player, 107 plies)  Jass +0.0  [813s]
  game 1046: Scan=W Jass=B → W (no legal move from Jass-player, 98 plies)  Jass +0.0  [815s]
  game 1047: Jass=W Scan=B → L (no legal move from Jass-player, 107 plies)  Jass +0.0  [816s]
  game 1048: Scan=W Jass=B → W (no legal move from Jass-player, 98 plies)  Jass +0.0  [816s]
  game 1049: Jass=W Scan=B → L (no legal move from Jass-player, 107 plies)  Jass +0.0  [817s]
  game 1050: Scan=W Jass=B → W (no legal move from Jass-player, 98 plies)  Jass +0.0  [818s]
  game 1051: Jass=W Scan=B → L (no legal move from Jass-player, 107 plies)  Jass +0.0  [819s]
  game 1052: Scan=W Jass=B → W (no legal move from Jass-player, 98 plies)  Jass +0.0  [820s]
  game 1053: Jass=W Scan=B → L (no legal move from Jass-player, 107 plies)  Jass +0.0  [821s]
  game 1054: Scan=W Jass=B → W (no legal move from Jass-player, 98 plies)  Jass +0.0  [822s]
  game 1055: Jass=W Scan=B → L (no legal move from Jass-player, 107 plies)  Jass +0.0  [823s]
  game 1056: Scan=W Jass=B → W (no legal move from Jass-player, 98 plies)  Jass +0.0  [824s]
  game 1057: Jass=W Scan=B → L (no legal move from Jass-player, 107 plies)  Jass +0.0  [824s]
  game 1058: Scan=W Jass=B → W (no legal move from Jass-player, 98 plies)  Jass +0.0  [825s]
  game 1059: Jass=W Scan=B → L (no legal move from Jass-player, 107 plies)  Jass +0.0  [826s]
  game 1060: Scan=W Jass=B → W (no legal move from Jass-player, 98 plies)  Jass +0.0  [828s]
  game 1061: Jass=W Scan=B → L (no legal move from Jass-player, 107 plies)  Jass +0.0  [829s]
  game 1062: Scan=W Jass=B → W (no legal move from Jass-player, 98 plies)  Jass +0.0  [829s]
  game 1063: Jass=W Scan=B → L (no legal move from Jass-player, 107 plies)  Jass +0.0  [830s]
  game 1064: Scan=W Jass=B → W (no legal move from Jass-player, 98 plies)  Jass +0.0  [830s]
  game 1065: Jass=W Scan=B → L (no legal move from Jass-player, 107 plies)  Jass +0.0  [831s]
  game 1066: Scan=W Jass=B → W (no legal move from Jass-player, 98 plies)  Jass +0.0  [831s]
  game 1067: Jass=W Scan=B → L (no legal move from Jass-player, 107 plies)  Jass +0.0  [832s]
  game 1068: Scan=W Jass=B → W (no legal move from Jass-player, 98 plies)  Jass +0.0  [832s]
  game 1069: Jass=W Scan=B → L (no legal move from Jass-player, 107 plies)  Jass +0.0  [833s]
  game 1070: Scan=W Jass=B → W (no legal move from Jass-player, 98 plies)  Jass +0.0  [834s]
  game 1071: Jass=W Scan=B → L (no legal move from Jass-player, 107 plies)  Jass +0.0  [835s]
  game 1072: Scan=W Jass=B → W (no legal move from Jass-player, 98 plies)  Jass +0.0  [836s]
  game 1073: Jass=W Scan=B → L (no legal move from Jass-player, 107 plies)  Jass +0.0  [836s]
  game 1074: Scan=W Jass=B → W (no legal move from Jass-player, 98 plies)  Jass +0.0  [837s]
  game 1075: Jass=W Scan=B → L (no legal move from Jass-player, 107 plies)  Jass +0.0  [838s]
  game 1076: Scan=W Jass=B → W (no legal move from Jass-player, 98 plies)  Jass +0.0  [839s]
  game 1077: Jass=W Scan=B → L (no legal move from Jass-player, 107 plies)  Jass +0.0  [839s]
  game 1078: Scan=W Jass=B → W (no legal move from Jass-player, 98 plies)  Jass +0.0  [840s]
  game 1079: Jass=W Scan=B → L (no legal move from Jass-player, 107 plies)  Jass +0.0  [841s]
  game 1080: Scan=W Jass=B → W (no legal move from Jass-player, 98 plies)  Jass +0.0  [841s]

=== Jass vs Scan, depth 9, 1080 games ===
  Jass=0  Scan=1080  Draws=0
  Jass score rate: 0.000 (0.0 / 1080)
  ELO estimate:    -800 (95% CI ≈ ±24)
